[2026-05-23T11:27:03.644+0000] {processor.py:161} INFO - Started process (PID=3379) to work on /home/vscode/.local/lib/python3.11/site-packages/airflow/example_dags/example_datasets.py
[2026-05-23T11:27:03.645+0000] {processor.py:830} INFO - Processing file /home/vscode/.local/lib/python3.11/site-packages/airflow/example_dags/example_datasets.py for tasks to queue
[2026-05-23T11:27:03.646+0000] {logging_mixin.py:188} INFO - [2026-05-23T11:27:03.645+0000] {dagbag.py:545} INFO - Filling up the DagBag from /home/vscode/.local/lib/python3.11/site-packages/airflow/example_dags/example_datasets.py
[2026-05-23T11:27:03.656+0000] {processor.py:840} INFO - DAG(s) 'consume_1_or_2_with_dataset_expressions', 'dataset_consumes_1', 'conditional_dataset_and_time_based_timetable', 'consume_1_or_both_2_and_3_with_dataset_expressions', 'dataset_consumes_1_never_scheduled', 'dataset_consumes_unknown_never_scheduled', 'dataset_produces_1', 'dataset_produces_2', 'dataset_consumes_1_and_2', 'consume_1_and_2_with_dataset_expressions' retrieved from /home/vscode/.local/lib/python3.11/site-packages/airflow/example_dags/example_datasets.py
[2026-05-23T11:27:03.861+0000] {logging_mixin.py:188} INFO - [2026-05-23T11:27:03.861+0000] {dag.py:3096} INFO - Sync 10 DAGs
[2026-05-23T11:27:03.873+0000] {logging_mixin.py:188} INFO - [2026-05-23T11:27:03.873+0000] {dag.py:3954} INFO - Setting next_dagrun for conditional_dataset_and_time_based_timetable to 2026-05-20 01:00:00+00:00, run_after=2026-05-20 01:00:00+00:00
[2026-05-23T11:27:03.875+0000] {logging_mixin.py:188} INFO - [2026-05-23T11:27:03.875+0000] {dag.py:3954} INFO - Setting next_dagrun for consume_1_and_2_with_dataset_expressions to None, run_after=None
[2026-05-23T11:27:03.876+0000] {logging_mixin.py:188} INFO - [2026-05-23T11:27:03.876+0000] {dag.py:3954} INFO - Setting next_dagrun for consume_1_or_2_with_dataset_expressions to None, run_after=None
[2026-05-23T11:27:03.876+0000] {logging_mixin.py:188} INFO - [2026-05-23T11:27:03.876+0000] {dag.py:3954} INFO - Setting next_dagrun for consume_1_or_both_2_and_3_with_dataset_expressions to None, run_after=None
[2026-05-23T11:27:03.877+0000] {logging_mixin.py:188} INFO - [2026-05-23T11:27:03.877+0000] {dag.py:3954} INFO - Setting next_dagrun for dataset_consumes_1 to None, run_after=None
[2026-05-23T11:27:03.877+0000] {logging_mixin.py:188} INFO - [2026-05-23T11:27:03.877+0000] {dag.py:3954} INFO - Setting next_dagrun for dataset_consumes_1_and_2 to None, run_after=None
[2026-05-23T11:27:03.878+0000] {logging_mixin.py:188} INFO - [2026-05-23T11:27:03.878+0000] {dag.py:3954} INFO - Setting next_dagrun for dataset_consumes_1_never_scheduled to None, run_after=None
[2026-05-23T11:27:03.879+0000] {logging_mixin.py:188} INFO - [2026-05-23T11:27:03.879+0000] {dag.py:3954} INFO - Setting next_dagrun for dataset_consumes_unknown_never_scheduled to None, run_after=None
[2026-05-23T11:27:03.880+0000] {logging_mixin.py:188} INFO - [2026-05-23T11:27:03.880+0000] {dag.py:3954} INFO - Setting next_dagrun for dataset_produces_1 to 2026-05-22 00:00:00+00:00, run_after=2026-05-23 00:00:00+00:00
[2026-05-23T11:27:03.881+0000] {logging_mixin.py:188} INFO - [2026-05-23T11:27:03.881+0000] {dag.py:3954} INFO - Setting next_dagrun for dataset_produces_2 to None, run_after=None
[2026-05-23T11:27:03.906+0000] {processor.py:183} INFO - Processing /home/vscode/.local/lib/python3.11/site-packages/airflow/example_dags/example_datasets.py took 0.268 seconds
[2026-05-23T11:28:02.767+0000] {processor.py:161} INFO - Started process (PID=4160) to work on /home/vscode/.local/lib/python3.11/site-packages/airflow/example_dags/example_datasets.py
[2026-05-23T11:28:02.767+0000] {processor.py:830} INFO - Processing file /home/vscode/.local/lib/python3.11/site-packages/airflow/example_dags/example_datasets.py for tasks to queue
[2026-05-23T11:28:02.768+0000] {logging_mixin.py:188} INFO - [2026-05-23T11:28:02.767+0000] {dagbag.py:545} INFO - Filling up the DagBag from /home/vscode/.local/lib/python3.11/site-packages/airflow/example_dags/example_datasets.py
[2026-05-23T11:28:02.778+0000] {processor.py:840} INFO - DAG(s) 'dataset_consumes_1', 'consume_1_or_2_with_dataset_expressions', 'dataset_produces_1', 'dataset_produces_2', 'consume_1_or_both_2_and_3_with_dataset_expressions', 'dataset_consumes_1_never_scheduled', 'consume_1_and_2_with_dataset_expressions', 'dataset_consumes_unknown_never_scheduled', 'dataset_consumes_1_and_2', 'conditional_dataset_and_time_based_timetable' retrieved from /home/vscode/.local/lib/python3.11/site-packages/airflow/example_dags/example_datasets.py
[2026-05-23T11:28:02.804+0000] {logging_mixin.py:188} INFO - [2026-05-23T11:28:02.804+0000] {dag.py:3096} INFO - Sync 10 DAGs
[2026-05-23T11:28:02.821+0000] {logging_mixin.py:188} INFO - [2026-05-23T11:28:02.821+0000] {dag.py:3954} INFO - Setting next_dagrun for conditional_dataset_and_time_based_timetable to 2026-05-20 01:00:00+00:00, run_after=2026-05-20 01:00:00+00:00
[2026-05-23T11:28:02.823+0000] {logging_mixin.py:188} INFO - [2026-05-23T11:28:02.823+0000] {dag.py:3954} INFO - Setting next_dagrun for consume_1_and_2_with_dataset_expressions to None, run_after=None
[2026-05-23T11:28:02.823+0000] {logging_mixin.py:188} INFO - [2026-05-23T11:28:02.823+0000] {dag.py:3954} INFO - Setting next_dagrun for consume_1_or_2_with_dataset_expressions to None, run_after=None
[2026-05-23T11:28:02.824+0000] {logging_mixin.py:188} INFO - [2026-05-23T11:28:02.824+0000] {dag.py:3954} INFO - Setting next_dagrun for consume_1_or_both_2_and_3_with_dataset_expressions to None, run_after=None
[2026-05-23T11:28:02.825+0000] {logging_mixin.py:188} INFO - [2026-05-23T11:28:02.825+0000] {dag.py:3954} INFO - Setting next_dagrun for dataset_consumes_1 to None, run_after=None
[2026-05-23T11:28:02.825+0000] {logging_mixin.py:188} INFO - [2026-05-23T11:28:02.825+0000] {dag.py:3954} INFO - Setting next_dagrun for dataset_consumes_1_and_2 to None, run_after=None
[2026-05-23T11:28:02.826+0000] {logging_mixin.py:188} INFO - [2026-05-23T11:28:02.826+0000] {dag.py:3954} INFO - Setting next_dagrun for dataset_consumes_1_never_scheduled to None, run_after=None
[2026-05-23T11:28:02.826+0000] {logging_mixin.py:188} INFO - [2026-05-23T11:28:02.826+0000] {dag.py:3954} INFO - Setting next_dagrun for dataset_consumes_unknown_never_scheduled to None, run_after=None
[2026-05-23T11:28:02.828+0000] {logging_mixin.py:188} INFO - [2026-05-23T11:28:02.828+0000] {dag.py:3954} INFO - Setting next_dagrun for dataset_produces_1 to 2026-05-22 00:00:00+00:00, run_after=2026-05-23 00:00:00+00:00
[2026-05-23T11:28:02.828+0000] {logging_mixin.py:188} INFO - [2026-05-23T11:28:02.828+0000] {dag.py:3954} INFO - Setting next_dagrun for dataset_produces_2 to None, run_after=None
[2026-05-23T11:28:02.853+0000] {processor.py:183} INFO - Processing /home/vscode/.local/lib/python3.11/site-packages/airflow/example_dags/example_datasets.py took 0.092 seconds
[2026-05-23T11:28:53.459+0000] {processor.py:161} INFO - Started process (PID=4629) to work on /home/vscode/.local/lib/python3.11/site-packages/airflow/example_dags/example_datasets.py
[2026-05-23T11:28:53.460+0000] {processor.py:830} INFO - Processing file /home/vscode/.local/lib/python3.11/site-packages/airflow/example_dags/example_datasets.py for tasks to queue
[2026-05-23T11:28:53.460+0000] {logging_mixin.py:188} INFO - [2026-05-23T11:28:53.460+0000] {dagbag.py:545} INFO - Filling up the DagBag from /home/vscode/.local/lib/python3.11/site-packages/airflow/example_dags/example_datasets.py
[2026-05-23T11:28:53.471+0000] {processor.py:840} INFO - DAG(s) 'consume_1_and_2_with_dataset_expressions', 'dataset_consumes_1', 'dataset_produces_1', 'dataset_consumes_1_and_2', 'dataset_produces_2', 'dataset_consumes_1_never_scheduled', 'consume_1_or_both_2_and_3_with_dataset_expressions', 'dataset_consumes_unknown_never_scheduled', 'conditional_dataset_and_time_based_timetable', 'consume_1_or_2_with_dataset_expressions' retrieved from /home/vscode/.local/lib/python3.11/site-packages/airflow/example_dags/example_datasets.py
[2026-05-23T11:28:53.497+0000] {logging_mixin.py:188} INFO - [2026-05-23T11:28:53.497+0000] {dag.py:3096} INFO - Sync 10 DAGs
[2026-05-23T11:28:53.513+0000] {logging_mixin.py:188} INFO - [2026-05-23T11:28:53.513+0000] {dag.py:3954} INFO - Setting next_dagrun for conditional_dataset_and_time_based_timetable to 2026-05-20 01:00:00+00:00, run_after=2026-05-20 01:00:00+00:00
[2026-05-23T11:28:53.515+0000] {logging_mixin.py:188} INFO - [2026-05-23T11:28:53.515+0000] {dag.py:3954} INFO - Setting next_dagrun for consume_1_and_2_with_dataset_expressions to None, run_after=None
[2026-05-23T11:28:53.516+0000] {logging_mixin.py:188} INFO - [2026-05-23T11:28:53.516+0000] {dag.py:3954} INFO - Setting next_dagrun for consume_1_or_2_with_dataset_expressions to None, run_after=None
[2026-05-23T11:28:53.517+0000] {logging_mixin.py:188} INFO - [2026-05-23T11:28:53.516+0000] {dag.py:3954} INFO - Setting next_dagrun for consume_1_or_both_2_and_3_with_dataset_expressions to None, run_after=None
[2026-05-23T11:28:53.517+0000] {logging_mixin.py:188} INFO - [2026-05-23T11:28:53.517+0000] {dag.py:3954} INFO - Setting next_dagrun for dataset_consumes_1 to None, run_after=None
[2026-05-23T11:28:53.518+0000] {logging_mixin.py:188} INFO - [2026-05-23T11:28:53.518+0000] {dag.py:3954} INFO - Setting next_dagrun for dataset_consumes_1_and_2 to None, run_after=None
[2026-05-23T11:28:53.518+0000] {logging_mixin.py:188} INFO - [2026-05-23T11:28:53.518+0000] {dag.py:3954} INFO - Setting next_dagrun for dataset_consumes_1_never_scheduled to None, run_after=None
[2026-05-23T11:28:53.519+0000] {logging_mixin.py:188} INFO - [2026-05-23T11:28:53.519+0000] {dag.py:3954} INFO - Setting next_dagrun for dataset_consumes_unknown_never_scheduled to None, run_after=None
[2026-05-23T11:28:53.520+0000] {logging_mixin.py:188} INFO - [2026-05-23T11:28:53.520+0000] {dag.py:3954} INFO - Setting next_dagrun for dataset_produces_1 to 2026-05-22 00:00:00+00:00, run_after=2026-05-23 00:00:00+00:00
[2026-05-23T11:28:53.521+0000] {logging_mixin.py:188} INFO - [2026-05-23T11:28:53.521+0000] {dag.py:3954} INFO - Setting next_dagrun for dataset_produces_2 to None, run_after=None
[2026-05-23T11:28:53.544+0000] {processor.py:183} INFO - Processing /home/vscode/.local/lib/python3.11/site-packages/airflow/example_dags/example_datasets.py took 0.092 seconds
[2026-05-23T11:29:57.605+0000] {processor.py:161} INFO - Started process (PID=5155) to work on /home/vscode/.local/lib/python3.11/site-packages/airflow/example_dags/example_datasets.py
[2026-05-23T11:29:57.605+0000] {processor.py:830} INFO - Processing file /home/vscode/.local/lib/python3.11/site-packages/airflow/example_dags/example_datasets.py for tasks to queue
[2026-05-23T11:29:57.606+0000] {logging_mixin.py:188} INFO - [2026-05-23T11:29:57.606+0000] {dagbag.py:545} INFO - Filling up the DagBag from /home/vscode/.local/lib/python3.11/site-packages/airflow/example_dags/example_datasets.py
[2026-05-23T11:29:57.621+0000] {processor.py:840} INFO - DAG(s) 'consume_1_or_both_2_and_3_with_dataset_expressions', 'dataset_produces_2', 'conditional_dataset_and_time_based_timetable', 'dataset_produces_1', 'consume_1_and_2_with_dataset_expressions', 'dataset_consumes_unknown_never_scheduled', 'consume_1_or_2_with_dataset_expressions', 'dataset_consumes_1', 'dataset_consumes_1_never_scheduled', 'dataset_consumes_1_and_2' retrieved from /home/vscode/.local/lib/python3.11/site-packages/airflow/example_dags/example_datasets.py
[2026-05-23T11:29:57.661+0000] {logging_mixin.py:188} INFO - [2026-05-23T11:29:57.661+0000] {dag.py:3096} INFO - Sync 10 DAGs
[2026-05-23T11:29:57.683+0000] {logging_mixin.py:188} INFO - [2026-05-23T11:29:57.683+0000] {dag.py:3954} INFO - Setting next_dagrun for conditional_dataset_and_time_based_timetable to 2026-05-20 01:00:00+00:00, run_after=2026-05-20 01:00:00+00:00
[2026-05-23T11:29:57.685+0000] {logging_mixin.py:188} INFO - [2026-05-23T11:29:57.685+0000] {dag.py:3954} INFO - Setting next_dagrun for consume_1_and_2_with_dataset_expressions to None, run_after=None
[2026-05-23T11:29:57.686+0000] {logging_mixin.py:188} INFO - [2026-05-23T11:29:57.686+0000] {dag.py:3954} INFO - Setting next_dagrun for consume_1_or_2_with_dataset_expressions to None, run_after=None
[2026-05-23T11:29:57.687+0000] {logging_mixin.py:188} INFO - [2026-05-23T11:29:57.687+0000] {dag.py:3954} INFO - Setting next_dagrun for consume_1_or_both_2_and_3_with_dataset_expressions to None, run_after=None
[2026-05-23T11:29:57.687+0000] {logging_mixin.py:188} INFO - [2026-05-23T11:29:57.687+0000] {dag.py:3954} INFO - Setting next_dagrun for dataset_consumes_1 to None, run_after=None
[2026-05-23T11:29:57.688+0000] {logging_mixin.py:188} INFO - [2026-05-23T11:29:57.688+0000] {dag.py:3954} INFO - Setting next_dagrun for dataset_consumes_1_and_2 to None, run_after=None
[2026-05-23T11:29:57.688+0000] {logging_mixin.py:188} INFO - [2026-05-23T11:29:57.688+0000] {dag.py:3954} INFO - Setting next_dagrun for dataset_consumes_1_never_scheduled to None, run_after=None
[2026-05-23T11:29:57.689+0000] {logging_mixin.py:188} INFO - [2026-05-23T11:29:57.689+0000] {dag.py:3954} INFO - Setting next_dagrun for dataset_consumes_unknown_never_scheduled to None, run_after=None
[2026-05-23T11:29:57.691+0000] {logging_mixin.py:188} INFO - [2026-05-23T11:29:57.691+0000] {dag.py:3954} INFO - Setting next_dagrun for dataset_produces_1 to 2026-05-22 00:00:00+00:00, run_after=2026-05-23 00:00:00+00:00
[2026-05-23T11:29:57.692+0000] {logging_mixin.py:188} INFO - [2026-05-23T11:29:57.692+0000] {dag.py:3954} INFO - Setting next_dagrun for dataset_produces_2 to None, run_after=None
[2026-05-23T11:29:57.715+0000] {processor.py:183} INFO - Processing /home/vscode/.local/lib/python3.11/site-packages/airflow/example_dags/example_datasets.py took 0.119 seconds
[2026-05-23T11:30:57.487+0000] {processor.py:161} INFO - Started process (PID=5790) to work on /home/vscode/.local/lib/python3.11/site-packages/airflow/example_dags/example_datasets.py
[2026-05-23T11:30:57.487+0000] {processor.py:830} INFO - Processing file /home/vscode/.local/lib/python3.11/site-packages/airflow/example_dags/example_datasets.py for tasks to queue
[2026-05-23T11:30:57.488+0000] {logging_mixin.py:188} INFO - [2026-05-23T11:30:57.487+0000] {dagbag.py:545} INFO - Filling up the DagBag from /home/vscode/.local/lib/python3.11/site-packages/airflow/example_dags/example_datasets.py
[2026-05-23T11:30:57.498+0000] {processor.py:840} INFO - DAG(s) 'consume_1_and_2_with_dataset_expressions', 'dataset_consumes_1', 'dataset_consumes_1_and_2', 'consume_1_or_2_with_dataset_expressions', 'dataset_consumes_1_never_scheduled', 'dataset_produces_2', 'consume_1_or_both_2_and_3_with_dataset_expressions', 'conditional_dataset_and_time_based_timetable', 'dataset_consumes_unknown_never_scheduled', 'dataset_produces_1' retrieved from /home/vscode/.local/lib/python3.11/site-packages/airflow/example_dags/example_datasets.py
[2026-05-23T11:30:57.526+0000] {logging_mixin.py:188} INFO - [2026-05-23T11:30:57.526+0000] {dag.py:3096} INFO - Sync 10 DAGs
[2026-05-23T11:30:57.542+0000] {logging_mixin.py:188} INFO - [2026-05-23T11:30:57.541+0000] {dag.py:3954} INFO - Setting next_dagrun for conditional_dataset_and_time_based_timetable to 2026-05-20 01:00:00+00:00, run_after=2026-05-20 01:00:00+00:00
[2026-05-23T11:30:57.544+0000] {logging_mixin.py:188} INFO - [2026-05-23T11:30:57.544+0000] {dag.py:3954} INFO - Setting next_dagrun for consume_1_and_2_with_dataset_expressions to None, run_after=None
[2026-05-23T11:30:57.544+0000] {logging_mixin.py:188} INFO - [2026-05-23T11:30:57.544+0000] {dag.py:3954} INFO - Setting next_dagrun for consume_1_or_2_with_dataset_expressions to None, run_after=None
[2026-05-23T11:30:57.545+0000] {logging_mixin.py:188} INFO - [2026-05-23T11:30:57.545+0000] {dag.py:3954} INFO - Setting next_dagrun for consume_1_or_both_2_and_3_with_dataset_expressions to None, run_after=None
[2026-05-23T11:30:57.546+0000] {logging_mixin.py:188} INFO - [2026-05-23T11:30:57.545+0000] {dag.py:3954} INFO - Setting next_dagrun for dataset_consumes_1 to None, run_after=None
[2026-05-23T11:30:57.546+0000] {logging_mixin.py:188} INFO - [2026-05-23T11:30:57.546+0000] {dag.py:3954} INFO - Setting next_dagrun for dataset_consumes_1_and_2 to None, run_after=None
[2026-05-23T11:30:57.547+0000] {logging_mixin.py:188} INFO - [2026-05-23T11:30:57.547+0000] {dag.py:3954} INFO - Setting next_dagrun for dataset_consumes_1_never_scheduled to None, run_after=None
[2026-05-23T11:30:57.547+0000] {logging_mixin.py:188} INFO - [2026-05-23T11:30:57.547+0000] {dag.py:3954} INFO - Setting next_dagrun for dataset_consumes_unknown_never_scheduled to None, run_after=None
[2026-05-23T11:30:57.549+0000] {logging_mixin.py:188} INFO - [2026-05-23T11:30:57.549+0000] {dag.py:3954} INFO - Setting next_dagrun for dataset_produces_1 to 2026-05-22 00:00:00+00:00, run_after=2026-05-23 00:00:00+00:00
[2026-05-23T11:30:57.549+0000] {logging_mixin.py:188} INFO - [2026-05-23T11:30:57.549+0000] {dag.py:3954} INFO - Setting next_dagrun for dataset_produces_2 to None, run_after=None
[2026-05-23T11:30:57.571+0000] {processor.py:183} INFO - Processing /home/vscode/.local/lib/python3.11/site-packages/airflow/example_dags/example_datasets.py took 0.090 seconds
[2026-05-23T11:32:01.989+0000] {processor.py:161} INFO - Started process (PID=6360) to work on /home/vscode/.local/lib/python3.11/site-packages/airflow/example_dags/example_datasets.py
[2026-05-23T11:32:01.990+0000] {processor.py:830} INFO - Processing file /home/vscode/.local/lib/python3.11/site-packages/airflow/example_dags/example_datasets.py for tasks to queue
[2026-05-23T11:32:01.990+0000] {logging_mixin.py:188} INFO - [2026-05-23T11:32:01.990+0000] {dagbag.py:545} INFO - Filling up the DagBag from /home/vscode/.local/lib/python3.11/site-packages/airflow/example_dags/example_datasets.py
[2026-05-23T11:32:02.001+0000] {processor.py:840} INFO - DAG(s) 'dataset_produces_2', 'consume_1_and_2_with_dataset_expressions', 'dataset_consumes_unknown_never_scheduled', 'consume_1_or_both_2_and_3_with_dataset_expressions', 'consume_1_or_2_with_dataset_expressions', 'dataset_produces_1', 'dataset_consumes_1_and_2', 'dataset_consumes_1_never_scheduled', 'dataset_consumes_1', 'conditional_dataset_and_time_based_timetable' retrieved from /home/vscode/.local/lib/python3.11/site-packages/airflow/example_dags/example_datasets.py
[2026-05-23T11:32:02.027+0000] {logging_mixin.py:188} INFO - [2026-05-23T11:32:02.027+0000] {dag.py:3096} INFO - Sync 10 DAGs
[2026-05-23T11:32:02.042+0000] {logging_mixin.py:188} INFO - [2026-05-23T11:32:02.042+0000] {dag.py:3954} INFO - Setting next_dagrun for conditional_dataset_and_time_based_timetable to 2026-05-20 01:00:00+00:00, run_after=2026-05-20 01:00:00+00:00
[2026-05-23T11:32:02.044+0000] {logging_mixin.py:188} INFO - [2026-05-23T11:32:02.044+0000] {dag.py:3954} INFO - Setting next_dagrun for consume_1_and_2_with_dataset_expressions to None, run_after=None
[2026-05-23T11:32:02.045+0000] {logging_mixin.py:188} INFO - [2026-05-23T11:32:02.045+0000] {dag.py:3954} INFO - Setting next_dagrun for consume_1_or_2_with_dataset_expressions to None, run_after=None
[2026-05-23T11:32:02.046+0000] {logging_mixin.py:188} INFO - [2026-05-23T11:32:02.046+0000] {dag.py:3954} INFO - Setting next_dagrun for consume_1_or_both_2_and_3_with_dataset_expressions to None, run_after=None
[2026-05-23T11:32:02.046+0000] {logging_mixin.py:188} INFO - [2026-05-23T11:32:02.046+0000] {dag.py:3954} INFO - Setting next_dagrun for dataset_consumes_1 to None, run_after=None
[2026-05-23T11:32:02.047+0000] {logging_mixin.py:188} INFO - [2026-05-23T11:32:02.047+0000] {dag.py:3954} INFO - Setting next_dagrun for dataset_consumes_1_and_2 to None, run_after=None
[2026-05-23T11:32:02.048+0000] {logging_mixin.py:188} INFO - [2026-05-23T11:32:02.048+0000] {dag.py:3954} INFO - Setting next_dagrun for dataset_consumes_1_never_scheduled to None, run_after=None
[2026-05-23T11:32:02.048+0000] {logging_mixin.py:188} INFO - [2026-05-23T11:32:02.048+0000] {dag.py:3954} INFO - Setting next_dagrun for dataset_consumes_unknown_never_scheduled to None, run_after=None
[2026-05-23T11:32:02.050+0000] {logging_mixin.py:188} INFO - [2026-05-23T11:32:02.050+0000] {dag.py:3954} INFO - Setting next_dagrun for dataset_produces_1 to 2026-05-22 00:00:00+00:00, run_after=2026-05-23 00:00:00+00:00
[2026-05-23T11:32:02.050+0000] {logging_mixin.py:188} INFO - [2026-05-23T11:32:02.050+0000] {dag.py:3954} INFO - Setting next_dagrun for dataset_produces_2 to None, run_after=None
[2026-05-23T11:32:02.072+0000] {processor.py:183} INFO - Processing /home/vscode/.local/lib/python3.11/site-packages/airflow/example_dags/example_datasets.py took 0.089 seconds
[2026-05-23T11:33:05.162+0000] {processor.py:161} INFO - Started process (PID=7610) to work on /home/vscode/.local/lib/python3.11/site-packages/airflow/example_dags/example_datasets.py
[2026-05-23T11:33:05.163+0000] {processor.py:830} INFO - Processing file /home/vscode/.local/lib/python3.11/site-packages/airflow/example_dags/example_datasets.py for tasks to queue
[2026-05-23T11:33:05.164+0000] {logging_mixin.py:188} INFO - [2026-05-23T11:33:05.163+0000] {dagbag.py:545} INFO - Filling up the DagBag from /home/vscode/.local/lib/python3.11/site-packages/airflow/example_dags/example_datasets.py
[2026-05-23T11:33:05.183+0000] {processor.py:840} INFO - DAG(s) 'dataset_consumes_1_and_2', 'dataset_produces_1', 'dataset_produces_2', 'dataset_consumes_1_never_scheduled', 'dataset_consumes_1', 'consume_1_or_both_2_and_3_with_dataset_expressions', 'dataset_consumes_unknown_never_scheduled', 'conditional_dataset_and_time_based_timetable', 'consume_1_and_2_with_dataset_expressions', 'consume_1_or_2_with_dataset_expressions' retrieved from /home/vscode/.local/lib/python3.11/site-packages/airflow/example_dags/example_datasets.py
[2026-05-23T11:33:05.270+0000] {logging_mixin.py:188} INFO - [2026-05-23T11:33:05.270+0000] {dag.py:3096} INFO - Sync 10 DAGs
[2026-05-23T11:33:05.297+0000] {logging_mixin.py:188} INFO - [2026-05-23T11:33:05.297+0000] {dag.py:3954} INFO - Setting next_dagrun for conditional_dataset_and_time_based_timetable to 2026-05-20 01:00:00+00:00, run_after=2026-05-20 01:00:00+00:00
[2026-05-23T11:33:05.300+0000] {logging_mixin.py:188} INFO - [2026-05-23T11:33:05.300+0000] {dag.py:3954} INFO - Setting next_dagrun for consume_1_and_2_with_dataset_expressions to None, run_after=None
[2026-05-23T11:33:05.301+0000] {logging_mixin.py:188} INFO - [2026-05-23T11:33:05.301+0000] {dag.py:3954} INFO - Setting next_dagrun for consume_1_or_2_with_dataset_expressions to None, run_after=None
[2026-05-23T11:33:05.302+0000] {logging_mixin.py:188} INFO - [2026-05-23T11:33:05.302+0000] {dag.py:3954} INFO - Setting next_dagrun for consume_1_or_both_2_and_3_with_dataset_expressions to None, run_after=None
[2026-05-23T11:33:05.303+0000] {logging_mixin.py:188} INFO - [2026-05-23T11:33:05.303+0000] {dag.py:3954} INFO - Setting next_dagrun for dataset_consumes_1 to None, run_after=None
[2026-05-23T11:33:05.304+0000] {logging_mixin.py:188} INFO - [2026-05-23T11:33:05.304+0000] {dag.py:3954} INFO - Setting next_dagrun for dataset_consumes_1_and_2 to None, run_after=None
[2026-05-23T11:33:05.305+0000] {logging_mixin.py:188} INFO - [2026-05-23T11:33:05.305+0000] {dag.py:3954} INFO - Setting next_dagrun for dataset_consumes_1_never_scheduled to None, run_after=None
[2026-05-23T11:33:05.306+0000] {logging_mixin.py:188} INFO - [2026-05-23T11:33:05.306+0000] {dag.py:3954} INFO - Setting next_dagrun for dataset_consumes_unknown_never_scheduled to None, run_after=None
[2026-05-23T11:33:05.309+0000] {logging_mixin.py:188} INFO - [2026-05-23T11:33:05.308+0000] {dag.py:3954} INFO - Setting next_dagrun for dataset_produces_1 to 2026-05-22 00:00:00+00:00, run_after=2026-05-23 00:00:00+00:00
[2026-05-23T11:33:05.310+0000] {logging_mixin.py:188} INFO - [2026-05-23T11:33:05.310+0000] {dag.py:3954} INFO - Setting next_dagrun for dataset_produces_2 to None, run_after=None
[2026-05-23T11:33:05.358+0000] {processor.py:183} INFO - Processing /home/vscode/.local/lib/python3.11/site-packages/airflow/example_dags/example_datasets.py took 0.213 seconds
[2026-05-23T11:34:15.430+0000] {processor.py:161} INFO - Started process (PID=8575) to work on /home/vscode/.local/lib/python3.11/site-packages/airflow/example_dags/example_datasets.py
[2026-05-23T11:34:15.430+0000] {processor.py:830} INFO - Processing file /home/vscode/.local/lib/python3.11/site-packages/airflow/example_dags/example_datasets.py for tasks to queue
[2026-05-23T11:34:15.431+0000] {logging_mixin.py:188} INFO - [2026-05-23T11:34:15.431+0000] {dagbag.py:545} INFO - Filling up the DagBag from /home/vscode/.local/lib/python3.11/site-packages/airflow/example_dags/example_datasets.py
[2026-05-23T11:34:15.442+0000] {processor.py:840} INFO - DAG(s) 'consume_1_or_both_2_and_3_with_dataset_expressions', 'dataset_consumes_unknown_never_scheduled', 'dataset_produces_1', 'dataset_consumes_1_and_2', 'dataset_consumes_1_never_scheduled', 'conditional_dataset_and_time_based_timetable', 'consume_1_and_2_with_dataset_expressions', 'dataset_produces_2', 'dataset_consumes_1', 'consume_1_or_2_with_dataset_expressions' retrieved from /home/vscode/.local/lib/python3.11/site-packages/airflow/example_dags/example_datasets.py
[2026-05-23T11:34:15.467+0000] {logging_mixin.py:188} INFO - [2026-05-23T11:34:15.467+0000] {dag.py:3096} INFO - Sync 10 DAGs
[2026-05-23T11:34:15.482+0000] {logging_mixin.py:188} INFO - [2026-05-23T11:34:15.482+0000] {dag.py:3954} INFO - Setting next_dagrun for conditional_dataset_and_time_based_timetable to 2026-05-20 01:00:00+00:00, run_after=2026-05-20 01:00:00+00:00
[2026-05-23T11:34:15.484+0000] {logging_mixin.py:188} INFO - [2026-05-23T11:34:15.484+0000] {dag.py:3954} INFO - Setting next_dagrun for consume_1_and_2_with_dataset_expressions to None, run_after=None
[2026-05-23T11:34:15.485+0000] {logging_mixin.py:188} INFO - [2026-05-23T11:34:15.485+0000] {dag.py:3954} INFO - Setting next_dagrun for consume_1_or_2_with_dataset_expressions to None, run_after=None
[2026-05-23T11:34:15.486+0000] {logging_mixin.py:188} INFO - [2026-05-23T11:34:15.486+0000] {dag.py:3954} INFO - Setting next_dagrun for consume_1_or_both_2_and_3_with_dataset_expressions to None, run_after=None
[2026-05-23T11:34:15.486+0000] {logging_mixin.py:188} INFO - [2026-05-23T11:34:15.486+0000] {dag.py:3954} INFO - Setting next_dagrun for dataset_consumes_1 to None, run_after=None
[2026-05-23T11:34:15.487+0000] {logging_mixin.py:188} INFO - [2026-05-23T11:34:15.487+0000] {dag.py:3954} INFO - Setting next_dagrun for dataset_consumes_1_and_2 to None, run_after=None
[2026-05-23T11:34:15.488+0000] {logging_mixin.py:188} INFO - [2026-05-23T11:34:15.487+0000] {dag.py:3954} INFO - Setting next_dagrun for dataset_consumes_1_never_scheduled to None, run_after=None
[2026-05-23T11:34:15.488+0000] {logging_mixin.py:188} INFO - [2026-05-23T11:34:15.488+0000] {dag.py:3954} INFO - Setting next_dagrun for dataset_consumes_unknown_never_scheduled to None, run_after=None
[2026-05-23T11:34:15.490+0000] {logging_mixin.py:188} INFO - [2026-05-23T11:34:15.490+0000] {dag.py:3954} INFO - Setting next_dagrun for dataset_produces_1 to 2026-05-22 00:00:00+00:00, run_after=2026-05-23 00:00:00+00:00
[2026-05-23T11:34:15.490+0000] {logging_mixin.py:188} INFO - [2026-05-23T11:34:15.490+0000] {dag.py:3954} INFO - Setting next_dagrun for dataset_produces_2 to None, run_after=None
[2026-05-23T11:34:15.512+0000] {processor.py:183} INFO - Processing /home/vscode/.local/lib/python3.11/site-packages/airflow/example_dags/example_datasets.py took 0.088 seconds
[2026-05-23T11:35:21.638+0000] {processor.py:161} INFO - Started process (PID=9113) to work on /home/vscode/.local/lib/python3.11/site-packages/airflow/example_dags/example_datasets.py
[2026-05-23T11:35:21.638+0000] {processor.py:830} INFO - Processing file /home/vscode/.local/lib/python3.11/site-packages/airflow/example_dags/example_datasets.py for tasks to queue
[2026-05-23T11:35:21.639+0000] {logging_mixin.py:188} INFO - [2026-05-23T11:35:21.639+0000] {dagbag.py:545} INFO - Filling up the DagBag from /home/vscode/.local/lib/python3.11/site-packages/airflow/example_dags/example_datasets.py
[2026-05-23T11:35:21.650+0000] {processor.py:840} INFO - DAG(s) 'consume_1_or_both_2_and_3_with_dataset_expressions', 'dataset_consumes_1_and_2', 'dataset_consumes_unknown_never_scheduled', 'dataset_consumes_1', 'consume_1_and_2_with_dataset_expressions', 'dataset_produces_1', 'consume_1_or_2_with_dataset_expressions', 'dataset_consumes_1_never_scheduled', 'conditional_dataset_and_time_based_timetable', 'dataset_produces_2' retrieved from /home/vscode/.local/lib/python3.11/site-packages/airflow/example_dags/example_datasets.py
[2026-05-23T11:35:21.677+0000] {logging_mixin.py:188} INFO - [2026-05-23T11:35:21.677+0000] {dag.py:3096} INFO - Sync 10 DAGs
[2026-05-23T11:35:21.693+0000] {logging_mixin.py:188} INFO - [2026-05-23T11:35:21.693+0000] {dag.py:3954} INFO - Setting next_dagrun for conditional_dataset_and_time_based_timetable to 2026-05-20 01:00:00+00:00, run_after=2026-05-20 01:00:00+00:00
[2026-05-23T11:35:21.696+0000] {logging_mixin.py:188} INFO - [2026-05-23T11:35:21.695+0000] {dag.py:3954} INFO - Setting next_dagrun for consume_1_and_2_with_dataset_expressions to None, run_after=None
[2026-05-23T11:35:21.696+0000] {logging_mixin.py:188} INFO - [2026-05-23T11:35:21.696+0000] {dag.py:3954} INFO - Setting next_dagrun for consume_1_or_2_with_dataset_expressions to None, run_after=None
[2026-05-23T11:35:21.697+0000] {logging_mixin.py:188} INFO - [2026-05-23T11:35:21.697+0000] {dag.py:3954} INFO - Setting next_dagrun for consume_1_or_both_2_and_3_with_dataset_expressions to None, run_after=None
[2026-05-23T11:35:21.698+0000] {logging_mixin.py:188} INFO - [2026-05-23T11:35:21.698+0000] {dag.py:3954} INFO - Setting next_dagrun for dataset_consumes_1 to None, run_after=None
[2026-05-23T11:35:21.698+0000] {logging_mixin.py:188} INFO - [2026-05-23T11:35:21.698+0000] {dag.py:3954} INFO - Setting next_dagrun for dataset_consumes_1_and_2 to None, run_after=None
[2026-05-23T11:35:21.699+0000] {logging_mixin.py:188} INFO - [2026-05-23T11:35:21.699+0000] {dag.py:3954} INFO - Setting next_dagrun for dataset_consumes_1_never_scheduled to None, run_after=None
[2026-05-23T11:35:21.699+0000] {logging_mixin.py:188} INFO - [2026-05-23T11:35:21.699+0000] {dag.py:3954} INFO - Setting next_dagrun for dataset_consumes_unknown_never_scheduled to None, run_after=None
[2026-05-23T11:35:21.701+0000] {logging_mixin.py:188} INFO - [2026-05-23T11:35:21.701+0000] {dag.py:3954} INFO - Setting next_dagrun for dataset_produces_1 to 2026-05-22 00:00:00+00:00, run_after=2026-05-23 00:00:00+00:00
[2026-05-23T11:35:21.702+0000] {logging_mixin.py:188} INFO - [2026-05-23T11:35:21.701+0000] {dag.py:3954} INFO - Setting next_dagrun for dataset_produces_2 to None, run_after=None
[2026-05-23T11:35:21.726+0000] {processor.py:183} INFO - Processing /home/vscode/.local/lib/python3.11/site-packages/airflow/example_dags/example_datasets.py took 0.094 seconds
[2026-05-23T11:36:24.153+0000] {processor.py:161} INFO - Started process (PID=9632) to work on /home/vscode/.local/lib/python3.11/site-packages/airflow/example_dags/example_datasets.py
[2026-05-23T11:36:24.153+0000] {processor.py:830} INFO - Processing file /home/vscode/.local/lib/python3.11/site-packages/airflow/example_dags/example_datasets.py for tasks to queue
[2026-05-23T11:36:24.154+0000] {logging_mixin.py:188} INFO - [2026-05-23T11:36:24.154+0000] {dagbag.py:545} INFO - Filling up the DagBag from /home/vscode/.local/lib/python3.11/site-packages/airflow/example_dags/example_datasets.py
[2026-05-23T11:36:24.165+0000] {processor.py:840} INFO - DAG(s) 'dataset_produces_1', 'consume_1_and_2_with_dataset_expressions', 'dataset_consumes_1_never_scheduled', 'dataset_consumes_1_and_2', 'dataset_consumes_1', 'consume_1_or_both_2_and_3_with_dataset_expressions', 'consume_1_or_2_with_dataset_expressions', 'conditional_dataset_and_time_based_timetable', 'dataset_produces_2', 'dataset_consumes_unknown_never_scheduled' retrieved from /home/vscode/.local/lib/python3.11/site-packages/airflow/example_dags/example_datasets.py
[2026-05-23T11:36:24.191+0000] {logging_mixin.py:188} INFO - [2026-05-23T11:36:24.191+0000] {dag.py:3096} INFO - Sync 10 DAGs
[2026-05-23T11:36:24.206+0000] {logging_mixin.py:188} INFO - [2026-05-23T11:36:24.206+0000] {dag.py:3954} INFO - Setting next_dagrun for conditional_dataset_and_time_based_timetable to 2026-05-20 01:00:00+00:00, run_after=2026-05-20 01:00:00+00:00
[2026-05-23T11:36:24.208+0000] {logging_mixin.py:188} INFO - [2026-05-23T11:36:24.208+0000] {dag.py:3954} INFO - Setting next_dagrun for consume_1_and_2_with_dataset_expressions to None, run_after=None
[2026-05-23T11:36:24.209+0000] {logging_mixin.py:188} INFO - [2026-05-23T11:36:24.209+0000] {dag.py:3954} INFO - Setting next_dagrun for consume_1_or_2_with_dataset_expressions to None, run_after=None
[2026-05-23T11:36:24.210+0000] {logging_mixin.py:188} INFO - [2026-05-23T11:36:24.210+0000] {dag.py:3954} INFO - Setting next_dagrun for consume_1_or_both_2_and_3_with_dataset_expressions to None, run_after=None
[2026-05-23T11:36:24.210+0000] {logging_mixin.py:188} INFO - [2026-05-23T11:36:24.210+0000] {dag.py:3954} INFO - Setting next_dagrun for dataset_consumes_1 to None, run_after=None
[2026-05-23T11:36:24.211+0000] {logging_mixin.py:188} INFO - [2026-05-23T11:36:24.211+0000] {dag.py:3954} INFO - Setting next_dagrun for dataset_consumes_1_and_2 to None, run_after=None
[2026-05-23T11:36:24.212+0000] {logging_mixin.py:188} INFO - [2026-05-23T11:36:24.212+0000] {dag.py:3954} INFO - Setting next_dagrun for dataset_consumes_1_never_scheduled to None, run_after=None
[2026-05-23T11:36:24.212+0000] {logging_mixin.py:188} INFO - [2026-05-23T11:36:24.212+0000] {dag.py:3954} INFO - Setting next_dagrun for dataset_consumes_unknown_never_scheduled to None, run_after=None
[2026-05-23T11:36:24.214+0000] {logging_mixin.py:188} INFO - [2026-05-23T11:36:24.214+0000] {dag.py:3954} INFO - Setting next_dagrun for dataset_produces_1 to 2026-05-22 00:00:00+00:00, run_after=2026-05-23 00:00:00+00:00
[2026-05-23T11:36:24.214+0000] {logging_mixin.py:188} INFO - [2026-05-23T11:36:24.214+0000] {dag.py:3954} INFO - Setting next_dagrun for dataset_produces_2 to None, run_after=None
[2026-05-23T11:36:24.237+0000] {processor.py:183} INFO - Processing /home/vscode/.local/lib/python3.11/site-packages/airflow/example_dags/example_datasets.py took 0.090 seconds
[2026-05-23T11:37:34.350+0000] {processor.py:161} INFO - Started process (PID=10300) to work on /home/vscode/.local/lib/python3.11/site-packages/airflow/example_dags/example_datasets.py
[2026-05-23T11:37:34.350+0000] {processor.py:830} INFO - Processing file /home/vscode/.local/lib/python3.11/site-packages/airflow/example_dags/example_datasets.py for tasks to queue
[2026-05-23T11:37:34.351+0000] {logging_mixin.py:188} INFO - [2026-05-23T11:37:34.351+0000] {dagbag.py:545} INFO - Filling up the DagBag from /home/vscode/.local/lib/python3.11/site-packages/airflow/example_dags/example_datasets.py
[2026-05-23T11:37:34.361+0000] {processor.py:840} INFO - DAG(s) 'dataset_produces_1', 'dataset_consumes_1_and_2', 'consume_1_or_both_2_and_3_with_dataset_expressions', 'conditional_dataset_and_time_based_timetable', 'dataset_consumes_unknown_never_scheduled', 'dataset_consumes_1_never_scheduled', 'consume_1_or_2_with_dataset_expressions', 'consume_1_and_2_with_dataset_expressions', 'dataset_produces_2', 'dataset_consumes_1' retrieved from /home/vscode/.local/lib/python3.11/site-packages/airflow/example_dags/example_datasets.py
[2026-05-23T11:37:34.387+0000] {logging_mixin.py:188} INFO - [2026-05-23T11:37:34.387+0000] {dag.py:3096} INFO - Sync 10 DAGs
[2026-05-23T11:37:34.402+0000] {logging_mixin.py:188} INFO - [2026-05-23T11:37:34.402+0000] {dag.py:3954} INFO - Setting next_dagrun for conditional_dataset_and_time_based_timetable to 2026-05-20 01:00:00+00:00, run_after=2026-05-20 01:00:00+00:00
[2026-05-23T11:37:34.404+0000] {logging_mixin.py:188} INFO - [2026-05-23T11:37:34.404+0000] {dag.py:3954} INFO - Setting next_dagrun for consume_1_and_2_with_dataset_expressions to None, run_after=None
[2026-05-23T11:37:34.405+0000] {logging_mixin.py:188} INFO - [2026-05-23T11:37:34.405+0000] {dag.py:3954} INFO - Setting next_dagrun for consume_1_or_2_with_dataset_expressions to None, run_after=None
[2026-05-23T11:37:34.405+0000] {logging_mixin.py:188} INFO - [2026-05-23T11:37:34.405+0000] {dag.py:3954} INFO - Setting next_dagrun for consume_1_or_both_2_and_3_with_dataset_expressions to None, run_after=None
[2026-05-23T11:37:34.406+0000] {logging_mixin.py:188} INFO - [2026-05-23T11:37:34.406+0000] {dag.py:3954} INFO - Setting next_dagrun for dataset_consumes_1 to None, run_after=None
[2026-05-23T11:37:34.407+0000] {logging_mixin.py:188} INFO - [2026-05-23T11:37:34.407+0000] {dag.py:3954} INFO - Setting next_dagrun for dataset_consumes_1_and_2 to None, run_after=None
[2026-05-23T11:37:34.407+0000] {logging_mixin.py:188} INFO - [2026-05-23T11:37:34.407+0000] {dag.py:3954} INFO - Setting next_dagrun for dataset_consumes_1_never_scheduled to None, run_after=None
[2026-05-23T11:37:34.408+0000] {logging_mixin.py:188} INFO - [2026-05-23T11:37:34.408+0000] {dag.py:3954} INFO - Setting next_dagrun for dataset_consumes_unknown_never_scheduled to None, run_after=None
[2026-05-23T11:37:34.409+0000] {logging_mixin.py:188} INFO - [2026-05-23T11:37:34.409+0000] {dag.py:3954} INFO - Setting next_dagrun for dataset_produces_1 to 2026-05-22 00:00:00+00:00, run_after=2026-05-23 00:00:00+00:00
[2026-05-23T11:37:34.410+0000] {logging_mixin.py:188} INFO - [2026-05-23T11:37:34.410+0000] {dag.py:3954} INFO - Setting next_dagrun for dataset_produces_2 to None, run_after=None
[2026-05-23T11:37:34.433+0000] {processor.py:183} INFO - Processing /home/vscode/.local/lib/python3.11/site-packages/airflow/example_dags/example_datasets.py took 0.089 seconds
[2026-05-23T11:38:35.973+0000] {processor.py:161} INFO - Started process (PID=10804) to work on /home/vscode/.local/lib/python3.11/site-packages/airflow/example_dags/example_datasets.py
[2026-05-23T11:38:35.974+0000] {processor.py:830} INFO - Processing file /home/vscode/.local/lib/python3.11/site-packages/airflow/example_dags/example_datasets.py for tasks to queue
[2026-05-23T11:38:35.974+0000] {logging_mixin.py:188} INFO - [2026-05-23T11:38:35.974+0000] {dagbag.py:545} INFO - Filling up the DagBag from /home/vscode/.local/lib/python3.11/site-packages/airflow/example_dags/example_datasets.py
[2026-05-23T11:38:35.985+0000] {processor.py:840} INFO - DAG(s) 'consume_1_and_2_with_dataset_expressions', 'dataset_produces_1', 'dataset_consumes_1_never_scheduled', 'consume_1_or_2_with_dataset_expressions', 'dataset_consumes_1', 'conditional_dataset_and_time_based_timetable', 'dataset_produces_2', 'dataset_consumes_1_and_2', 'dataset_consumes_unknown_never_scheduled', 'consume_1_or_both_2_and_3_with_dataset_expressions' retrieved from /home/vscode/.local/lib/python3.11/site-packages/airflow/example_dags/example_datasets.py
[2026-05-23T11:38:36.011+0000] {logging_mixin.py:188} INFO - [2026-05-23T11:38:36.011+0000] {dag.py:3096} INFO - Sync 10 DAGs
[2026-05-23T11:38:36.027+0000] {logging_mixin.py:188} INFO - [2026-05-23T11:38:36.027+0000] {dag.py:3954} INFO - Setting next_dagrun for conditional_dataset_and_time_based_timetable to 2026-05-20 01:00:00+00:00, run_after=2026-05-20 01:00:00+00:00
[2026-05-23T11:38:36.029+0000] {logging_mixin.py:188} INFO - [2026-05-23T11:38:36.029+0000] {dag.py:3954} INFO - Setting next_dagrun for consume_1_and_2_with_dataset_expressions to None, run_after=None
[2026-05-23T11:38:36.030+0000] {logging_mixin.py:188} INFO - [2026-05-23T11:38:36.030+0000] {dag.py:3954} INFO - Setting next_dagrun for consume_1_or_2_with_dataset_expressions to None, run_after=None
[2026-05-23T11:38:36.030+0000] {logging_mixin.py:188} INFO - [2026-05-23T11:38:36.030+0000] {dag.py:3954} INFO - Setting next_dagrun for consume_1_or_both_2_and_3_with_dataset_expressions to None, run_after=None
[2026-05-23T11:38:36.031+0000] {logging_mixin.py:188} INFO - [2026-05-23T11:38:36.031+0000] {dag.py:3954} INFO - Setting next_dagrun for dataset_consumes_1 to None, run_after=None
[2026-05-23T11:38:36.032+0000] {logging_mixin.py:188} INFO - [2026-05-23T11:38:36.032+0000] {dag.py:3954} INFO - Setting next_dagrun for dataset_consumes_1_and_2 to None, run_after=None
[2026-05-23T11:38:36.032+0000] {logging_mixin.py:188} INFO - [2026-05-23T11:38:36.032+0000] {dag.py:3954} INFO - Setting next_dagrun for dataset_consumes_1_never_scheduled to None, run_after=None
[2026-05-23T11:38:36.033+0000] {logging_mixin.py:188} INFO - [2026-05-23T11:38:36.033+0000] {dag.py:3954} INFO - Setting next_dagrun for dataset_consumes_unknown_never_scheduled to None, run_after=None
[2026-05-23T11:38:36.034+0000] {logging_mixin.py:188} INFO - [2026-05-23T11:38:36.034+0000] {dag.py:3954} INFO - Setting next_dagrun for dataset_produces_1 to 2026-05-22 00:00:00+00:00, run_after=2026-05-23 00:00:00+00:00
[2026-05-23T11:38:36.035+0000] {logging_mixin.py:188} INFO - [2026-05-23T11:38:36.035+0000] {dag.py:3954} INFO - Setting next_dagrun for dataset_produces_2 to None, run_after=None
[2026-05-23T11:38:36.060+0000] {processor.py:183} INFO - Processing /home/vscode/.local/lib/python3.11/site-packages/airflow/example_dags/example_datasets.py took 0.092 seconds
[2026-05-23T11:39:40.484+0000] {processor.py:161} INFO - Started process (PID=11393) to work on /home/vscode/.local/lib/python3.11/site-packages/airflow/example_dags/example_datasets.py
[2026-05-23T11:39:40.485+0000] {processor.py:830} INFO - Processing file /home/vscode/.local/lib/python3.11/site-packages/airflow/example_dags/example_datasets.py for tasks to queue
[2026-05-23T11:39:40.485+0000] {logging_mixin.py:188} INFO - [2026-05-23T11:39:40.485+0000] {dagbag.py:545} INFO - Filling up the DagBag from /home/vscode/.local/lib/python3.11/site-packages/airflow/example_dags/example_datasets.py
[2026-05-23T11:39:40.496+0000] {processor.py:840} INFO - DAG(s) 'dataset_produces_2', 'consume_1_and_2_with_dataset_expressions', 'conditional_dataset_and_time_based_timetable', 'dataset_produces_1', 'dataset_consumes_1_never_scheduled', 'dataset_consumes_1', 'consume_1_or_both_2_and_3_with_dataset_expressions', 'dataset_consumes_1_and_2', 'consume_1_or_2_with_dataset_expressions', 'dataset_consumes_unknown_never_scheduled' retrieved from /home/vscode/.local/lib/python3.11/site-packages/airflow/example_dags/example_datasets.py
[2026-05-23T11:39:40.527+0000] {logging_mixin.py:188} INFO - [2026-05-23T11:39:40.526+0000] {dag.py:3096} INFO - Sync 10 DAGs
[2026-05-23T11:39:40.546+0000] {logging_mixin.py:188} INFO - [2026-05-23T11:39:40.546+0000] {dag.py:3954} INFO - Setting next_dagrun for conditional_dataset_and_time_based_timetable to 2026-05-20 01:00:00+00:00, run_after=2026-05-20 01:00:00+00:00
[2026-05-23T11:39:40.548+0000] {logging_mixin.py:188} INFO - [2026-05-23T11:39:40.548+0000] {dag.py:3954} INFO - Setting next_dagrun for consume_1_and_2_with_dataset_expressions to None, run_after=None
[2026-05-23T11:39:40.549+0000] {logging_mixin.py:188} INFO - [2026-05-23T11:39:40.549+0000] {dag.py:3954} INFO - Setting next_dagrun for consume_1_or_2_with_dataset_expressions to None, run_after=None
[2026-05-23T11:39:40.549+0000] {logging_mixin.py:188} INFO - [2026-05-23T11:39:40.549+0000] {dag.py:3954} INFO - Setting next_dagrun for consume_1_or_both_2_and_3_with_dataset_expressions to None, run_after=None
[2026-05-23T11:39:40.550+0000] {logging_mixin.py:188} INFO - [2026-05-23T11:39:40.550+0000] {dag.py:3954} INFO - Setting next_dagrun for dataset_consumes_1 to None, run_after=None
[2026-05-23T11:39:40.550+0000] {logging_mixin.py:188} INFO - [2026-05-23T11:39:40.550+0000] {dag.py:3954} INFO - Setting next_dagrun for dataset_consumes_1_and_2 to None, run_after=None
[2026-05-23T11:39:40.551+0000] {logging_mixin.py:188} INFO - [2026-05-23T11:39:40.551+0000] {dag.py:3954} INFO - Setting next_dagrun for dataset_consumes_1_never_scheduled to None, run_after=None
[2026-05-23T11:39:40.552+0000] {logging_mixin.py:188} INFO - [2026-05-23T11:39:40.552+0000] {dag.py:3954} INFO - Setting next_dagrun for dataset_consumes_unknown_never_scheduled to None, run_after=None
[2026-05-23T11:39:40.553+0000] {logging_mixin.py:188} INFO - [2026-05-23T11:39:40.553+0000] {dag.py:3954} INFO - Setting next_dagrun for dataset_produces_1 to 2026-05-22 00:00:00+00:00, run_after=2026-05-23 00:00:00+00:00
[2026-05-23T11:39:40.554+0000] {logging_mixin.py:188} INFO - [2026-05-23T11:39:40.554+0000] {dag.py:3954} INFO - Setting next_dagrun for dataset_produces_2 to None, run_after=None
[2026-05-23T11:39:40.576+0000] {processor.py:183} INFO - Processing /home/vscode/.local/lib/python3.11/site-packages/airflow/example_dags/example_datasets.py took 0.098 seconds
[2026-05-23T11:40:42.453+0000] {processor.py:161} INFO - Started process (PID=11902) to work on /home/vscode/.local/lib/python3.11/site-packages/airflow/example_dags/example_datasets.py
[2026-05-23T11:40:42.453+0000] {processor.py:830} INFO - Processing file /home/vscode/.local/lib/python3.11/site-packages/airflow/example_dags/example_datasets.py for tasks to queue
[2026-05-23T11:40:42.454+0000] {logging_mixin.py:188} INFO - [2026-05-23T11:40:42.454+0000] {dagbag.py:545} INFO - Filling up the DagBag from /home/vscode/.local/lib/python3.11/site-packages/airflow/example_dags/example_datasets.py
[2026-05-23T11:40:42.464+0000] {processor.py:840} INFO - DAG(s) 'conditional_dataset_and_time_based_timetable', 'consume_1_or_both_2_and_3_with_dataset_expressions', 'dataset_consumes_1_and_2', 'dataset_consumes_1_never_scheduled', 'dataset_produces_2', 'consume_1_and_2_with_dataset_expressions', 'dataset_consumes_unknown_never_scheduled', 'dataset_consumes_1', 'dataset_produces_1', 'consume_1_or_2_with_dataset_expressions' retrieved from /home/vscode/.local/lib/python3.11/site-packages/airflow/example_dags/example_datasets.py
[2026-05-23T11:40:42.492+0000] {logging_mixin.py:188} INFO - [2026-05-23T11:40:42.492+0000] {dag.py:3096} INFO - Sync 10 DAGs
[2026-05-23T11:40:42.508+0000] {logging_mixin.py:188} INFO - [2026-05-23T11:40:42.508+0000] {dag.py:3954} INFO - Setting next_dagrun for conditional_dataset_and_time_based_timetable to 2026-05-20 01:00:00+00:00, run_after=2026-05-20 01:00:00+00:00
[2026-05-23T11:40:42.510+0000] {logging_mixin.py:188} INFO - [2026-05-23T11:40:42.510+0000] {dag.py:3954} INFO - Setting next_dagrun for consume_1_and_2_with_dataset_expressions to None, run_after=None
[2026-05-23T11:40:42.511+0000] {logging_mixin.py:188} INFO - [2026-05-23T11:40:42.511+0000] {dag.py:3954} INFO - Setting next_dagrun for consume_1_or_2_with_dataset_expressions to None, run_after=None
[2026-05-23T11:40:42.511+0000] {logging_mixin.py:188} INFO - [2026-05-23T11:40:42.511+0000] {dag.py:3954} INFO - Setting next_dagrun for consume_1_or_both_2_and_3_with_dataset_expressions to None, run_after=None
[2026-05-23T11:40:42.512+0000] {logging_mixin.py:188} INFO - [2026-05-23T11:40:42.512+0000] {dag.py:3954} INFO - Setting next_dagrun for dataset_consumes_1 to None, run_after=None
[2026-05-23T11:40:42.513+0000] {logging_mixin.py:188} INFO - [2026-05-23T11:40:42.512+0000] {dag.py:3954} INFO - Setting next_dagrun for dataset_consumes_1_and_2 to None, run_after=None
[2026-05-23T11:40:42.513+0000] {logging_mixin.py:188} INFO - [2026-05-23T11:40:42.513+0000] {dag.py:3954} INFO - Setting next_dagrun for dataset_consumes_1_never_scheduled to None, run_after=None
[2026-05-23T11:40:42.514+0000] {logging_mixin.py:188} INFO - [2026-05-23T11:40:42.514+0000] {dag.py:3954} INFO - Setting next_dagrun for dataset_consumes_unknown_never_scheduled to None, run_after=None
[2026-05-23T11:40:42.515+0000] {logging_mixin.py:188} INFO - [2026-05-23T11:40:42.515+0000] {dag.py:3954} INFO - Setting next_dagrun for dataset_produces_1 to 2026-05-22 00:00:00+00:00, run_after=2026-05-23 00:00:00+00:00
[2026-05-23T11:40:42.516+0000] {logging_mixin.py:188} INFO - [2026-05-23T11:40:42.516+0000] {dag.py:3954} INFO - Setting next_dagrun for dataset_produces_2 to None, run_after=None
[2026-05-23T11:40:42.538+0000] {processor.py:183} INFO - Processing /home/vscode/.local/lib/python3.11/site-packages/airflow/example_dags/example_datasets.py took 0.091 seconds
[2026-05-23T11:41:46.520+0000] {processor.py:161} INFO - Started process (PID=12547) to work on /home/vscode/.local/lib/python3.11/site-packages/airflow/example_dags/example_datasets.py
[2026-05-23T11:41:46.521+0000] {processor.py:830} INFO - Processing file /home/vscode/.local/lib/python3.11/site-packages/airflow/example_dags/example_datasets.py for tasks to queue
[2026-05-23T11:41:46.522+0000] {logging_mixin.py:188} INFO - [2026-05-23T11:41:46.521+0000] {dagbag.py:545} INFO - Filling up the DagBag from /home/vscode/.local/lib/python3.11/site-packages/airflow/example_dags/example_datasets.py
[2026-05-23T11:41:46.540+0000] {processor.py:840} INFO - DAG(s) 'dataset_consumes_1_and_2', 'dataset_consumes_1', 'dataset_produces_1', 'consume_1_or_2_with_dataset_expressions', 'dataset_consumes_1_never_scheduled', 'conditional_dataset_and_time_based_timetable', 'dataset_consumes_unknown_never_scheduled', 'consume_1_and_2_with_dataset_expressions', 'consume_1_or_both_2_and_3_with_dataset_expressions', 'dataset_produces_2' retrieved from /home/vscode/.local/lib/python3.11/site-packages/airflow/example_dags/example_datasets.py
[2026-05-23T11:41:46.582+0000] {logging_mixin.py:188} INFO - [2026-05-23T11:41:46.582+0000] {dag.py:3096} INFO - Sync 10 DAGs
[2026-05-23T11:41:46.597+0000] {logging_mixin.py:188} INFO - [2026-05-23T11:41:46.597+0000] {dag.py:3954} INFO - Setting next_dagrun for conditional_dataset_and_time_based_timetable to 2026-05-20 01:00:00+00:00, run_after=2026-05-20 01:00:00+00:00
[2026-05-23T11:41:46.600+0000] {logging_mixin.py:188} INFO - [2026-05-23T11:41:46.600+0000] {dag.py:3954} INFO - Setting next_dagrun for consume_1_and_2_with_dataset_expressions to None, run_after=None
[2026-05-23T11:41:46.601+0000] {logging_mixin.py:188} INFO - [2026-05-23T11:41:46.601+0000] {dag.py:3954} INFO - Setting next_dagrun for consume_1_or_2_with_dataset_expressions to None, run_after=None
[2026-05-23T11:41:46.602+0000] {logging_mixin.py:188} INFO - [2026-05-23T11:41:46.602+0000] {dag.py:3954} INFO - Setting next_dagrun for consume_1_or_both_2_and_3_with_dataset_expressions to None, run_after=None
[2026-05-23T11:41:46.602+0000] {logging_mixin.py:188} INFO - [2026-05-23T11:41:46.602+0000] {dag.py:3954} INFO - Setting next_dagrun for dataset_consumes_1 to None, run_after=None
[2026-05-23T11:41:46.603+0000] {logging_mixin.py:188} INFO - [2026-05-23T11:41:46.603+0000] {dag.py:3954} INFO - Setting next_dagrun for dataset_consumes_1_and_2 to None, run_after=None
[2026-05-23T11:41:46.604+0000] {logging_mixin.py:188} INFO - [2026-05-23T11:41:46.604+0000] {dag.py:3954} INFO - Setting next_dagrun for dataset_consumes_1_never_scheduled to None, run_after=None
[2026-05-23T11:41:46.604+0000] {logging_mixin.py:188} INFO - [2026-05-23T11:41:46.604+0000] {dag.py:3954} INFO - Setting next_dagrun for dataset_consumes_unknown_never_scheduled to None, run_after=None
[2026-05-23T11:41:46.606+0000] {logging_mixin.py:188} INFO - [2026-05-23T11:41:46.606+0000] {dag.py:3954} INFO - Setting next_dagrun for dataset_produces_1 to 2026-05-22 00:00:00+00:00, run_after=2026-05-23 00:00:00+00:00
[2026-05-23T11:41:46.606+0000] {logging_mixin.py:188} INFO - [2026-05-23T11:41:46.606+0000] {dag.py:3954} INFO - Setting next_dagrun for dataset_produces_2 to None, run_after=None
[2026-05-23T11:41:46.629+0000] {processor.py:183} INFO - Processing /home/vscode/.local/lib/python3.11/site-packages/airflow/example_dags/example_datasets.py took 0.119 seconds
[2026-05-23T11:42:51.310+0000] {processor.py:161} INFO - Started process (PID=13087) to work on /home/vscode/.local/lib/python3.11/site-packages/airflow/example_dags/example_datasets.py
[2026-05-23T11:42:51.311+0000] {processor.py:830} INFO - Processing file /home/vscode/.local/lib/python3.11/site-packages/airflow/example_dags/example_datasets.py for tasks to queue
[2026-05-23T11:42:51.311+0000] {logging_mixin.py:188} INFO - [2026-05-23T11:42:51.311+0000] {dagbag.py:545} INFO - Filling up the DagBag from /home/vscode/.local/lib/python3.11/site-packages/airflow/example_dags/example_datasets.py
[2026-05-23T11:42:51.322+0000] {processor.py:840} INFO - DAG(s) 'dataset_produces_2', 'dataset_produces_1', 'dataset_consumes_1', 'consume_1_or_2_with_dataset_expressions', 'consume_1_or_both_2_and_3_with_dataset_expressions', 'dataset_consumes_1_and_2', 'consume_1_and_2_with_dataset_expressions', 'conditional_dataset_and_time_based_timetable', 'dataset_consumes_1_never_scheduled', 'dataset_consumes_unknown_never_scheduled' retrieved from /home/vscode/.local/lib/python3.11/site-packages/airflow/example_dags/example_datasets.py
[2026-05-23T11:42:51.347+0000] {logging_mixin.py:188} INFO - [2026-05-23T11:42:51.347+0000] {dag.py:3096} INFO - Sync 10 DAGs
[2026-05-23T11:42:51.362+0000] {logging_mixin.py:188} INFO - [2026-05-23T11:42:51.362+0000] {dag.py:3954} INFO - Setting next_dagrun for conditional_dataset_and_time_based_timetable to 2026-05-20 01:00:00+00:00, run_after=2026-05-20 01:00:00+00:00
[2026-05-23T11:42:51.364+0000] {logging_mixin.py:188} INFO - [2026-05-23T11:42:51.364+0000] {dag.py:3954} INFO - Setting next_dagrun for consume_1_and_2_with_dataset_expressions to None, run_after=None
[2026-05-23T11:42:51.365+0000] {logging_mixin.py:188} INFO - [2026-05-23T11:42:51.365+0000] {dag.py:3954} INFO - Setting next_dagrun for consume_1_or_2_with_dataset_expressions to None, run_after=None
[2026-05-23T11:42:51.365+0000] {logging_mixin.py:188} INFO - [2026-05-23T11:42:51.365+0000] {dag.py:3954} INFO - Setting next_dagrun for consume_1_or_both_2_and_3_with_dataset_expressions to None, run_after=None
[2026-05-23T11:42:51.366+0000] {logging_mixin.py:188} INFO - [2026-05-23T11:42:51.366+0000] {dag.py:3954} INFO - Setting next_dagrun for dataset_consumes_1 to None, run_after=None
[2026-05-23T11:42:51.366+0000] {logging_mixin.py:188} INFO - [2026-05-23T11:42:51.366+0000] {dag.py:3954} INFO - Setting next_dagrun for dataset_consumes_1_and_2 to None, run_after=None
[2026-05-23T11:42:51.367+0000] {logging_mixin.py:188} INFO - [2026-05-23T11:42:51.367+0000] {dag.py:3954} INFO - Setting next_dagrun for dataset_consumes_1_never_scheduled to None, run_after=None
[2026-05-23T11:42:51.368+0000] {logging_mixin.py:188} INFO - [2026-05-23T11:42:51.368+0000] {dag.py:3954} INFO - Setting next_dagrun for dataset_consumes_unknown_never_scheduled to None, run_after=None
[2026-05-23T11:42:51.369+0000] {logging_mixin.py:188} INFO - [2026-05-23T11:42:51.369+0000] {dag.py:3954} INFO - Setting next_dagrun for dataset_produces_1 to 2026-05-22 00:00:00+00:00, run_after=2026-05-23 00:00:00+00:00
[2026-05-23T11:42:51.370+0000] {logging_mixin.py:188} INFO - [2026-05-23T11:42:51.370+0000] {dag.py:3954} INFO - Setting next_dagrun for dataset_produces_2 to None, run_after=None
[2026-05-23T11:42:51.392+0000] {processor.py:183} INFO - Processing /home/vscode/.local/lib/python3.11/site-packages/airflow/example_dags/example_datasets.py took 0.088 seconds
[2026-05-23T11:43:59.133+0000] {processor.py:161} INFO - Started process (PID=13695) to work on /home/vscode/.local/lib/python3.11/site-packages/airflow/example_dags/example_datasets.py
[2026-05-23T11:43:59.136+0000] {processor.py:830} INFO - Processing file /home/vscode/.local/lib/python3.11/site-packages/airflow/example_dags/example_datasets.py for tasks to queue
[2026-05-23T11:43:59.136+0000] {logging_mixin.py:188} INFO - [2026-05-23T11:43:59.136+0000] {dagbag.py:545} INFO - Filling up the DagBag from /home/vscode/.local/lib/python3.11/site-packages/airflow/example_dags/example_datasets.py
[2026-05-23T11:43:59.156+0000] {processor.py:840} INFO - DAG(s) 'dataset_consumes_unknown_never_scheduled', 'conditional_dataset_and_time_based_timetable', 'consume_1_or_2_with_dataset_expressions', 'dataset_consumes_1', 'consume_1_or_both_2_and_3_with_dataset_expressions', 'dataset_produces_1', 'dataset_produces_2', 'dataset_consumes_1_never_scheduled', 'dataset_consumes_1_and_2', 'consume_1_and_2_with_dataset_expressions' retrieved from /home/vscode/.local/lib/python3.11/site-packages/airflow/example_dags/example_datasets.py
[2026-05-23T11:43:59.206+0000] {logging_mixin.py:188} INFO - [2026-05-23T11:43:59.205+0000] {dag.py:3096} INFO - Sync 10 DAGs
[2026-05-23T11:43:59.231+0000] {logging_mixin.py:188} INFO - [2026-05-23T11:43:59.231+0000] {dag.py:3954} INFO - Setting next_dagrun for conditional_dataset_and_time_based_timetable to 2026-05-20 01:00:00+00:00, run_after=2026-05-20 01:00:00+00:00
[2026-05-23T11:43:59.234+0000] {logging_mixin.py:188} INFO - [2026-05-23T11:43:59.234+0000] {dag.py:3954} INFO - Setting next_dagrun for consume_1_and_2_with_dataset_expressions to None, run_after=None
[2026-05-23T11:43:59.238+0000] {logging_mixin.py:188} INFO - [2026-05-23T11:43:59.237+0000] {dag.py:3954} INFO - Setting next_dagrun for consume_1_or_2_with_dataset_expressions to None, run_after=None
[2026-05-23T11:43:59.238+0000] {logging_mixin.py:188} INFO - [2026-05-23T11:43:59.238+0000] {dag.py:3954} INFO - Setting next_dagrun for consume_1_or_both_2_and_3_with_dataset_expressions to None, run_after=None
[2026-05-23T11:43:59.241+0000] {logging_mixin.py:188} INFO - [2026-05-23T11:43:59.241+0000] {dag.py:3954} INFO - Setting next_dagrun for dataset_consumes_1 to None, run_after=None
[2026-05-23T11:43:59.242+0000] {logging_mixin.py:188} INFO - [2026-05-23T11:43:59.242+0000] {dag.py:3954} INFO - Setting next_dagrun for dataset_consumes_1_and_2 to None, run_after=None
[2026-05-23T11:43:59.244+0000] {logging_mixin.py:188} INFO - [2026-05-23T11:43:59.244+0000] {dag.py:3954} INFO - Setting next_dagrun for dataset_consumes_1_never_scheduled to None, run_after=None
[2026-05-23T11:43:59.244+0000] {logging_mixin.py:188} INFO - [2026-05-23T11:43:59.244+0000] {dag.py:3954} INFO - Setting next_dagrun for dataset_consumes_unknown_never_scheduled to None, run_after=None
[2026-05-23T11:43:59.247+0000] {logging_mixin.py:188} INFO - [2026-05-23T11:43:59.247+0000] {dag.py:3954} INFO - Setting next_dagrun for dataset_produces_1 to 2026-05-22 00:00:00+00:00, run_after=2026-05-23 00:00:00+00:00
[2026-05-23T11:43:59.248+0000] {logging_mixin.py:188} INFO - [2026-05-23T11:43:59.247+0000] {dag.py:3954} INFO - Setting next_dagrun for dataset_produces_2 to None, run_after=None
[2026-05-23T11:43:59.270+0000] {processor.py:183} INFO - Processing /home/vscode/.local/lib/python3.11/site-packages/airflow/example_dags/example_datasets.py took 0.152 seconds
[2026-05-23T11:45:04.715+0000] {processor.py:161} INFO - Started process (PID=14237) to work on /home/vscode/.local/lib/python3.11/site-packages/airflow/example_dags/example_datasets.py
[2026-05-23T11:45:04.715+0000] {processor.py:830} INFO - Processing file /home/vscode/.local/lib/python3.11/site-packages/airflow/example_dags/example_datasets.py for tasks to queue
[2026-05-23T11:45:04.716+0000] {logging_mixin.py:188} INFO - [2026-05-23T11:45:04.716+0000] {dagbag.py:545} INFO - Filling up the DagBag from /home/vscode/.local/lib/python3.11/site-packages/airflow/example_dags/example_datasets.py
[2026-05-23T11:45:04.726+0000] {processor.py:840} INFO - DAG(s) 'dataset_consumes_1_and_2', 'dataset_consumes_unknown_never_scheduled', 'dataset_produces_1', 'consume_1_and_2_with_dataset_expressions', 'consume_1_or_2_with_dataset_expressions', 'dataset_consumes_1_never_scheduled', 'conditional_dataset_and_time_based_timetable', 'dataset_produces_2', 'dataset_consumes_1', 'consume_1_or_both_2_and_3_with_dataset_expressions' retrieved from /home/vscode/.local/lib/python3.11/site-packages/airflow/example_dags/example_datasets.py
[2026-05-23T11:45:04.752+0000] {logging_mixin.py:188} INFO - [2026-05-23T11:45:04.751+0000] {dag.py:3096} INFO - Sync 10 DAGs
[2026-05-23T11:45:04.767+0000] {logging_mixin.py:188} INFO - [2026-05-23T11:45:04.767+0000] {dag.py:3954} INFO - Setting next_dagrun for conditional_dataset_and_time_based_timetable to 2026-05-20 01:00:00+00:00, run_after=2026-05-20 01:00:00+00:00
[2026-05-23T11:45:04.769+0000] {logging_mixin.py:188} INFO - [2026-05-23T11:45:04.769+0000] {dag.py:3954} INFO - Setting next_dagrun for consume_1_and_2_with_dataset_expressions to None, run_after=None
[2026-05-23T11:45:04.770+0000] {logging_mixin.py:188} INFO - [2026-05-23T11:45:04.770+0000] {dag.py:3954} INFO - Setting next_dagrun for consume_1_or_2_with_dataset_expressions to None, run_after=None
[2026-05-23T11:45:04.771+0000] {logging_mixin.py:188} INFO - [2026-05-23T11:45:04.771+0000] {dag.py:3954} INFO - Setting next_dagrun for consume_1_or_both_2_and_3_with_dataset_expressions to None, run_after=None
[2026-05-23T11:45:04.771+0000] {logging_mixin.py:188} INFO - [2026-05-23T11:45:04.771+0000] {dag.py:3954} INFO - Setting next_dagrun for dataset_consumes_1 to None, run_after=None
[2026-05-23T11:45:04.772+0000] {logging_mixin.py:188} INFO - [2026-05-23T11:45:04.772+0000] {dag.py:3954} INFO - Setting next_dagrun for dataset_consumes_1_and_2 to None, run_after=None
[2026-05-23T11:45:04.773+0000] {logging_mixin.py:188} INFO - [2026-05-23T11:45:04.772+0000] {dag.py:3954} INFO - Setting next_dagrun for dataset_consumes_1_never_scheduled to None, run_after=None
[2026-05-23T11:45:04.773+0000] {logging_mixin.py:188} INFO - [2026-05-23T11:45:04.773+0000] {dag.py:3954} INFO - Setting next_dagrun for dataset_consumes_unknown_never_scheduled to None, run_after=None
[2026-05-23T11:45:04.775+0000] {logging_mixin.py:188} INFO - [2026-05-23T11:45:04.775+0000] {dag.py:3954} INFO - Setting next_dagrun for dataset_produces_1 to 2026-05-22 00:00:00+00:00, run_after=2026-05-23 00:00:00+00:00
[2026-05-23T11:45:04.775+0000] {logging_mixin.py:188} INFO - [2026-05-23T11:45:04.775+0000] {dag.py:3954} INFO - Setting next_dagrun for dataset_produces_2 to None, run_after=None
[2026-05-23T11:45:04.799+0000] {processor.py:183} INFO - Processing /home/vscode/.local/lib/python3.11/site-packages/airflow/example_dags/example_datasets.py took 0.090 seconds
[2026-05-23T11:46:06.380+0000] {processor.py:161} INFO - Started process (PID=15004) to work on /home/vscode/.local/lib/python3.11/site-packages/airflow/example_dags/example_datasets.py
[2026-05-23T11:46:06.380+0000] {processor.py:830} INFO - Processing file /home/vscode/.local/lib/python3.11/site-packages/airflow/example_dags/example_datasets.py for tasks to queue
[2026-05-23T11:46:06.381+0000] {logging_mixin.py:188} INFO - [2026-05-23T11:46:06.380+0000] {dagbag.py:545} INFO - Filling up the DagBag from /home/vscode/.local/lib/python3.11/site-packages/airflow/example_dags/example_datasets.py
[2026-05-23T11:46:06.392+0000] {processor.py:840} INFO - DAG(s) 'dataset_produces_2', 'dataset_consumes_unknown_never_scheduled', 'consume_1_and_2_with_dataset_expressions', 'consume_1_or_2_with_dataset_expressions', 'dataset_produces_1', 'conditional_dataset_and_time_based_timetable', 'consume_1_or_both_2_and_3_with_dataset_expressions', 'dataset_consumes_1_never_scheduled', 'dataset_consumes_1_and_2', 'dataset_consumes_1' retrieved from /home/vscode/.local/lib/python3.11/site-packages/airflow/example_dags/example_datasets.py
[2026-05-23T11:46:06.419+0000] {logging_mixin.py:188} INFO - [2026-05-23T11:46:06.419+0000] {dag.py:3096} INFO - Sync 10 DAGs
[2026-05-23T11:46:06.434+0000] {logging_mixin.py:188} INFO - [2026-05-23T11:46:06.434+0000] {dag.py:3954} INFO - Setting next_dagrun for conditional_dataset_and_time_based_timetable to 2026-05-20 01:00:00+00:00, run_after=2026-05-20 01:00:00+00:00
[2026-05-23T11:46:06.436+0000] {logging_mixin.py:188} INFO - [2026-05-23T11:46:06.436+0000] {dag.py:3954} INFO - Setting next_dagrun for consume_1_and_2_with_dataset_expressions to None, run_after=None
[2026-05-23T11:46:06.437+0000] {logging_mixin.py:188} INFO - [2026-05-23T11:46:06.437+0000] {dag.py:3954} INFO - Setting next_dagrun for consume_1_or_2_with_dataset_expressions to None, run_after=None
[2026-05-23T11:46:06.438+0000] {logging_mixin.py:188} INFO - [2026-05-23T11:46:06.438+0000] {dag.py:3954} INFO - Setting next_dagrun for consume_1_or_both_2_and_3_with_dataset_expressions to None, run_after=None
[2026-05-23T11:46:06.438+0000] {logging_mixin.py:188} INFO - [2026-05-23T11:46:06.438+0000] {dag.py:3954} INFO - Setting next_dagrun for dataset_consumes_1 to None, run_after=None
[2026-05-23T11:46:06.439+0000] {logging_mixin.py:188} INFO - [2026-05-23T11:46:06.439+0000] {dag.py:3954} INFO - Setting next_dagrun for dataset_consumes_1_and_2 to None, run_after=None
[2026-05-23T11:46:06.439+0000] {logging_mixin.py:188} INFO - [2026-05-23T11:46:06.439+0000] {dag.py:3954} INFO - Setting next_dagrun for dataset_consumes_1_never_scheduled to None, run_after=None
[2026-05-23T11:46:06.440+0000] {logging_mixin.py:188} INFO - [2026-05-23T11:46:06.440+0000] {dag.py:3954} INFO - Setting next_dagrun for dataset_consumes_unknown_never_scheduled to None, run_after=None
[2026-05-23T11:46:06.442+0000] {logging_mixin.py:188} INFO - [2026-05-23T11:46:06.441+0000] {dag.py:3954} INFO - Setting next_dagrun for dataset_produces_1 to 2026-05-22 00:00:00+00:00, run_after=2026-05-23 00:00:00+00:00
[2026-05-23T11:46:06.442+0000] {logging_mixin.py:188} INFO - [2026-05-23T11:46:06.442+0000] {dag.py:3954} INFO - Setting next_dagrun for dataset_produces_2 to None, run_after=None
[2026-05-23T11:46:06.464+0000] {processor.py:183} INFO - Processing /home/vscode/.local/lib/python3.11/site-packages/airflow/example_dags/example_datasets.py took 0.091 seconds
[2026-05-23T11:47:06.250+0000] {processor.py:161} INFO - Started process (PID=15577) to work on /home/vscode/.local/lib/python3.11/site-packages/airflow/example_dags/example_datasets.py
[2026-05-23T11:47:06.250+0000] {processor.py:830} INFO - Processing file /home/vscode/.local/lib/python3.11/site-packages/airflow/example_dags/example_datasets.py for tasks to queue
[2026-05-23T11:47:06.251+0000] {logging_mixin.py:188} INFO - [2026-05-23T11:47:06.251+0000] {dagbag.py:545} INFO - Filling up the DagBag from /home/vscode/.local/lib/python3.11/site-packages/airflow/example_dags/example_datasets.py
[2026-05-23T11:47:06.261+0000] {processor.py:840} INFO - DAG(s) 'dataset_consumes_1', 'consume_1_or_2_with_dataset_expressions', 'dataset_produces_2', 'consume_1_and_2_with_dataset_expressions', 'dataset_produces_1', 'dataset_consumes_1_never_scheduled', 'conditional_dataset_and_time_based_timetable', 'consume_1_or_both_2_and_3_with_dataset_expressions', 'dataset_consumes_unknown_never_scheduled', 'dataset_consumes_1_and_2' retrieved from /home/vscode/.local/lib/python3.11/site-packages/airflow/example_dags/example_datasets.py
[2026-05-23T11:47:06.287+0000] {logging_mixin.py:188} INFO - [2026-05-23T11:47:06.286+0000] {dag.py:3096} INFO - Sync 10 DAGs
[2026-05-23T11:47:06.303+0000] {logging_mixin.py:188} INFO - [2026-05-23T11:47:06.303+0000] {dag.py:3954} INFO - Setting next_dagrun for conditional_dataset_and_time_based_timetable to 2026-05-20 01:00:00+00:00, run_after=2026-05-20 01:00:00+00:00
[2026-05-23T11:47:06.306+0000] {logging_mixin.py:188} INFO - [2026-05-23T11:47:06.306+0000] {dag.py:3954} INFO - Setting next_dagrun for consume_1_and_2_with_dataset_expressions to None, run_after=None
[2026-05-23T11:47:06.307+0000] {logging_mixin.py:188} INFO - [2026-05-23T11:47:06.307+0000] {dag.py:3954} INFO - Setting next_dagrun for consume_1_or_2_with_dataset_expressions to None, run_after=None
[2026-05-23T11:47:06.308+0000] {logging_mixin.py:188} INFO - [2026-05-23T11:47:06.308+0000] {dag.py:3954} INFO - Setting next_dagrun for consume_1_or_both_2_and_3_with_dataset_expressions to None, run_after=None
[2026-05-23T11:47:06.309+0000] {logging_mixin.py:188} INFO - [2026-05-23T11:47:06.309+0000] {dag.py:3954} INFO - Setting next_dagrun for dataset_consumes_1 to None, run_after=None
[2026-05-23T11:47:06.310+0000] {logging_mixin.py:188} INFO - [2026-05-23T11:47:06.309+0000] {dag.py:3954} INFO - Setting next_dagrun for dataset_consumes_1_and_2 to None, run_after=None
[2026-05-23T11:47:06.310+0000] {logging_mixin.py:188} INFO - [2026-05-23T11:47:06.310+0000] {dag.py:3954} INFO - Setting next_dagrun for dataset_consumes_1_never_scheduled to None, run_after=None
[2026-05-23T11:47:06.311+0000] {logging_mixin.py:188} INFO - [2026-05-23T11:47:06.311+0000] {dag.py:3954} INFO - Setting next_dagrun for dataset_consumes_unknown_never_scheduled to None, run_after=None
[2026-05-23T11:47:06.313+0000] {logging_mixin.py:188} INFO - [2026-05-23T11:47:06.312+0000] {dag.py:3954} INFO - Setting next_dagrun for dataset_produces_1 to 2026-05-22 00:00:00+00:00, run_after=2026-05-23 00:00:00+00:00
[2026-05-23T11:47:06.313+0000] {logging_mixin.py:188} INFO - [2026-05-23T11:47:06.313+0000] {dag.py:3954} INFO - Setting next_dagrun for dataset_produces_2 to None, run_after=None
[2026-05-23T11:47:06.336+0000] {processor.py:183} INFO - Processing /home/vscode/.local/lib/python3.11/site-packages/airflow/example_dags/example_datasets.py took 0.092 seconds
[2026-05-23T11:48:11.615+0000] {processor.py:161} INFO - Started process (PID=16178) to work on /home/vscode/.local/lib/python3.11/site-packages/airflow/example_dags/example_datasets.py
[2026-05-23T11:48:11.615+0000] {processor.py:830} INFO - Processing file /home/vscode/.local/lib/python3.11/site-packages/airflow/example_dags/example_datasets.py for tasks to queue
[2026-05-23T11:48:11.616+0000] {logging_mixin.py:188} INFO - [2026-05-23T11:48:11.615+0000] {dagbag.py:545} INFO - Filling up the DagBag from /home/vscode/.local/lib/python3.11/site-packages/airflow/example_dags/example_datasets.py
[2026-05-23T11:48:11.626+0000] {processor.py:840} INFO - DAG(s) 'dataset_produces_2', 'dataset_consumes_unknown_never_scheduled', 'consume_1_and_2_with_dataset_expressions', 'consume_1_or_2_with_dataset_expressions', 'consume_1_or_both_2_and_3_with_dataset_expressions', 'dataset_consumes_1_never_scheduled', 'dataset_produces_1', 'conditional_dataset_and_time_based_timetable', 'dataset_consumes_1_and_2', 'dataset_consumes_1' retrieved from /home/vscode/.local/lib/python3.11/site-packages/airflow/example_dags/example_datasets.py
[2026-05-23T11:48:11.651+0000] {logging_mixin.py:188} INFO - [2026-05-23T11:48:11.651+0000] {dag.py:3096} INFO - Sync 10 DAGs
[2026-05-23T11:48:11.668+0000] {logging_mixin.py:188} INFO - [2026-05-23T11:48:11.668+0000] {dag.py:3954} INFO - Setting next_dagrun for conditional_dataset_and_time_based_timetable to 2026-05-20 01:00:00+00:00, run_after=2026-05-20 01:00:00+00:00
[2026-05-23T11:48:11.670+0000] {logging_mixin.py:188} INFO - [2026-05-23T11:48:11.670+0000] {dag.py:3954} INFO - Setting next_dagrun for consume_1_and_2_with_dataset_expressions to None, run_after=None
[2026-05-23T11:48:11.671+0000] {logging_mixin.py:188} INFO - [2026-05-23T11:48:11.671+0000] {dag.py:3954} INFO - Setting next_dagrun for consume_1_or_2_with_dataset_expressions to None, run_after=None
[2026-05-23T11:48:11.671+0000] {logging_mixin.py:188} INFO - [2026-05-23T11:48:11.671+0000] {dag.py:3954} INFO - Setting next_dagrun for consume_1_or_both_2_and_3_with_dataset_expressions to None, run_after=None
[2026-05-23T11:48:11.672+0000] {logging_mixin.py:188} INFO - [2026-05-23T11:48:11.672+0000] {dag.py:3954} INFO - Setting next_dagrun for dataset_consumes_1 to None, run_after=None
[2026-05-23T11:48:11.673+0000] {logging_mixin.py:188} INFO - [2026-05-23T11:48:11.673+0000] {dag.py:3954} INFO - Setting next_dagrun for dataset_consumes_1_and_2 to None, run_after=None
[2026-05-23T11:48:11.673+0000] {logging_mixin.py:188} INFO - [2026-05-23T11:48:11.673+0000] {dag.py:3954} INFO - Setting next_dagrun for dataset_consumes_1_never_scheduled to None, run_after=None
[2026-05-23T11:48:11.674+0000] {logging_mixin.py:188} INFO - [2026-05-23T11:48:11.674+0000] {dag.py:3954} INFO - Setting next_dagrun for dataset_consumes_unknown_never_scheduled to None, run_after=None
[2026-05-23T11:48:11.676+0000] {logging_mixin.py:188} INFO - [2026-05-23T11:48:11.676+0000] {dag.py:3954} INFO - Setting next_dagrun for dataset_produces_1 to 2026-05-22 00:00:00+00:00, run_after=2026-05-23 00:00:00+00:00
[2026-05-23T11:48:11.676+0000] {logging_mixin.py:188} INFO - [2026-05-23T11:48:11.676+0000] {dag.py:3954} INFO - Setting next_dagrun for dataset_produces_2 to None, run_after=None
[2026-05-23T11:48:11.699+0000] {processor.py:183} INFO - Processing /home/vscode/.local/lib/python3.11/site-packages/airflow/example_dags/example_datasets.py took 0.090 seconds
[2026-05-23T11:49:12.173+0000] {processor.py:161} INFO - Started process (PID=16751) to work on /home/vscode/.local/lib/python3.11/site-packages/airflow/example_dags/example_datasets.py
[2026-05-23T11:49:12.174+0000] {processor.py:830} INFO - Processing file /home/vscode/.local/lib/python3.11/site-packages/airflow/example_dags/example_datasets.py for tasks to queue
[2026-05-23T11:49:12.174+0000] {logging_mixin.py:188} INFO - [2026-05-23T11:49:12.174+0000] {dagbag.py:545} INFO - Filling up the DagBag from /home/vscode/.local/lib/python3.11/site-packages/airflow/example_dags/example_datasets.py
[2026-05-23T11:49:12.186+0000] {processor.py:840} INFO - DAG(s) 'dataset_produces_1', 'dataset_consumes_1_and_2', 'consume_1_or_2_with_dataset_expressions', 'dataset_consumes_unknown_never_scheduled', 'dataset_produces_2', 'consume_1_or_both_2_and_3_with_dataset_expressions', 'dataset_consumes_1', 'consume_1_and_2_with_dataset_expressions', 'conditional_dataset_and_time_based_timetable', 'dataset_consumes_1_never_scheduled' retrieved from /home/vscode/.local/lib/python3.11/site-packages/airflow/example_dags/example_datasets.py
[2026-05-23T11:49:12.212+0000] {logging_mixin.py:188} INFO - [2026-05-23T11:49:12.212+0000] {dag.py:3096} INFO - Sync 10 DAGs
[2026-05-23T11:49:12.227+0000] {logging_mixin.py:188} INFO - [2026-05-23T11:49:12.227+0000] {dag.py:3954} INFO - Setting next_dagrun for conditional_dataset_and_time_based_timetable to 2026-05-20 01:00:00+00:00, run_after=2026-05-20 01:00:00+00:00
[2026-05-23T11:49:12.229+0000] {logging_mixin.py:188} INFO - [2026-05-23T11:49:12.229+0000] {dag.py:3954} INFO - Setting next_dagrun for consume_1_and_2_with_dataset_expressions to None, run_after=None
[2026-05-23T11:49:12.230+0000] {logging_mixin.py:188} INFO - [2026-05-23T11:49:12.230+0000] {dag.py:3954} INFO - Setting next_dagrun for consume_1_or_2_with_dataset_expressions to None, run_after=None
[2026-05-23T11:49:12.230+0000] {logging_mixin.py:188} INFO - [2026-05-23T11:49:12.230+0000] {dag.py:3954} INFO - Setting next_dagrun for consume_1_or_both_2_and_3_with_dataset_expressions to None, run_after=None
[2026-05-23T11:49:12.231+0000] {logging_mixin.py:188} INFO - [2026-05-23T11:49:12.231+0000] {dag.py:3954} INFO - Setting next_dagrun for dataset_consumes_1 to None, run_after=None
[2026-05-23T11:49:12.232+0000] {logging_mixin.py:188} INFO - [2026-05-23T11:49:12.231+0000] {dag.py:3954} INFO - Setting next_dagrun for dataset_consumes_1_and_2 to None, run_after=None
[2026-05-23T11:49:12.232+0000] {logging_mixin.py:188} INFO - [2026-05-23T11:49:12.232+0000] {dag.py:3954} INFO - Setting next_dagrun for dataset_consumes_1_never_scheduled to None, run_after=None
[2026-05-23T11:49:12.233+0000] {logging_mixin.py:188} INFO - [2026-05-23T11:49:12.233+0000] {dag.py:3954} INFO - Setting next_dagrun for dataset_consumes_unknown_never_scheduled to None, run_after=None
[2026-05-23T11:49:12.234+0000] {logging_mixin.py:188} INFO - [2026-05-23T11:49:12.234+0000] {dag.py:3954} INFO - Setting next_dagrun for dataset_produces_1 to 2026-05-22 00:00:00+00:00, run_after=2026-05-23 00:00:00+00:00
[2026-05-23T11:49:12.235+0000] {logging_mixin.py:188} INFO - [2026-05-23T11:49:12.235+0000] {dag.py:3954} INFO - Setting next_dagrun for dataset_produces_2 to None, run_after=None
[2026-05-23T11:49:12.258+0000] {processor.py:183} INFO - Processing /home/vscode/.local/lib/python3.11/site-packages/airflow/example_dags/example_datasets.py took 0.090 seconds
[2026-05-23T11:50:17.553+0000] {processor.py:161} INFO - Started process (PID=17723) to work on /home/vscode/.local/lib/python3.11/site-packages/airflow/example_dags/example_datasets.py
[2026-05-23T11:50:17.554+0000] {processor.py:830} INFO - Processing file /home/vscode/.local/lib/python3.11/site-packages/airflow/example_dags/example_datasets.py for tasks to queue
[2026-05-23T11:50:17.554+0000] {logging_mixin.py:188} INFO - [2026-05-23T11:50:17.554+0000] {dagbag.py:545} INFO - Filling up the DagBag from /home/vscode/.local/lib/python3.11/site-packages/airflow/example_dags/example_datasets.py
[2026-05-23T11:50:17.564+0000] {processor.py:840} INFO - DAG(s) 'consume_1_or_both_2_and_3_with_dataset_expressions', 'consume_1_or_2_with_dataset_expressions', 'conditional_dataset_and_time_based_timetable', 'dataset_consumes_1', 'dataset_produces_2', 'dataset_consumes_1_never_scheduled', 'dataset_consumes_unknown_never_scheduled', 'dataset_produces_1', 'consume_1_and_2_with_dataset_expressions', 'dataset_consumes_1_and_2' retrieved from /home/vscode/.local/lib/python3.11/site-packages/airflow/example_dags/example_datasets.py
[2026-05-23T11:50:17.597+0000] {logging_mixin.py:188} INFO - [2026-05-23T11:50:17.596+0000] {dag.py:3096} INFO - Sync 10 DAGs
[2026-05-23T11:50:17.612+0000] {logging_mixin.py:188} INFO - [2026-05-23T11:50:17.612+0000] {dag.py:3954} INFO - Setting next_dagrun for conditional_dataset_and_time_based_timetable to 2026-05-20 01:00:00+00:00, run_after=2026-05-20 01:00:00+00:00
[2026-05-23T11:50:17.614+0000] {logging_mixin.py:188} INFO - [2026-05-23T11:50:17.614+0000] {dag.py:3954} INFO - Setting next_dagrun for consume_1_and_2_with_dataset_expressions to None, run_after=None
[2026-05-23T11:50:17.615+0000] {logging_mixin.py:188} INFO - [2026-05-23T11:50:17.615+0000] {dag.py:3954} INFO - Setting next_dagrun for consume_1_or_2_with_dataset_expressions to None, run_after=None
[2026-05-23T11:50:17.616+0000] {logging_mixin.py:188} INFO - [2026-05-23T11:50:17.616+0000] {dag.py:3954} INFO - Setting next_dagrun for consume_1_or_both_2_and_3_with_dataset_expressions to None, run_after=None
[2026-05-23T11:50:17.616+0000] {logging_mixin.py:188} INFO - [2026-05-23T11:50:17.616+0000] {dag.py:3954} INFO - Setting next_dagrun for dataset_consumes_1 to None, run_after=None
[2026-05-23T11:50:17.617+0000] {logging_mixin.py:188} INFO - [2026-05-23T11:50:17.617+0000] {dag.py:3954} INFO - Setting next_dagrun for dataset_consumes_1_and_2 to None, run_after=None
[2026-05-23T11:50:17.618+0000] {logging_mixin.py:188} INFO - [2026-05-23T11:50:17.617+0000] {dag.py:3954} INFO - Setting next_dagrun for dataset_consumes_1_never_scheduled to None, run_after=None
[2026-05-23T11:50:17.618+0000] {logging_mixin.py:188} INFO - [2026-05-23T11:50:17.618+0000] {dag.py:3954} INFO - Setting next_dagrun for dataset_consumes_unknown_never_scheduled to None, run_after=None
[2026-05-23T11:50:17.620+0000] {logging_mixin.py:188} INFO - [2026-05-23T11:50:17.619+0000] {dag.py:3954} INFO - Setting next_dagrun for dataset_produces_1 to 2026-05-22 00:00:00+00:00, run_after=2026-05-23 00:00:00+00:00
[2026-05-23T11:50:17.620+0000] {logging_mixin.py:188} INFO - [2026-05-23T11:50:17.620+0000] {dag.py:3954} INFO - Setting next_dagrun for dataset_produces_2 to None, run_after=None
[2026-05-23T11:50:17.643+0000] {processor.py:183} INFO - Processing /home/vscode/.local/lib/python3.11/site-packages/airflow/example_dags/example_datasets.py took 0.096 seconds
[2026-05-23T11:51:19.228+0000] {processor.py:161} INFO - Started process (PID=18501) to work on /home/vscode/.local/lib/python3.11/site-packages/airflow/example_dags/example_datasets.py
[2026-05-23T11:51:19.229+0000] {processor.py:830} INFO - Processing file /home/vscode/.local/lib/python3.11/site-packages/airflow/example_dags/example_datasets.py for tasks to queue
[2026-05-23T11:51:19.230+0000] {logging_mixin.py:188} INFO - [2026-05-23T11:51:19.229+0000] {dagbag.py:545} INFO - Filling up the DagBag from /home/vscode/.local/lib/python3.11/site-packages/airflow/example_dags/example_datasets.py
[2026-05-23T11:51:19.240+0000] {processor.py:840} INFO - DAG(s) 'dataset_consumes_unknown_never_scheduled', 'dataset_produces_2', 'dataset_consumes_1', 'conditional_dataset_and_time_based_timetable', 'consume_1_and_2_with_dataset_expressions', 'consume_1_or_both_2_and_3_with_dataset_expressions', 'dataset_consumes_1_and_2', 'consume_1_or_2_with_dataset_expressions', 'dataset_consumes_1_never_scheduled', 'dataset_produces_1' retrieved from /home/vscode/.local/lib/python3.11/site-packages/airflow/example_dags/example_datasets.py
[2026-05-23T11:51:19.266+0000] {logging_mixin.py:188} INFO - [2026-05-23T11:51:19.266+0000] {dag.py:3096} INFO - Sync 10 DAGs
[2026-05-23T11:51:19.285+0000] {logging_mixin.py:188} INFO - [2026-05-23T11:51:19.285+0000] {dag.py:3954} INFO - Setting next_dagrun for conditional_dataset_and_time_based_timetable to 2026-05-20 01:00:00+00:00, run_after=2026-05-20 01:00:00+00:00
[2026-05-23T11:51:19.288+0000] {logging_mixin.py:188} INFO - [2026-05-23T11:51:19.288+0000] {dag.py:3954} INFO - Setting next_dagrun for consume_1_and_2_with_dataset_expressions to None, run_after=None
[2026-05-23T11:51:19.289+0000] {logging_mixin.py:188} INFO - [2026-05-23T11:51:19.289+0000] {dag.py:3954} INFO - Setting next_dagrun for consume_1_or_2_with_dataset_expressions to None, run_after=None
[2026-05-23T11:51:19.290+0000] {logging_mixin.py:188} INFO - [2026-05-23T11:51:19.290+0000] {dag.py:3954} INFO - Setting next_dagrun for consume_1_or_both_2_and_3_with_dataset_expressions to None, run_after=None
[2026-05-23T11:51:19.291+0000] {logging_mixin.py:188} INFO - [2026-05-23T11:51:19.291+0000] {dag.py:3954} INFO - Setting next_dagrun for dataset_consumes_1 to None, run_after=None
[2026-05-23T11:51:19.292+0000] {logging_mixin.py:188} INFO - [2026-05-23T11:51:19.292+0000] {dag.py:3954} INFO - Setting next_dagrun for dataset_consumes_1_and_2 to None, run_after=None
[2026-05-23T11:51:19.292+0000] {logging_mixin.py:188} INFO - [2026-05-23T11:51:19.292+0000] {dag.py:3954} INFO - Setting next_dagrun for dataset_consumes_1_never_scheduled to None, run_after=None
[2026-05-23T11:51:19.293+0000] {logging_mixin.py:188} INFO - [2026-05-23T11:51:19.293+0000] {dag.py:3954} INFO - Setting next_dagrun for dataset_consumes_unknown_never_scheduled to None, run_after=None
[2026-05-23T11:51:19.296+0000] {logging_mixin.py:188} INFO - [2026-05-23T11:51:19.296+0000] {dag.py:3954} INFO - Setting next_dagrun for dataset_produces_1 to 2026-05-22 00:00:00+00:00, run_after=2026-05-23 00:00:00+00:00
[2026-05-23T11:51:19.297+0000] {logging_mixin.py:188} INFO - [2026-05-23T11:51:19.297+0000] {dag.py:3954} INFO - Setting next_dagrun for dataset_produces_2 to None, run_after=None
[2026-05-23T11:51:19.320+0000] {processor.py:183} INFO - Processing /home/vscode/.local/lib/python3.11/site-packages/airflow/example_dags/example_datasets.py took 0.097 seconds
[2026-05-23T11:52:20.862+0000] {processor.py:161} INFO - Started process (PID=19111) to work on /home/vscode/.local/lib/python3.11/site-packages/airflow/example_dags/example_datasets.py
[2026-05-23T11:52:20.862+0000] {processor.py:830} INFO - Processing file /home/vscode/.local/lib/python3.11/site-packages/airflow/example_dags/example_datasets.py for tasks to queue
[2026-05-23T11:52:20.863+0000] {logging_mixin.py:188} INFO - [2026-05-23T11:52:20.863+0000] {dagbag.py:545} INFO - Filling up the DagBag from /home/vscode/.local/lib/python3.11/site-packages/airflow/example_dags/example_datasets.py
[2026-05-23T11:52:20.874+0000] {processor.py:840} INFO - DAG(s) 'dataset_consumes_1_never_scheduled', 'dataset_produces_2', 'dataset_produces_1', 'dataset_consumes_1_and_2', 'consume_1_or_2_with_dataset_expressions', 'consume_1_or_both_2_and_3_with_dataset_expressions', 'conditional_dataset_and_time_based_timetable', 'dataset_consumes_1', 'dataset_consumes_unknown_never_scheduled', 'consume_1_and_2_with_dataset_expressions' retrieved from /home/vscode/.local/lib/python3.11/site-packages/airflow/example_dags/example_datasets.py
[2026-05-23T11:52:20.903+0000] {logging_mixin.py:188} INFO - [2026-05-23T11:52:20.903+0000] {dag.py:3096} INFO - Sync 10 DAGs
[2026-05-23T11:52:20.928+0000] {logging_mixin.py:188} INFO - [2026-05-23T11:52:20.928+0000] {dag.py:3954} INFO - Setting next_dagrun for conditional_dataset_and_time_based_timetable to 2026-05-20 01:00:00+00:00, run_after=2026-05-20 01:00:00+00:00
[2026-05-23T11:52:20.931+0000] {logging_mixin.py:188} INFO - [2026-05-23T11:52:20.931+0000] {dag.py:3954} INFO - Setting next_dagrun for consume_1_and_2_with_dataset_expressions to None, run_after=None
[2026-05-23T11:52:20.932+0000] {logging_mixin.py:188} INFO - [2026-05-23T11:52:20.932+0000] {dag.py:3954} INFO - Setting next_dagrun for consume_1_or_2_with_dataset_expressions to None, run_after=None
[2026-05-23T11:52:20.933+0000] {logging_mixin.py:188} INFO - [2026-05-23T11:52:20.933+0000] {dag.py:3954} INFO - Setting next_dagrun for consume_1_or_both_2_and_3_with_dataset_expressions to None, run_after=None
[2026-05-23T11:52:20.934+0000] {logging_mixin.py:188} INFO - [2026-05-23T11:52:20.934+0000] {dag.py:3954} INFO - Setting next_dagrun for dataset_consumes_1 to None, run_after=None
[2026-05-23T11:52:20.935+0000] {logging_mixin.py:188} INFO - [2026-05-23T11:52:20.934+0000] {dag.py:3954} INFO - Setting next_dagrun for dataset_consumes_1_and_2 to None, run_after=None
[2026-05-23T11:52:20.936+0000] {logging_mixin.py:188} INFO - [2026-05-23T11:52:20.936+0000] {dag.py:3954} INFO - Setting next_dagrun for dataset_consumes_1_never_scheduled to None, run_after=None
[2026-05-23T11:52:20.937+0000] {logging_mixin.py:188} INFO - [2026-05-23T11:52:20.937+0000] {dag.py:3954} INFO - Setting next_dagrun for dataset_consumes_unknown_never_scheduled to None, run_after=None
[2026-05-23T11:52:20.939+0000] {logging_mixin.py:188} INFO - [2026-05-23T11:52:20.939+0000] {dag.py:3954} INFO - Setting next_dagrun for dataset_produces_1 to 2026-05-22 00:00:00+00:00, run_after=2026-05-23 00:00:00+00:00
[2026-05-23T11:52:20.940+0000] {logging_mixin.py:188} INFO - [2026-05-23T11:52:20.940+0000] {dag.py:3954} INFO - Setting next_dagrun for dataset_produces_2 to None, run_after=None
[2026-05-23T11:52:20.967+0000] {processor.py:183} INFO - Processing /home/vscode/.local/lib/python3.11/site-packages/airflow/example_dags/example_datasets.py took 0.111 seconds
[2026-05-23T11:53:17.216+0000] {processor.py:161} INFO - Started process (PID=19720) to work on /home/vscode/.local/lib/python3.11/site-packages/airflow/example_dags/example_datasets.py
[2026-05-23T11:53:17.217+0000] {processor.py:830} INFO - Processing file /home/vscode/.local/lib/python3.11/site-packages/airflow/example_dags/example_datasets.py for tasks to queue
[2026-05-23T11:53:17.217+0000] {logging_mixin.py:188} INFO - [2026-05-23T11:53:17.217+0000] {dagbag.py:545} INFO - Filling up the DagBag from /home/vscode/.local/lib/python3.11/site-packages/airflow/example_dags/example_datasets.py
[2026-05-23T11:53:17.228+0000] {processor.py:840} INFO - DAG(s) 'dataset_produces_2', 'conditional_dataset_and_time_based_timetable', 'dataset_produces_1', 'consume_1_and_2_with_dataset_expressions', 'consume_1_or_2_with_dataset_expressions', 'consume_1_or_both_2_and_3_with_dataset_expressions', 'dataset_consumes_1', 'dataset_consumes_1_never_scheduled', 'dataset_consumes_1_and_2', 'dataset_consumes_unknown_never_scheduled' retrieved from /home/vscode/.local/lib/python3.11/site-packages/airflow/example_dags/example_datasets.py
[2026-05-23T11:53:17.254+0000] {logging_mixin.py:188} INFO - [2026-05-23T11:53:17.253+0000] {dag.py:3096} INFO - Sync 10 DAGs
[2026-05-23T11:53:17.270+0000] {logging_mixin.py:188} INFO - [2026-05-23T11:53:17.270+0000] {dag.py:3954} INFO - Setting next_dagrun for conditional_dataset_and_time_based_timetable to 2026-05-20 01:00:00+00:00, run_after=2026-05-20 01:00:00+00:00
[2026-05-23T11:53:17.273+0000] {logging_mixin.py:188} INFO - [2026-05-23T11:53:17.273+0000] {dag.py:3954} INFO - Setting next_dagrun for consume_1_and_2_with_dataset_expressions to None, run_after=None
[2026-05-23T11:53:17.274+0000] {logging_mixin.py:188} INFO - [2026-05-23T11:53:17.274+0000] {dag.py:3954} INFO - Setting next_dagrun for consume_1_or_2_with_dataset_expressions to None, run_after=None
[2026-05-23T11:53:17.275+0000] {logging_mixin.py:188} INFO - [2026-05-23T11:53:17.275+0000] {dag.py:3954} INFO - Setting next_dagrun for consume_1_or_both_2_and_3_with_dataset_expressions to None, run_after=None
[2026-05-23T11:53:17.276+0000] {logging_mixin.py:188} INFO - [2026-05-23T11:53:17.276+0000] {dag.py:3954} INFO - Setting next_dagrun for dataset_consumes_1 to None, run_after=None
[2026-05-23T11:53:17.277+0000] {logging_mixin.py:188} INFO - [2026-05-23T11:53:17.277+0000] {dag.py:3954} INFO - Setting next_dagrun for dataset_consumes_1_and_2 to None, run_after=None
[2026-05-23T11:53:17.278+0000] {logging_mixin.py:188} INFO - [2026-05-23T11:53:17.278+0000] {dag.py:3954} INFO - Setting next_dagrun for dataset_consumes_1_never_scheduled to None, run_after=None
[2026-05-23T11:53:17.278+0000] {logging_mixin.py:188} INFO - [2026-05-23T11:53:17.278+0000] {dag.py:3954} INFO - Setting next_dagrun for dataset_consumes_unknown_never_scheduled to None, run_after=None
[2026-05-23T11:53:17.280+0000] {logging_mixin.py:188} INFO - [2026-05-23T11:53:17.280+0000] {dag.py:3954} INFO - Setting next_dagrun for dataset_produces_1 to 2026-05-22 00:00:00+00:00, run_after=2026-05-23 00:00:00+00:00
[2026-05-23T11:53:17.281+0000] {logging_mixin.py:188} INFO - [2026-05-23T11:53:17.281+0000] {dag.py:3954} INFO - Setting next_dagrun for dataset_produces_2 to None, run_after=None
[2026-05-23T11:53:17.305+0000] {processor.py:183} INFO - Processing /home/vscode/.local/lib/python3.11/site-packages/airflow/example_dags/example_datasets.py took 0.095 seconds
[2026-05-23T11:54:22.208+0000] {processor.py:161} INFO - Started process (PID=20667) to work on /home/vscode/.local/lib/python3.11/site-packages/airflow/example_dags/example_datasets.py
[2026-05-23T11:54:22.210+0000] {processor.py:830} INFO - Processing file /home/vscode/.local/lib/python3.11/site-packages/airflow/example_dags/example_datasets.py for tasks to queue
[2026-05-23T11:54:22.211+0000] {logging_mixin.py:188} INFO - [2026-05-23T11:54:22.210+0000] {dagbag.py:545} INFO - Filling up the DagBag from /home/vscode/.local/lib/python3.11/site-packages/airflow/example_dags/example_datasets.py
[2026-05-23T11:54:22.222+0000] {processor.py:840} INFO - DAG(s) 'dataset_produces_1', 'dataset_consumes_1_never_scheduled', 'dataset_consumes_1_and_2', 'dataset_consumes_unknown_never_scheduled', 'dataset_produces_2', 'consume_1_or_2_with_dataset_expressions', 'consume_1_or_both_2_and_3_with_dataset_expressions', 'dataset_consumes_1', 'consume_1_and_2_with_dataset_expressions', 'conditional_dataset_and_time_based_timetable' retrieved from /home/vscode/.local/lib/python3.11/site-packages/airflow/example_dags/example_datasets.py
[2026-05-23T11:54:22.263+0000] {logging_mixin.py:188} INFO - [2026-05-23T11:54:22.263+0000] {dag.py:3096} INFO - Sync 10 DAGs
[2026-05-23T11:54:22.306+0000] {logging_mixin.py:188} INFO - [2026-05-23T11:54:22.306+0000] {dag.py:3954} INFO - Setting next_dagrun for conditional_dataset_and_time_based_timetable to 2026-05-20 01:00:00+00:00, run_after=2026-05-20 01:00:00+00:00
[2026-05-23T11:54:22.310+0000] {logging_mixin.py:188} INFO - [2026-05-23T11:54:22.310+0000] {dag.py:3954} INFO - Setting next_dagrun for consume_1_and_2_with_dataset_expressions to None, run_after=None
[2026-05-23T11:54:22.314+0000] {logging_mixin.py:188} INFO - [2026-05-23T11:54:22.313+0000] {dag.py:3954} INFO - Setting next_dagrun for consume_1_or_2_with_dataset_expressions to None, run_after=None
[2026-05-23T11:54:22.315+0000] {logging_mixin.py:188} INFO - [2026-05-23T11:54:22.315+0000] {dag.py:3954} INFO - Setting next_dagrun for consume_1_or_both_2_and_3_with_dataset_expressions to None, run_after=None
[2026-05-23T11:54:22.318+0000] {logging_mixin.py:188} INFO - [2026-05-23T11:54:22.317+0000] {dag.py:3954} INFO - Setting next_dagrun for dataset_consumes_1 to None, run_after=None
[2026-05-23T11:54:22.319+0000] {logging_mixin.py:188} INFO - [2026-05-23T11:54:22.319+0000] {dag.py:3954} INFO - Setting next_dagrun for dataset_consumes_1_and_2 to None, run_after=None
[2026-05-23T11:54:22.320+0000] {logging_mixin.py:188} INFO - [2026-05-23T11:54:22.320+0000] {dag.py:3954} INFO - Setting next_dagrun for dataset_consumes_1_never_scheduled to None, run_after=None
[2026-05-23T11:54:22.321+0000] {logging_mixin.py:188} INFO - [2026-05-23T11:54:22.321+0000] {dag.py:3954} INFO - Setting next_dagrun for dataset_consumes_unknown_never_scheduled to None, run_after=None
[2026-05-23T11:54:22.323+0000] {logging_mixin.py:188} INFO - [2026-05-23T11:54:22.323+0000] {dag.py:3954} INFO - Setting next_dagrun for dataset_produces_1 to 2026-05-22 00:00:00+00:00, run_after=2026-05-23 00:00:00+00:00
[2026-05-23T11:54:22.324+0000] {logging_mixin.py:188} INFO - [2026-05-23T11:54:22.323+0000] {dag.py:3954} INFO - Setting next_dagrun for dataset_produces_2 to None, run_after=None
[2026-05-23T11:54:22.357+0000] {processor.py:183} INFO - Processing /home/vscode/.local/lib/python3.11/site-packages/airflow/example_dags/example_datasets.py took 0.163 seconds
[2026-05-23T11:55:36.095+0000] {processor.py:161} INFO - Started process (PID=21650) to work on /home/vscode/.local/lib/python3.11/site-packages/airflow/example_dags/example_datasets.py
[2026-05-23T11:55:36.096+0000] {processor.py:830} INFO - Processing file /home/vscode/.local/lib/python3.11/site-packages/airflow/example_dags/example_datasets.py for tasks to queue
[2026-05-23T11:55:36.097+0000] {logging_mixin.py:188} INFO - [2026-05-23T11:55:36.096+0000] {dagbag.py:545} INFO - Filling up the DagBag from /home/vscode/.local/lib/python3.11/site-packages/airflow/example_dags/example_datasets.py
[2026-05-23T11:55:36.117+0000] {processor.py:840} INFO - DAG(s) 'dataset_consumes_1_and_2', 'dataset_produces_1', 'conditional_dataset_and_time_based_timetable', 'dataset_consumes_unknown_never_scheduled', 'consume_1_or_both_2_and_3_with_dataset_expressions', 'dataset_consumes_1', 'consume_1_and_2_with_dataset_expressions', 'dataset_produces_2', 'consume_1_or_2_with_dataset_expressions', 'dataset_consumes_1_never_scheduled' retrieved from /home/vscode/.local/lib/python3.11/site-packages/airflow/example_dags/example_datasets.py
[2026-05-23T11:55:36.165+0000] {logging_mixin.py:188} INFO - [2026-05-23T11:55:36.165+0000] {dag.py:3096} INFO - Sync 10 DAGs
[2026-05-23T11:55:36.191+0000] {logging_mixin.py:188} INFO - [2026-05-23T11:55:36.191+0000] {dag.py:3954} INFO - Setting next_dagrun for conditional_dataset_and_time_based_timetable to 2026-05-20 01:00:00+00:00, run_after=2026-05-20 01:00:00+00:00
[2026-05-23T11:55:36.195+0000] {logging_mixin.py:188} INFO - [2026-05-23T11:55:36.194+0000] {dag.py:3954} INFO - Setting next_dagrun for consume_1_and_2_with_dataset_expressions to None, run_after=None
[2026-05-23T11:55:36.196+0000] {logging_mixin.py:188} INFO - [2026-05-23T11:55:36.196+0000] {dag.py:3954} INFO - Setting next_dagrun for consume_1_or_2_with_dataset_expressions to None, run_after=None
[2026-05-23T11:55:36.197+0000] {logging_mixin.py:188} INFO - [2026-05-23T11:55:36.196+0000] {dag.py:3954} INFO - Setting next_dagrun for consume_1_or_both_2_and_3_with_dataset_expressions to None, run_after=None
[2026-05-23T11:55:36.197+0000] {logging_mixin.py:188} INFO - [2026-05-23T11:55:36.197+0000] {dag.py:3954} INFO - Setting next_dagrun for dataset_consumes_1 to None, run_after=None
[2026-05-23T11:55:36.198+0000] {logging_mixin.py:188} INFO - [2026-05-23T11:55:36.198+0000] {dag.py:3954} INFO - Setting next_dagrun for dataset_consumes_1_and_2 to None, run_after=None
[2026-05-23T11:55:36.199+0000] {logging_mixin.py:188} INFO - [2026-05-23T11:55:36.199+0000] {dag.py:3954} INFO - Setting next_dagrun for dataset_consumes_1_never_scheduled to None, run_after=None
[2026-05-23T11:55:36.200+0000] {logging_mixin.py:188} INFO - [2026-05-23T11:55:36.200+0000] {dag.py:3954} INFO - Setting next_dagrun for dataset_consumes_unknown_never_scheduled to None, run_after=None
[2026-05-23T11:55:36.203+0000] {logging_mixin.py:188} INFO - [2026-05-23T11:55:36.202+0000] {dag.py:3954} INFO - Setting next_dagrun for dataset_produces_1 to 2026-05-22 00:00:00+00:00, run_after=2026-05-23 00:00:00+00:00
[2026-05-23T11:55:36.204+0000] {logging_mixin.py:188} INFO - [2026-05-23T11:55:36.203+0000] {dag.py:3954} INFO - Setting next_dagrun for dataset_produces_2 to None, run_after=None
[2026-05-23T11:55:36.241+0000] {processor.py:183} INFO - Processing /home/vscode/.local/lib/python3.11/site-packages/airflow/example_dags/example_datasets.py took 0.156 seconds
[2026-05-23T11:56:29.448+0000] {processor.py:161} INFO - Started process (PID=22396) to work on /home/vscode/.local/lib/python3.11/site-packages/airflow/example_dags/example_datasets.py
[2026-05-23T11:56:29.449+0000] {processor.py:830} INFO - Processing file /home/vscode/.local/lib/python3.11/site-packages/airflow/example_dags/example_datasets.py for tasks to queue
[2026-05-23T11:56:29.450+0000] {logging_mixin.py:188} INFO - [2026-05-23T11:56:29.449+0000] {dagbag.py:545} INFO - Filling up the DagBag from /home/vscode/.local/lib/python3.11/site-packages/airflow/example_dags/example_datasets.py
[2026-05-23T11:56:29.465+0000] {processor.py:840} INFO - DAG(s) 'consume_1_or_2_with_dataset_expressions', 'consume_1_and_2_with_dataset_expressions', 'dataset_consumes_1_never_scheduled', 'dataset_produces_2', 'dataset_consumes_unknown_never_scheduled', 'consume_1_or_both_2_and_3_with_dataset_expressions', 'dataset_produces_1', 'conditional_dataset_and_time_based_timetable', 'dataset_consumes_1_and_2', 'dataset_consumes_1' retrieved from /home/vscode/.local/lib/python3.11/site-packages/airflow/example_dags/example_datasets.py
[2026-05-23T11:56:29.508+0000] {logging_mixin.py:188} INFO - [2026-05-23T11:56:29.508+0000] {dag.py:3096} INFO - Sync 10 DAGs
[2026-05-23T11:56:29.536+0000] {logging_mixin.py:188} INFO - [2026-05-23T11:56:29.536+0000] {dag.py:3954} INFO - Setting next_dagrun for conditional_dataset_and_time_based_timetable to 2026-05-20 01:00:00+00:00, run_after=2026-05-20 01:00:00+00:00
[2026-05-23T11:56:29.539+0000] {logging_mixin.py:188} INFO - [2026-05-23T11:56:29.539+0000] {dag.py:3954} INFO - Setting next_dagrun for consume_1_and_2_with_dataset_expressions to None, run_after=None
[2026-05-23T11:56:29.541+0000] {logging_mixin.py:188} INFO - [2026-05-23T11:56:29.541+0000] {dag.py:3954} INFO - Setting next_dagrun for consume_1_or_2_with_dataset_expressions to None, run_after=None
[2026-05-23T11:56:29.542+0000] {logging_mixin.py:188} INFO - [2026-05-23T11:56:29.542+0000] {dag.py:3954} INFO - Setting next_dagrun for consume_1_or_both_2_and_3_with_dataset_expressions to None, run_after=None
[2026-05-23T11:56:29.543+0000] {logging_mixin.py:188} INFO - [2026-05-23T11:56:29.543+0000] {dag.py:3954} INFO - Setting next_dagrun for dataset_consumes_1 to None, run_after=None
[2026-05-23T11:56:29.544+0000] {logging_mixin.py:188} INFO - [2026-05-23T11:56:29.543+0000] {dag.py:3954} INFO - Setting next_dagrun for dataset_consumes_1_and_2 to None, run_after=None
[2026-05-23T11:56:29.544+0000] {logging_mixin.py:188} INFO - [2026-05-23T11:56:29.544+0000] {dag.py:3954} INFO - Setting next_dagrun for dataset_consumes_1_never_scheduled to None, run_after=None
[2026-05-23T11:56:29.545+0000] {logging_mixin.py:188} INFO - [2026-05-23T11:56:29.545+0000] {dag.py:3954} INFO - Setting next_dagrun for dataset_consumes_unknown_never_scheduled to None, run_after=None
[2026-05-23T11:56:29.548+0000] {logging_mixin.py:188} INFO - [2026-05-23T11:56:29.548+0000] {dag.py:3954} INFO - Setting next_dagrun for dataset_produces_1 to 2026-05-22 00:00:00+00:00, run_after=2026-05-23 00:00:00+00:00
[2026-05-23T11:56:29.548+0000] {logging_mixin.py:188} INFO - [2026-05-23T11:56:29.548+0000] {dag.py:3954} INFO - Setting next_dagrun for dataset_produces_2 to None, run_after=None
[2026-05-23T11:56:29.583+0000] {processor.py:183} INFO - Processing /home/vscode/.local/lib/python3.11/site-packages/airflow/example_dags/example_datasets.py took 0.144 seconds
[2026-05-23T11:57:44.840+0000] {processor.py:161} INFO - Started process (PID=23108) to work on /home/vscode/.local/lib/python3.11/site-packages/airflow/example_dags/example_datasets.py
[2026-05-23T11:57:44.840+0000] {processor.py:830} INFO - Processing file /home/vscode/.local/lib/python3.11/site-packages/airflow/example_dags/example_datasets.py for tasks to queue
[2026-05-23T11:57:44.841+0000] {logging_mixin.py:188} INFO - [2026-05-23T11:57:44.841+0000] {dagbag.py:545} INFO - Filling up the DagBag from /home/vscode/.local/lib/python3.11/site-packages/airflow/example_dags/example_datasets.py
[2026-05-23T11:57:44.857+0000] {processor.py:840} INFO - DAG(s) 'conditional_dataset_and_time_based_timetable', 'dataset_consumes_1', 'consume_1_or_2_with_dataset_expressions', 'dataset_produces_2', 'consume_1_or_both_2_and_3_with_dataset_expressions', 'dataset_consumes_1_never_scheduled', 'consume_1_and_2_with_dataset_expressions', 'dataset_produces_1', 'dataset_consumes_unknown_never_scheduled', 'dataset_consumes_1_and_2' retrieved from /home/vscode/.local/lib/python3.11/site-packages/airflow/example_dags/example_datasets.py
[2026-05-23T11:57:44.898+0000] {logging_mixin.py:188} INFO - [2026-05-23T11:57:44.898+0000] {dag.py:3096} INFO - Sync 10 DAGs
[2026-05-23T11:57:44.923+0000] {logging_mixin.py:188} INFO - [2026-05-23T11:57:44.923+0000] {dag.py:3954} INFO - Setting next_dagrun for conditional_dataset_and_time_based_timetable to 2026-05-20 01:00:00+00:00, run_after=2026-05-20 01:00:00+00:00
[2026-05-23T11:57:44.927+0000] {logging_mixin.py:188} INFO - [2026-05-23T11:57:44.926+0000] {dag.py:3954} INFO - Setting next_dagrun for consume_1_and_2_with_dataset_expressions to None, run_after=None
[2026-05-23T11:57:44.928+0000] {logging_mixin.py:188} INFO - [2026-05-23T11:57:44.928+0000] {dag.py:3954} INFO - Setting next_dagrun for consume_1_or_2_with_dataset_expressions to None, run_after=None
[2026-05-23T11:57:44.929+0000] {logging_mixin.py:188} INFO - [2026-05-23T11:57:44.928+0000] {dag.py:3954} INFO - Setting next_dagrun for consume_1_or_both_2_and_3_with_dataset_expressions to None, run_after=None
[2026-05-23T11:57:44.930+0000] {logging_mixin.py:188} INFO - [2026-05-23T11:57:44.930+0000] {dag.py:3954} INFO - Setting next_dagrun for dataset_consumes_1 to None, run_after=None
[2026-05-23T11:57:44.931+0000] {logging_mixin.py:188} INFO - [2026-05-23T11:57:44.931+0000] {dag.py:3954} INFO - Setting next_dagrun for dataset_consumes_1_and_2 to None, run_after=None
[2026-05-23T11:57:44.932+0000] {logging_mixin.py:188} INFO - [2026-05-23T11:57:44.931+0000] {dag.py:3954} INFO - Setting next_dagrun for dataset_consumes_1_never_scheduled to None, run_after=None
[2026-05-23T11:57:44.932+0000] {logging_mixin.py:188} INFO - [2026-05-23T11:57:44.932+0000] {dag.py:3954} INFO - Setting next_dagrun for dataset_consumes_unknown_never_scheduled to None, run_after=None
[2026-05-23T11:57:44.935+0000] {logging_mixin.py:188} INFO - [2026-05-23T11:57:44.935+0000] {dag.py:3954} INFO - Setting next_dagrun for dataset_produces_1 to 2026-05-22 00:00:00+00:00, run_after=2026-05-23 00:00:00+00:00
[2026-05-23T11:57:44.936+0000] {logging_mixin.py:188} INFO - [2026-05-23T11:57:44.936+0000] {dag.py:3954} INFO - Setting next_dagrun for dataset_produces_2 to None, run_after=None
[2026-05-23T11:57:44.971+0000] {processor.py:183} INFO - Processing /home/vscode/.local/lib/python3.11/site-packages/airflow/example_dags/example_datasets.py took 0.140 seconds
[2026-05-23T11:58:56.232+0000] {processor.py:161} INFO - Started process (PID=23809) to work on /home/vscode/.local/lib/python3.11/site-packages/airflow/example_dags/example_datasets.py
[2026-05-23T11:58:56.233+0000] {processor.py:830} INFO - Processing file /home/vscode/.local/lib/python3.11/site-packages/airflow/example_dags/example_datasets.py for tasks to queue
[2026-05-23T11:58:56.234+0000] {logging_mixin.py:188} INFO - [2026-05-23T11:58:56.233+0000] {dagbag.py:545} INFO - Filling up the DagBag from /home/vscode/.local/lib/python3.11/site-packages/airflow/example_dags/example_datasets.py
[2026-05-23T11:58:56.234+0000] {processor.py:842} WARNING - No viable dags retrieved from /home/vscode/.local/lib/python3.11/site-packages/airflow/example_dags/example_datasets.py
[2026-05-23T11:58:56.241+0000] {processor.py:183} INFO - Processing /home/vscode/.local/lib/python3.11/site-packages/airflow/example_dags/example_datasets.py took 0.021 seconds
