[2026-05-23T11:26:36.779+0000] {processor.py:161} INFO - Started process (PID=3041) to work on /home/vscode/.local/lib/python3.11/site-packages/airflow/example_dags/example_subdag_operator.py
[2026-05-23T11:26:36.780+0000] {processor.py:830} INFO - Processing file /home/vscode/.local/lib/python3.11/site-packages/airflow/example_dags/example_subdag_operator.py for tasks to queue
[2026-05-23T11:26:36.780+0000] {logging_mixin.py:188} INFO - [2026-05-23T11:26:36.780+0000] {dagbag.py:545} INFO - Filling up the DagBag from /home/vscode/.local/lib/python3.11/site-packages/airflow/example_dags/example_subdag_operator.py
[2026-05-23T11:26:36.795+0000] {processor.py:840} INFO - DAG(s) 'example_subdag_operator.section-1', 'example_subdag_operator.section-2', 'example_subdag_operator' retrieved from /home/vscode/.local/lib/python3.11/site-packages/airflow/example_dags/example_subdag_operator.py
[2026-05-23T11:26:36.797+0000] {logging_mixin.py:188} INFO - [2026-05-23T11:26:36.797+0000] {dag.py:3096} INFO - Sync 3 DAGs
[2026-05-23T11:26:36.812+0000] {logging_mixin.py:188} INFO - [2026-05-23T11:26:36.812+0000] {dag.py:3954} INFO - Setting next_dagrun for example_subdag_operator to 2022-01-01 00:00:00+00:00, run_after=2022-01-01 00:00:00+00:00
[2026-05-23T11:26:36.814+0000] {logging_mixin.py:188} INFO - [2026-05-23T11:26:36.814+0000] {dag.py:3954} INFO - Setting next_dagrun for example_subdag_operator.section-1 to None, run_after=None
[2026-05-23T11:26:36.814+0000] {logging_mixin.py:188} INFO - [2026-05-23T11:26:36.814+0000] {dag.py:3954} INFO - Setting next_dagrun for example_subdag_operator.section-2 to None, run_after=None
[2026-05-23T11:26:36.819+0000] {logging_mixin.py:188} INFO - [2026-05-23T11:26:36.819+0000] {dag.py:3096} INFO - Sync 2 DAGs
[2026-05-23T11:26:36.822+0000] {logging_mixin.py:188} INFO - [2026-05-23T11:26:36.822+0000] {dag.py:3954} INFO - Setting next_dagrun for example_subdag_operator.section-1 to None, run_after=None
[2026-05-23T11:26:36.822+0000] {logging_mixin.py:188} INFO - [2026-05-23T11:26:36.822+0000] {dag.py:3954} INFO - Setting next_dagrun for example_subdag_operator.section-2 to None, run_after=None
[2026-05-23T11:26:36.833+0000] {processor.py:183} INFO - Processing /home/vscode/.local/lib/python3.11/site-packages/airflow/example_dags/example_subdag_operator.py took 0.060 seconds
[2026-05-23T11:27:33.951+0000] {processor.py:161} INFO - Started process (PID=3753) to work on /home/vscode/.local/lib/python3.11/site-packages/airflow/example_dags/example_subdag_operator.py
[2026-05-23T11:27:33.951+0000] {processor.py:830} INFO - Processing file /home/vscode/.local/lib/python3.11/site-packages/airflow/example_dags/example_subdag_operator.py for tasks to queue
[2026-05-23T11:27:33.952+0000] {logging_mixin.py:188} INFO - [2026-05-23T11:27:33.951+0000] {dagbag.py:545} INFO - Filling up the DagBag from /home/vscode/.local/lib/python3.11/site-packages/airflow/example_dags/example_subdag_operator.py
[2026-05-23T11:27:33.966+0000] {processor.py:840} INFO - DAG(s) 'example_subdag_operator.section-1', 'example_subdag_operator.section-2', 'example_subdag_operator' retrieved from /home/vscode/.local/lib/python3.11/site-packages/airflow/example_dags/example_subdag_operator.py
[2026-05-23T11:27:34.127+0000] {logging_mixin.py:188} INFO - [2026-05-23T11:27:34.127+0000] {dag.py:3096} INFO - Sync 3 DAGs
[2026-05-23T11:27:34.138+0000] {logging_mixin.py:188} INFO - [2026-05-23T11:27:34.137+0000] {dag.py:3954} INFO - Setting next_dagrun for example_subdag_operator to 2022-01-01 00:00:00+00:00, run_after=2022-01-01 00:00:00+00:00
[2026-05-23T11:27:34.139+0000] {logging_mixin.py:188} INFO - [2026-05-23T11:27:34.139+0000] {dag.py:3954} INFO - Setting next_dagrun for example_subdag_operator.section-1 to None, run_after=None
[2026-05-23T11:27:34.140+0000] {logging_mixin.py:188} INFO - [2026-05-23T11:27:34.140+0000] {dag.py:3954} INFO - Setting next_dagrun for example_subdag_operator.section-2 to None, run_after=None
[2026-05-23T11:27:34.144+0000] {logging_mixin.py:188} INFO - [2026-05-23T11:27:34.144+0000] {dag.py:3096} INFO - Sync 2 DAGs
[2026-05-23T11:27:34.147+0000] {logging_mixin.py:188} INFO - [2026-05-23T11:27:34.147+0000] {dag.py:3954} INFO - Setting next_dagrun for example_subdag_operator.section-1 to None, run_after=None
[2026-05-23T11:27:34.147+0000] {logging_mixin.py:188} INFO - [2026-05-23T11:27:34.147+0000] {dag.py:3954} INFO - Setting next_dagrun for example_subdag_operator.section-2 to None, run_after=None
[2026-05-23T11:27:34.160+0000] {processor.py:183} INFO - Processing /home/vscode/.local/lib/python3.11/site-packages/airflow/example_dags/example_subdag_operator.py took 0.215 seconds
[2026-05-23T11:28:27.177+0000] {processor.py:161} INFO - Started process (PID=4395) to work on /home/vscode/.local/lib/python3.11/site-packages/airflow/example_dags/example_subdag_operator.py
[2026-05-23T11:28:27.177+0000] {processor.py:830} INFO - Processing file /home/vscode/.local/lib/python3.11/site-packages/airflow/example_dags/example_subdag_operator.py for tasks to queue
[2026-05-23T11:28:27.178+0000] {logging_mixin.py:188} INFO - [2026-05-23T11:28:27.178+0000] {dagbag.py:545} INFO - Filling up the DagBag from /home/vscode/.local/lib/python3.11/site-packages/airflow/example_dags/example_subdag_operator.py
[2026-05-23T11:28:27.192+0000] {processor.py:840} INFO - DAG(s) 'example_subdag_operator.section-1', 'example_subdag_operator.section-2', 'example_subdag_operator' retrieved from /home/vscode/.local/lib/python3.11/site-packages/airflow/example_dags/example_subdag_operator.py
[2026-05-23T11:28:27.203+0000] {logging_mixin.py:188} INFO - [2026-05-23T11:28:27.203+0000] {dag.py:3096} INFO - Sync 3 DAGs
[2026-05-23T11:28:27.216+0000] {logging_mixin.py:188} INFO - [2026-05-23T11:28:27.216+0000] {dag.py:3954} INFO - Setting next_dagrun for example_subdag_operator to 2022-01-01 00:00:00+00:00, run_after=2022-01-01 00:00:00+00:00
[2026-05-23T11:28:27.218+0000] {logging_mixin.py:188} INFO - [2026-05-23T11:28:27.218+0000] {dag.py:3954} INFO - Setting next_dagrun for example_subdag_operator.section-1 to None, run_after=None
[2026-05-23T11:28:27.219+0000] {logging_mixin.py:188} INFO - [2026-05-23T11:28:27.219+0000] {dag.py:3954} INFO - Setting next_dagrun for example_subdag_operator.section-2 to None, run_after=None
[2026-05-23T11:28:27.223+0000] {logging_mixin.py:188} INFO - [2026-05-23T11:28:27.223+0000] {dag.py:3096} INFO - Sync 2 DAGs
[2026-05-23T11:28:27.225+0000] {logging_mixin.py:188} INFO - [2026-05-23T11:28:27.225+0000] {dag.py:3954} INFO - Setting next_dagrun for example_subdag_operator.section-1 to None, run_after=None
[2026-05-23T11:28:27.226+0000] {logging_mixin.py:188} INFO - [2026-05-23T11:28:27.225+0000] {dag.py:3954} INFO - Setting next_dagrun for example_subdag_operator.section-2 to None, run_after=None
[2026-05-23T11:28:27.235+0000] {processor.py:183} INFO - Processing /home/vscode/.local/lib/python3.11/site-packages/airflow/example_dags/example_subdag_operator.py took 0.065 seconds
[2026-05-23T11:29:19.462+0000] {processor.py:161} INFO - Started process (PID=4819) to work on /home/vscode/.local/lib/python3.11/site-packages/airflow/example_dags/example_subdag_operator.py
[2026-05-23T11:29:19.463+0000] {processor.py:830} INFO - Processing file /home/vscode/.local/lib/python3.11/site-packages/airflow/example_dags/example_subdag_operator.py for tasks to queue
[2026-05-23T11:29:19.463+0000] {logging_mixin.py:188} INFO - [2026-05-23T11:29:19.463+0000] {dagbag.py:545} INFO - Filling up the DagBag from /home/vscode/.local/lib/python3.11/site-packages/airflow/example_dags/example_subdag_operator.py
[2026-05-23T11:29:19.478+0000] {processor.py:840} INFO - DAG(s) 'example_subdag_operator.section-1', 'example_subdag_operator.section-2', 'example_subdag_operator' retrieved from /home/vscode/.local/lib/python3.11/site-packages/airflow/example_dags/example_subdag_operator.py
[2026-05-23T11:29:19.495+0000] {logging_mixin.py:188} INFO - [2026-05-23T11:29:19.495+0000] {dag.py:3096} INFO - Sync 3 DAGs
[2026-05-23T11:29:19.508+0000] {logging_mixin.py:188} INFO - [2026-05-23T11:29:19.508+0000] {dag.py:3954} INFO - Setting next_dagrun for example_subdag_operator to 2022-01-01 00:00:00+00:00, run_after=2022-01-01 00:00:00+00:00
[2026-05-23T11:29:19.510+0000] {logging_mixin.py:188} INFO - [2026-05-23T11:29:19.510+0000] {dag.py:3954} INFO - Setting next_dagrun for example_subdag_operator.section-1 to None, run_after=None
[2026-05-23T11:29:19.510+0000] {logging_mixin.py:188} INFO - [2026-05-23T11:29:19.510+0000] {dag.py:3954} INFO - Setting next_dagrun for example_subdag_operator.section-2 to None, run_after=None
[2026-05-23T11:29:19.514+0000] {logging_mixin.py:188} INFO - [2026-05-23T11:29:19.514+0000] {dag.py:3096} INFO - Sync 2 DAGs
[2026-05-23T11:29:19.517+0000] {logging_mixin.py:188} INFO - [2026-05-23T11:29:19.517+0000] {dag.py:3954} INFO - Setting next_dagrun for example_subdag_operator.section-1 to None, run_after=None
[2026-05-23T11:29:19.517+0000] {logging_mixin.py:188} INFO - [2026-05-23T11:29:19.517+0000] {dag.py:3954} INFO - Setting next_dagrun for example_subdag_operator.section-2 to None, run_after=None
[2026-05-23T11:29:19.527+0000] {processor.py:183} INFO - Processing /home/vscode/.local/lib/python3.11/site-packages/airflow/example_dags/example_subdag_operator.py took 0.074 seconds
[2026-05-23T11:30:04.316+0000] {processor.py:161} INFO - Started process (PID=5269) to work on /home/vscode/.local/lib/python3.11/site-packages/airflow/example_dags/example_subdag_operator.py
[2026-05-23T11:30:04.316+0000] {processor.py:830} INFO - Processing file /home/vscode/.local/lib/python3.11/site-packages/airflow/example_dags/example_subdag_operator.py for tasks to queue
[2026-05-23T11:30:04.317+0000] {logging_mixin.py:188} INFO - [2026-05-23T11:30:04.317+0000] {dagbag.py:545} INFO - Filling up the DagBag from /home/vscode/.local/lib/python3.11/site-packages/airflow/example_dags/example_subdag_operator.py
[2026-05-23T11:30:04.331+0000] {processor.py:840} INFO - DAG(s) 'example_subdag_operator.section-1', 'example_subdag_operator.section-2', 'example_subdag_operator' retrieved from /home/vscode/.local/lib/python3.11/site-packages/airflow/example_dags/example_subdag_operator.py
[2026-05-23T11:30:04.343+0000] {logging_mixin.py:188} INFO - [2026-05-23T11:30:04.343+0000] {dag.py:3096} INFO - Sync 3 DAGs
[2026-05-23T11:30:04.356+0000] {logging_mixin.py:188} INFO - [2026-05-23T11:30:04.356+0000] {dag.py:3954} INFO - Setting next_dagrun for example_subdag_operator to 2022-01-01 00:00:00+00:00, run_after=2022-01-01 00:00:00+00:00
[2026-05-23T11:30:04.358+0000] {logging_mixin.py:188} INFO - [2026-05-23T11:30:04.358+0000] {dag.py:3954} INFO - Setting next_dagrun for example_subdag_operator.section-1 to None, run_after=None
[2026-05-23T11:30:04.359+0000] {logging_mixin.py:188} INFO - [2026-05-23T11:30:04.359+0000] {dag.py:3954} INFO - Setting next_dagrun for example_subdag_operator.section-2 to None, run_after=None
[2026-05-23T11:30:04.363+0000] {logging_mixin.py:188} INFO - [2026-05-23T11:30:04.363+0000] {dag.py:3096} INFO - Sync 2 DAGs
[2026-05-23T11:30:04.366+0000] {logging_mixin.py:188} INFO - [2026-05-23T11:30:04.365+0000] {dag.py:3954} INFO - Setting next_dagrun for example_subdag_operator.section-1 to None, run_after=None
[2026-05-23T11:30:04.366+0000] {logging_mixin.py:188} INFO - [2026-05-23T11:30:04.366+0000] {dag.py:3954} INFO - Setting next_dagrun for example_subdag_operator.section-2 to None, run_after=None
[2026-05-23T11:30:04.376+0000] {processor.py:183} INFO - Processing /home/vscode/.local/lib/python3.11/site-packages/airflow/example_dags/example_subdag_operator.py took 0.068 seconds
[2026-05-23T11:30:45.978+0000] {processor.py:161} INFO - Started process (PID=5710) to work on /home/vscode/.local/lib/python3.11/site-packages/airflow/example_dags/example_subdag_operator.py
[2026-05-23T11:30:45.978+0000] {processor.py:830} INFO - Processing file /home/vscode/.local/lib/python3.11/site-packages/airflow/example_dags/example_subdag_operator.py for tasks to queue
[2026-05-23T11:30:45.979+0000] {logging_mixin.py:188} INFO - [2026-05-23T11:30:45.979+0000] {dagbag.py:545} INFO - Filling up the DagBag from /home/vscode/.local/lib/python3.11/site-packages/airflow/example_dags/example_subdag_operator.py
[2026-05-23T11:30:45.993+0000] {processor.py:840} INFO - DAG(s) 'example_subdag_operator.section-1', 'example_subdag_operator.section-2', 'example_subdag_operator' retrieved from /home/vscode/.local/lib/python3.11/site-packages/airflow/example_dags/example_subdag_operator.py
[2026-05-23T11:30:46.005+0000] {logging_mixin.py:188} INFO - [2026-05-23T11:30:46.005+0000] {dag.py:3096} INFO - Sync 3 DAGs
[2026-05-23T11:30:46.018+0000] {logging_mixin.py:188} INFO - [2026-05-23T11:30:46.018+0000] {dag.py:3954} INFO - Setting next_dagrun for example_subdag_operator to 2022-01-01 00:00:00+00:00, run_after=2022-01-01 00:00:00+00:00
[2026-05-23T11:30:46.021+0000] {logging_mixin.py:188} INFO - [2026-05-23T11:30:46.020+0000] {dag.py:3954} INFO - Setting next_dagrun for example_subdag_operator.section-1 to None, run_after=None
[2026-05-23T11:30:46.021+0000] {logging_mixin.py:188} INFO - [2026-05-23T11:30:46.021+0000] {dag.py:3954} INFO - Setting next_dagrun for example_subdag_operator.section-2 to None, run_after=None
[2026-05-23T11:30:46.025+0000] {logging_mixin.py:188} INFO - [2026-05-23T11:30:46.025+0000] {dag.py:3096} INFO - Sync 2 DAGs
[2026-05-23T11:30:46.028+0000] {logging_mixin.py:188} INFO - [2026-05-23T11:30:46.028+0000] {dag.py:3954} INFO - Setting next_dagrun for example_subdag_operator.section-1 to None, run_after=None
[2026-05-23T11:30:46.028+0000] {logging_mixin.py:188} INFO - [2026-05-23T11:30:46.028+0000] {dag.py:3954} INFO - Setting next_dagrun for example_subdag_operator.section-2 to None, run_after=None
[2026-05-23T11:30:46.039+0000] {processor.py:183} INFO - Processing /home/vscode/.local/lib/python3.11/site-packages/airflow/example_dags/example_subdag_operator.py took 0.068 seconds
[2026-05-23T11:31:30.155+0000] {processor.py:161} INFO - Started process (PID=6144) to work on /home/vscode/.local/lib/python3.11/site-packages/airflow/example_dags/example_subdag_operator.py
[2026-05-23T11:31:30.155+0000] {processor.py:830} INFO - Processing file /home/vscode/.local/lib/python3.11/site-packages/airflow/example_dags/example_subdag_operator.py for tasks to queue
[2026-05-23T11:31:30.156+0000] {logging_mixin.py:188} INFO - [2026-05-23T11:31:30.155+0000] {dagbag.py:545} INFO - Filling up the DagBag from /home/vscode/.local/lib/python3.11/site-packages/airflow/example_dags/example_subdag_operator.py
[2026-05-23T11:31:30.169+0000] {processor.py:840} INFO - DAG(s) 'example_subdag_operator.section-1', 'example_subdag_operator.section-2', 'example_subdag_operator' retrieved from /home/vscode/.local/lib/python3.11/site-packages/airflow/example_dags/example_subdag_operator.py
[2026-05-23T11:31:30.180+0000] {logging_mixin.py:188} INFO - [2026-05-23T11:31:30.180+0000] {dag.py:3096} INFO - Sync 3 DAGs
[2026-05-23T11:31:30.194+0000] {logging_mixin.py:188} INFO - [2026-05-23T11:31:30.193+0000] {dag.py:3954} INFO - Setting next_dagrun for example_subdag_operator to 2022-01-01 00:00:00+00:00, run_after=2022-01-01 00:00:00+00:00
[2026-05-23T11:31:30.196+0000] {logging_mixin.py:188} INFO - [2026-05-23T11:31:30.196+0000] {dag.py:3954} INFO - Setting next_dagrun for example_subdag_operator.section-1 to None, run_after=None
[2026-05-23T11:31:30.196+0000] {logging_mixin.py:188} INFO - [2026-05-23T11:31:30.196+0000] {dag.py:3954} INFO - Setting next_dagrun for example_subdag_operator.section-2 to None, run_after=None
[2026-05-23T11:31:30.200+0000] {logging_mixin.py:188} INFO - [2026-05-23T11:31:30.200+0000] {dag.py:3096} INFO - Sync 2 DAGs
[2026-05-23T11:31:30.204+0000] {logging_mixin.py:188} INFO - [2026-05-23T11:31:30.204+0000] {dag.py:3954} INFO - Setting next_dagrun for example_subdag_operator.section-1 to None, run_after=None
[2026-05-23T11:31:30.204+0000] {logging_mixin.py:188} INFO - [2026-05-23T11:31:30.204+0000] {dag.py:3954} INFO - Setting next_dagrun for example_subdag_operator.section-2 to None, run_after=None
[2026-05-23T11:31:30.215+0000] {processor.py:183} INFO - Processing /home/vscode/.local/lib/python3.11/site-packages/airflow/example_dags/example_subdag_operator.py took 0.067 seconds
[2026-05-23T11:32:13.324+0000] {processor.py:161} INFO - Started process (PID=6505) to work on /home/vscode/.local/lib/python3.11/site-packages/airflow/example_dags/example_subdag_operator.py
[2026-05-23T11:32:13.325+0000] {processor.py:830} INFO - Processing file /home/vscode/.local/lib/python3.11/site-packages/airflow/example_dags/example_subdag_operator.py for tasks to queue
[2026-05-23T11:32:13.325+0000] {logging_mixin.py:188} INFO - [2026-05-23T11:32:13.325+0000] {dagbag.py:545} INFO - Filling up the DagBag from /home/vscode/.local/lib/python3.11/site-packages/airflow/example_dags/example_subdag_operator.py
[2026-05-23T11:32:13.340+0000] {processor.py:840} INFO - DAG(s) 'example_subdag_operator.section-1', 'example_subdag_operator.section-2', 'example_subdag_operator' retrieved from /home/vscode/.local/lib/python3.11/site-packages/airflow/example_dags/example_subdag_operator.py
[2026-05-23T11:32:13.350+0000] {logging_mixin.py:188} INFO - [2026-05-23T11:32:13.350+0000] {dag.py:3096} INFO - Sync 3 DAGs
[2026-05-23T11:32:13.363+0000] {logging_mixin.py:188} INFO - [2026-05-23T11:32:13.363+0000] {dag.py:3954} INFO - Setting next_dagrun for example_subdag_operator to 2022-01-01 00:00:00+00:00, run_after=2022-01-01 00:00:00+00:00
[2026-05-23T11:32:13.365+0000] {logging_mixin.py:188} INFO - [2026-05-23T11:32:13.365+0000] {dag.py:3954} INFO - Setting next_dagrun for example_subdag_operator.section-1 to None, run_after=None
[2026-05-23T11:32:13.366+0000] {logging_mixin.py:188} INFO - [2026-05-23T11:32:13.366+0000] {dag.py:3954} INFO - Setting next_dagrun for example_subdag_operator.section-2 to None, run_after=None
[2026-05-23T11:32:13.370+0000] {logging_mixin.py:188} INFO - [2026-05-23T11:32:13.370+0000] {dag.py:3096} INFO - Sync 2 DAGs
[2026-05-23T11:32:13.373+0000] {logging_mixin.py:188} INFO - [2026-05-23T11:32:13.373+0000] {dag.py:3954} INFO - Setting next_dagrun for example_subdag_operator.section-1 to None, run_after=None
[2026-05-23T11:32:13.374+0000] {logging_mixin.py:188} INFO - [2026-05-23T11:32:13.374+0000] {dag.py:3954} INFO - Setting next_dagrun for example_subdag_operator.section-2 to None, run_after=None
[2026-05-23T11:32:13.384+0000] {processor.py:183} INFO - Processing /home/vscode/.local/lib/python3.11/site-packages/airflow/example_dags/example_subdag_operator.py took 0.066 seconds
[2026-05-23T11:32:53.692+0000] {processor.py:161} INFO - Started process (PID=7421) to work on /home/vscode/.local/lib/python3.11/site-packages/airflow/example_dags/example_subdag_operator.py
[2026-05-23T11:32:53.693+0000] {processor.py:830} INFO - Processing file /home/vscode/.local/lib/python3.11/site-packages/airflow/example_dags/example_subdag_operator.py for tasks to queue
[2026-05-23T11:32:53.694+0000] {logging_mixin.py:188} INFO - [2026-05-23T11:32:53.693+0000] {dagbag.py:545} INFO - Filling up the DagBag from /home/vscode/.local/lib/python3.11/site-packages/airflow/example_dags/example_subdag_operator.py
[2026-05-23T11:32:53.723+0000] {processor.py:840} INFO - DAG(s) 'example_subdag_operator.section-1', 'example_subdag_operator.section-2', 'example_subdag_operator' retrieved from /home/vscode/.local/lib/python3.11/site-packages/airflow/example_dags/example_subdag_operator.py
[2026-05-23T11:32:53.740+0000] {logging_mixin.py:188} INFO - [2026-05-23T11:32:53.739+0000] {dag.py:3096} INFO - Sync 3 DAGs
[2026-05-23T11:32:53.757+0000] {logging_mixin.py:188} INFO - [2026-05-23T11:32:53.757+0000] {dag.py:3954} INFO - Setting next_dagrun for example_subdag_operator to 2022-01-01 00:00:00+00:00, run_after=2022-01-01 00:00:00+00:00
[2026-05-23T11:32:53.760+0000] {logging_mixin.py:188} INFO - [2026-05-23T11:32:53.760+0000] {dag.py:3954} INFO - Setting next_dagrun for example_subdag_operator.section-1 to None, run_after=None
[2026-05-23T11:32:53.760+0000] {logging_mixin.py:188} INFO - [2026-05-23T11:32:53.760+0000] {dag.py:3954} INFO - Setting next_dagrun for example_subdag_operator.section-2 to None, run_after=None
[2026-05-23T11:32:53.764+0000] {logging_mixin.py:188} INFO - [2026-05-23T11:32:53.764+0000] {dag.py:3096} INFO - Sync 2 DAGs
[2026-05-23T11:32:53.767+0000] {logging_mixin.py:188} INFO - [2026-05-23T11:32:53.767+0000] {dag.py:3954} INFO - Setting next_dagrun for example_subdag_operator.section-1 to None, run_after=None
[2026-05-23T11:32:53.767+0000] {logging_mixin.py:188} INFO - [2026-05-23T11:32:53.767+0000] {dag.py:3954} INFO - Setting next_dagrun for example_subdag_operator.section-2 to None, run_after=None
[2026-05-23T11:32:53.777+0000] {processor.py:183} INFO - Processing /home/vscode/.local/lib/python3.11/site-packages/airflow/example_dags/example_subdag_operator.py took 0.094 seconds
[2026-05-23T11:33:40.612+0000] {processor.py:161} INFO - Started process (PID=8424) to work on /home/vscode/.local/lib/python3.11/site-packages/airflow/example_dags/example_subdag_operator.py
[2026-05-23T11:33:40.612+0000] {processor.py:830} INFO - Processing file /home/vscode/.local/lib/python3.11/site-packages/airflow/example_dags/example_subdag_operator.py for tasks to queue
[2026-05-23T11:33:40.613+0000] {logging_mixin.py:188} INFO - [2026-05-23T11:33:40.613+0000] {dagbag.py:545} INFO - Filling up the DagBag from /home/vscode/.local/lib/python3.11/site-packages/airflow/example_dags/example_subdag_operator.py
[2026-05-23T11:33:40.627+0000] {processor.py:840} INFO - DAG(s) 'example_subdag_operator.section-1', 'example_subdag_operator.section-2', 'example_subdag_operator' retrieved from /home/vscode/.local/lib/python3.11/site-packages/airflow/example_dags/example_subdag_operator.py
[2026-05-23T11:33:40.638+0000] {logging_mixin.py:188} INFO - [2026-05-23T11:33:40.638+0000] {dag.py:3096} INFO - Sync 3 DAGs
[2026-05-23T11:33:40.651+0000] {logging_mixin.py:188} INFO - [2026-05-23T11:33:40.651+0000] {dag.py:3954} INFO - Setting next_dagrun for example_subdag_operator to 2022-01-01 00:00:00+00:00, run_after=2022-01-01 00:00:00+00:00
[2026-05-23T11:33:40.653+0000] {logging_mixin.py:188} INFO - [2026-05-23T11:33:40.653+0000] {dag.py:3954} INFO - Setting next_dagrun for example_subdag_operator.section-1 to None, run_after=None
[2026-05-23T11:33:40.654+0000] {logging_mixin.py:188} INFO - [2026-05-23T11:33:40.654+0000] {dag.py:3954} INFO - Setting next_dagrun for example_subdag_operator.section-2 to None, run_after=None
[2026-05-23T11:33:40.658+0000] {logging_mixin.py:188} INFO - [2026-05-23T11:33:40.658+0000] {dag.py:3096} INFO - Sync 2 DAGs
[2026-05-23T11:33:40.660+0000] {logging_mixin.py:188} INFO - [2026-05-23T11:33:40.660+0000] {dag.py:3954} INFO - Setting next_dagrun for example_subdag_operator.section-1 to None, run_after=None
[2026-05-23T11:33:40.660+0000] {logging_mixin.py:188} INFO - [2026-05-23T11:33:40.660+0000] {dag.py:3954} INFO - Setting next_dagrun for example_subdag_operator.section-2 to None, run_after=None
[2026-05-23T11:33:40.672+0000] {processor.py:183} INFO - Processing /home/vscode/.local/lib/python3.11/site-packages/airflow/example_dags/example_subdag_operator.py took 0.066 seconds
[2026-05-23T11:34:27.864+0000] {processor.py:161} INFO - Started process (PID=8756) to work on /home/vscode/.local/lib/python3.11/site-packages/airflow/example_dags/example_subdag_operator.py
[2026-05-23T11:34:27.864+0000] {processor.py:830} INFO - Processing file /home/vscode/.local/lib/python3.11/site-packages/airflow/example_dags/example_subdag_operator.py for tasks to queue
[2026-05-23T11:34:27.865+0000] {logging_mixin.py:188} INFO - [2026-05-23T11:34:27.865+0000] {dagbag.py:545} INFO - Filling up the DagBag from /home/vscode/.local/lib/python3.11/site-packages/airflow/example_dags/example_subdag_operator.py
[2026-05-23T11:34:27.880+0000] {processor.py:840} INFO - DAG(s) 'example_subdag_operator.section-1', 'example_subdag_operator.section-2', 'example_subdag_operator' retrieved from /home/vscode/.local/lib/python3.11/site-packages/airflow/example_dags/example_subdag_operator.py
[2026-05-23T11:34:27.892+0000] {logging_mixin.py:188} INFO - [2026-05-23T11:34:27.892+0000] {dag.py:3096} INFO - Sync 3 DAGs
[2026-05-23T11:34:27.905+0000] {logging_mixin.py:188} INFO - [2026-05-23T11:34:27.905+0000] {dag.py:3954} INFO - Setting next_dagrun for example_subdag_operator to 2022-01-01 00:00:00+00:00, run_after=2022-01-01 00:00:00+00:00
[2026-05-23T11:34:27.907+0000] {logging_mixin.py:188} INFO - [2026-05-23T11:34:27.907+0000] {dag.py:3954} INFO - Setting next_dagrun for example_subdag_operator.section-1 to None, run_after=None
[2026-05-23T11:34:27.908+0000] {logging_mixin.py:188} INFO - [2026-05-23T11:34:27.908+0000] {dag.py:3954} INFO - Setting next_dagrun for example_subdag_operator.section-2 to None, run_after=None
[2026-05-23T11:34:27.912+0000] {logging_mixin.py:188} INFO - [2026-05-23T11:34:27.912+0000] {dag.py:3096} INFO - Sync 2 DAGs
[2026-05-23T11:34:27.914+0000] {logging_mixin.py:188} INFO - [2026-05-23T11:34:27.914+0000] {dag.py:3954} INFO - Setting next_dagrun for example_subdag_operator.section-1 to None, run_after=None
[2026-05-23T11:34:27.915+0000] {logging_mixin.py:188} INFO - [2026-05-23T11:34:27.914+0000] {dag.py:3954} INFO - Setting next_dagrun for example_subdag_operator.section-2 to None, run_after=None
[2026-05-23T11:34:27.925+0000] {processor.py:183} INFO - Processing /home/vscode/.local/lib/python3.11/site-packages/airflow/example_dags/example_subdag_operator.py took 0.068 seconds
[2026-05-23T11:35:11.939+0000] {processor.py:161} INFO - Started process (PID=9038) to work on /home/vscode/.local/lib/python3.11/site-packages/airflow/example_dags/example_subdag_operator.py
[2026-05-23T11:35:11.939+0000] {processor.py:830} INFO - Processing file /home/vscode/.local/lib/python3.11/site-packages/airflow/example_dags/example_subdag_operator.py for tasks to queue
[2026-05-23T11:35:11.940+0000] {logging_mixin.py:188} INFO - [2026-05-23T11:35:11.940+0000] {dagbag.py:545} INFO - Filling up the DagBag from /home/vscode/.local/lib/python3.11/site-packages/airflow/example_dags/example_subdag_operator.py
[2026-05-23T11:35:11.954+0000] {processor.py:840} INFO - DAG(s) 'example_subdag_operator.section-1', 'example_subdag_operator.section-2', 'example_subdag_operator' retrieved from /home/vscode/.local/lib/python3.11/site-packages/airflow/example_dags/example_subdag_operator.py
[2026-05-23T11:35:11.966+0000] {logging_mixin.py:188} INFO - [2026-05-23T11:35:11.966+0000] {dag.py:3096} INFO - Sync 3 DAGs
[2026-05-23T11:35:11.979+0000] {logging_mixin.py:188} INFO - [2026-05-23T11:35:11.979+0000] {dag.py:3954} INFO - Setting next_dagrun for example_subdag_operator to 2022-01-01 00:00:00+00:00, run_after=2022-01-01 00:00:00+00:00
[2026-05-23T11:35:11.982+0000] {logging_mixin.py:188} INFO - [2026-05-23T11:35:11.981+0000] {dag.py:3954} INFO - Setting next_dagrun for example_subdag_operator.section-1 to None, run_after=None
[2026-05-23T11:35:11.982+0000] {logging_mixin.py:188} INFO - [2026-05-23T11:35:11.982+0000] {dag.py:3954} INFO - Setting next_dagrun for example_subdag_operator.section-2 to None, run_after=None
[2026-05-23T11:35:11.986+0000] {logging_mixin.py:188} INFO - [2026-05-23T11:35:11.986+0000] {dag.py:3096} INFO - Sync 2 DAGs
[2026-05-23T11:35:11.989+0000] {logging_mixin.py:188} INFO - [2026-05-23T11:35:11.989+0000] {dag.py:3954} INFO - Setting next_dagrun for example_subdag_operator.section-1 to None, run_after=None
[2026-05-23T11:35:11.989+0000] {logging_mixin.py:188} INFO - [2026-05-23T11:35:11.989+0000] {dag.py:3954} INFO - Setting next_dagrun for example_subdag_operator.section-2 to None, run_after=None
[2026-05-23T11:35:12.000+0000] {processor.py:183} INFO - Processing /home/vscode/.local/lib/python3.11/site-packages/airflow/example_dags/example_subdag_operator.py took 0.068 seconds
[2026-05-23T11:35:55.689+0000] {processor.py:161} INFO - Started process (PID=9409) to work on /home/vscode/.local/lib/python3.11/site-packages/airflow/example_dags/example_subdag_operator.py
[2026-05-23T11:35:55.690+0000] {processor.py:830} INFO - Processing file /home/vscode/.local/lib/python3.11/site-packages/airflow/example_dags/example_subdag_operator.py for tasks to queue
[2026-05-23T11:35:55.690+0000] {logging_mixin.py:188} INFO - [2026-05-23T11:35:55.690+0000] {dagbag.py:545} INFO - Filling up the DagBag from /home/vscode/.local/lib/python3.11/site-packages/airflow/example_dags/example_subdag_operator.py
[2026-05-23T11:35:55.705+0000] {processor.py:840} INFO - DAG(s) 'example_subdag_operator.section-1', 'example_subdag_operator.section-2', 'example_subdag_operator' retrieved from /home/vscode/.local/lib/python3.11/site-packages/airflow/example_dags/example_subdag_operator.py
[2026-05-23T11:35:55.716+0000] {logging_mixin.py:188} INFO - [2026-05-23T11:35:55.715+0000] {dag.py:3096} INFO - Sync 3 DAGs
[2026-05-23T11:35:55.728+0000] {logging_mixin.py:188} INFO - [2026-05-23T11:35:55.728+0000] {dag.py:3954} INFO - Setting next_dagrun for example_subdag_operator to 2022-01-01 00:00:00+00:00, run_after=2022-01-01 00:00:00+00:00
[2026-05-23T11:35:55.731+0000] {logging_mixin.py:188} INFO - [2026-05-23T11:35:55.731+0000] {dag.py:3954} INFO - Setting next_dagrun for example_subdag_operator.section-1 to None, run_after=None
[2026-05-23T11:35:55.731+0000] {logging_mixin.py:188} INFO - [2026-05-23T11:35:55.731+0000] {dag.py:3954} INFO - Setting next_dagrun for example_subdag_operator.section-2 to None, run_after=None
[2026-05-23T11:35:55.735+0000] {logging_mixin.py:188} INFO - [2026-05-23T11:35:55.735+0000] {dag.py:3096} INFO - Sync 2 DAGs
[2026-05-23T11:35:55.738+0000] {logging_mixin.py:188} INFO - [2026-05-23T11:35:55.738+0000] {dag.py:3954} INFO - Setting next_dagrun for example_subdag_operator.section-1 to None, run_after=None
[2026-05-23T11:35:55.738+0000] {logging_mixin.py:188} INFO - [2026-05-23T11:35:55.738+0000] {dag.py:3954} INFO - Setting next_dagrun for example_subdag_operator.section-2 to None, run_after=None
[2026-05-23T11:35:55.749+0000] {processor.py:183} INFO - Processing /home/vscode/.local/lib/python3.11/site-packages/airflow/example_dags/example_subdag_operator.py took 0.067 seconds
[2026-05-23T11:36:37.923+0000] {processor.py:161} INFO - Started process (PID=9831) to work on /home/vscode/.local/lib/python3.11/site-packages/airflow/example_dags/example_subdag_operator.py
[2026-05-23T11:36:37.924+0000] {processor.py:830} INFO - Processing file /home/vscode/.local/lib/python3.11/site-packages/airflow/example_dags/example_subdag_operator.py for tasks to queue
[2026-05-23T11:36:37.924+0000] {logging_mixin.py:188} INFO - [2026-05-23T11:36:37.924+0000] {dagbag.py:545} INFO - Filling up the DagBag from /home/vscode/.local/lib/python3.11/site-packages/airflow/example_dags/example_subdag_operator.py
[2026-05-23T11:36:37.938+0000] {processor.py:840} INFO - DAG(s) 'example_subdag_operator.section-1', 'example_subdag_operator.section-2', 'example_subdag_operator' retrieved from /home/vscode/.local/lib/python3.11/site-packages/airflow/example_dags/example_subdag_operator.py
[2026-05-23T11:36:37.948+0000] {logging_mixin.py:188} INFO - [2026-05-23T11:36:37.948+0000] {dag.py:3096} INFO - Sync 3 DAGs
[2026-05-23T11:36:37.961+0000] {logging_mixin.py:188} INFO - [2026-05-23T11:36:37.961+0000] {dag.py:3954} INFO - Setting next_dagrun for example_subdag_operator to 2022-01-01 00:00:00+00:00, run_after=2022-01-01 00:00:00+00:00
[2026-05-23T11:36:37.963+0000] {logging_mixin.py:188} INFO - [2026-05-23T11:36:37.963+0000] {dag.py:3954} INFO - Setting next_dagrun for example_subdag_operator.section-1 to None, run_after=None
[2026-05-23T11:36:37.964+0000] {logging_mixin.py:188} INFO - [2026-05-23T11:36:37.964+0000] {dag.py:3954} INFO - Setting next_dagrun for example_subdag_operator.section-2 to None, run_after=None
[2026-05-23T11:36:37.968+0000] {logging_mixin.py:188} INFO - [2026-05-23T11:36:37.968+0000] {dag.py:3096} INFO - Sync 2 DAGs
[2026-05-23T11:36:37.970+0000] {logging_mixin.py:188} INFO - [2026-05-23T11:36:37.970+0000] {dag.py:3954} INFO - Setting next_dagrun for example_subdag_operator.section-1 to None, run_after=None
[2026-05-23T11:36:37.971+0000] {logging_mixin.py:188} INFO - [2026-05-23T11:36:37.970+0000] {dag.py:3954} INFO - Setting next_dagrun for example_subdag_operator.section-2 to None, run_after=None
[2026-05-23T11:36:37.981+0000] {processor.py:183} INFO - Processing /home/vscode/.local/lib/python3.11/site-packages/airflow/example_dags/example_subdag_operator.py took 0.064 seconds
[2026-05-23T11:37:25.244+0000] {processor.py:161} INFO - Started process (PID=10244) to work on /home/vscode/.local/lib/python3.11/site-packages/airflow/example_dags/example_subdag_operator.py
[2026-05-23T11:37:25.245+0000] {processor.py:830} INFO - Processing file /home/vscode/.local/lib/python3.11/site-packages/airflow/example_dags/example_subdag_operator.py for tasks to queue
[2026-05-23T11:37:25.245+0000] {logging_mixin.py:188} INFO - [2026-05-23T11:37:25.245+0000] {dagbag.py:545} INFO - Filling up the DagBag from /home/vscode/.local/lib/python3.11/site-packages/airflow/example_dags/example_subdag_operator.py
[2026-05-23T11:37:25.277+0000] {processor.py:840} INFO - DAG(s) 'example_subdag_operator.section-1', 'example_subdag_operator.section-2', 'example_subdag_operator' retrieved from /home/vscode/.local/lib/python3.11/site-packages/airflow/example_dags/example_subdag_operator.py
[2026-05-23T11:37:25.304+0000] {logging_mixin.py:188} INFO - [2026-05-23T11:37:25.304+0000] {dag.py:3096} INFO - Sync 3 DAGs
[2026-05-23T11:37:25.325+0000] {logging_mixin.py:188} INFO - [2026-05-23T11:37:25.324+0000] {dag.py:3954} INFO - Setting next_dagrun for example_subdag_operator to 2022-01-01 00:00:00+00:00, run_after=2022-01-01 00:00:00+00:00
[2026-05-23T11:37:25.328+0000] {logging_mixin.py:188} INFO - [2026-05-23T11:37:25.328+0000] {dag.py:3954} INFO - Setting next_dagrun for example_subdag_operator.section-1 to None, run_after=None
[2026-05-23T11:37:25.329+0000] {logging_mixin.py:188} INFO - [2026-05-23T11:37:25.329+0000] {dag.py:3954} INFO - Setting next_dagrun for example_subdag_operator.section-2 to None, run_after=None
[2026-05-23T11:37:25.334+0000] {logging_mixin.py:188} INFO - [2026-05-23T11:37:25.334+0000] {dag.py:3096} INFO - Sync 2 DAGs
[2026-05-23T11:37:25.337+0000] {logging_mixin.py:188} INFO - [2026-05-23T11:37:25.337+0000] {dag.py:3954} INFO - Setting next_dagrun for example_subdag_operator.section-1 to None, run_after=None
[2026-05-23T11:37:25.337+0000] {logging_mixin.py:188} INFO - [2026-05-23T11:37:25.337+0000] {dag.py:3954} INFO - Setting next_dagrun for example_subdag_operator.section-2 to None, run_after=None
[2026-05-23T11:37:25.348+0000] {processor.py:183} INFO - Processing /home/vscode/.local/lib/python3.11/site-packages/airflow/example_dags/example_subdag_operator.py took 0.127 seconds
[2026-05-23T11:38:09.140+0000] {processor.py:161} INFO - Started process (PID=10575) to work on /home/vscode/.local/lib/python3.11/site-packages/airflow/example_dags/example_subdag_operator.py
[2026-05-23T11:38:09.141+0000] {processor.py:830} INFO - Processing file /home/vscode/.local/lib/python3.11/site-packages/airflow/example_dags/example_subdag_operator.py for tasks to queue
[2026-05-23T11:38:09.141+0000] {logging_mixin.py:188} INFO - [2026-05-23T11:38:09.141+0000] {dagbag.py:545} INFO - Filling up the DagBag from /home/vscode/.local/lib/python3.11/site-packages/airflow/example_dags/example_subdag_operator.py
[2026-05-23T11:38:09.155+0000] {processor.py:840} INFO - DAG(s) 'example_subdag_operator.section-1', 'example_subdag_operator.section-2', 'example_subdag_operator' retrieved from /home/vscode/.local/lib/python3.11/site-packages/airflow/example_dags/example_subdag_operator.py
[2026-05-23T11:38:09.166+0000] {logging_mixin.py:188} INFO - [2026-05-23T11:38:09.165+0000] {dag.py:3096} INFO - Sync 3 DAGs
[2026-05-23T11:38:09.178+0000] {logging_mixin.py:188} INFO - [2026-05-23T11:38:09.178+0000] {dag.py:3954} INFO - Setting next_dagrun for example_subdag_operator to 2022-01-01 00:00:00+00:00, run_after=2022-01-01 00:00:00+00:00
[2026-05-23T11:38:09.180+0000] {logging_mixin.py:188} INFO - [2026-05-23T11:38:09.180+0000] {dag.py:3954} INFO - Setting next_dagrun for example_subdag_operator.section-1 to None, run_after=None
[2026-05-23T11:38:09.181+0000] {logging_mixin.py:188} INFO - [2026-05-23T11:38:09.181+0000] {dag.py:3954} INFO - Setting next_dagrun for example_subdag_operator.section-2 to None, run_after=None
[2026-05-23T11:38:09.185+0000] {logging_mixin.py:188} INFO - [2026-05-23T11:38:09.185+0000] {dag.py:3096} INFO - Sync 2 DAGs
[2026-05-23T11:38:09.188+0000] {logging_mixin.py:188} INFO - [2026-05-23T11:38:09.188+0000] {dag.py:3954} INFO - Setting next_dagrun for example_subdag_operator.section-1 to None, run_after=None
[2026-05-23T11:38:09.188+0000] {logging_mixin.py:188} INFO - [2026-05-23T11:38:09.188+0000] {dag.py:3954} INFO - Setting next_dagrun for example_subdag_operator.section-2 to None, run_after=None
[2026-05-23T11:38:09.200+0000] {processor.py:183} INFO - Processing /home/vscode/.local/lib/python3.11/site-packages/airflow/example_dags/example_subdag_operator.py took 0.066 seconds
[2026-05-23T11:38:49.116+0000] {processor.py:161} INFO - Started process (PID=10945) to work on /home/vscode/.local/lib/python3.11/site-packages/airflow/example_dags/example_subdag_operator.py
[2026-05-23T11:38:49.116+0000] {processor.py:830} INFO - Processing file /home/vscode/.local/lib/python3.11/site-packages/airflow/example_dags/example_subdag_operator.py for tasks to queue
[2026-05-23T11:38:49.117+0000] {logging_mixin.py:188} INFO - [2026-05-23T11:38:49.117+0000] {dagbag.py:545} INFO - Filling up the DagBag from /home/vscode/.local/lib/python3.11/site-packages/airflow/example_dags/example_subdag_operator.py
[2026-05-23T11:38:49.132+0000] {processor.py:840} INFO - DAG(s) 'example_subdag_operator.section-1', 'example_subdag_operator.section-2', 'example_subdag_operator' retrieved from /home/vscode/.local/lib/python3.11/site-packages/airflow/example_dags/example_subdag_operator.py
[2026-05-23T11:38:49.143+0000] {logging_mixin.py:188} INFO - [2026-05-23T11:38:49.143+0000] {dag.py:3096} INFO - Sync 3 DAGs
[2026-05-23T11:38:49.156+0000] {logging_mixin.py:188} INFO - [2026-05-23T11:38:49.156+0000] {dag.py:3954} INFO - Setting next_dagrun for example_subdag_operator to 2022-01-01 00:00:00+00:00, run_after=2022-01-01 00:00:00+00:00
[2026-05-23T11:38:49.158+0000] {logging_mixin.py:188} INFO - [2026-05-23T11:38:49.158+0000] {dag.py:3954} INFO - Setting next_dagrun for example_subdag_operator.section-1 to None, run_after=None
[2026-05-23T11:38:49.159+0000] {logging_mixin.py:188} INFO - [2026-05-23T11:38:49.159+0000] {dag.py:3954} INFO - Setting next_dagrun for example_subdag_operator.section-2 to None, run_after=None
[2026-05-23T11:38:49.163+0000] {logging_mixin.py:188} INFO - [2026-05-23T11:38:49.163+0000] {dag.py:3096} INFO - Sync 2 DAGs
[2026-05-23T11:38:49.165+0000] {logging_mixin.py:188} INFO - [2026-05-23T11:38:49.165+0000] {dag.py:3954} INFO - Setting next_dagrun for example_subdag_operator.section-1 to None, run_after=None
[2026-05-23T11:38:49.166+0000] {logging_mixin.py:188} INFO - [2026-05-23T11:38:49.166+0000] {dag.py:3954} INFO - Setting next_dagrun for example_subdag_operator.section-2 to None, run_after=None
[2026-05-23T11:38:49.176+0000] {processor.py:183} INFO - Processing /home/vscode/.local/lib/python3.11/site-packages/airflow/example_dags/example_subdag_operator.py took 0.067 seconds
[2026-05-23T11:39:30.638+0000] {processor.py:161} INFO - Started process (PID=11333) to work on /home/vscode/.local/lib/python3.11/site-packages/airflow/example_dags/example_subdag_operator.py
[2026-05-23T11:39:30.639+0000] {processor.py:830} INFO - Processing file /home/vscode/.local/lib/python3.11/site-packages/airflow/example_dags/example_subdag_operator.py for tasks to queue
[2026-05-23T11:39:30.639+0000] {logging_mixin.py:188} INFO - [2026-05-23T11:39:30.639+0000] {dagbag.py:545} INFO - Filling up the DagBag from /home/vscode/.local/lib/python3.11/site-packages/airflow/example_dags/example_subdag_operator.py
[2026-05-23T11:39:30.654+0000] {processor.py:840} INFO - DAG(s) 'example_subdag_operator.section-1', 'example_subdag_operator.section-2', 'example_subdag_operator' retrieved from /home/vscode/.local/lib/python3.11/site-packages/airflow/example_dags/example_subdag_operator.py
[2026-05-23T11:39:30.665+0000] {logging_mixin.py:188} INFO - [2026-05-23T11:39:30.665+0000] {dag.py:3096} INFO - Sync 3 DAGs
[2026-05-23T11:39:30.678+0000] {logging_mixin.py:188} INFO - [2026-05-23T11:39:30.678+0000] {dag.py:3954} INFO - Setting next_dagrun for example_subdag_operator to 2022-01-01 00:00:00+00:00, run_after=2022-01-01 00:00:00+00:00
[2026-05-23T11:39:30.681+0000] {logging_mixin.py:188} INFO - [2026-05-23T11:39:30.681+0000] {dag.py:3954} INFO - Setting next_dagrun for example_subdag_operator.section-1 to None, run_after=None
[2026-05-23T11:39:30.682+0000] {logging_mixin.py:188} INFO - [2026-05-23T11:39:30.681+0000] {dag.py:3954} INFO - Setting next_dagrun for example_subdag_operator.section-2 to None, run_after=None
[2026-05-23T11:39:30.686+0000] {logging_mixin.py:188} INFO - [2026-05-23T11:39:30.686+0000] {dag.py:3096} INFO - Sync 2 DAGs
[2026-05-23T11:39:30.688+0000] {logging_mixin.py:188} INFO - [2026-05-23T11:39:30.688+0000] {dag.py:3954} INFO - Setting next_dagrun for example_subdag_operator.section-1 to None, run_after=None
[2026-05-23T11:39:30.689+0000] {logging_mixin.py:188} INFO - [2026-05-23T11:39:30.689+0000] {dag.py:3954} INFO - Setting next_dagrun for example_subdag_operator.section-2 to None, run_after=None
[2026-05-23T11:39:30.699+0000] {processor.py:183} INFO - Processing /home/vscode/.local/lib/python3.11/site-packages/airflow/example_dags/example_subdag_operator.py took 0.068 seconds
[2026-05-23T11:40:12.513+0000] {processor.py:161} INFO - Started process (PID=11651) to work on /home/vscode/.local/lib/python3.11/site-packages/airflow/example_dags/example_subdag_operator.py
[2026-05-23T11:40:12.514+0000] {processor.py:830} INFO - Processing file /home/vscode/.local/lib/python3.11/site-packages/airflow/example_dags/example_subdag_operator.py for tasks to queue
[2026-05-23T11:40:12.515+0000] {logging_mixin.py:188} INFO - [2026-05-23T11:40:12.514+0000] {dagbag.py:545} INFO - Filling up the DagBag from /home/vscode/.local/lib/python3.11/site-packages/airflow/example_dags/example_subdag_operator.py
[2026-05-23T11:40:12.532+0000] {processor.py:840} INFO - DAG(s) 'example_subdag_operator.section-1', 'example_subdag_operator.section-2', 'example_subdag_operator' retrieved from /home/vscode/.local/lib/python3.11/site-packages/airflow/example_dags/example_subdag_operator.py
[2026-05-23T11:40:12.543+0000] {logging_mixin.py:188} INFO - [2026-05-23T11:40:12.543+0000] {dag.py:3096} INFO - Sync 3 DAGs
[2026-05-23T11:40:12.557+0000] {logging_mixin.py:188} INFO - [2026-05-23T11:40:12.556+0000] {dag.py:3954} INFO - Setting next_dagrun for example_subdag_operator to 2022-01-01 00:00:00+00:00, run_after=2022-01-01 00:00:00+00:00
[2026-05-23T11:40:12.559+0000] {logging_mixin.py:188} INFO - [2026-05-23T11:40:12.559+0000] {dag.py:3954} INFO - Setting next_dagrun for example_subdag_operator.section-1 to None, run_after=None
[2026-05-23T11:40:12.560+0000] {logging_mixin.py:188} INFO - [2026-05-23T11:40:12.560+0000] {dag.py:3954} INFO - Setting next_dagrun for example_subdag_operator.section-2 to None, run_after=None
[2026-05-23T11:40:12.564+0000] {logging_mixin.py:188} INFO - [2026-05-23T11:40:12.564+0000] {dag.py:3096} INFO - Sync 2 DAGs
[2026-05-23T11:40:12.567+0000] {logging_mixin.py:188} INFO - [2026-05-23T11:40:12.567+0000] {dag.py:3954} INFO - Setting next_dagrun for example_subdag_operator.section-1 to None, run_after=None
[2026-05-23T11:40:12.567+0000] {logging_mixin.py:188} INFO - [2026-05-23T11:40:12.567+0000] {dag.py:3954} INFO - Setting next_dagrun for example_subdag_operator.section-2 to None, run_after=None
[2026-05-23T11:40:12.578+0000] {processor.py:183} INFO - Processing /home/vscode/.local/lib/python3.11/site-packages/airflow/example_dags/example_subdag_operator.py took 0.075 seconds
[2026-05-23T11:40:56.241+0000] {processor.py:161} INFO - Started process (PID=12049) to work on /home/vscode/.local/lib/python3.11/site-packages/airflow/example_dags/example_subdag_operator.py
[2026-05-23T11:40:56.242+0000] {processor.py:830} INFO - Processing file /home/vscode/.local/lib/python3.11/site-packages/airflow/example_dags/example_subdag_operator.py for tasks to queue
[2026-05-23T11:40:56.243+0000] {logging_mixin.py:188} INFO - [2026-05-23T11:40:56.242+0000] {dagbag.py:545} INFO - Filling up the DagBag from /home/vscode/.local/lib/python3.11/site-packages/airflow/example_dags/example_subdag_operator.py
[2026-05-23T11:40:56.263+0000] {processor.py:840} INFO - DAG(s) 'example_subdag_operator.section-1', 'example_subdag_operator.section-2', 'example_subdag_operator' retrieved from /home/vscode/.local/lib/python3.11/site-packages/airflow/example_dags/example_subdag_operator.py
[2026-05-23T11:40:56.275+0000] {logging_mixin.py:188} INFO - [2026-05-23T11:40:56.275+0000] {dag.py:3096} INFO - Sync 3 DAGs
[2026-05-23T11:40:56.288+0000] {logging_mixin.py:188} INFO - [2026-05-23T11:40:56.288+0000] {dag.py:3954} INFO - Setting next_dagrun for example_subdag_operator to 2022-01-01 00:00:00+00:00, run_after=2022-01-01 00:00:00+00:00
[2026-05-23T11:40:56.290+0000] {logging_mixin.py:188} INFO - [2026-05-23T11:40:56.290+0000] {dag.py:3954} INFO - Setting next_dagrun for example_subdag_operator.section-1 to None, run_after=None
[2026-05-23T11:40:56.291+0000] {logging_mixin.py:188} INFO - [2026-05-23T11:40:56.290+0000] {dag.py:3954} INFO - Setting next_dagrun for example_subdag_operator.section-2 to None, run_after=None
[2026-05-23T11:40:56.295+0000] {logging_mixin.py:188} INFO - [2026-05-23T11:40:56.295+0000] {dag.py:3096} INFO - Sync 2 DAGs
[2026-05-23T11:40:56.298+0000] {logging_mixin.py:188} INFO - [2026-05-23T11:40:56.298+0000] {dag.py:3954} INFO - Setting next_dagrun for example_subdag_operator.section-1 to None, run_after=None
[2026-05-23T11:40:56.298+0000] {logging_mixin.py:188} INFO - [2026-05-23T11:40:56.298+0000] {dag.py:3954} INFO - Setting next_dagrun for example_subdag_operator.section-2 to None, run_after=None
[2026-05-23T11:40:56.310+0000] {processor.py:183} INFO - Processing /home/vscode/.local/lib/python3.11/site-packages/airflow/example_dags/example_subdag_operator.py took 0.078 seconds
[2026-05-23T11:41:38.392+0000] {processor.py:161} INFO - Started process (PID=12497) to work on /home/vscode/.local/lib/python3.11/site-packages/airflow/example_dags/example_subdag_operator.py
[2026-05-23T11:41:38.393+0000] {processor.py:830} INFO - Processing file /home/vscode/.local/lib/python3.11/site-packages/airflow/example_dags/example_subdag_operator.py for tasks to queue
[2026-05-23T11:41:38.393+0000] {logging_mixin.py:188} INFO - [2026-05-23T11:41:38.393+0000] {dagbag.py:545} INFO - Filling up the DagBag from /home/vscode/.local/lib/python3.11/site-packages/airflow/example_dags/example_subdag_operator.py
[2026-05-23T11:41:38.407+0000] {processor.py:840} INFO - DAG(s) 'example_subdag_operator.section-1', 'example_subdag_operator.section-2', 'example_subdag_operator' retrieved from /home/vscode/.local/lib/python3.11/site-packages/airflow/example_dags/example_subdag_operator.py
[2026-05-23T11:41:38.417+0000] {logging_mixin.py:188} INFO - [2026-05-23T11:41:38.417+0000] {dag.py:3096} INFO - Sync 3 DAGs
[2026-05-23T11:41:38.430+0000] {logging_mixin.py:188} INFO - [2026-05-23T11:41:38.430+0000] {dag.py:3954} INFO - Setting next_dagrun for example_subdag_operator to 2022-01-01 00:00:00+00:00, run_after=2022-01-01 00:00:00+00:00
[2026-05-23T11:41:38.432+0000] {logging_mixin.py:188} INFO - [2026-05-23T11:41:38.432+0000] {dag.py:3954} INFO - Setting next_dagrun for example_subdag_operator.section-1 to None, run_after=None
[2026-05-23T11:41:38.433+0000] {logging_mixin.py:188} INFO - [2026-05-23T11:41:38.433+0000] {dag.py:3954} INFO - Setting next_dagrun for example_subdag_operator.section-2 to None, run_after=None
[2026-05-23T11:41:38.437+0000] {logging_mixin.py:188} INFO - [2026-05-23T11:41:38.437+0000] {dag.py:3096} INFO - Sync 2 DAGs
[2026-05-23T11:41:38.439+0000] {logging_mixin.py:188} INFO - [2026-05-23T11:41:38.439+0000] {dag.py:3954} INFO - Setting next_dagrun for example_subdag_operator.section-1 to None, run_after=None
[2026-05-23T11:41:38.440+0000] {logging_mixin.py:188} INFO - [2026-05-23T11:41:38.440+0000] {dag.py:3954} INFO - Setting next_dagrun for example_subdag_operator.section-2 to None, run_after=None
[2026-05-23T11:41:38.450+0000] {processor.py:183} INFO - Processing /home/vscode/.local/lib/python3.11/site-packages/airflow/example_dags/example_subdag_operator.py took 0.064 seconds
[2026-05-23T11:42:20.190+0000] {processor.py:161} INFO - Started process (PID=12825) to work on /home/vscode/.local/lib/python3.11/site-packages/airflow/example_dags/example_subdag_operator.py
[2026-05-23T11:42:20.191+0000] {processor.py:830} INFO - Processing file /home/vscode/.local/lib/python3.11/site-packages/airflow/example_dags/example_subdag_operator.py for tasks to queue
[2026-05-23T11:42:20.191+0000] {logging_mixin.py:188} INFO - [2026-05-23T11:42:20.191+0000] {dagbag.py:545} INFO - Filling up the DagBag from /home/vscode/.local/lib/python3.11/site-packages/airflow/example_dags/example_subdag_operator.py
[2026-05-23T11:42:20.206+0000] {processor.py:840} INFO - DAG(s) 'example_subdag_operator.section-1', 'example_subdag_operator.section-2', 'example_subdag_operator' retrieved from /home/vscode/.local/lib/python3.11/site-packages/airflow/example_dags/example_subdag_operator.py
[2026-05-23T11:42:20.217+0000] {logging_mixin.py:188} INFO - [2026-05-23T11:42:20.217+0000] {dag.py:3096} INFO - Sync 3 DAGs
[2026-05-23T11:42:20.229+0000] {logging_mixin.py:188} INFO - [2026-05-23T11:42:20.229+0000] {dag.py:3954} INFO - Setting next_dagrun for example_subdag_operator to 2022-01-01 00:00:00+00:00, run_after=2022-01-01 00:00:00+00:00
[2026-05-23T11:42:20.231+0000] {logging_mixin.py:188} INFO - [2026-05-23T11:42:20.231+0000] {dag.py:3954} INFO - Setting next_dagrun for example_subdag_operator.section-1 to None, run_after=None
[2026-05-23T11:42:20.232+0000] {logging_mixin.py:188} INFO - [2026-05-23T11:42:20.232+0000] {dag.py:3954} INFO - Setting next_dagrun for example_subdag_operator.section-2 to None, run_after=None
[2026-05-23T11:42:20.236+0000] {logging_mixin.py:188} INFO - [2026-05-23T11:42:20.236+0000] {dag.py:3096} INFO - Sync 2 DAGs
[2026-05-23T11:42:20.238+0000] {logging_mixin.py:188} INFO - [2026-05-23T11:42:20.238+0000] {dag.py:3954} INFO - Setting next_dagrun for example_subdag_operator.section-1 to None, run_after=None
[2026-05-23T11:42:20.239+0000] {logging_mixin.py:188} INFO - [2026-05-23T11:42:20.238+0000] {dag.py:3954} INFO - Setting next_dagrun for example_subdag_operator.section-2 to None, run_after=None
[2026-05-23T11:42:20.249+0000] {processor.py:183} INFO - Processing /home/vscode/.local/lib/python3.11/site-packages/airflow/example_dags/example_subdag_operator.py took 0.065 seconds
[2026-05-23T11:43:04.856+0000] {processor.py:161} INFO - Started process (PID=13227) to work on /home/vscode/.local/lib/python3.11/site-packages/airflow/example_dags/example_subdag_operator.py
[2026-05-23T11:43:04.857+0000] {processor.py:830} INFO - Processing file /home/vscode/.local/lib/python3.11/site-packages/airflow/example_dags/example_subdag_operator.py for tasks to queue
[2026-05-23T11:43:04.857+0000] {logging_mixin.py:188} INFO - [2026-05-23T11:43:04.857+0000] {dagbag.py:545} INFO - Filling up the DagBag from /home/vscode/.local/lib/python3.11/site-packages/airflow/example_dags/example_subdag_operator.py
[2026-05-23T11:43:04.871+0000] {processor.py:840} INFO - DAG(s) 'example_subdag_operator.section-1', 'example_subdag_operator.section-2', 'example_subdag_operator' retrieved from /home/vscode/.local/lib/python3.11/site-packages/airflow/example_dags/example_subdag_operator.py
[2026-05-23T11:43:04.883+0000] {logging_mixin.py:188} INFO - [2026-05-23T11:43:04.883+0000] {dag.py:3096} INFO - Sync 3 DAGs
[2026-05-23T11:43:04.898+0000] {logging_mixin.py:188} INFO - [2026-05-23T11:43:04.898+0000] {dag.py:3954} INFO - Setting next_dagrun for example_subdag_operator to 2022-01-01 00:00:00+00:00, run_after=2022-01-01 00:00:00+00:00
[2026-05-23T11:43:04.900+0000] {logging_mixin.py:188} INFO - [2026-05-23T11:43:04.900+0000] {dag.py:3954} INFO - Setting next_dagrun for example_subdag_operator.section-1 to None, run_after=None
[2026-05-23T11:43:04.901+0000] {logging_mixin.py:188} INFO - [2026-05-23T11:43:04.901+0000] {dag.py:3954} INFO - Setting next_dagrun for example_subdag_operator.section-2 to None, run_after=None
[2026-05-23T11:43:04.905+0000] {logging_mixin.py:188} INFO - [2026-05-23T11:43:04.905+0000] {dag.py:3096} INFO - Sync 2 DAGs
[2026-05-23T11:43:04.908+0000] {logging_mixin.py:188} INFO - [2026-05-23T11:43:04.908+0000] {dag.py:3954} INFO - Setting next_dagrun for example_subdag_operator.section-1 to None, run_after=None
[2026-05-23T11:43:04.908+0000] {logging_mixin.py:188} INFO - [2026-05-23T11:43:04.908+0000] {dag.py:3954} INFO - Setting next_dagrun for example_subdag_operator.section-2 to None, run_after=None
[2026-05-23T11:43:04.918+0000] {processor.py:183} INFO - Processing /home/vscode/.local/lib/python3.11/site-packages/airflow/example_dags/example_subdag_operator.py took 0.068 seconds
[2026-05-23T11:43:49.982+0000] {processor.py:161} INFO - Started process (PID=13634) to work on /home/vscode/.local/lib/python3.11/site-packages/airflow/example_dags/example_subdag_operator.py
[2026-05-23T11:43:49.983+0000] {processor.py:830} INFO - Processing file /home/vscode/.local/lib/python3.11/site-packages/airflow/example_dags/example_subdag_operator.py for tasks to queue
[2026-05-23T11:43:49.984+0000] {logging_mixin.py:188} INFO - [2026-05-23T11:43:49.983+0000] {dagbag.py:545} INFO - Filling up the DagBag from /home/vscode/.local/lib/python3.11/site-packages/airflow/example_dags/example_subdag_operator.py
[2026-05-23T11:43:49.998+0000] {processor.py:840} INFO - DAG(s) 'example_subdag_operator.section-1', 'example_subdag_operator.section-2', 'example_subdag_operator' retrieved from /home/vscode/.local/lib/python3.11/site-packages/airflow/example_dags/example_subdag_operator.py
[2026-05-23T11:43:50.009+0000] {logging_mixin.py:188} INFO - [2026-05-23T11:43:50.009+0000] {dag.py:3096} INFO - Sync 3 DAGs
[2026-05-23T11:43:50.022+0000] {logging_mixin.py:188} INFO - [2026-05-23T11:43:50.022+0000] {dag.py:3954} INFO - Setting next_dagrun for example_subdag_operator to 2022-01-01 00:00:00+00:00, run_after=2022-01-01 00:00:00+00:00
[2026-05-23T11:43:50.024+0000] {logging_mixin.py:188} INFO - [2026-05-23T11:43:50.024+0000] {dag.py:3954} INFO - Setting next_dagrun for example_subdag_operator.section-1 to None, run_after=None
[2026-05-23T11:43:50.025+0000] {logging_mixin.py:188} INFO - [2026-05-23T11:43:50.025+0000] {dag.py:3954} INFO - Setting next_dagrun for example_subdag_operator.section-2 to None, run_after=None
[2026-05-23T11:43:50.029+0000] {logging_mixin.py:188} INFO - [2026-05-23T11:43:50.029+0000] {dag.py:3096} INFO - Sync 2 DAGs
[2026-05-23T11:43:50.032+0000] {logging_mixin.py:188} INFO - [2026-05-23T11:43:50.032+0000] {dag.py:3954} INFO - Setting next_dagrun for example_subdag_operator.section-1 to None, run_after=None
[2026-05-23T11:43:50.032+0000] {logging_mixin.py:188} INFO - [2026-05-23T11:43:50.032+0000] {dag.py:3954} INFO - Setting next_dagrun for example_subdag_operator.section-2 to None, run_after=None
[2026-05-23T11:43:50.043+0000] {processor.py:183} INFO - Processing /home/vscode/.local/lib/python3.11/site-packages/airflow/example_dags/example_subdag_operator.py took 0.067 seconds
[2026-05-23T11:44:32.835+0000] {processor.py:161} INFO - Started process (PID=14029) to work on /home/vscode/.local/lib/python3.11/site-packages/airflow/example_dags/example_subdag_operator.py
[2026-05-23T11:44:32.836+0000] {processor.py:830} INFO - Processing file /home/vscode/.local/lib/python3.11/site-packages/airflow/example_dags/example_subdag_operator.py for tasks to queue
[2026-05-23T11:44:32.836+0000] {logging_mixin.py:188} INFO - [2026-05-23T11:44:32.836+0000] {dagbag.py:545} INFO - Filling up the DagBag from /home/vscode/.local/lib/python3.11/site-packages/airflow/example_dags/example_subdag_operator.py
[2026-05-23T11:44:32.850+0000] {processor.py:840} INFO - DAG(s) 'example_subdag_operator.section-1', 'example_subdag_operator.section-2', 'example_subdag_operator' retrieved from /home/vscode/.local/lib/python3.11/site-packages/airflow/example_dags/example_subdag_operator.py
[2026-05-23T11:44:32.860+0000] {logging_mixin.py:188} INFO - [2026-05-23T11:44:32.860+0000] {dag.py:3096} INFO - Sync 3 DAGs
[2026-05-23T11:44:32.872+0000] {logging_mixin.py:188} INFO - [2026-05-23T11:44:32.872+0000] {dag.py:3954} INFO - Setting next_dagrun for example_subdag_operator to 2022-01-01 00:00:00+00:00, run_after=2022-01-01 00:00:00+00:00
[2026-05-23T11:44:32.874+0000] {logging_mixin.py:188} INFO - [2026-05-23T11:44:32.874+0000] {dag.py:3954} INFO - Setting next_dagrun for example_subdag_operator.section-1 to None, run_after=None
[2026-05-23T11:44:32.875+0000] {logging_mixin.py:188} INFO - [2026-05-23T11:44:32.875+0000] {dag.py:3954} INFO - Setting next_dagrun for example_subdag_operator.section-2 to None, run_after=None
[2026-05-23T11:44:32.879+0000] {logging_mixin.py:188} INFO - [2026-05-23T11:44:32.879+0000] {dag.py:3096} INFO - Sync 2 DAGs
[2026-05-23T11:44:32.883+0000] {logging_mixin.py:188} INFO - [2026-05-23T11:44:32.882+0000] {dag.py:3954} INFO - Setting next_dagrun for example_subdag_operator.section-1 to None, run_after=None
[2026-05-23T11:44:32.883+0000] {logging_mixin.py:188} INFO - [2026-05-23T11:44:32.883+0000] {dag.py:3954} INFO - Setting next_dagrun for example_subdag_operator.section-2 to None, run_after=None
[2026-05-23T11:44:32.893+0000] {processor.py:183} INFO - Processing /home/vscode/.local/lib/python3.11/site-packages/airflow/example_dags/example_subdag_operator.py took 0.065 seconds
[2026-05-23T11:45:17.046+0000] {processor.py:161} INFO - Started process (PID=14373) to work on /home/vscode/.local/lib/python3.11/site-packages/airflow/example_dags/example_subdag_operator.py
[2026-05-23T11:45:17.046+0000] {processor.py:830} INFO - Processing file /home/vscode/.local/lib/python3.11/site-packages/airflow/example_dags/example_subdag_operator.py for tasks to queue
[2026-05-23T11:45:17.047+0000] {logging_mixin.py:188} INFO - [2026-05-23T11:45:17.047+0000] {dagbag.py:545} INFO - Filling up the DagBag from /home/vscode/.local/lib/python3.11/site-packages/airflow/example_dags/example_subdag_operator.py
[2026-05-23T11:45:17.077+0000] {processor.py:840} INFO - DAG(s) 'example_subdag_operator.section-1', 'example_subdag_operator.section-2', 'example_subdag_operator' retrieved from /home/vscode/.local/lib/python3.11/site-packages/airflow/example_dags/example_subdag_operator.py
[2026-05-23T11:45:17.087+0000] {logging_mixin.py:188} INFO - [2026-05-23T11:45:17.087+0000] {dag.py:3096} INFO - Sync 3 DAGs
[2026-05-23T11:45:17.106+0000] {logging_mixin.py:188} INFO - [2026-05-23T11:45:17.106+0000] {dag.py:3954} INFO - Setting next_dagrun for example_subdag_operator to 2022-01-01 00:00:00+00:00, run_after=2022-01-01 00:00:00+00:00
[2026-05-23T11:45:17.110+0000] {logging_mixin.py:188} INFO - [2026-05-23T11:45:17.110+0000] {dag.py:3954} INFO - Setting next_dagrun for example_subdag_operator.section-1 to None, run_after=None
[2026-05-23T11:45:17.111+0000] {logging_mixin.py:188} INFO - [2026-05-23T11:45:17.111+0000] {dag.py:3954} INFO - Setting next_dagrun for example_subdag_operator.section-2 to None, run_after=None
[2026-05-23T11:45:17.126+0000] {logging_mixin.py:188} INFO - [2026-05-23T11:45:17.126+0000] {dag.py:3096} INFO - Sync 2 DAGs
[2026-05-23T11:45:17.137+0000] {logging_mixin.py:188} INFO - [2026-05-23T11:45:17.137+0000] {dag.py:3954} INFO - Setting next_dagrun for example_subdag_operator.section-1 to None, run_after=None
[2026-05-23T11:45:17.137+0000] {logging_mixin.py:188} INFO - [2026-05-23T11:45:17.137+0000] {dag.py:3954} INFO - Setting next_dagrun for example_subdag_operator.section-2 to None, run_after=None
[2026-05-23T11:45:17.155+0000] {processor.py:183} INFO - Processing /home/vscode/.local/lib/python3.11/site-packages/airflow/example_dags/example_subdag_operator.py took 0.147 seconds
[2026-05-23T11:45:59.653+0000] {processor.py:161} INFO - Started process (PID=14967) to work on /home/vscode/.local/lib/python3.11/site-packages/airflow/example_dags/example_subdag_operator.py
[2026-05-23T11:45:59.653+0000] {processor.py:830} INFO - Processing file /home/vscode/.local/lib/python3.11/site-packages/airflow/example_dags/example_subdag_operator.py for tasks to queue
[2026-05-23T11:45:59.654+0000] {logging_mixin.py:188} INFO - [2026-05-23T11:45:59.654+0000] {dagbag.py:545} INFO - Filling up the DagBag from /home/vscode/.local/lib/python3.11/site-packages/airflow/example_dags/example_subdag_operator.py
[2026-05-23T11:45:59.671+0000] {processor.py:840} INFO - DAG(s) 'example_subdag_operator.section-1', 'example_subdag_operator.section-2', 'example_subdag_operator' retrieved from /home/vscode/.local/lib/python3.11/site-packages/airflow/example_dags/example_subdag_operator.py
[2026-05-23T11:45:59.682+0000] {logging_mixin.py:188} INFO - [2026-05-23T11:45:59.682+0000] {dag.py:3096} INFO - Sync 3 DAGs
[2026-05-23T11:45:59.695+0000] {logging_mixin.py:188} INFO - [2026-05-23T11:45:59.695+0000] {dag.py:3954} INFO - Setting next_dagrun for example_subdag_operator to 2022-01-01 00:00:00+00:00, run_after=2022-01-01 00:00:00+00:00
[2026-05-23T11:45:59.698+0000] {logging_mixin.py:188} INFO - [2026-05-23T11:45:59.697+0000] {dag.py:3954} INFO - Setting next_dagrun for example_subdag_operator.section-1 to None, run_after=None
[2026-05-23T11:45:59.698+0000] {logging_mixin.py:188} INFO - [2026-05-23T11:45:59.698+0000] {dag.py:3954} INFO - Setting next_dagrun for example_subdag_operator.section-2 to None, run_after=None
[2026-05-23T11:45:59.702+0000] {logging_mixin.py:188} INFO - [2026-05-23T11:45:59.702+0000] {dag.py:3096} INFO - Sync 2 DAGs
[2026-05-23T11:45:59.705+0000] {logging_mixin.py:188} INFO - [2026-05-23T11:45:59.705+0000] {dag.py:3954} INFO - Setting next_dagrun for example_subdag_operator.section-1 to None, run_after=None
[2026-05-23T11:45:59.705+0000] {logging_mixin.py:188} INFO - [2026-05-23T11:45:59.705+0000] {dag.py:3954} INFO - Setting next_dagrun for example_subdag_operator.section-2 to None, run_after=None
[2026-05-23T11:45:59.715+0000] {processor.py:183} INFO - Processing /home/vscode/.local/lib/python3.11/site-packages/airflow/example_dags/example_subdag_operator.py took 0.071 seconds
[2026-05-23T11:46:38.337+0000] {processor.py:161} INFO - Started process (PID=15392) to work on /home/vscode/.local/lib/python3.11/site-packages/airflow/example_dags/example_subdag_operator.py
[2026-05-23T11:46:38.337+0000] {processor.py:830} INFO - Processing file /home/vscode/.local/lib/python3.11/site-packages/airflow/example_dags/example_subdag_operator.py for tasks to queue
[2026-05-23T11:46:38.338+0000] {logging_mixin.py:188} INFO - [2026-05-23T11:46:38.338+0000] {dagbag.py:545} INFO - Filling up the DagBag from /home/vscode/.local/lib/python3.11/site-packages/airflow/example_dags/example_subdag_operator.py
[2026-05-23T11:46:38.354+0000] {processor.py:840} INFO - DAG(s) 'example_subdag_operator.section-1', 'example_subdag_operator.section-2', 'example_subdag_operator' retrieved from /home/vscode/.local/lib/python3.11/site-packages/airflow/example_dags/example_subdag_operator.py
[2026-05-23T11:46:38.364+0000] {logging_mixin.py:188} INFO - [2026-05-23T11:46:38.364+0000] {dag.py:3096} INFO - Sync 3 DAGs
[2026-05-23T11:46:38.378+0000] {logging_mixin.py:188} INFO - [2026-05-23T11:46:38.378+0000] {dag.py:3954} INFO - Setting next_dagrun for example_subdag_operator to 2022-01-01 00:00:00+00:00, run_after=2022-01-01 00:00:00+00:00
[2026-05-23T11:46:38.380+0000] {logging_mixin.py:188} INFO - [2026-05-23T11:46:38.380+0000] {dag.py:3954} INFO - Setting next_dagrun for example_subdag_operator.section-1 to None, run_after=None
[2026-05-23T11:46:38.380+0000] {logging_mixin.py:188} INFO - [2026-05-23T11:46:38.380+0000] {dag.py:3954} INFO - Setting next_dagrun for example_subdag_operator.section-2 to None, run_after=None
[2026-05-23T11:46:38.384+0000] {logging_mixin.py:188} INFO - [2026-05-23T11:46:38.384+0000] {dag.py:3096} INFO - Sync 2 DAGs
[2026-05-23T11:46:38.388+0000] {logging_mixin.py:188} INFO - [2026-05-23T11:46:38.388+0000] {dag.py:3954} INFO - Setting next_dagrun for example_subdag_operator.section-1 to None, run_after=None
[2026-05-23T11:46:38.388+0000] {logging_mixin.py:188} INFO - [2026-05-23T11:46:38.388+0000] {dag.py:3954} INFO - Setting next_dagrun for example_subdag_operator.section-2 to None, run_after=None
[2026-05-23T11:46:38.398+0000] {processor.py:183} INFO - Processing /home/vscode/.local/lib/python3.11/site-packages/airflow/example_dags/example_subdag_operator.py took 0.067 seconds
[2026-05-23T11:47:18.269+0000] {processor.py:161} INFO - Started process (PID=15711) to work on /home/vscode/.local/lib/python3.11/site-packages/airflow/example_dags/example_subdag_operator.py
[2026-05-23T11:47:18.269+0000] {processor.py:830} INFO - Processing file /home/vscode/.local/lib/python3.11/site-packages/airflow/example_dags/example_subdag_operator.py for tasks to queue
[2026-05-23T11:47:18.270+0000] {logging_mixin.py:188} INFO - [2026-05-23T11:47:18.270+0000] {dagbag.py:545} INFO - Filling up the DagBag from /home/vscode/.local/lib/python3.11/site-packages/airflow/example_dags/example_subdag_operator.py
[2026-05-23T11:47:18.284+0000] {processor.py:840} INFO - DAG(s) 'example_subdag_operator.section-1', 'example_subdag_operator.section-2', 'example_subdag_operator' retrieved from /home/vscode/.local/lib/python3.11/site-packages/airflow/example_dags/example_subdag_operator.py
[2026-05-23T11:47:18.295+0000] {logging_mixin.py:188} INFO - [2026-05-23T11:47:18.295+0000] {dag.py:3096} INFO - Sync 3 DAGs
[2026-05-23T11:47:18.307+0000] {logging_mixin.py:188} INFO - [2026-05-23T11:47:18.307+0000] {dag.py:3954} INFO - Setting next_dagrun for example_subdag_operator to 2022-01-01 00:00:00+00:00, run_after=2022-01-01 00:00:00+00:00
[2026-05-23T11:47:18.309+0000] {logging_mixin.py:188} INFO - [2026-05-23T11:47:18.309+0000] {dag.py:3954} INFO - Setting next_dagrun for example_subdag_operator.section-1 to None, run_after=None
[2026-05-23T11:47:18.310+0000] {logging_mixin.py:188} INFO - [2026-05-23T11:47:18.310+0000] {dag.py:3954} INFO - Setting next_dagrun for example_subdag_operator.section-2 to None, run_after=None
[2026-05-23T11:47:18.314+0000] {logging_mixin.py:188} INFO - [2026-05-23T11:47:18.314+0000] {dag.py:3096} INFO - Sync 2 DAGs
[2026-05-23T11:47:18.316+0000] {logging_mixin.py:188} INFO - [2026-05-23T11:47:18.316+0000] {dag.py:3954} INFO - Setting next_dagrun for example_subdag_operator.section-1 to None, run_after=None
[2026-05-23T11:47:18.317+0000] {logging_mixin.py:188} INFO - [2026-05-23T11:47:18.317+0000] {dag.py:3954} INFO - Setting next_dagrun for example_subdag_operator.section-2 to None, run_after=None
[2026-05-23T11:47:18.327+0000] {processor.py:183} INFO - Processing /home/vscode/.local/lib/python3.11/site-packages/airflow/example_dags/example_subdag_operator.py took 0.064 seconds
[2026-05-23T11:48:02.211+0000] {processor.py:161} INFO - Started process (PID=16118) to work on /home/vscode/.local/lib/python3.11/site-packages/airflow/example_dags/example_subdag_operator.py
[2026-05-23T11:48:02.212+0000] {processor.py:830} INFO - Processing file /home/vscode/.local/lib/python3.11/site-packages/airflow/example_dags/example_subdag_operator.py for tasks to queue
[2026-05-23T11:48:02.212+0000] {logging_mixin.py:188} INFO - [2026-05-23T11:48:02.212+0000] {dagbag.py:545} INFO - Filling up the DagBag from /home/vscode/.local/lib/python3.11/site-packages/airflow/example_dags/example_subdag_operator.py
[2026-05-23T11:48:02.226+0000] {processor.py:840} INFO - DAG(s) 'example_subdag_operator.section-1', 'example_subdag_operator.section-2', 'example_subdag_operator' retrieved from /home/vscode/.local/lib/python3.11/site-packages/airflow/example_dags/example_subdag_operator.py
[2026-05-23T11:48:02.237+0000] {logging_mixin.py:188} INFO - [2026-05-23T11:48:02.236+0000] {dag.py:3096} INFO - Sync 3 DAGs
[2026-05-23T11:48:02.250+0000] {logging_mixin.py:188} INFO - [2026-05-23T11:48:02.250+0000] {dag.py:3954} INFO - Setting next_dagrun for example_subdag_operator to 2022-01-01 00:00:00+00:00, run_after=2022-01-01 00:00:00+00:00
[2026-05-23T11:48:02.252+0000] {logging_mixin.py:188} INFO - [2026-05-23T11:48:02.252+0000] {dag.py:3954} INFO - Setting next_dagrun for example_subdag_operator.section-1 to None, run_after=None
[2026-05-23T11:48:02.252+0000] {logging_mixin.py:188} INFO - [2026-05-23T11:48:02.252+0000] {dag.py:3954} INFO - Setting next_dagrun for example_subdag_operator.section-2 to None, run_after=None
[2026-05-23T11:48:02.256+0000] {logging_mixin.py:188} INFO - [2026-05-23T11:48:02.256+0000] {dag.py:3096} INFO - Sync 2 DAGs
[2026-05-23T11:48:02.259+0000] {logging_mixin.py:188} INFO - [2026-05-23T11:48:02.259+0000] {dag.py:3954} INFO - Setting next_dagrun for example_subdag_operator.section-1 to None, run_after=None
[2026-05-23T11:48:02.259+0000] {logging_mixin.py:188} INFO - [2026-05-23T11:48:02.259+0000] {dag.py:3954} INFO - Setting next_dagrun for example_subdag_operator.section-2 to None, run_after=None
[2026-05-23T11:48:02.269+0000] {processor.py:183} INFO - Processing /home/vscode/.local/lib/python3.11/site-packages/airflow/example_dags/example_subdag_operator.py took 0.065 seconds
[2026-05-23T11:48:44.803+0000] {processor.py:161} INFO - Started process (PID=16515) to work on /home/vscode/.local/lib/python3.11/site-packages/airflow/example_dags/example_subdag_operator.py
[2026-05-23T11:48:44.803+0000] {processor.py:830} INFO - Processing file /home/vscode/.local/lib/python3.11/site-packages/airflow/example_dags/example_subdag_operator.py for tasks to queue
[2026-05-23T11:48:44.804+0000] {logging_mixin.py:188} INFO - [2026-05-23T11:48:44.804+0000] {dagbag.py:545} INFO - Filling up the DagBag from /home/vscode/.local/lib/python3.11/site-packages/airflow/example_dags/example_subdag_operator.py
[2026-05-23T11:48:44.819+0000] {processor.py:840} INFO - DAG(s) 'example_subdag_operator.section-1', 'example_subdag_operator.section-2', 'example_subdag_operator' retrieved from /home/vscode/.local/lib/python3.11/site-packages/airflow/example_dags/example_subdag_operator.py
[2026-05-23T11:48:44.830+0000] {logging_mixin.py:188} INFO - [2026-05-23T11:48:44.830+0000] {dag.py:3096} INFO - Sync 3 DAGs
[2026-05-23T11:48:44.844+0000] {logging_mixin.py:188} INFO - [2026-05-23T11:48:44.843+0000] {dag.py:3954} INFO - Setting next_dagrun for example_subdag_operator to 2022-01-01 00:00:00+00:00, run_after=2022-01-01 00:00:00+00:00
[2026-05-23T11:48:44.846+0000] {logging_mixin.py:188} INFO - [2026-05-23T11:48:44.846+0000] {dag.py:3954} INFO - Setting next_dagrun for example_subdag_operator.section-1 to None, run_after=None
[2026-05-23T11:48:44.846+0000] {logging_mixin.py:188} INFO - [2026-05-23T11:48:44.846+0000] {dag.py:3954} INFO - Setting next_dagrun for example_subdag_operator.section-2 to None, run_after=None
[2026-05-23T11:48:44.851+0000] {logging_mixin.py:188} INFO - [2026-05-23T11:48:44.850+0000] {dag.py:3096} INFO - Sync 2 DAGs
[2026-05-23T11:48:44.853+0000] {logging_mixin.py:188} INFO - [2026-05-23T11:48:44.853+0000] {dag.py:3954} INFO - Setting next_dagrun for example_subdag_operator.section-1 to None, run_after=None
[2026-05-23T11:48:44.853+0000] {logging_mixin.py:188} INFO - [2026-05-23T11:48:44.853+0000] {dag.py:3954} INFO - Setting next_dagrun for example_subdag_operator.section-2 to None, run_after=None
[2026-05-23T11:48:44.864+0000] {processor.py:183} INFO - Processing /home/vscode/.local/lib/python3.11/site-packages/airflow/example_dags/example_subdag_operator.py took 0.067 seconds
[2026-05-23T11:49:25.585+0000] {processor.py:161} INFO - Started process (PID=16959) to work on /home/vscode/.local/lib/python3.11/site-packages/airflow/example_dags/example_subdag_operator.py
[2026-05-23T11:49:25.585+0000] {processor.py:830} INFO - Processing file /home/vscode/.local/lib/python3.11/site-packages/airflow/example_dags/example_subdag_operator.py for tasks to queue
[2026-05-23T11:49:25.586+0000] {logging_mixin.py:188} INFO - [2026-05-23T11:49:25.586+0000] {dagbag.py:545} INFO - Filling up the DagBag from /home/vscode/.local/lib/python3.11/site-packages/airflow/example_dags/example_subdag_operator.py
[2026-05-23T11:49:25.601+0000] {processor.py:840} INFO - DAG(s) 'example_subdag_operator.section-1', 'example_subdag_operator.section-2', 'example_subdag_operator' retrieved from /home/vscode/.local/lib/python3.11/site-packages/airflow/example_dags/example_subdag_operator.py
[2026-05-23T11:49:25.612+0000] {logging_mixin.py:188} INFO - [2026-05-23T11:49:25.611+0000] {dag.py:3096} INFO - Sync 3 DAGs
[2026-05-23T11:49:25.624+0000] {logging_mixin.py:188} INFO - [2026-05-23T11:49:25.624+0000] {dag.py:3954} INFO - Setting next_dagrun for example_subdag_operator to 2022-01-01 00:00:00+00:00, run_after=2022-01-01 00:00:00+00:00
[2026-05-23T11:49:25.627+0000] {logging_mixin.py:188} INFO - [2026-05-23T11:49:25.626+0000] {dag.py:3954} INFO - Setting next_dagrun for example_subdag_operator.section-1 to None, run_after=None
[2026-05-23T11:49:25.627+0000] {logging_mixin.py:188} INFO - [2026-05-23T11:49:25.627+0000] {dag.py:3954} INFO - Setting next_dagrun for example_subdag_operator.section-2 to None, run_after=None
[2026-05-23T11:49:25.631+0000] {logging_mixin.py:188} INFO - [2026-05-23T11:49:25.631+0000] {dag.py:3096} INFO - Sync 2 DAGs
[2026-05-23T11:49:25.634+0000] {logging_mixin.py:188} INFO - [2026-05-23T11:49:25.634+0000] {dag.py:3954} INFO - Setting next_dagrun for example_subdag_operator.section-1 to None, run_after=None
[2026-05-23T11:49:25.634+0000] {logging_mixin.py:188} INFO - [2026-05-23T11:49:25.634+0000] {dag.py:3954} INFO - Setting next_dagrun for example_subdag_operator.section-2 to None, run_after=None
[2026-05-23T11:49:25.644+0000] {processor.py:183} INFO - Processing /home/vscode/.local/lib/python3.11/site-packages/airflow/example_dags/example_subdag_operator.py took 0.066 seconds
[2026-05-23T11:50:08.787+0000] {processor.py:161} INFO - Started process (PID=17599) to work on /home/vscode/.local/lib/python3.11/site-packages/airflow/example_dags/example_subdag_operator.py
[2026-05-23T11:50:08.788+0000] {processor.py:830} INFO - Processing file /home/vscode/.local/lib/python3.11/site-packages/airflow/example_dags/example_subdag_operator.py for tasks to queue
[2026-05-23T11:50:08.788+0000] {logging_mixin.py:188} INFO - [2026-05-23T11:50:08.788+0000] {dagbag.py:545} INFO - Filling up the DagBag from /home/vscode/.local/lib/python3.11/site-packages/airflow/example_dags/example_subdag_operator.py
[2026-05-23T11:50:08.809+0000] {processor.py:840} INFO - DAG(s) 'example_subdag_operator.section-1', 'example_subdag_operator.section-2', 'example_subdag_operator' retrieved from /home/vscode/.local/lib/python3.11/site-packages/airflow/example_dags/example_subdag_operator.py
[2026-05-23T11:50:08.822+0000] {logging_mixin.py:188} INFO - [2026-05-23T11:50:08.822+0000] {dag.py:3096} INFO - Sync 3 DAGs
[2026-05-23T11:50:08.839+0000] {logging_mixin.py:188} INFO - [2026-05-23T11:50:08.838+0000] {dag.py:3954} INFO - Setting next_dagrun for example_subdag_operator to 2022-01-01 00:00:00+00:00, run_after=2022-01-01 00:00:00+00:00
[2026-05-23T11:50:08.842+0000] {logging_mixin.py:188} INFO - [2026-05-23T11:50:08.842+0000] {dag.py:3954} INFO - Setting next_dagrun for example_subdag_operator.section-1 to None, run_after=None
[2026-05-23T11:50:08.843+0000] {logging_mixin.py:188} INFO - [2026-05-23T11:50:08.842+0000] {dag.py:3954} INFO - Setting next_dagrun for example_subdag_operator.section-2 to None, run_after=None
[2026-05-23T11:50:08.849+0000] {logging_mixin.py:188} INFO - [2026-05-23T11:50:08.849+0000] {dag.py:3096} INFO - Sync 2 DAGs
[2026-05-23T11:50:08.853+0000] {logging_mixin.py:188} INFO - [2026-05-23T11:50:08.853+0000] {dag.py:3954} INFO - Setting next_dagrun for example_subdag_operator.section-1 to None, run_after=None
[2026-05-23T11:50:08.853+0000] {logging_mixin.py:188} INFO - [2026-05-23T11:50:08.853+0000] {dag.py:3954} INFO - Setting next_dagrun for example_subdag_operator.section-2 to None, run_after=None
[2026-05-23T11:50:08.870+0000] {processor.py:183} INFO - Processing /home/vscode/.local/lib/python3.11/site-packages/airflow/example_dags/example_subdag_operator.py took 0.090 seconds
[2026-05-23T11:50:50.256+0000] {processor.py:161} INFO - Started process (PID=18275) to work on /home/vscode/.local/lib/python3.11/site-packages/airflow/example_dags/example_subdag_operator.py
[2026-05-23T11:50:50.256+0000] {processor.py:830} INFO - Processing file /home/vscode/.local/lib/python3.11/site-packages/airflow/example_dags/example_subdag_operator.py for tasks to queue
[2026-05-23T11:50:50.257+0000] {logging_mixin.py:188} INFO - [2026-05-23T11:50:50.257+0000] {dagbag.py:545} INFO - Filling up the DagBag from /home/vscode/.local/lib/python3.11/site-packages/airflow/example_dags/example_subdag_operator.py
[2026-05-23T11:50:50.271+0000] {processor.py:840} INFO - DAG(s) 'example_subdag_operator.section-1', 'example_subdag_operator.section-2', 'example_subdag_operator' retrieved from /home/vscode/.local/lib/python3.11/site-packages/airflow/example_dags/example_subdag_operator.py
[2026-05-23T11:50:50.283+0000] {logging_mixin.py:188} INFO - [2026-05-23T11:50:50.282+0000] {dag.py:3096} INFO - Sync 3 DAGs
[2026-05-23T11:50:50.296+0000] {logging_mixin.py:188} INFO - [2026-05-23T11:50:50.296+0000] {dag.py:3954} INFO - Setting next_dagrun for example_subdag_operator to 2022-01-01 00:00:00+00:00, run_after=2022-01-01 00:00:00+00:00
[2026-05-23T11:50:50.299+0000] {logging_mixin.py:188} INFO - [2026-05-23T11:50:50.299+0000] {dag.py:3954} INFO - Setting next_dagrun for example_subdag_operator.section-1 to None, run_after=None
[2026-05-23T11:50:50.300+0000] {logging_mixin.py:188} INFO - [2026-05-23T11:50:50.300+0000] {dag.py:3954} INFO - Setting next_dagrun for example_subdag_operator.section-2 to None, run_after=None
[2026-05-23T11:50:50.304+0000] {logging_mixin.py:188} INFO - [2026-05-23T11:50:50.304+0000] {dag.py:3096} INFO - Sync 2 DAGs
[2026-05-23T11:50:50.307+0000] {logging_mixin.py:188} INFO - [2026-05-23T11:50:50.307+0000] {dag.py:3954} INFO - Setting next_dagrun for example_subdag_operator.section-1 to None, run_after=None
[2026-05-23T11:50:50.307+0000] {logging_mixin.py:188} INFO - [2026-05-23T11:50:50.307+0000] {dag.py:3954} INFO - Setting next_dagrun for example_subdag_operator.section-2 to None, run_after=None
[2026-05-23T11:50:50.317+0000] {processor.py:183} INFO - Processing /home/vscode/.local/lib/python3.11/site-packages/airflow/example_dags/example_subdag_operator.py took 0.068 seconds
[2026-05-23T11:51:30.779+0000] {processor.py:161} INFO - Started process (PID=18703) to work on /home/vscode/.local/lib/python3.11/site-packages/airflow/example_dags/example_subdag_operator.py
[2026-05-23T11:51:30.780+0000] {processor.py:830} INFO - Processing file /home/vscode/.local/lib/python3.11/site-packages/airflow/example_dags/example_subdag_operator.py for tasks to queue
[2026-05-23T11:51:30.780+0000] {logging_mixin.py:188} INFO - [2026-05-23T11:51:30.780+0000] {dagbag.py:545} INFO - Filling up the DagBag from /home/vscode/.local/lib/python3.11/site-packages/airflow/example_dags/example_subdag_operator.py
[2026-05-23T11:51:30.795+0000] {processor.py:840} INFO - DAG(s) 'example_subdag_operator.section-1', 'example_subdag_operator.section-2', 'example_subdag_operator' retrieved from /home/vscode/.local/lib/python3.11/site-packages/airflow/example_dags/example_subdag_operator.py
[2026-05-23T11:51:30.807+0000] {logging_mixin.py:188} INFO - [2026-05-23T11:51:30.807+0000] {dag.py:3096} INFO - Sync 3 DAGs
[2026-05-23T11:51:30.821+0000] {logging_mixin.py:188} INFO - [2026-05-23T11:51:30.821+0000] {dag.py:3954} INFO - Setting next_dagrun for example_subdag_operator to 2022-01-01 00:00:00+00:00, run_after=2022-01-01 00:00:00+00:00
[2026-05-23T11:51:30.823+0000] {logging_mixin.py:188} INFO - [2026-05-23T11:51:30.823+0000] {dag.py:3954} INFO - Setting next_dagrun for example_subdag_operator.section-1 to None, run_after=None
[2026-05-23T11:51:30.824+0000] {logging_mixin.py:188} INFO - [2026-05-23T11:51:30.824+0000] {dag.py:3954} INFO - Setting next_dagrun for example_subdag_operator.section-2 to None, run_after=None
[2026-05-23T11:51:30.828+0000] {logging_mixin.py:188} INFO - [2026-05-23T11:51:30.828+0000] {dag.py:3096} INFO - Sync 2 DAGs
[2026-05-23T11:51:30.831+0000] {logging_mixin.py:188} INFO - [2026-05-23T11:51:30.831+0000] {dag.py:3954} INFO - Setting next_dagrun for example_subdag_operator.section-1 to None, run_after=None
[2026-05-23T11:51:30.832+0000] {logging_mixin.py:188} INFO - [2026-05-23T11:51:30.832+0000] {dag.py:3954} INFO - Setting next_dagrun for example_subdag_operator.section-2 to None, run_after=None
[2026-05-23T11:51:30.845+0000] {processor.py:183} INFO - Processing /home/vscode/.local/lib/python3.11/site-packages/airflow/example_dags/example_subdag_operator.py took 0.072 seconds
[2026-05-23T11:52:11.366+0000] {processor.py:161} INFO - Started process (PID=19047) to work on /home/vscode/.local/lib/python3.11/site-packages/airflow/example_dags/example_subdag_operator.py
[2026-05-23T11:52:11.369+0000] {processor.py:830} INFO - Processing file /home/vscode/.local/lib/python3.11/site-packages/airflow/example_dags/example_subdag_operator.py for tasks to queue
[2026-05-23T11:52:11.370+0000] {logging_mixin.py:188} INFO - [2026-05-23T11:52:11.370+0000] {dagbag.py:545} INFO - Filling up the DagBag from /home/vscode/.local/lib/python3.11/site-packages/airflow/example_dags/example_subdag_operator.py
[2026-05-23T11:52:11.395+0000] {processor.py:840} INFO - DAG(s) 'example_subdag_operator.section-1', 'example_subdag_operator.section-2', 'example_subdag_operator' retrieved from /home/vscode/.local/lib/python3.11/site-packages/airflow/example_dags/example_subdag_operator.py
[2026-05-23T11:52:11.410+0000] {logging_mixin.py:188} INFO - [2026-05-23T11:52:11.410+0000] {dag.py:3096} INFO - Sync 3 DAGs
[2026-05-23T11:52:11.425+0000] {logging_mixin.py:188} INFO - [2026-05-23T11:52:11.424+0000] {dag.py:3954} INFO - Setting next_dagrun for example_subdag_operator to 2022-01-01 00:00:00+00:00, run_after=2022-01-01 00:00:00+00:00
[2026-05-23T11:52:11.427+0000] {logging_mixin.py:188} INFO - [2026-05-23T11:52:11.427+0000] {dag.py:3954} INFO - Setting next_dagrun for example_subdag_operator.section-1 to None, run_after=None
[2026-05-23T11:52:11.427+0000] {logging_mixin.py:188} INFO - [2026-05-23T11:52:11.427+0000] {dag.py:3954} INFO - Setting next_dagrun for example_subdag_operator.section-2 to None, run_after=None
[2026-05-23T11:52:11.432+0000] {logging_mixin.py:188} INFO - [2026-05-23T11:52:11.431+0000] {dag.py:3096} INFO - Sync 2 DAGs
[2026-05-23T11:52:11.434+0000] {logging_mixin.py:188} INFO - [2026-05-23T11:52:11.434+0000] {dag.py:3954} INFO - Setting next_dagrun for example_subdag_operator.section-1 to None, run_after=None
[2026-05-23T11:52:11.435+0000] {logging_mixin.py:188} INFO - [2026-05-23T11:52:11.435+0000] {dag.py:3954} INFO - Setting next_dagrun for example_subdag_operator.section-2 to None, run_after=None
[2026-05-23T11:52:11.445+0000] {processor.py:183} INFO - Processing /home/vscode/.local/lib/python3.11/site-packages/airflow/example_dags/example_subdag_operator.py took 0.091 seconds
[2026-05-23T11:52:51.810+0000] {processor.py:161} INFO - Started process (PID=19491) to work on /home/vscode/.local/lib/python3.11/site-packages/airflow/example_dags/example_subdag_operator.py
[2026-05-23T11:52:51.811+0000] {processor.py:830} INFO - Processing file /home/vscode/.local/lib/python3.11/site-packages/airflow/example_dags/example_subdag_operator.py for tasks to queue
[2026-05-23T11:52:51.812+0000] {logging_mixin.py:188} INFO - [2026-05-23T11:52:51.811+0000] {dagbag.py:545} INFO - Filling up the DagBag from /home/vscode/.local/lib/python3.11/site-packages/airflow/example_dags/example_subdag_operator.py
[2026-05-23T11:52:51.828+0000] {processor.py:840} INFO - DAG(s) 'example_subdag_operator.section-1', 'example_subdag_operator.section-2', 'example_subdag_operator' retrieved from /home/vscode/.local/lib/python3.11/site-packages/airflow/example_dags/example_subdag_operator.py
[2026-05-23T11:52:51.838+0000] {logging_mixin.py:188} INFO - [2026-05-23T11:52:51.838+0000] {dag.py:3096} INFO - Sync 3 DAGs
[2026-05-23T11:52:51.852+0000] {logging_mixin.py:188} INFO - [2026-05-23T11:52:51.852+0000] {dag.py:3954} INFO - Setting next_dagrun for example_subdag_operator to 2022-01-01 00:00:00+00:00, run_after=2022-01-01 00:00:00+00:00
[2026-05-23T11:52:51.855+0000] {logging_mixin.py:188} INFO - [2026-05-23T11:52:51.855+0000] {dag.py:3954} INFO - Setting next_dagrun for example_subdag_operator.section-1 to None, run_after=None
[2026-05-23T11:52:51.855+0000] {logging_mixin.py:188} INFO - [2026-05-23T11:52:51.855+0000] {dag.py:3954} INFO - Setting next_dagrun for example_subdag_operator.section-2 to None, run_after=None
[2026-05-23T11:52:51.859+0000] {logging_mixin.py:188} INFO - [2026-05-23T11:52:51.859+0000] {dag.py:3096} INFO - Sync 2 DAGs
[2026-05-23T11:52:51.862+0000] {logging_mixin.py:188} INFO - [2026-05-23T11:52:51.862+0000] {dag.py:3954} INFO - Setting next_dagrun for example_subdag_operator.section-1 to None, run_after=None
[2026-05-23T11:52:51.862+0000] {logging_mixin.py:188} INFO - [2026-05-23T11:52:51.862+0000] {dag.py:3954} INFO - Setting next_dagrun for example_subdag_operator.section-2 to None, run_after=None
[2026-05-23T11:52:51.874+0000] {processor.py:183} INFO - Processing /home/vscode/.local/lib/python3.11/site-packages/airflow/example_dags/example_subdag_operator.py took 0.073 seconds
[2026-05-23T11:53:50.107+0000] {processor.py:161} INFO - Started process (PID=20182) to work on /home/vscode/.local/lib/python3.11/site-packages/airflow/example_dags/example_subdag_operator.py
[2026-05-23T11:53:50.108+0000] {processor.py:830} INFO - Processing file /home/vscode/.local/lib/python3.11/site-packages/airflow/example_dags/example_subdag_operator.py for tasks to queue
[2026-05-23T11:53:50.108+0000] {logging_mixin.py:188} INFO - [2026-05-23T11:53:50.108+0000] {dagbag.py:545} INFO - Filling up the DagBag from /home/vscode/.local/lib/python3.11/site-packages/airflow/example_dags/example_subdag_operator.py
[2026-05-23T11:53:50.122+0000] {processor.py:840} INFO - DAG(s) 'example_subdag_operator.section-1', 'example_subdag_operator.section-2', 'example_subdag_operator' retrieved from /home/vscode/.local/lib/python3.11/site-packages/airflow/example_dags/example_subdag_operator.py
[2026-05-23T11:53:50.133+0000] {logging_mixin.py:188} INFO - [2026-05-23T11:53:50.133+0000] {dag.py:3096} INFO - Sync 3 DAGs
[2026-05-23T11:53:50.146+0000] {logging_mixin.py:188} INFO - [2026-05-23T11:53:50.145+0000] {dag.py:3954} INFO - Setting next_dagrun for example_subdag_operator to 2022-01-01 00:00:00+00:00, run_after=2022-01-01 00:00:00+00:00
[2026-05-23T11:53:50.148+0000] {logging_mixin.py:188} INFO - [2026-05-23T11:53:50.147+0000] {dag.py:3954} INFO - Setting next_dagrun for example_subdag_operator.section-1 to None, run_after=None
[2026-05-23T11:53:50.148+0000] {logging_mixin.py:188} INFO - [2026-05-23T11:53:50.148+0000] {dag.py:3954} INFO - Setting next_dagrun for example_subdag_operator.section-2 to None, run_after=None
[2026-05-23T11:53:50.152+0000] {logging_mixin.py:188} INFO - [2026-05-23T11:53:50.152+0000] {dag.py:3096} INFO - Sync 2 DAGs
[2026-05-23T11:53:50.155+0000] {logging_mixin.py:188} INFO - [2026-05-23T11:53:50.155+0000] {dag.py:3954} INFO - Setting next_dagrun for example_subdag_operator.section-1 to None, run_after=None
[2026-05-23T11:53:50.155+0000] {logging_mixin.py:188} INFO - [2026-05-23T11:53:50.155+0000] {dag.py:3954} INFO - Setting next_dagrun for example_subdag_operator.section-2 to None, run_after=None
[2026-05-23T11:53:50.166+0000] {processor.py:183} INFO - Processing /home/vscode/.local/lib/python3.11/site-packages/airflow/example_dags/example_subdag_operator.py took 0.065 seconds
[2026-05-23T11:54:34.693+0000] {processor.py:161} INFO - Started process (PID=20872) to work on /home/vscode/.local/lib/python3.11/site-packages/airflow/example_dags/example_subdag_operator.py
[2026-05-23T11:54:34.694+0000] {processor.py:830} INFO - Processing file /home/vscode/.local/lib/python3.11/site-packages/airflow/example_dags/example_subdag_operator.py for tasks to queue
[2026-05-23T11:54:34.695+0000] {logging_mixin.py:188} INFO - [2026-05-23T11:54:34.695+0000] {dagbag.py:545} INFO - Filling up the DagBag from /home/vscode/.local/lib/python3.11/site-packages/airflow/example_dags/example_subdag_operator.py
[2026-05-23T11:54:34.716+0000] {processor.py:840} INFO - DAG(s) 'example_subdag_operator.section-1', 'example_subdag_operator.section-2', 'example_subdag_operator' retrieved from /home/vscode/.local/lib/python3.11/site-packages/airflow/example_dags/example_subdag_operator.py
[2026-05-23T11:54:34.734+0000] {logging_mixin.py:188} INFO - [2026-05-23T11:54:34.734+0000] {dag.py:3096} INFO - Sync 3 DAGs
[2026-05-23T11:54:34.754+0000] {logging_mixin.py:188} INFO - [2026-05-23T11:54:34.754+0000] {dag.py:3954} INFO - Setting next_dagrun for example_subdag_operator to 2022-01-01 00:00:00+00:00, run_after=2022-01-01 00:00:00+00:00
[2026-05-23T11:54:34.757+0000] {logging_mixin.py:188} INFO - [2026-05-23T11:54:34.757+0000] {dag.py:3954} INFO - Setting next_dagrun for example_subdag_operator.section-1 to None, run_after=None
[2026-05-23T11:54:34.758+0000] {logging_mixin.py:188} INFO - [2026-05-23T11:54:34.758+0000] {dag.py:3954} INFO - Setting next_dagrun for example_subdag_operator.section-2 to None, run_after=None
[2026-05-23T11:54:34.765+0000] {logging_mixin.py:188} INFO - [2026-05-23T11:54:34.765+0000] {dag.py:3096} INFO - Sync 2 DAGs
[2026-05-23T11:54:34.769+0000] {logging_mixin.py:188} INFO - [2026-05-23T11:54:34.769+0000] {dag.py:3954} INFO - Setting next_dagrun for example_subdag_operator.section-1 to None, run_after=None
[2026-05-23T11:54:34.769+0000] {logging_mixin.py:188} INFO - [2026-05-23T11:54:34.769+0000] {dag.py:3954} INFO - Setting next_dagrun for example_subdag_operator.section-2 to None, run_after=None
[2026-05-23T11:54:34.790+0000] {processor.py:183} INFO - Processing /home/vscode/.local/lib/python3.11/site-packages/airflow/example_dags/example_subdag_operator.py took 0.106 seconds
[2026-05-23T11:55:22.876+0000] {processor.py:161} INFO - Started process (PID=21503) to work on /home/vscode/.local/lib/python3.11/site-packages/airflow/example_dags/example_subdag_operator.py
[2026-05-23T11:55:22.880+0000] {processor.py:830} INFO - Processing file /home/vscode/.local/lib/python3.11/site-packages/airflow/example_dags/example_subdag_operator.py for tasks to queue
[2026-05-23T11:55:22.881+0000] {logging_mixin.py:188} INFO - [2026-05-23T11:55:22.881+0000] {dagbag.py:545} INFO - Filling up the DagBag from /home/vscode/.local/lib/python3.11/site-packages/airflow/example_dags/example_subdag_operator.py
[2026-05-23T11:55:22.933+0000] {processor.py:840} INFO - DAG(s) 'example_subdag_operator.section-1', 'example_subdag_operator.section-2', 'example_subdag_operator' retrieved from /home/vscode/.local/lib/python3.11/site-packages/airflow/example_dags/example_subdag_operator.py
[2026-05-23T11:55:22.955+0000] {logging_mixin.py:188} INFO - [2026-05-23T11:55:22.954+0000] {dag.py:3096} INFO - Sync 3 DAGs
[2026-05-23T11:55:22.996+0000] {logging_mixin.py:188} INFO - [2026-05-23T11:55:22.994+0000] {dag.py:3954} INFO - Setting next_dagrun for example_subdag_operator to 2022-01-01 00:00:00+00:00, run_after=2022-01-01 00:00:00+00:00
[2026-05-23T11:55:23.002+0000] {logging_mixin.py:188} INFO - [2026-05-23T11:55:23.002+0000] {dag.py:3954} INFO - Setting next_dagrun for example_subdag_operator.section-1 to None, run_after=None
[2026-05-23T11:55:23.004+0000] {logging_mixin.py:188} INFO - [2026-05-23T11:55:23.004+0000] {dag.py:3954} INFO - Setting next_dagrun for example_subdag_operator.section-2 to None, run_after=None
[2026-05-23T11:55:23.012+0000] {logging_mixin.py:188} INFO - [2026-05-23T11:55:23.012+0000] {dag.py:3096} INFO - Sync 2 DAGs
[2026-05-23T11:55:23.016+0000] {logging_mixin.py:188} INFO - [2026-05-23T11:55:23.016+0000] {dag.py:3954} INFO - Setting next_dagrun for example_subdag_operator.section-1 to None, run_after=None
[2026-05-23T11:55:23.017+0000] {logging_mixin.py:188} INFO - [2026-05-23T11:55:23.017+0000] {dag.py:3954} INFO - Setting next_dagrun for example_subdag_operator.section-2 to None, run_after=None
[2026-05-23T11:55:23.032+0000] {processor.py:183} INFO - Processing /home/vscode/.local/lib/python3.11/site-packages/airflow/example_dags/example_subdag_operator.py took 0.185 seconds
[2026-05-23T11:56:14.624+0000] {processor.py:161} INFO - Started process (PID=22134) to work on /home/vscode/.local/lib/python3.11/site-packages/airflow/example_dags/example_subdag_operator.py
[2026-05-23T11:56:14.625+0000] {processor.py:830} INFO - Processing file /home/vscode/.local/lib/python3.11/site-packages/airflow/example_dags/example_subdag_operator.py for tasks to queue
[2026-05-23T11:56:14.626+0000] {logging_mixin.py:188} INFO - [2026-05-23T11:56:14.625+0000] {dagbag.py:545} INFO - Filling up the DagBag from /home/vscode/.local/lib/python3.11/site-packages/airflow/example_dags/example_subdag_operator.py
[2026-05-23T11:56:14.647+0000] {processor.py:840} INFO - DAG(s) 'example_subdag_operator.section-1', 'example_subdag_operator.section-2', 'example_subdag_operator' retrieved from /home/vscode/.local/lib/python3.11/site-packages/airflow/example_dags/example_subdag_operator.py
[2026-05-23T11:56:14.665+0000] {logging_mixin.py:188} INFO - [2026-05-23T11:56:14.665+0000] {dag.py:3096} INFO - Sync 3 DAGs
[2026-05-23T11:56:14.685+0000] {logging_mixin.py:188} INFO - [2026-05-23T11:56:14.685+0000] {dag.py:3954} INFO - Setting next_dagrun for example_subdag_operator to 2022-01-01 00:00:00+00:00, run_after=2022-01-01 00:00:00+00:00
[2026-05-23T11:56:14.688+0000] {logging_mixin.py:188} INFO - [2026-05-23T11:56:14.688+0000] {dag.py:3954} INFO - Setting next_dagrun for example_subdag_operator.section-1 to None, run_after=None
[2026-05-23T11:56:14.689+0000] {logging_mixin.py:188} INFO - [2026-05-23T11:56:14.689+0000] {dag.py:3954} INFO - Setting next_dagrun for example_subdag_operator.section-2 to None, run_after=None
[2026-05-23T11:56:14.696+0000] {logging_mixin.py:188} INFO - [2026-05-23T11:56:14.696+0000] {dag.py:3096} INFO - Sync 2 DAGs
[2026-05-23T11:56:14.700+0000] {logging_mixin.py:188} INFO - [2026-05-23T11:56:14.700+0000] {dag.py:3954} INFO - Setting next_dagrun for example_subdag_operator.section-1 to None, run_after=None
[2026-05-23T11:56:14.701+0000] {logging_mixin.py:188} INFO - [2026-05-23T11:56:14.701+0000] {dag.py:3954} INFO - Setting next_dagrun for example_subdag_operator.section-2 to None, run_after=None
[2026-05-23T11:56:14.736+0000] {processor.py:183} INFO - Processing /home/vscode/.local/lib/python3.11/site-packages/airflow/example_dags/example_subdag_operator.py took 0.122 seconds
[2026-05-23T11:57:03.207+0000] {processor.py:161} INFO - Started process (PID=22703) to work on /home/vscode/.local/lib/python3.11/site-packages/airflow/example_dags/example_subdag_operator.py
[2026-05-23T11:57:03.208+0000] {processor.py:830} INFO - Processing file /home/vscode/.local/lib/python3.11/site-packages/airflow/example_dags/example_subdag_operator.py for tasks to queue
[2026-05-23T11:57:03.208+0000] {logging_mixin.py:188} INFO - [2026-05-23T11:57:03.208+0000] {dagbag.py:545} INFO - Filling up the DagBag from /home/vscode/.local/lib/python3.11/site-packages/airflow/example_dags/example_subdag_operator.py
[2026-05-23T11:57:03.231+0000] {processor.py:840} INFO - DAG(s) 'example_subdag_operator.section-1', 'example_subdag_operator.section-2', 'example_subdag_operator' retrieved from /home/vscode/.local/lib/python3.11/site-packages/airflow/example_dags/example_subdag_operator.py
[2026-05-23T11:57:03.248+0000] {logging_mixin.py:188} INFO - [2026-05-23T11:57:03.248+0000] {dag.py:3096} INFO - Sync 3 DAGs
[2026-05-23T11:57:03.273+0000] {logging_mixin.py:188} INFO - [2026-05-23T11:57:03.273+0000] {dag.py:3954} INFO - Setting next_dagrun for example_subdag_operator to 2022-01-01 00:00:00+00:00, run_after=2022-01-01 00:00:00+00:00
[2026-05-23T11:57:03.277+0000] {logging_mixin.py:188} INFO - [2026-05-23T11:57:03.277+0000] {dag.py:3954} INFO - Setting next_dagrun for example_subdag_operator.section-1 to None, run_after=None
[2026-05-23T11:57:03.281+0000] {logging_mixin.py:188} INFO - [2026-05-23T11:57:03.278+0000] {dag.py:3954} INFO - Setting next_dagrun for example_subdag_operator.section-2 to None, run_after=None
[2026-05-23T11:57:03.294+0000] {logging_mixin.py:188} INFO - [2026-05-23T11:57:03.294+0000] {dag.py:3096} INFO - Sync 2 DAGs
[2026-05-23T11:57:03.301+0000] {logging_mixin.py:188} INFO - [2026-05-23T11:57:03.301+0000] {dag.py:3954} INFO - Setting next_dagrun for example_subdag_operator.section-1 to None, run_after=None
[2026-05-23T11:57:03.304+0000] {logging_mixin.py:188} INFO - [2026-05-23T11:57:03.303+0000] {dag.py:3954} INFO - Setting next_dagrun for example_subdag_operator.section-2 to None, run_after=None
[2026-05-23T11:57:03.321+0000] {processor.py:183} INFO - Processing /home/vscode/.local/lib/python3.11/site-packages/airflow/example_dags/example_subdag_operator.py took 0.123 seconds
[2026-05-23T11:57:53.992+0000] {processor.py:161} INFO - Started process (PID=23170) to work on /home/vscode/.local/lib/python3.11/site-packages/airflow/example_dags/example_subdag_operator.py
[2026-05-23T11:57:53.993+0000] {processor.py:830} INFO - Processing file /home/vscode/.local/lib/python3.11/site-packages/airflow/example_dags/example_subdag_operator.py for tasks to queue
[2026-05-23T11:57:53.994+0000] {logging_mixin.py:188} INFO - [2026-05-23T11:57:53.993+0000] {dagbag.py:545} INFO - Filling up the DagBag from /home/vscode/.local/lib/python3.11/site-packages/airflow/example_dags/example_subdag_operator.py
[2026-05-23T11:57:54.015+0000] {processor.py:840} INFO - DAG(s) 'example_subdag_operator.section-1', 'example_subdag_operator.section-2', 'example_subdag_operator' retrieved from /home/vscode/.local/lib/python3.11/site-packages/airflow/example_dags/example_subdag_operator.py
[2026-05-23T11:57:54.033+0000] {logging_mixin.py:188} INFO - [2026-05-23T11:57:54.033+0000] {dag.py:3096} INFO - Sync 3 DAGs
[2026-05-23T11:57:54.053+0000] {logging_mixin.py:188} INFO - [2026-05-23T11:57:54.053+0000] {dag.py:3954} INFO - Setting next_dagrun for example_subdag_operator to 2022-01-01 00:00:00+00:00, run_after=2022-01-01 00:00:00+00:00
[2026-05-23T11:57:54.057+0000] {logging_mixin.py:188} INFO - [2026-05-23T11:57:54.056+0000] {dag.py:3954} INFO - Setting next_dagrun for example_subdag_operator.section-1 to None, run_after=None
[2026-05-23T11:57:54.058+0000] {logging_mixin.py:188} INFO - [2026-05-23T11:57:54.058+0000] {dag.py:3954} INFO - Setting next_dagrun for example_subdag_operator.section-2 to None, run_after=None
[2026-05-23T11:57:54.065+0000] {logging_mixin.py:188} INFO - [2026-05-23T11:57:54.065+0000] {dag.py:3096} INFO - Sync 2 DAGs
[2026-05-23T11:57:54.069+0000] {logging_mixin.py:188} INFO - [2026-05-23T11:57:54.069+0000] {dag.py:3954} INFO - Setting next_dagrun for example_subdag_operator.section-1 to None, run_after=None
[2026-05-23T11:57:54.069+0000] {logging_mixin.py:188} INFO - [2026-05-23T11:57:54.069+0000] {dag.py:3954} INFO - Setting next_dagrun for example_subdag_operator.section-2 to None, run_after=None
[2026-05-23T11:57:54.084+0000] {processor.py:183} INFO - Processing /home/vscode/.local/lib/python3.11/site-packages/airflow/example_dags/example_subdag_operator.py took 0.102 seconds
[2026-05-23T11:58:41.643+0000] {processor.py:161} INFO - Started process (PID=23695) to work on /home/vscode/.local/lib/python3.11/site-packages/airflow/example_dags/example_subdag_operator.py
[2026-05-23T11:58:41.644+0000] {processor.py:830} INFO - Processing file /home/vscode/.local/lib/python3.11/site-packages/airflow/example_dags/example_subdag_operator.py for tasks to queue
[2026-05-23T11:58:41.644+0000] {logging_mixin.py:188} INFO - [2026-05-23T11:58:41.644+0000] {dagbag.py:545} INFO - Filling up the DagBag from /home/vscode/.local/lib/python3.11/site-packages/airflow/example_dags/example_subdag_operator.py
[2026-05-23T11:58:41.645+0000] {processor.py:842} WARNING - No viable dags retrieved from /home/vscode/.local/lib/python3.11/site-packages/airflow/example_dags/example_subdag_operator.py
[2026-05-23T11:58:41.649+0000] {processor.py:183} INFO - Processing /home/vscode/.local/lib/python3.11/site-packages/airflow/example_dags/example_subdag_operator.py took 0.013 seconds
