[2026-05-23T11:26:30.557+0000] {processor.py:161} INFO - Started process (PID=2999) to work on /home/vscode/.local/lib/python3.11/site-packages/airflow/example_dags/tutorial_objectstorage.py
[2026-05-23T11:26:30.558+0000] {processor.py:830} INFO - Processing file /home/vscode/.local/lib/python3.11/site-packages/airflow/example_dags/tutorial_objectstorage.py for tasks to queue
[2026-05-23T11:26:30.559+0000] {logging_mixin.py:188} INFO - [2026-05-23T11:26:30.559+0000] {dagbag.py:545} INFO - Filling up the DagBag from /home/vscode/.local/lib/python3.11/site-packages/airflow/example_dags/tutorial_objectstorage.py
[2026-05-23T11:26:30.562+0000] {logging_mixin.py:188} INFO - [2026-05-23T11:26:30.561+0000] {dagbag.py:355} ERROR - Failed to import: /home/vscode/.local/lib/python3.11/site-packages/airflow/example_dags/tutorial_objectstorage.py
Traceback (most recent call last):
  File "/home/vscode/.local/lib/python3.11/site-packages/airflow/models/dagbag.py", line 351, in parse
    loader.exec_module(new_module)
  File "<frozen importlib._bootstrap_external>", line 940, in exec_module
  File "<frozen importlib._bootstrap>", line 241, in _call_with_frames_removed
  File "/home/vscode/.local/lib/python3.11/site-packages/airflow/example_dags/tutorial_objectstorage.py", line 46, in <module>
    base = ObjectStoragePath("s3://aws_default@airflow-tutorial-data/")
           ^^^^^^^^^^^^^^^^^^^^^^^^^^^^^^^^^^^^^^^^^^^^^^^^^^^^^^^^^^^^
  File "/home/vscode/.local/lib/python3.11/site-packages/upath/core.py", line 164, in __call__
    inst = cls.__new__(cls, *args, **kwargs)
           ^^^^^^^^^^^^^^^^^^^^^^^^^^^^^^^^^
  File "/home/vscode/.local/lib/python3.11/site-packages/upath/core.py", line 469, in __new__
    raise _IncompatibleProtocolError(msg)
TypeError: ObjectStoragePath(...) detected protocol s3 which is incompatible with ObjectStoragePath.
[2026-05-23T11:26:30.562+0000] {processor.py:842} WARNING - No viable dags retrieved from /home/vscode/.local/lib/python3.11/site-packages/airflow/example_dags/tutorial_objectstorage.py
[2026-05-23T11:26:30.579+0000] {processor.py:183} INFO - Processing /home/vscode/.local/lib/python3.11/site-packages/airflow/example_dags/tutorial_objectstorage.py took 0.027 seconds
[2026-05-23T11:27:26.146+0000] {processor.py:161} INFO - Started process (PID=3704) to work on /home/vscode/.local/lib/python3.11/site-packages/airflow/example_dags/tutorial_objectstorage.py
[2026-05-23T11:27:26.146+0000] {processor.py:830} INFO - Processing file /home/vscode/.local/lib/python3.11/site-packages/airflow/example_dags/tutorial_objectstorage.py for tasks to queue
[2026-05-23T11:27:26.147+0000] {logging_mixin.py:188} INFO - [2026-05-23T11:27:26.147+0000] {dagbag.py:545} INFO - Filling up the DagBag from /home/vscode/.local/lib/python3.11/site-packages/airflow/example_dags/tutorial_objectstorage.py
[2026-05-23T11:27:26.150+0000] {logging_mixin.py:188} INFO - [2026-05-23T11:27:26.149+0000] {dagbag.py:355} ERROR - Failed to import: /home/vscode/.local/lib/python3.11/site-packages/airflow/example_dags/tutorial_objectstorage.py
Traceback (most recent call last):
  File "/home/vscode/.local/lib/python3.11/site-packages/airflow/models/dagbag.py", line 351, in parse
    loader.exec_module(new_module)
  File "<frozen importlib._bootstrap_external>", line 940, in exec_module
  File "<frozen importlib._bootstrap>", line 241, in _call_with_frames_removed
  File "/home/vscode/.local/lib/python3.11/site-packages/airflow/example_dags/tutorial_objectstorage.py", line 46, in <module>
    base = ObjectStoragePath("s3://aws_default@airflow-tutorial-data/")
           ^^^^^^^^^^^^^^^^^^^^^^^^^^^^^^^^^^^^^^^^^^^^^^^^^^^^^^^^^^^^
  File "/home/vscode/.local/lib/python3.11/site-packages/upath/core.py", line 164, in __call__
    inst = cls.__new__(cls, *args, **kwargs)
           ^^^^^^^^^^^^^^^^^^^^^^^^^^^^^^^^^
  File "/home/vscode/.local/lib/python3.11/site-packages/upath/core.py", line 469, in __new__
    raise _IncompatibleProtocolError(msg)
TypeError: ObjectStoragePath(...) detected protocol s3 which is incompatible with ObjectStoragePath.
[2026-05-23T11:27:26.150+0000] {processor.py:842} WARNING - No viable dags retrieved from /home/vscode/.local/lib/python3.11/site-packages/airflow/example_dags/tutorial_objectstorage.py
[2026-05-23T11:27:26.164+0000] {processor.py:183} INFO - Processing /home/vscode/.local/lib/python3.11/site-packages/airflow/example_dags/tutorial_objectstorage.py took 0.024 seconds
[2026-05-23T11:28:20.912+0000] {processor.py:161} INFO - Started process (PID=4320) to work on /home/vscode/.local/lib/python3.11/site-packages/airflow/example_dags/tutorial_objectstorage.py
[2026-05-23T11:28:20.913+0000] {processor.py:830} INFO - Processing file /home/vscode/.local/lib/python3.11/site-packages/airflow/example_dags/tutorial_objectstorage.py for tasks to queue
[2026-05-23T11:28:20.913+0000] {logging_mixin.py:188} INFO - [2026-05-23T11:28:20.913+0000] {dagbag.py:545} INFO - Filling up the DagBag from /home/vscode/.local/lib/python3.11/site-packages/airflow/example_dags/tutorial_objectstorage.py
[2026-05-23T11:28:20.917+0000] {logging_mixin.py:188} INFO - [2026-05-23T11:28:20.915+0000] {dagbag.py:355} ERROR - Failed to import: /home/vscode/.local/lib/python3.11/site-packages/airflow/example_dags/tutorial_objectstorage.py
Traceback (most recent call last):
  File "/home/vscode/.local/lib/python3.11/site-packages/airflow/models/dagbag.py", line 351, in parse
    loader.exec_module(new_module)
  File "<frozen importlib._bootstrap_external>", line 940, in exec_module
  File "<frozen importlib._bootstrap>", line 241, in _call_with_frames_removed
  File "/home/vscode/.local/lib/python3.11/site-packages/airflow/example_dags/tutorial_objectstorage.py", line 46, in <module>
    base = ObjectStoragePath("s3://aws_default@airflow-tutorial-data/")
           ^^^^^^^^^^^^^^^^^^^^^^^^^^^^^^^^^^^^^^^^^^^^^^^^^^^^^^^^^^^^
  File "/home/vscode/.local/lib/python3.11/site-packages/upath/core.py", line 164, in __call__
    inst = cls.__new__(cls, *args, **kwargs)
           ^^^^^^^^^^^^^^^^^^^^^^^^^^^^^^^^^
  File "/home/vscode/.local/lib/python3.11/site-packages/upath/core.py", line 469, in __new__
    raise _IncompatibleProtocolError(msg)
TypeError: ObjectStoragePath(...) detected protocol s3 which is incompatible with ObjectStoragePath.
[2026-05-23T11:28:20.917+0000] {processor.py:842} WARNING - No viable dags retrieved from /home/vscode/.local/lib/python3.11/site-packages/airflow/example_dags/tutorial_objectstorage.py
[2026-05-23T11:28:20.930+0000] {processor.py:183} INFO - Processing /home/vscode/.local/lib/python3.11/site-packages/airflow/example_dags/tutorial_objectstorage.py took 0.024 seconds
[2026-05-23T11:29:05.853+0000] {processor.py:161} INFO - Started process (PID=4703) to work on /home/vscode/.local/lib/python3.11/site-packages/airflow/example_dags/tutorial_objectstorage.py
[2026-05-23T11:29:05.853+0000] {processor.py:830} INFO - Processing file /home/vscode/.local/lib/python3.11/site-packages/airflow/example_dags/tutorial_objectstorage.py for tasks to queue
[2026-05-23T11:29:05.854+0000] {logging_mixin.py:188} INFO - [2026-05-23T11:29:05.854+0000] {dagbag.py:545} INFO - Filling up the DagBag from /home/vscode/.local/lib/python3.11/site-packages/airflow/example_dags/tutorial_objectstorage.py
[2026-05-23T11:29:05.857+0000] {logging_mixin.py:188} INFO - [2026-05-23T11:29:05.856+0000] {dagbag.py:355} ERROR - Failed to import: /home/vscode/.local/lib/python3.11/site-packages/airflow/example_dags/tutorial_objectstorage.py
Traceback (most recent call last):
  File "/home/vscode/.local/lib/python3.11/site-packages/airflow/models/dagbag.py", line 351, in parse
    loader.exec_module(new_module)
  File "<frozen importlib._bootstrap_external>", line 940, in exec_module
  File "<frozen importlib._bootstrap>", line 241, in _call_with_frames_removed
  File "/home/vscode/.local/lib/python3.11/site-packages/airflow/example_dags/tutorial_objectstorage.py", line 46, in <module>
    base = ObjectStoragePath("s3://aws_default@airflow-tutorial-data/")
           ^^^^^^^^^^^^^^^^^^^^^^^^^^^^^^^^^^^^^^^^^^^^^^^^^^^^^^^^^^^^
  File "/home/vscode/.local/lib/python3.11/site-packages/upath/core.py", line 164, in __call__
    inst = cls.__new__(cls, *args, **kwargs)
           ^^^^^^^^^^^^^^^^^^^^^^^^^^^^^^^^^
  File "/home/vscode/.local/lib/python3.11/site-packages/upath/core.py", line 469, in __new__
    raise _IncompatibleProtocolError(msg)
TypeError: ObjectStoragePath(...) detected protocol s3 which is incompatible with ObjectStoragePath.
[2026-05-23T11:29:05.858+0000] {processor.py:842} WARNING - No viable dags retrieved from /home/vscode/.local/lib/python3.11/site-packages/airflow/example_dags/tutorial_objectstorage.py
[2026-05-23T11:29:05.871+0000] {processor.py:183} INFO - Processing /home/vscode/.local/lib/python3.11/site-packages/airflow/example_dags/tutorial_objectstorage.py took 0.024 seconds
[2026-05-23T11:29:48.456+0000] {processor.py:161} INFO - Started process (PID=5100) to work on /home/vscode/.local/lib/python3.11/site-packages/airflow/example_dags/tutorial_objectstorage.py
[2026-05-23T11:29:48.457+0000] {processor.py:830} INFO - Processing file /home/vscode/.local/lib/python3.11/site-packages/airflow/example_dags/tutorial_objectstorage.py for tasks to queue
[2026-05-23T11:29:48.458+0000] {logging_mixin.py:188} INFO - [2026-05-23T11:29:48.457+0000] {dagbag.py:545} INFO - Filling up the DagBag from /home/vscode/.local/lib/python3.11/site-packages/airflow/example_dags/tutorial_objectstorage.py
[2026-05-23T11:29:48.462+0000] {logging_mixin.py:188} INFO - [2026-05-23T11:29:48.460+0000] {dagbag.py:355} ERROR - Failed to import: /home/vscode/.local/lib/python3.11/site-packages/airflow/example_dags/tutorial_objectstorage.py
Traceback (most recent call last):
  File "/home/vscode/.local/lib/python3.11/site-packages/airflow/models/dagbag.py", line 351, in parse
    loader.exec_module(new_module)
  File "<frozen importlib._bootstrap_external>", line 940, in exec_module
  File "<frozen importlib._bootstrap>", line 241, in _call_with_frames_removed
  File "/home/vscode/.local/lib/python3.11/site-packages/airflow/example_dags/tutorial_objectstorage.py", line 46, in <module>
    base = ObjectStoragePath("s3://aws_default@airflow-tutorial-data/")
           ^^^^^^^^^^^^^^^^^^^^^^^^^^^^^^^^^^^^^^^^^^^^^^^^^^^^^^^^^^^^
  File "/home/vscode/.local/lib/python3.11/site-packages/upath/core.py", line 164, in __call__
    inst = cls.__new__(cls, *args, **kwargs)
           ^^^^^^^^^^^^^^^^^^^^^^^^^^^^^^^^^
  File "/home/vscode/.local/lib/python3.11/site-packages/upath/core.py", line 469, in __new__
    raise _IncompatibleProtocolError(msg)
TypeError: ObjectStoragePath(...) detected protocol s3 which is incompatible with ObjectStoragePath.
[2026-05-23T11:29:48.463+0000] {processor.py:842} WARNING - No viable dags retrieved from /home/vscode/.local/lib/python3.11/site-packages/airflow/example_dags/tutorial_objectstorage.py
[2026-05-23T11:29:48.480+0000] {processor.py:183} INFO - Processing /home/vscode/.local/lib/python3.11/site-packages/airflow/example_dags/tutorial_objectstorage.py took 0.030 seconds
[2026-05-23T11:30:30.830+0000] {processor.py:161} INFO - Started process (PID=5547) to work on /home/vscode/.local/lib/python3.11/site-packages/airflow/example_dags/tutorial_objectstorage.py
[2026-05-23T11:30:30.831+0000] {processor.py:830} INFO - Processing file /home/vscode/.local/lib/python3.11/site-packages/airflow/example_dags/tutorial_objectstorage.py for tasks to queue
[2026-05-23T11:30:30.831+0000] {logging_mixin.py:188} INFO - [2026-05-23T11:30:30.831+0000] {dagbag.py:545} INFO - Filling up the DagBag from /home/vscode/.local/lib/python3.11/site-packages/airflow/example_dags/tutorial_objectstorage.py
[2026-05-23T11:30:30.835+0000] {logging_mixin.py:188} INFO - [2026-05-23T11:30:30.833+0000] {dagbag.py:355} ERROR - Failed to import: /home/vscode/.local/lib/python3.11/site-packages/airflow/example_dags/tutorial_objectstorage.py
Traceback (most recent call last):
  File "/home/vscode/.local/lib/python3.11/site-packages/airflow/models/dagbag.py", line 351, in parse
    loader.exec_module(new_module)
  File "<frozen importlib._bootstrap_external>", line 940, in exec_module
  File "<frozen importlib._bootstrap>", line 241, in _call_with_frames_removed
  File "/home/vscode/.local/lib/python3.11/site-packages/airflow/example_dags/tutorial_objectstorage.py", line 46, in <module>
    base = ObjectStoragePath("s3://aws_default@airflow-tutorial-data/")
           ^^^^^^^^^^^^^^^^^^^^^^^^^^^^^^^^^^^^^^^^^^^^^^^^^^^^^^^^^^^^
  File "/home/vscode/.local/lib/python3.11/site-packages/upath/core.py", line 164, in __call__
    inst = cls.__new__(cls, *args, **kwargs)
           ^^^^^^^^^^^^^^^^^^^^^^^^^^^^^^^^^
  File "/home/vscode/.local/lib/python3.11/site-packages/upath/core.py", line 469, in __new__
    raise _IncompatibleProtocolError(msg)
TypeError: ObjectStoragePath(...) detected protocol s3 which is incompatible with ObjectStoragePath.
[2026-05-23T11:30:30.835+0000] {processor.py:842} WARNING - No viable dags retrieved from /home/vscode/.local/lib/python3.11/site-packages/airflow/example_dags/tutorial_objectstorage.py
[2026-05-23T11:30:30.848+0000] {processor.py:183} INFO - Processing /home/vscode/.local/lib/python3.11/site-packages/airflow/example_dags/tutorial_objectstorage.py took 0.024 seconds
[2026-05-23T11:31:22.898+0000] {processor.py:161} INFO - Started process (PID=6030) to work on /home/vscode/.local/lib/python3.11/site-packages/airflow/example_dags/tutorial_objectstorage.py
[2026-05-23T11:31:22.899+0000] {processor.py:830} INFO - Processing file /home/vscode/.local/lib/python3.11/site-packages/airflow/example_dags/tutorial_objectstorage.py for tasks to queue
[2026-05-23T11:31:22.900+0000] {logging_mixin.py:188} INFO - [2026-05-23T11:31:22.899+0000] {dagbag.py:545} INFO - Filling up the DagBag from /home/vscode/.local/lib/python3.11/site-packages/airflow/example_dags/tutorial_objectstorage.py
[2026-05-23T11:31:22.903+0000] {logging_mixin.py:188} INFO - [2026-05-23T11:31:22.901+0000] {dagbag.py:355} ERROR - Failed to import: /home/vscode/.local/lib/python3.11/site-packages/airflow/example_dags/tutorial_objectstorage.py
Traceback (most recent call last):
  File "/home/vscode/.local/lib/python3.11/site-packages/airflow/models/dagbag.py", line 351, in parse
    loader.exec_module(new_module)
  File "<frozen importlib._bootstrap_external>", line 940, in exec_module
  File "<frozen importlib._bootstrap>", line 241, in _call_with_frames_removed
  File "/home/vscode/.local/lib/python3.11/site-packages/airflow/example_dags/tutorial_objectstorage.py", line 46, in <module>
    base = ObjectStoragePath("s3://aws_default@airflow-tutorial-data/")
           ^^^^^^^^^^^^^^^^^^^^^^^^^^^^^^^^^^^^^^^^^^^^^^^^^^^^^^^^^^^^
  File "/home/vscode/.local/lib/python3.11/site-packages/upath/core.py", line 164, in __call__
    inst = cls.__new__(cls, *args, **kwargs)
           ^^^^^^^^^^^^^^^^^^^^^^^^^^^^^^^^^
  File "/home/vscode/.local/lib/python3.11/site-packages/upath/core.py", line 469, in __new__
    raise _IncompatibleProtocolError(msg)
TypeError: ObjectStoragePath(...) detected protocol s3 which is incompatible with ObjectStoragePath.
[2026-05-23T11:31:22.903+0000] {processor.py:842} WARNING - No viable dags retrieved from /home/vscode/.local/lib/python3.11/site-packages/airflow/example_dags/tutorial_objectstorage.py
[2026-05-23T11:31:22.918+0000] {processor.py:183} INFO - Processing /home/vscode/.local/lib/python3.11/site-packages/airflow/example_dags/tutorial_objectstorage.py took 0.026 seconds
[2026-05-23T11:32:05.941+0000] {processor.py:161} INFO - Started process (PID=6415) to work on /home/vscode/.local/lib/python3.11/site-packages/airflow/example_dags/tutorial_objectstorage.py
[2026-05-23T11:32:05.943+0000] {processor.py:830} INFO - Processing file /home/vscode/.local/lib/python3.11/site-packages/airflow/example_dags/tutorial_objectstorage.py for tasks to queue
[2026-05-23T11:32:05.944+0000] {logging_mixin.py:188} INFO - [2026-05-23T11:32:05.943+0000] {dagbag.py:545} INFO - Filling up the DagBag from /home/vscode/.local/lib/python3.11/site-packages/airflow/example_dags/tutorial_objectstorage.py
[2026-05-23T11:32:05.949+0000] {logging_mixin.py:188} INFO - [2026-05-23T11:32:05.946+0000] {dagbag.py:355} ERROR - Failed to import: /home/vscode/.local/lib/python3.11/site-packages/airflow/example_dags/tutorial_objectstorage.py
Traceback (most recent call last):
  File "/home/vscode/.local/lib/python3.11/site-packages/airflow/models/dagbag.py", line 351, in parse
    loader.exec_module(new_module)
  File "<frozen importlib._bootstrap_external>", line 940, in exec_module
  File "<frozen importlib._bootstrap>", line 241, in _call_with_frames_removed
  File "/home/vscode/.local/lib/python3.11/site-packages/airflow/example_dags/tutorial_objectstorage.py", line 46, in <module>
    base = ObjectStoragePath("s3://aws_default@airflow-tutorial-data/")
           ^^^^^^^^^^^^^^^^^^^^^^^^^^^^^^^^^^^^^^^^^^^^^^^^^^^^^^^^^^^^
  File "/home/vscode/.local/lib/python3.11/site-packages/upath/core.py", line 164, in __call__
    inst = cls.__new__(cls, *args, **kwargs)
           ^^^^^^^^^^^^^^^^^^^^^^^^^^^^^^^^^
  File "/home/vscode/.local/lib/python3.11/site-packages/upath/core.py", line 469, in __new__
    raise _IncompatibleProtocolError(msg)
TypeError: ObjectStoragePath(...) detected protocol s3 which is incompatible with ObjectStoragePath.
[2026-05-23T11:32:05.949+0000] {processor.py:842} WARNING - No viable dags retrieved from /home/vscode/.local/lib/python3.11/site-packages/airflow/example_dags/tutorial_objectstorage.py
[2026-05-23T11:32:05.963+0000] {processor.py:183} INFO - Processing /home/vscode/.local/lib/python3.11/site-packages/airflow/example_dags/tutorial_objectstorage.py took 0.045 seconds
[2026-05-23T11:32:46.952+0000] {processor.py:161} INFO - Started process (PID=7271) to work on /home/vscode/.local/lib/python3.11/site-packages/airflow/example_dags/tutorial_objectstorage.py
[2026-05-23T11:32:46.979+0000] {processor.py:830} INFO - Processing file /home/vscode/.local/lib/python3.11/site-packages/airflow/example_dags/tutorial_objectstorage.py for tasks to queue
[2026-05-23T11:32:46.982+0000] {logging_mixin.py:188} INFO - [2026-05-23T11:32:46.980+0000] {dagbag.py:545} INFO - Filling up the DagBag from /home/vscode/.local/lib/python3.11/site-packages/airflow/example_dags/tutorial_objectstorage.py
[2026-05-23T11:32:46.990+0000] {logging_mixin.py:188} INFO - [2026-05-23T11:32:46.987+0000] {dagbag.py:355} ERROR - Failed to import: /home/vscode/.local/lib/python3.11/site-packages/airflow/example_dags/tutorial_objectstorage.py
Traceback (most recent call last):
  File "/home/vscode/.local/lib/python3.11/site-packages/airflow/models/dagbag.py", line 351, in parse
    loader.exec_module(new_module)
  File "<frozen importlib._bootstrap_external>", line 940, in exec_module
  File "<frozen importlib._bootstrap>", line 241, in _call_with_frames_removed
  File "/home/vscode/.local/lib/python3.11/site-packages/airflow/example_dags/tutorial_objectstorage.py", line 46, in <module>
    base = ObjectStoragePath("s3://aws_default@airflow-tutorial-data/")
           ^^^^^^^^^^^^^^^^^^^^^^^^^^^^^^^^^^^^^^^^^^^^^^^^^^^^^^^^^^^^
  File "/home/vscode/.local/lib/python3.11/site-packages/upath/core.py", line 164, in __call__
    inst = cls.__new__(cls, *args, **kwargs)
           ^^^^^^^^^^^^^^^^^^^^^^^^^^^^^^^^^
  File "/home/vscode/.local/lib/python3.11/site-packages/upath/core.py", line 469, in __new__
    raise _IncompatibleProtocolError(msg)
TypeError: ObjectStoragePath(...) detected protocol s3 which is incompatible with ObjectStoragePath.
[2026-05-23T11:32:46.992+0000] {processor.py:842} WARNING - No viable dags retrieved from /home/vscode/.local/lib/python3.11/site-packages/airflow/example_dags/tutorial_objectstorage.py
[2026-05-23T11:32:47.069+0000] {processor.py:183} INFO - Processing /home/vscode/.local/lib/python3.11/site-packages/airflow/example_dags/tutorial_objectstorage.py took 0.134 seconds
[2026-05-23T11:33:33.752+0000] {processor.py:161} INFO - Started process (PID=8365) to work on /home/vscode/.local/lib/python3.11/site-packages/airflow/example_dags/tutorial_objectstorage.py
[2026-05-23T11:33:33.753+0000] {processor.py:830} INFO - Processing file /home/vscode/.local/lib/python3.11/site-packages/airflow/example_dags/tutorial_objectstorage.py for tasks to queue
[2026-05-23T11:33:33.755+0000] {logging_mixin.py:188} INFO - [2026-05-23T11:33:33.754+0000] {dagbag.py:545} INFO - Filling up the DagBag from /home/vscode/.local/lib/python3.11/site-packages/airflow/example_dags/tutorial_objectstorage.py
[2026-05-23T11:33:33.759+0000] {logging_mixin.py:188} INFO - [2026-05-23T11:33:33.757+0000] {dagbag.py:355} ERROR - Failed to import: /home/vscode/.local/lib/python3.11/site-packages/airflow/example_dags/tutorial_objectstorage.py
Traceback (most recent call last):
  File "/home/vscode/.local/lib/python3.11/site-packages/airflow/models/dagbag.py", line 351, in parse
    loader.exec_module(new_module)
  File "<frozen importlib._bootstrap_external>", line 940, in exec_module
  File "<frozen importlib._bootstrap>", line 241, in _call_with_frames_removed
  File "/home/vscode/.local/lib/python3.11/site-packages/airflow/example_dags/tutorial_objectstorage.py", line 46, in <module>
    base = ObjectStoragePath("s3://aws_default@airflow-tutorial-data/")
           ^^^^^^^^^^^^^^^^^^^^^^^^^^^^^^^^^^^^^^^^^^^^^^^^^^^^^^^^^^^^
  File "/home/vscode/.local/lib/python3.11/site-packages/upath/core.py", line 164, in __call__
    inst = cls.__new__(cls, *args, **kwargs)
           ^^^^^^^^^^^^^^^^^^^^^^^^^^^^^^^^^
  File "/home/vscode/.local/lib/python3.11/site-packages/upath/core.py", line 469, in __new__
    raise _IncompatibleProtocolError(msg)
TypeError: ObjectStoragePath(...) detected protocol s3 which is incompatible with ObjectStoragePath.
[2026-05-23T11:33:33.759+0000] {processor.py:842} WARNING - No viable dags retrieved from /home/vscode/.local/lib/python3.11/site-packages/airflow/example_dags/tutorial_objectstorage.py
[2026-05-23T11:33:33.775+0000] {processor.py:183} INFO - Processing /home/vscode/.local/lib/python3.11/site-packages/airflow/example_dags/tutorial_objectstorage.py took 0.032 seconds
[2026-05-23T11:34:20.568+0000] {processor.py:161} INFO - Started process (PID=8598) to work on /home/vscode/.local/lib/python3.11/site-packages/airflow/example_dags/tutorial_objectstorage.py
[2026-05-23T11:34:20.569+0000] {processor.py:830} INFO - Processing file /home/vscode/.local/lib/python3.11/site-packages/airflow/example_dags/tutorial_objectstorage.py for tasks to queue
[2026-05-23T11:34:20.569+0000] {logging_mixin.py:188} INFO - [2026-05-23T11:34:20.569+0000] {dagbag.py:545} INFO - Filling up the DagBag from /home/vscode/.local/lib/python3.11/site-packages/airflow/example_dags/tutorial_objectstorage.py
[2026-05-23T11:34:20.572+0000] {logging_mixin.py:188} INFO - [2026-05-23T11:34:20.571+0000] {dagbag.py:355} ERROR - Failed to import: /home/vscode/.local/lib/python3.11/site-packages/airflow/example_dags/tutorial_objectstorage.py
Traceback (most recent call last):
  File "/home/vscode/.local/lib/python3.11/site-packages/airflow/models/dagbag.py", line 351, in parse
    loader.exec_module(new_module)
  File "<frozen importlib._bootstrap_external>", line 940, in exec_module
  File "<frozen importlib._bootstrap>", line 241, in _call_with_frames_removed
  File "/home/vscode/.local/lib/python3.11/site-packages/airflow/example_dags/tutorial_objectstorage.py", line 46, in <module>
    base = ObjectStoragePath("s3://aws_default@airflow-tutorial-data/")
           ^^^^^^^^^^^^^^^^^^^^^^^^^^^^^^^^^^^^^^^^^^^^^^^^^^^^^^^^^^^^
  File "/home/vscode/.local/lib/python3.11/site-packages/upath/core.py", line 164, in __call__
    inst = cls.__new__(cls, *args, **kwargs)
           ^^^^^^^^^^^^^^^^^^^^^^^^^^^^^^^^^
  File "/home/vscode/.local/lib/python3.11/site-packages/upath/core.py", line 469, in __new__
    raise _IncompatibleProtocolError(msg)
TypeError: ObjectStoragePath(...) detected protocol s3 which is incompatible with ObjectStoragePath.
[2026-05-23T11:34:20.573+0000] {processor.py:842} WARNING - No viable dags retrieved from /home/vscode/.local/lib/python3.11/site-packages/airflow/example_dags/tutorial_objectstorage.py
[2026-05-23T11:34:20.586+0000] {processor.py:183} INFO - Processing /home/vscode/.local/lib/python3.11/site-packages/airflow/example_dags/tutorial_objectstorage.py took 0.025 seconds
[2026-05-23T11:35:06.199+0000] {processor.py:161} INFO - Started process (PID=8979) to work on /home/vscode/.local/lib/python3.11/site-packages/airflow/example_dags/tutorial_objectstorage.py
[2026-05-23T11:35:06.199+0000] {processor.py:830} INFO - Processing file /home/vscode/.local/lib/python3.11/site-packages/airflow/example_dags/tutorial_objectstorage.py for tasks to queue
[2026-05-23T11:35:06.200+0000] {logging_mixin.py:188} INFO - [2026-05-23T11:35:06.200+0000] {dagbag.py:545} INFO - Filling up the DagBag from /home/vscode/.local/lib/python3.11/site-packages/airflow/example_dags/tutorial_objectstorage.py
[2026-05-23T11:35:06.203+0000] {logging_mixin.py:188} INFO - [2026-05-23T11:35:06.202+0000] {dagbag.py:355} ERROR - Failed to import: /home/vscode/.local/lib/python3.11/site-packages/airflow/example_dags/tutorial_objectstorage.py
Traceback (most recent call last):
  File "/home/vscode/.local/lib/python3.11/site-packages/airflow/models/dagbag.py", line 351, in parse
    loader.exec_module(new_module)
  File "<frozen importlib._bootstrap_external>", line 940, in exec_module
  File "<frozen importlib._bootstrap>", line 241, in _call_with_frames_removed
  File "/home/vscode/.local/lib/python3.11/site-packages/airflow/example_dags/tutorial_objectstorage.py", line 46, in <module>
    base = ObjectStoragePath("s3://aws_default@airflow-tutorial-data/")
           ^^^^^^^^^^^^^^^^^^^^^^^^^^^^^^^^^^^^^^^^^^^^^^^^^^^^^^^^^^^^
  File "/home/vscode/.local/lib/python3.11/site-packages/upath/core.py", line 164, in __call__
    inst = cls.__new__(cls, *args, **kwargs)
           ^^^^^^^^^^^^^^^^^^^^^^^^^^^^^^^^^
  File "/home/vscode/.local/lib/python3.11/site-packages/upath/core.py", line 469, in __new__
    raise _IncompatibleProtocolError(msg)
TypeError: ObjectStoragePath(...) detected protocol s3 which is incompatible with ObjectStoragePath.
[2026-05-23T11:35:06.204+0000] {processor.py:842} WARNING - No viable dags retrieved from /home/vscode/.local/lib/python3.11/site-packages/airflow/example_dags/tutorial_objectstorage.py
[2026-05-23T11:35:06.219+0000] {processor.py:183} INFO - Processing /home/vscode/.local/lib/python3.11/site-packages/airflow/example_dags/tutorial_objectstorage.py took 0.027 seconds
[2026-05-23T11:35:48.283+0000] {processor.py:161} INFO - Started process (PID=9299) to work on /home/vscode/.local/lib/python3.11/site-packages/airflow/example_dags/tutorial_objectstorage.py
[2026-05-23T11:35:48.283+0000] {processor.py:830} INFO - Processing file /home/vscode/.local/lib/python3.11/site-packages/airflow/example_dags/tutorial_objectstorage.py for tasks to queue
[2026-05-23T11:35:48.284+0000] {logging_mixin.py:188} INFO - [2026-05-23T11:35:48.284+0000] {dagbag.py:545} INFO - Filling up the DagBag from /home/vscode/.local/lib/python3.11/site-packages/airflow/example_dags/tutorial_objectstorage.py
[2026-05-23T11:35:48.287+0000] {logging_mixin.py:188} INFO - [2026-05-23T11:35:48.286+0000] {dagbag.py:355} ERROR - Failed to import: /home/vscode/.local/lib/python3.11/site-packages/airflow/example_dags/tutorial_objectstorage.py
Traceback (most recent call last):
  File "/home/vscode/.local/lib/python3.11/site-packages/airflow/models/dagbag.py", line 351, in parse
    loader.exec_module(new_module)
  File "<frozen importlib._bootstrap_external>", line 940, in exec_module
  File "<frozen importlib._bootstrap>", line 241, in _call_with_frames_removed
  File "/home/vscode/.local/lib/python3.11/site-packages/airflow/example_dags/tutorial_objectstorage.py", line 46, in <module>
    base = ObjectStoragePath("s3://aws_default@airflow-tutorial-data/")
           ^^^^^^^^^^^^^^^^^^^^^^^^^^^^^^^^^^^^^^^^^^^^^^^^^^^^^^^^^^^^
  File "/home/vscode/.local/lib/python3.11/site-packages/upath/core.py", line 164, in __call__
    inst = cls.__new__(cls, *args, **kwargs)
           ^^^^^^^^^^^^^^^^^^^^^^^^^^^^^^^^^
  File "/home/vscode/.local/lib/python3.11/site-packages/upath/core.py", line 469, in __new__
    raise _IncompatibleProtocolError(msg)
TypeError: ObjectStoragePath(...) detected protocol s3 which is incompatible with ObjectStoragePath.
[2026-05-23T11:35:48.288+0000] {processor.py:842} WARNING - No viable dags retrieved from /home/vscode/.local/lib/python3.11/site-packages/airflow/example_dags/tutorial_objectstorage.py
[2026-05-23T11:35:48.301+0000] {processor.py:183} INFO - Processing /home/vscode/.local/lib/python3.11/site-packages/airflow/example_dags/tutorial_objectstorage.py took 0.024 seconds
[2026-05-23T11:36:30.428+0000] {processor.py:161} INFO - Started process (PID=9727) to work on /home/vscode/.local/lib/python3.11/site-packages/airflow/example_dags/tutorial_objectstorage.py
[2026-05-23T11:36:30.428+0000] {processor.py:830} INFO - Processing file /home/vscode/.local/lib/python3.11/site-packages/airflow/example_dags/tutorial_objectstorage.py for tasks to queue
[2026-05-23T11:36:30.429+0000] {logging_mixin.py:188} INFO - [2026-05-23T11:36:30.429+0000] {dagbag.py:545} INFO - Filling up the DagBag from /home/vscode/.local/lib/python3.11/site-packages/airflow/example_dags/tutorial_objectstorage.py
[2026-05-23T11:36:30.432+0000] {logging_mixin.py:188} INFO - [2026-05-23T11:36:30.431+0000] {dagbag.py:355} ERROR - Failed to import: /home/vscode/.local/lib/python3.11/site-packages/airflow/example_dags/tutorial_objectstorage.py
Traceback (most recent call last):
  File "/home/vscode/.local/lib/python3.11/site-packages/airflow/models/dagbag.py", line 351, in parse
    loader.exec_module(new_module)
  File "<frozen importlib._bootstrap_external>", line 940, in exec_module
  File "<frozen importlib._bootstrap>", line 241, in _call_with_frames_removed
  File "/home/vscode/.local/lib/python3.11/site-packages/airflow/example_dags/tutorial_objectstorage.py", line 46, in <module>
    base = ObjectStoragePath("s3://aws_default@airflow-tutorial-data/")
           ^^^^^^^^^^^^^^^^^^^^^^^^^^^^^^^^^^^^^^^^^^^^^^^^^^^^^^^^^^^^
  File "/home/vscode/.local/lib/python3.11/site-packages/upath/core.py", line 164, in __call__
    inst = cls.__new__(cls, *args, **kwargs)
           ^^^^^^^^^^^^^^^^^^^^^^^^^^^^^^^^^
  File "/home/vscode/.local/lib/python3.11/site-packages/upath/core.py", line 469, in __new__
    raise _IncompatibleProtocolError(msg)
TypeError: ObjectStoragePath(...) detected protocol s3 which is incompatible with ObjectStoragePath.
[2026-05-23T11:36:30.433+0000] {processor.py:842} WARNING - No viable dags retrieved from /home/vscode/.local/lib/python3.11/site-packages/airflow/example_dags/tutorial_objectstorage.py
[2026-05-23T11:36:30.446+0000] {processor.py:183} INFO - Processing /home/vscode/.local/lib/python3.11/site-packages/airflow/example_dags/tutorial_objectstorage.py took 0.024 seconds
[2026-05-23T11:37:17.809+0000] {processor.py:161} INFO - Started process (PID=10111) to work on /home/vscode/.local/lib/python3.11/site-packages/airflow/example_dags/tutorial_objectstorage.py
[2026-05-23T11:37:17.810+0000] {processor.py:830} INFO - Processing file /home/vscode/.local/lib/python3.11/site-packages/airflow/example_dags/tutorial_objectstorage.py for tasks to queue
[2026-05-23T11:37:17.810+0000] {logging_mixin.py:188} INFO - [2026-05-23T11:37:17.810+0000] {dagbag.py:545} INFO - Filling up the DagBag from /home/vscode/.local/lib/python3.11/site-packages/airflow/example_dags/tutorial_objectstorage.py
[2026-05-23T11:37:17.814+0000] {logging_mixin.py:188} INFO - [2026-05-23T11:37:17.812+0000] {dagbag.py:355} ERROR - Failed to import: /home/vscode/.local/lib/python3.11/site-packages/airflow/example_dags/tutorial_objectstorage.py
Traceback (most recent call last):
  File "/home/vscode/.local/lib/python3.11/site-packages/airflow/models/dagbag.py", line 351, in parse
    loader.exec_module(new_module)
  File "<frozen importlib._bootstrap_external>", line 940, in exec_module
  File "<frozen importlib._bootstrap>", line 241, in _call_with_frames_removed
  File "/home/vscode/.local/lib/python3.11/site-packages/airflow/example_dags/tutorial_objectstorage.py", line 46, in <module>
    base = ObjectStoragePath("s3://aws_default@airflow-tutorial-data/")
           ^^^^^^^^^^^^^^^^^^^^^^^^^^^^^^^^^^^^^^^^^^^^^^^^^^^^^^^^^^^^
  File "/home/vscode/.local/lib/python3.11/site-packages/upath/core.py", line 164, in __call__
    inst = cls.__new__(cls, *args, **kwargs)
           ^^^^^^^^^^^^^^^^^^^^^^^^^^^^^^^^^
  File "/home/vscode/.local/lib/python3.11/site-packages/upath/core.py", line 469, in __new__
    raise _IncompatibleProtocolError(msg)
TypeError: ObjectStoragePath(...) detected protocol s3 which is incompatible with ObjectStoragePath.
[2026-05-23T11:37:17.814+0000] {processor.py:842} WARNING - No viable dags retrieved from /home/vscode/.local/lib/python3.11/site-packages/airflow/example_dags/tutorial_objectstorage.py
[2026-05-23T11:37:17.828+0000] {processor.py:183} INFO - Processing /home/vscode/.local/lib/python3.11/site-packages/airflow/example_dags/tutorial_objectstorage.py took 0.024 seconds
[2026-05-23T11:38:01.735+0000] {processor.py:161} INFO - Started process (PID=10496) to work on /home/vscode/.local/lib/python3.11/site-packages/airflow/example_dags/tutorial_objectstorage.py
[2026-05-23T11:38:01.735+0000] {processor.py:830} INFO - Processing file /home/vscode/.local/lib/python3.11/site-packages/airflow/example_dags/tutorial_objectstorage.py for tasks to queue
[2026-05-23T11:38:01.736+0000] {logging_mixin.py:188} INFO - [2026-05-23T11:38:01.736+0000] {dagbag.py:545} INFO - Filling up the DagBag from /home/vscode/.local/lib/python3.11/site-packages/airflow/example_dags/tutorial_objectstorage.py
[2026-05-23T11:38:01.739+0000] {logging_mixin.py:188} INFO - [2026-05-23T11:38:01.738+0000] {dagbag.py:355} ERROR - Failed to import: /home/vscode/.local/lib/python3.11/site-packages/airflow/example_dags/tutorial_objectstorage.py
Traceback (most recent call last):
  File "/home/vscode/.local/lib/python3.11/site-packages/airflow/models/dagbag.py", line 351, in parse
    loader.exec_module(new_module)
  File "<frozen importlib._bootstrap_external>", line 940, in exec_module
  File "<frozen importlib._bootstrap>", line 241, in _call_with_frames_removed
  File "/home/vscode/.local/lib/python3.11/site-packages/airflow/example_dags/tutorial_objectstorage.py", line 46, in <module>
    base = ObjectStoragePath("s3://aws_default@airflow-tutorial-data/")
           ^^^^^^^^^^^^^^^^^^^^^^^^^^^^^^^^^^^^^^^^^^^^^^^^^^^^^^^^^^^^
  File "/home/vscode/.local/lib/python3.11/site-packages/upath/core.py", line 164, in __call__
    inst = cls.__new__(cls, *args, **kwargs)
           ^^^^^^^^^^^^^^^^^^^^^^^^^^^^^^^^^
  File "/home/vscode/.local/lib/python3.11/site-packages/upath/core.py", line 469, in __new__
    raise _IncompatibleProtocolError(msg)
TypeError: ObjectStoragePath(...) detected protocol s3 which is incompatible with ObjectStoragePath.
[2026-05-23T11:38:01.740+0000] {processor.py:842} WARNING - No viable dags retrieved from /home/vscode/.local/lib/python3.11/site-packages/airflow/example_dags/tutorial_objectstorage.py
[2026-05-23T11:38:01.753+0000] {processor.py:183} INFO - Processing /home/vscode/.local/lib/python3.11/site-packages/airflow/example_dags/tutorial_objectstorage.py took 0.025 seconds
[2026-05-23T11:38:42.241+0000] {processor.py:161} INFO - Started process (PID=10871) to work on /home/vscode/.local/lib/python3.11/site-packages/airflow/example_dags/tutorial_objectstorage.py
[2026-05-23T11:38:42.242+0000] {processor.py:830} INFO - Processing file /home/vscode/.local/lib/python3.11/site-packages/airflow/example_dags/tutorial_objectstorage.py for tasks to queue
[2026-05-23T11:38:42.243+0000] {logging_mixin.py:188} INFO - [2026-05-23T11:38:42.242+0000] {dagbag.py:545} INFO - Filling up the DagBag from /home/vscode/.local/lib/python3.11/site-packages/airflow/example_dags/tutorial_objectstorage.py
[2026-05-23T11:38:42.246+0000] {logging_mixin.py:188} INFO - [2026-05-23T11:38:42.244+0000] {dagbag.py:355} ERROR - Failed to import: /home/vscode/.local/lib/python3.11/site-packages/airflow/example_dags/tutorial_objectstorage.py
Traceback (most recent call last):
  File "/home/vscode/.local/lib/python3.11/site-packages/airflow/models/dagbag.py", line 351, in parse
    loader.exec_module(new_module)
  File "<frozen importlib._bootstrap_external>", line 940, in exec_module
  File "<frozen importlib._bootstrap>", line 241, in _call_with_frames_removed
  File "/home/vscode/.local/lib/python3.11/site-packages/airflow/example_dags/tutorial_objectstorage.py", line 46, in <module>
    base = ObjectStoragePath("s3://aws_default@airflow-tutorial-data/")
           ^^^^^^^^^^^^^^^^^^^^^^^^^^^^^^^^^^^^^^^^^^^^^^^^^^^^^^^^^^^^
  File "/home/vscode/.local/lib/python3.11/site-packages/upath/core.py", line 164, in __call__
    inst = cls.__new__(cls, *args, **kwargs)
           ^^^^^^^^^^^^^^^^^^^^^^^^^^^^^^^^^
  File "/home/vscode/.local/lib/python3.11/site-packages/upath/core.py", line 469, in __new__
    raise _IncompatibleProtocolError(msg)
TypeError: ObjectStoragePath(...) detected protocol s3 which is incompatible with ObjectStoragePath.
[2026-05-23T11:38:42.246+0000] {processor.py:842} WARNING - No viable dags retrieved from /home/vscode/.local/lib/python3.11/site-packages/airflow/example_dags/tutorial_objectstorage.py
[2026-05-23T11:38:42.260+0000] {processor.py:183} INFO - Processing /home/vscode/.local/lib/python3.11/site-packages/airflow/example_dags/tutorial_objectstorage.py took 0.025 seconds
[2026-05-23T11:39:25.040+0000] {processor.py:161} INFO - Started process (PID=11230) to work on /home/vscode/.local/lib/python3.11/site-packages/airflow/example_dags/tutorial_objectstorage.py
[2026-05-23T11:39:25.041+0000] {processor.py:830} INFO - Processing file /home/vscode/.local/lib/python3.11/site-packages/airflow/example_dags/tutorial_objectstorage.py for tasks to queue
[2026-05-23T11:39:25.041+0000] {logging_mixin.py:188} INFO - [2026-05-23T11:39:25.041+0000] {dagbag.py:545} INFO - Filling up the DagBag from /home/vscode/.local/lib/python3.11/site-packages/airflow/example_dags/tutorial_objectstorage.py
[2026-05-23T11:39:25.045+0000] {logging_mixin.py:188} INFO - [2026-05-23T11:39:25.043+0000] {dagbag.py:355} ERROR - Failed to import: /home/vscode/.local/lib/python3.11/site-packages/airflow/example_dags/tutorial_objectstorage.py
Traceback (most recent call last):
  File "/home/vscode/.local/lib/python3.11/site-packages/airflow/models/dagbag.py", line 351, in parse
    loader.exec_module(new_module)
  File "<frozen importlib._bootstrap_external>", line 940, in exec_module
  File "<frozen importlib._bootstrap>", line 241, in _call_with_frames_removed
  File "/home/vscode/.local/lib/python3.11/site-packages/airflow/example_dags/tutorial_objectstorage.py", line 46, in <module>
    base = ObjectStoragePath("s3://aws_default@airflow-tutorial-data/")
           ^^^^^^^^^^^^^^^^^^^^^^^^^^^^^^^^^^^^^^^^^^^^^^^^^^^^^^^^^^^^
  File "/home/vscode/.local/lib/python3.11/site-packages/upath/core.py", line 164, in __call__
    inst = cls.__new__(cls, *args, **kwargs)
           ^^^^^^^^^^^^^^^^^^^^^^^^^^^^^^^^^
  File "/home/vscode/.local/lib/python3.11/site-packages/upath/core.py", line 469, in __new__
    raise _IncompatibleProtocolError(msg)
TypeError: ObjectStoragePath(...) detected protocol s3 which is incompatible with ObjectStoragePath.
[2026-05-23T11:39:25.045+0000] {processor.py:842} WARNING - No viable dags retrieved from /home/vscode/.local/lib/python3.11/site-packages/airflow/example_dags/tutorial_objectstorage.py
[2026-05-23T11:39:25.058+0000] {processor.py:183} INFO - Processing /home/vscode/.local/lib/python3.11/site-packages/airflow/example_dags/tutorial_objectstorage.py took 0.024 seconds
[2026-05-23T11:40:06.228+0000] {processor.py:161} INFO - Started process (PID=11549) to work on /home/vscode/.local/lib/python3.11/site-packages/airflow/example_dags/tutorial_objectstorage.py
[2026-05-23T11:40:06.228+0000] {processor.py:830} INFO - Processing file /home/vscode/.local/lib/python3.11/site-packages/airflow/example_dags/tutorial_objectstorage.py for tasks to queue
[2026-05-23T11:40:06.229+0000] {logging_mixin.py:188} INFO - [2026-05-23T11:40:06.229+0000] {dagbag.py:545} INFO - Filling up the DagBag from /home/vscode/.local/lib/python3.11/site-packages/airflow/example_dags/tutorial_objectstorage.py
[2026-05-23T11:40:06.232+0000] {logging_mixin.py:188} INFO - [2026-05-23T11:40:06.231+0000] {dagbag.py:355} ERROR - Failed to import: /home/vscode/.local/lib/python3.11/site-packages/airflow/example_dags/tutorial_objectstorage.py
Traceback (most recent call last):
  File "/home/vscode/.local/lib/python3.11/site-packages/airflow/models/dagbag.py", line 351, in parse
    loader.exec_module(new_module)
  File "<frozen importlib._bootstrap_external>", line 940, in exec_module
  File "<frozen importlib._bootstrap>", line 241, in _call_with_frames_removed
  File "/home/vscode/.local/lib/python3.11/site-packages/airflow/example_dags/tutorial_objectstorage.py", line 46, in <module>
    base = ObjectStoragePath("s3://aws_default@airflow-tutorial-data/")
           ^^^^^^^^^^^^^^^^^^^^^^^^^^^^^^^^^^^^^^^^^^^^^^^^^^^^^^^^^^^^
  File "/home/vscode/.local/lib/python3.11/site-packages/upath/core.py", line 164, in __call__
    inst = cls.__new__(cls, *args, **kwargs)
           ^^^^^^^^^^^^^^^^^^^^^^^^^^^^^^^^^
  File "/home/vscode/.local/lib/python3.11/site-packages/upath/core.py", line 469, in __new__
    raise _IncompatibleProtocolError(msg)
TypeError: ObjectStoragePath(...) detected protocol s3 which is incompatible with ObjectStoragePath.
[2026-05-23T11:40:06.232+0000] {processor.py:842} WARNING - No viable dags retrieved from /home/vscode/.local/lib/python3.11/site-packages/airflow/example_dags/tutorial_objectstorage.py
[2026-05-23T11:40:06.245+0000] {processor.py:183} INFO - Processing /home/vscode/.local/lib/python3.11/site-packages/airflow/example_dags/tutorial_objectstorage.py took 0.024 seconds
[2026-05-23T11:40:48.728+0000] {processor.py:161} INFO - Started process (PID=11970) to work on /home/vscode/.local/lib/python3.11/site-packages/airflow/example_dags/tutorial_objectstorage.py
[2026-05-23T11:40:48.728+0000] {processor.py:830} INFO - Processing file /home/vscode/.local/lib/python3.11/site-packages/airflow/example_dags/tutorial_objectstorage.py for tasks to queue
[2026-05-23T11:40:48.729+0000] {logging_mixin.py:188} INFO - [2026-05-23T11:40:48.728+0000] {dagbag.py:545} INFO - Filling up the DagBag from /home/vscode/.local/lib/python3.11/site-packages/airflow/example_dags/tutorial_objectstorage.py
[2026-05-23T11:40:48.732+0000] {logging_mixin.py:188} INFO - [2026-05-23T11:40:48.730+0000] {dagbag.py:355} ERROR - Failed to import: /home/vscode/.local/lib/python3.11/site-packages/airflow/example_dags/tutorial_objectstorage.py
Traceback (most recent call last):
  File "/home/vscode/.local/lib/python3.11/site-packages/airflow/models/dagbag.py", line 351, in parse
    loader.exec_module(new_module)
  File "<frozen importlib._bootstrap_external>", line 940, in exec_module
  File "<frozen importlib._bootstrap>", line 241, in _call_with_frames_removed
  File "/home/vscode/.local/lib/python3.11/site-packages/airflow/example_dags/tutorial_objectstorage.py", line 46, in <module>
    base = ObjectStoragePath("s3://aws_default@airflow-tutorial-data/")
           ^^^^^^^^^^^^^^^^^^^^^^^^^^^^^^^^^^^^^^^^^^^^^^^^^^^^^^^^^^^^
  File "/home/vscode/.local/lib/python3.11/site-packages/upath/core.py", line 164, in __call__
    inst = cls.__new__(cls, *args, **kwargs)
           ^^^^^^^^^^^^^^^^^^^^^^^^^^^^^^^^^
  File "/home/vscode/.local/lib/python3.11/site-packages/upath/core.py", line 469, in __new__
    raise _IncompatibleProtocolError(msg)
TypeError: ObjectStoragePath(...) detected protocol s3 which is incompatible with ObjectStoragePath.
[2026-05-23T11:40:48.732+0000] {processor.py:842} WARNING - No viable dags retrieved from /home/vscode/.local/lib/python3.11/site-packages/airflow/example_dags/tutorial_objectstorage.py
[2026-05-23T11:40:48.745+0000] {processor.py:183} INFO - Processing /home/vscode/.local/lib/python3.11/site-packages/airflow/example_dags/tutorial_objectstorage.py took 0.023 seconds
[2026-05-23T11:41:31.345+0000] {processor.py:161} INFO - Started process (PID=12416) to work on /home/vscode/.local/lib/python3.11/site-packages/airflow/example_dags/tutorial_objectstorage.py
[2026-05-23T11:41:31.346+0000] {processor.py:830} INFO - Processing file /home/vscode/.local/lib/python3.11/site-packages/airflow/example_dags/tutorial_objectstorage.py for tasks to queue
[2026-05-23T11:41:31.347+0000] {logging_mixin.py:188} INFO - [2026-05-23T11:41:31.347+0000] {dagbag.py:545} INFO - Filling up the DagBag from /home/vscode/.local/lib/python3.11/site-packages/airflow/example_dags/tutorial_objectstorage.py
[2026-05-23T11:41:31.352+0000] {logging_mixin.py:188} INFO - [2026-05-23T11:41:31.350+0000] {dagbag.py:355} ERROR - Failed to import: /home/vscode/.local/lib/python3.11/site-packages/airflow/example_dags/tutorial_objectstorage.py
Traceback (most recent call last):
  File "/home/vscode/.local/lib/python3.11/site-packages/airflow/models/dagbag.py", line 351, in parse
    loader.exec_module(new_module)
  File "<frozen importlib._bootstrap_external>", line 940, in exec_module
  File "<frozen importlib._bootstrap>", line 241, in _call_with_frames_removed
  File "/home/vscode/.local/lib/python3.11/site-packages/airflow/example_dags/tutorial_objectstorage.py", line 46, in <module>
    base = ObjectStoragePath("s3://aws_default@airflow-tutorial-data/")
           ^^^^^^^^^^^^^^^^^^^^^^^^^^^^^^^^^^^^^^^^^^^^^^^^^^^^^^^^^^^^
  File "/home/vscode/.local/lib/python3.11/site-packages/upath/core.py", line 164, in __call__
    inst = cls.__new__(cls, *args, **kwargs)
           ^^^^^^^^^^^^^^^^^^^^^^^^^^^^^^^^^
  File "/home/vscode/.local/lib/python3.11/site-packages/upath/core.py", line 469, in __new__
    raise _IncompatibleProtocolError(msg)
TypeError: ObjectStoragePath(...) detected protocol s3 which is incompatible with ObjectStoragePath.
[2026-05-23T11:41:31.353+0000] {processor.py:842} WARNING - No viable dags retrieved from /home/vscode/.local/lib/python3.11/site-packages/airflow/example_dags/tutorial_objectstorage.py
[2026-05-23T11:41:31.368+0000] {processor.py:183} INFO - Processing /home/vscode/.local/lib/python3.11/site-packages/airflow/example_dags/tutorial_objectstorage.py took 0.032 seconds
[2026-05-23T11:42:14.146+0000] {processor.py:161} INFO - Started process (PID=12747) to work on /home/vscode/.local/lib/python3.11/site-packages/airflow/example_dags/tutorial_objectstorage.py
[2026-05-23T11:42:14.146+0000] {processor.py:830} INFO - Processing file /home/vscode/.local/lib/python3.11/site-packages/airflow/example_dags/tutorial_objectstorage.py for tasks to queue
[2026-05-23T11:42:14.147+0000] {logging_mixin.py:188} INFO - [2026-05-23T11:42:14.146+0000] {dagbag.py:545} INFO - Filling up the DagBag from /home/vscode/.local/lib/python3.11/site-packages/airflow/example_dags/tutorial_objectstorage.py
[2026-05-23T11:42:14.151+0000] {logging_mixin.py:188} INFO - [2026-05-23T11:42:14.149+0000] {dagbag.py:355} ERROR - Failed to import: /home/vscode/.local/lib/python3.11/site-packages/airflow/example_dags/tutorial_objectstorage.py
Traceback (most recent call last):
  File "/home/vscode/.local/lib/python3.11/site-packages/airflow/models/dagbag.py", line 351, in parse
    loader.exec_module(new_module)
  File "<frozen importlib._bootstrap_external>", line 940, in exec_module
  File "<frozen importlib._bootstrap>", line 241, in _call_with_frames_removed
  File "/home/vscode/.local/lib/python3.11/site-packages/airflow/example_dags/tutorial_objectstorage.py", line 46, in <module>
    base = ObjectStoragePath("s3://aws_default@airflow-tutorial-data/")
           ^^^^^^^^^^^^^^^^^^^^^^^^^^^^^^^^^^^^^^^^^^^^^^^^^^^^^^^^^^^^
  File "/home/vscode/.local/lib/python3.11/site-packages/upath/core.py", line 164, in __call__
    inst = cls.__new__(cls, *args, **kwargs)
           ^^^^^^^^^^^^^^^^^^^^^^^^^^^^^^^^^
  File "/home/vscode/.local/lib/python3.11/site-packages/upath/core.py", line 469, in __new__
    raise _IncompatibleProtocolError(msg)
TypeError: ObjectStoragePath(...) detected protocol s3 which is incompatible with ObjectStoragePath.
[2026-05-23T11:42:14.152+0000] {processor.py:842} WARNING - No viable dags retrieved from /home/vscode/.local/lib/python3.11/site-packages/airflow/example_dags/tutorial_objectstorage.py
[2026-05-23T11:42:14.165+0000] {processor.py:183} INFO - Processing /home/vscode/.local/lib/python3.11/site-packages/airflow/example_dags/tutorial_objectstorage.py took 0.027 seconds
[2026-05-23T11:42:57.604+0000] {processor.py:161} INFO - Started process (PID=13148) to work on /home/vscode/.local/lib/python3.11/site-packages/airflow/example_dags/tutorial_objectstorage.py
[2026-05-23T11:42:57.605+0000] {processor.py:830} INFO - Processing file /home/vscode/.local/lib/python3.11/site-packages/airflow/example_dags/tutorial_objectstorage.py for tasks to queue
[2026-05-23T11:42:57.606+0000] {logging_mixin.py:188} INFO - [2026-05-23T11:42:57.605+0000] {dagbag.py:545} INFO - Filling up the DagBag from /home/vscode/.local/lib/python3.11/site-packages/airflow/example_dags/tutorial_objectstorage.py
[2026-05-23T11:42:57.609+0000] {logging_mixin.py:188} INFO - [2026-05-23T11:42:57.607+0000] {dagbag.py:355} ERROR - Failed to import: /home/vscode/.local/lib/python3.11/site-packages/airflow/example_dags/tutorial_objectstorage.py
Traceback (most recent call last):
  File "/home/vscode/.local/lib/python3.11/site-packages/airflow/models/dagbag.py", line 351, in parse
    loader.exec_module(new_module)
  File "<frozen importlib._bootstrap_external>", line 940, in exec_module
  File "<frozen importlib._bootstrap>", line 241, in _call_with_frames_removed
  File "/home/vscode/.local/lib/python3.11/site-packages/airflow/example_dags/tutorial_objectstorage.py", line 46, in <module>
    base = ObjectStoragePath("s3://aws_default@airflow-tutorial-data/")
           ^^^^^^^^^^^^^^^^^^^^^^^^^^^^^^^^^^^^^^^^^^^^^^^^^^^^^^^^^^^^
  File "/home/vscode/.local/lib/python3.11/site-packages/upath/core.py", line 164, in __call__
    inst = cls.__new__(cls, *args, **kwargs)
           ^^^^^^^^^^^^^^^^^^^^^^^^^^^^^^^^^
  File "/home/vscode/.local/lib/python3.11/site-packages/upath/core.py", line 469, in __new__
    raise _IncompatibleProtocolError(msg)
TypeError: ObjectStoragePath(...) detected protocol s3 which is incompatible with ObjectStoragePath.
[2026-05-23T11:42:57.609+0000] {processor.py:842} WARNING - No viable dags retrieved from /home/vscode/.local/lib/python3.11/site-packages/airflow/example_dags/tutorial_objectstorage.py
[2026-05-23T11:42:57.622+0000] {processor.py:183} INFO - Processing /home/vscode/.local/lib/python3.11/site-packages/airflow/example_dags/tutorial_objectstorage.py took 0.024 seconds
[2026-05-23T11:43:43.718+0000] {processor.py:161} INFO - Started process (PID=13562) to work on /home/vscode/.local/lib/python3.11/site-packages/airflow/example_dags/tutorial_objectstorage.py
[2026-05-23T11:43:43.718+0000] {processor.py:830} INFO - Processing file /home/vscode/.local/lib/python3.11/site-packages/airflow/example_dags/tutorial_objectstorage.py for tasks to queue
[2026-05-23T11:43:43.719+0000] {logging_mixin.py:188} INFO - [2026-05-23T11:43:43.719+0000] {dagbag.py:545} INFO - Filling up the DagBag from /home/vscode/.local/lib/python3.11/site-packages/airflow/example_dags/tutorial_objectstorage.py
[2026-05-23T11:43:43.722+0000] {logging_mixin.py:188} INFO - [2026-05-23T11:43:43.721+0000] {dagbag.py:355} ERROR - Failed to import: /home/vscode/.local/lib/python3.11/site-packages/airflow/example_dags/tutorial_objectstorage.py
Traceback (most recent call last):
  File "/home/vscode/.local/lib/python3.11/site-packages/airflow/models/dagbag.py", line 351, in parse
    loader.exec_module(new_module)
  File "<frozen importlib._bootstrap_external>", line 940, in exec_module
  File "<frozen importlib._bootstrap>", line 241, in _call_with_frames_removed
  File "/home/vscode/.local/lib/python3.11/site-packages/airflow/example_dags/tutorial_objectstorage.py", line 46, in <module>
    base = ObjectStoragePath("s3://aws_default@airflow-tutorial-data/")
           ^^^^^^^^^^^^^^^^^^^^^^^^^^^^^^^^^^^^^^^^^^^^^^^^^^^^^^^^^^^^
  File "/home/vscode/.local/lib/python3.11/site-packages/upath/core.py", line 164, in __call__
    inst = cls.__new__(cls, *args, **kwargs)
           ^^^^^^^^^^^^^^^^^^^^^^^^^^^^^^^^^
  File "/home/vscode/.local/lib/python3.11/site-packages/upath/core.py", line 469, in __new__
    raise _IncompatibleProtocolError(msg)
TypeError: ObjectStoragePath(...) detected protocol s3 which is incompatible with ObjectStoragePath.
[2026-05-23T11:43:43.723+0000] {processor.py:842} WARNING - No viable dags retrieved from /home/vscode/.local/lib/python3.11/site-packages/airflow/example_dags/tutorial_objectstorage.py
[2026-05-23T11:43:43.736+0000] {processor.py:183} INFO - Processing /home/vscode/.local/lib/python3.11/site-packages/airflow/example_dags/tutorial_objectstorage.py took 0.024 seconds
[2026-05-23T11:44:26.061+0000] {processor.py:161} INFO - Started process (PID=13925) to work on /home/vscode/.local/lib/python3.11/site-packages/airflow/example_dags/tutorial_objectstorage.py
[2026-05-23T11:44:26.061+0000] {processor.py:830} INFO - Processing file /home/vscode/.local/lib/python3.11/site-packages/airflow/example_dags/tutorial_objectstorage.py for tasks to queue
[2026-05-23T11:44:26.062+0000] {logging_mixin.py:188} INFO - [2026-05-23T11:44:26.062+0000] {dagbag.py:545} INFO - Filling up the DagBag from /home/vscode/.local/lib/python3.11/site-packages/airflow/example_dags/tutorial_objectstorage.py
[2026-05-23T11:44:26.065+0000] {logging_mixin.py:188} INFO - [2026-05-23T11:44:26.064+0000] {dagbag.py:355} ERROR - Failed to import: /home/vscode/.local/lib/python3.11/site-packages/airflow/example_dags/tutorial_objectstorage.py
Traceback (most recent call last):
  File "/home/vscode/.local/lib/python3.11/site-packages/airflow/models/dagbag.py", line 351, in parse
    loader.exec_module(new_module)
  File "<frozen importlib._bootstrap_external>", line 940, in exec_module
  File "<frozen importlib._bootstrap>", line 241, in _call_with_frames_removed
  File "/home/vscode/.local/lib/python3.11/site-packages/airflow/example_dags/tutorial_objectstorage.py", line 46, in <module>
    base = ObjectStoragePath("s3://aws_default@airflow-tutorial-data/")
           ^^^^^^^^^^^^^^^^^^^^^^^^^^^^^^^^^^^^^^^^^^^^^^^^^^^^^^^^^^^^
  File "/home/vscode/.local/lib/python3.11/site-packages/upath/core.py", line 164, in __call__
    inst = cls.__new__(cls, *args, **kwargs)
           ^^^^^^^^^^^^^^^^^^^^^^^^^^^^^^^^^
  File "/home/vscode/.local/lib/python3.11/site-packages/upath/core.py", line 469, in __new__
    raise _IncompatibleProtocolError(msg)
TypeError: ObjectStoragePath(...) detected protocol s3 which is incompatible with ObjectStoragePath.
[2026-05-23T11:44:26.066+0000] {processor.py:842} WARNING - No viable dags retrieved from /home/vscode/.local/lib/python3.11/site-packages/airflow/example_dags/tutorial_objectstorage.py
[2026-05-23T11:44:26.080+0000] {processor.py:183} INFO - Processing /home/vscode/.local/lib/python3.11/site-packages/airflow/example_dags/tutorial_objectstorage.py took 0.025 seconds
[2026-05-23T11:45:10.989+0000] {processor.py:161} INFO - Started process (PID=14298) to work on /home/vscode/.local/lib/python3.11/site-packages/airflow/example_dags/tutorial_objectstorage.py
[2026-05-23T11:45:10.990+0000] {processor.py:830} INFO - Processing file /home/vscode/.local/lib/python3.11/site-packages/airflow/example_dags/tutorial_objectstorage.py for tasks to queue
[2026-05-23T11:45:10.990+0000] {logging_mixin.py:188} INFO - [2026-05-23T11:45:10.990+0000] {dagbag.py:545} INFO - Filling up the DagBag from /home/vscode/.local/lib/python3.11/site-packages/airflow/example_dags/tutorial_objectstorage.py
[2026-05-23T11:45:10.994+0000] {logging_mixin.py:188} INFO - [2026-05-23T11:45:10.992+0000] {dagbag.py:355} ERROR - Failed to import: /home/vscode/.local/lib/python3.11/site-packages/airflow/example_dags/tutorial_objectstorage.py
Traceback (most recent call last):
  File "/home/vscode/.local/lib/python3.11/site-packages/airflow/models/dagbag.py", line 351, in parse
    loader.exec_module(new_module)
  File "<frozen importlib._bootstrap_external>", line 940, in exec_module
  File "<frozen importlib._bootstrap>", line 241, in _call_with_frames_removed
  File "/home/vscode/.local/lib/python3.11/site-packages/airflow/example_dags/tutorial_objectstorage.py", line 46, in <module>
    base = ObjectStoragePath("s3://aws_default@airflow-tutorial-data/")
           ^^^^^^^^^^^^^^^^^^^^^^^^^^^^^^^^^^^^^^^^^^^^^^^^^^^^^^^^^^^^
  File "/home/vscode/.local/lib/python3.11/site-packages/upath/core.py", line 164, in __call__
    inst = cls.__new__(cls, *args, **kwargs)
           ^^^^^^^^^^^^^^^^^^^^^^^^^^^^^^^^^
  File "/home/vscode/.local/lib/python3.11/site-packages/upath/core.py", line 469, in __new__
    raise _IncompatibleProtocolError(msg)
TypeError: ObjectStoragePath(...) detected protocol s3 which is incompatible with ObjectStoragePath.
[2026-05-23T11:45:10.994+0000] {processor.py:842} WARNING - No viable dags retrieved from /home/vscode/.local/lib/python3.11/site-packages/airflow/example_dags/tutorial_objectstorage.py
[2026-05-23T11:45:11.007+0000] {processor.py:183} INFO - Processing /home/vscode/.local/lib/python3.11/site-packages/airflow/example_dags/tutorial_objectstorage.py took 0.024 seconds
[2026-05-23T11:45:52.137+0000] {processor.py:161} INFO - Started process (PID=14887) to work on /home/vscode/.local/lib/python3.11/site-packages/airflow/example_dags/tutorial_objectstorage.py
[2026-05-23T11:45:52.138+0000] {processor.py:830} INFO - Processing file /home/vscode/.local/lib/python3.11/site-packages/airflow/example_dags/tutorial_objectstorage.py for tasks to queue
[2026-05-23T11:45:52.139+0000] {logging_mixin.py:188} INFO - [2026-05-23T11:45:52.139+0000] {dagbag.py:545} INFO - Filling up the DagBag from /home/vscode/.local/lib/python3.11/site-packages/airflow/example_dags/tutorial_objectstorage.py
[2026-05-23T11:45:52.144+0000] {logging_mixin.py:188} INFO - [2026-05-23T11:45:52.141+0000] {dagbag.py:355} ERROR - Failed to import: /home/vscode/.local/lib/python3.11/site-packages/airflow/example_dags/tutorial_objectstorage.py
Traceback (most recent call last):
  File "/home/vscode/.local/lib/python3.11/site-packages/airflow/models/dagbag.py", line 351, in parse
    loader.exec_module(new_module)
  File "<frozen importlib._bootstrap_external>", line 940, in exec_module
  File "<frozen importlib._bootstrap>", line 241, in _call_with_frames_removed
  File "/home/vscode/.local/lib/python3.11/site-packages/airflow/example_dags/tutorial_objectstorage.py", line 46, in <module>
    base = ObjectStoragePath("s3://aws_default@airflow-tutorial-data/")
           ^^^^^^^^^^^^^^^^^^^^^^^^^^^^^^^^^^^^^^^^^^^^^^^^^^^^^^^^^^^^
  File "/home/vscode/.local/lib/python3.11/site-packages/upath/core.py", line 164, in __call__
    inst = cls.__new__(cls, *args, **kwargs)
           ^^^^^^^^^^^^^^^^^^^^^^^^^^^^^^^^^
  File "/home/vscode/.local/lib/python3.11/site-packages/upath/core.py", line 469, in __new__
    raise _IncompatibleProtocolError(msg)
TypeError: ObjectStoragePath(...) detected protocol s3 which is incompatible with ObjectStoragePath.
[2026-05-23T11:45:52.144+0000] {processor.py:842} WARNING - No viable dags retrieved from /home/vscode/.local/lib/python3.11/site-packages/airflow/example_dags/tutorial_objectstorage.py
[2026-05-23T11:45:52.159+0000] {processor.py:183} INFO - Processing /home/vscode/.local/lib/python3.11/site-packages/airflow/example_dags/tutorial_objectstorage.py took 0.031 seconds
[2026-05-23T11:46:32.047+0000] {processor.py:161} INFO - Started process (PID=15301) to work on /home/vscode/.local/lib/python3.11/site-packages/airflow/example_dags/tutorial_objectstorage.py
[2026-05-23T11:46:32.048+0000] {processor.py:830} INFO - Processing file /home/vscode/.local/lib/python3.11/site-packages/airflow/example_dags/tutorial_objectstorage.py for tasks to queue
[2026-05-23T11:46:32.048+0000] {logging_mixin.py:188} INFO - [2026-05-23T11:46:32.048+0000] {dagbag.py:545} INFO - Filling up the DagBag from /home/vscode/.local/lib/python3.11/site-packages/airflow/example_dags/tutorial_objectstorage.py
[2026-05-23T11:46:32.052+0000] {logging_mixin.py:188} INFO - [2026-05-23T11:46:32.050+0000] {dagbag.py:355} ERROR - Failed to import: /home/vscode/.local/lib/python3.11/site-packages/airflow/example_dags/tutorial_objectstorage.py
Traceback (most recent call last):
  File "/home/vscode/.local/lib/python3.11/site-packages/airflow/models/dagbag.py", line 351, in parse
    loader.exec_module(new_module)
  File "<frozen importlib._bootstrap_external>", line 940, in exec_module
  File "<frozen importlib._bootstrap>", line 241, in _call_with_frames_removed
  File "/home/vscode/.local/lib/python3.11/site-packages/airflow/example_dags/tutorial_objectstorage.py", line 46, in <module>
    base = ObjectStoragePath("s3://aws_default@airflow-tutorial-data/")
           ^^^^^^^^^^^^^^^^^^^^^^^^^^^^^^^^^^^^^^^^^^^^^^^^^^^^^^^^^^^^
  File "/home/vscode/.local/lib/python3.11/site-packages/upath/core.py", line 164, in __call__
    inst = cls.__new__(cls, *args, **kwargs)
           ^^^^^^^^^^^^^^^^^^^^^^^^^^^^^^^^^
  File "/home/vscode/.local/lib/python3.11/site-packages/upath/core.py", line 469, in __new__
    raise _IncompatibleProtocolError(msg)
TypeError: ObjectStoragePath(...) detected protocol s3 which is incompatible with ObjectStoragePath.
[2026-05-23T11:46:32.052+0000] {processor.py:842} WARNING - No viable dags retrieved from /home/vscode/.local/lib/python3.11/site-packages/airflow/example_dags/tutorial_objectstorage.py
[2026-05-23T11:46:32.065+0000] {processor.py:183} INFO - Processing /home/vscode/.local/lib/python3.11/site-packages/airflow/example_dags/tutorial_objectstorage.py took 0.024 seconds
[2026-05-23T11:47:12.537+0000] {processor.py:161} INFO - Started process (PID=15644) to work on /home/vscode/.local/lib/python3.11/site-packages/airflow/example_dags/tutorial_objectstorage.py
[2026-05-23T11:47:12.538+0000] {processor.py:830} INFO - Processing file /home/vscode/.local/lib/python3.11/site-packages/airflow/example_dags/tutorial_objectstorage.py for tasks to queue
[2026-05-23T11:47:12.539+0000] {logging_mixin.py:188} INFO - [2026-05-23T11:47:12.539+0000] {dagbag.py:545} INFO - Filling up the DagBag from /home/vscode/.local/lib/python3.11/site-packages/airflow/example_dags/tutorial_objectstorage.py
[2026-05-23T11:47:12.544+0000] {logging_mixin.py:188} INFO - [2026-05-23T11:47:12.542+0000] {dagbag.py:355} ERROR - Failed to import: /home/vscode/.local/lib/python3.11/site-packages/airflow/example_dags/tutorial_objectstorage.py
Traceback (most recent call last):
  File "/home/vscode/.local/lib/python3.11/site-packages/airflow/models/dagbag.py", line 351, in parse
    loader.exec_module(new_module)
  File "<frozen importlib._bootstrap_external>", line 940, in exec_module
  File "<frozen importlib._bootstrap>", line 241, in _call_with_frames_removed
  File "/home/vscode/.local/lib/python3.11/site-packages/airflow/example_dags/tutorial_objectstorage.py", line 46, in <module>
    base = ObjectStoragePath("s3://aws_default@airflow-tutorial-data/")
           ^^^^^^^^^^^^^^^^^^^^^^^^^^^^^^^^^^^^^^^^^^^^^^^^^^^^^^^^^^^^
  File "/home/vscode/.local/lib/python3.11/site-packages/upath/core.py", line 164, in __call__
    inst = cls.__new__(cls, *args, **kwargs)
           ^^^^^^^^^^^^^^^^^^^^^^^^^^^^^^^^^
  File "/home/vscode/.local/lib/python3.11/site-packages/upath/core.py", line 469, in __new__
    raise _IncompatibleProtocolError(msg)
TypeError: ObjectStoragePath(...) detected protocol s3 which is incompatible with ObjectStoragePath.
[2026-05-23T11:47:12.544+0000] {processor.py:842} WARNING - No viable dags retrieved from /home/vscode/.local/lib/python3.11/site-packages/airflow/example_dags/tutorial_objectstorage.py
[2026-05-23T11:47:12.558+0000] {processor.py:183} INFO - Processing /home/vscode/.local/lib/python3.11/site-packages/airflow/example_dags/tutorial_objectstorage.py took 0.033 seconds
[2026-05-23T11:47:55.118+0000] {processor.py:161} INFO - Started process (PID=16039) to work on /home/vscode/.local/lib/python3.11/site-packages/airflow/example_dags/tutorial_objectstorage.py
[2026-05-23T11:47:55.119+0000] {processor.py:830} INFO - Processing file /home/vscode/.local/lib/python3.11/site-packages/airflow/example_dags/tutorial_objectstorage.py for tasks to queue
[2026-05-23T11:47:55.120+0000] {logging_mixin.py:188} INFO - [2026-05-23T11:47:55.119+0000] {dagbag.py:545} INFO - Filling up the DagBag from /home/vscode/.local/lib/python3.11/site-packages/airflow/example_dags/tutorial_objectstorage.py
[2026-05-23T11:47:55.123+0000] {logging_mixin.py:188} INFO - [2026-05-23T11:47:55.121+0000] {dagbag.py:355} ERROR - Failed to import: /home/vscode/.local/lib/python3.11/site-packages/airflow/example_dags/tutorial_objectstorage.py
Traceback (most recent call last):
  File "/home/vscode/.local/lib/python3.11/site-packages/airflow/models/dagbag.py", line 351, in parse
    loader.exec_module(new_module)
  File "<frozen importlib._bootstrap_external>", line 940, in exec_module
  File "<frozen importlib._bootstrap>", line 241, in _call_with_frames_removed
  File "/home/vscode/.local/lib/python3.11/site-packages/airflow/example_dags/tutorial_objectstorage.py", line 46, in <module>
    base = ObjectStoragePath("s3://aws_default@airflow-tutorial-data/")
           ^^^^^^^^^^^^^^^^^^^^^^^^^^^^^^^^^^^^^^^^^^^^^^^^^^^^^^^^^^^^
  File "/home/vscode/.local/lib/python3.11/site-packages/upath/core.py", line 164, in __call__
    inst = cls.__new__(cls, *args, **kwargs)
           ^^^^^^^^^^^^^^^^^^^^^^^^^^^^^^^^^
  File "/home/vscode/.local/lib/python3.11/site-packages/upath/core.py", line 469, in __new__
    raise _IncompatibleProtocolError(msg)
TypeError: ObjectStoragePath(...) detected protocol s3 which is incompatible with ObjectStoragePath.
[2026-05-23T11:47:55.123+0000] {processor.py:842} WARNING - No viable dags retrieved from /home/vscode/.local/lib/python3.11/site-packages/airflow/example_dags/tutorial_objectstorage.py
[2026-05-23T11:47:55.137+0000] {processor.py:183} INFO - Processing /home/vscode/.local/lib/python3.11/site-packages/airflow/example_dags/tutorial_objectstorage.py took 0.024 seconds
[2026-05-23T11:48:37.360+0000] {processor.py:161} INFO - Started process (PID=16434) to work on /home/vscode/.local/lib/python3.11/site-packages/airflow/example_dags/tutorial_objectstorage.py
[2026-05-23T11:48:37.360+0000] {processor.py:830} INFO - Processing file /home/vscode/.local/lib/python3.11/site-packages/airflow/example_dags/tutorial_objectstorage.py for tasks to queue
[2026-05-23T11:48:37.361+0000] {logging_mixin.py:188} INFO - [2026-05-23T11:48:37.361+0000] {dagbag.py:545} INFO - Filling up the DagBag from /home/vscode/.local/lib/python3.11/site-packages/airflow/example_dags/tutorial_objectstorage.py
[2026-05-23T11:48:37.364+0000] {logging_mixin.py:188} INFO - [2026-05-23T11:48:37.363+0000] {dagbag.py:355} ERROR - Failed to import: /home/vscode/.local/lib/python3.11/site-packages/airflow/example_dags/tutorial_objectstorage.py
Traceback (most recent call last):
  File "/home/vscode/.local/lib/python3.11/site-packages/airflow/models/dagbag.py", line 351, in parse
    loader.exec_module(new_module)
  File "<frozen importlib._bootstrap_external>", line 940, in exec_module
  File "<frozen importlib._bootstrap>", line 241, in _call_with_frames_removed
  File "/home/vscode/.local/lib/python3.11/site-packages/airflow/example_dags/tutorial_objectstorage.py", line 46, in <module>
    base = ObjectStoragePath("s3://aws_default@airflow-tutorial-data/")
           ^^^^^^^^^^^^^^^^^^^^^^^^^^^^^^^^^^^^^^^^^^^^^^^^^^^^^^^^^^^^
  File "/home/vscode/.local/lib/python3.11/site-packages/upath/core.py", line 164, in __call__
    inst = cls.__new__(cls, *args, **kwargs)
           ^^^^^^^^^^^^^^^^^^^^^^^^^^^^^^^^^
  File "/home/vscode/.local/lib/python3.11/site-packages/upath/core.py", line 469, in __new__
    raise _IncompatibleProtocolError(msg)
TypeError: ObjectStoragePath(...) detected protocol s3 which is incompatible with ObjectStoragePath.
[2026-05-23T11:48:37.365+0000] {processor.py:842} WARNING - No viable dags retrieved from /home/vscode/.local/lib/python3.11/site-packages/airflow/example_dags/tutorial_objectstorage.py
[2026-05-23T11:48:37.379+0000] {processor.py:183} INFO - Processing /home/vscode/.local/lib/python3.11/site-packages/airflow/example_dags/tutorial_objectstorage.py took 0.028 seconds
[2026-05-23T11:49:18.078+0000] {processor.py:161} INFO - Started process (PID=16788) to work on /home/vscode/.local/lib/python3.11/site-packages/airflow/example_dags/tutorial_objectstorage.py
[2026-05-23T11:49:18.079+0000] {processor.py:830} INFO - Processing file /home/vscode/.local/lib/python3.11/site-packages/airflow/example_dags/tutorial_objectstorage.py for tasks to queue
[2026-05-23T11:49:18.079+0000] {logging_mixin.py:188} INFO - [2026-05-23T11:49:18.079+0000] {dagbag.py:545} INFO - Filling up the DagBag from /home/vscode/.local/lib/python3.11/site-packages/airflow/example_dags/tutorial_objectstorage.py
[2026-05-23T11:49:18.083+0000] {logging_mixin.py:188} INFO - [2026-05-23T11:49:18.081+0000] {dagbag.py:355} ERROR - Failed to import: /home/vscode/.local/lib/python3.11/site-packages/airflow/example_dags/tutorial_objectstorage.py
Traceback (most recent call last):
  File "/home/vscode/.local/lib/python3.11/site-packages/airflow/models/dagbag.py", line 351, in parse
    loader.exec_module(new_module)
  File "<frozen importlib._bootstrap_external>", line 940, in exec_module
  File "<frozen importlib._bootstrap>", line 241, in _call_with_frames_removed
  File "/home/vscode/.local/lib/python3.11/site-packages/airflow/example_dags/tutorial_objectstorage.py", line 46, in <module>
    base = ObjectStoragePath("s3://aws_default@airflow-tutorial-data/")
           ^^^^^^^^^^^^^^^^^^^^^^^^^^^^^^^^^^^^^^^^^^^^^^^^^^^^^^^^^^^^
  File "/home/vscode/.local/lib/python3.11/site-packages/upath/core.py", line 164, in __call__
    inst = cls.__new__(cls, *args, **kwargs)
           ^^^^^^^^^^^^^^^^^^^^^^^^^^^^^^^^^
  File "/home/vscode/.local/lib/python3.11/site-packages/upath/core.py", line 469, in __new__
    raise _IncompatibleProtocolError(msg)
TypeError: ObjectStoragePath(...) detected protocol s3 which is incompatible with ObjectStoragePath.
[2026-05-23T11:49:18.083+0000] {processor.py:842} WARNING - No viable dags retrieved from /home/vscode/.local/lib/python3.11/site-packages/airflow/example_dags/tutorial_objectstorage.py
[2026-05-23T11:49:18.097+0000] {processor.py:183} INFO - Processing /home/vscode/.local/lib/python3.11/site-packages/airflow/example_dags/tutorial_objectstorage.py took 0.025 seconds
[2026-05-23T11:50:01.983+0000] {processor.py:161} INFO - Started process (PID=17463) to work on /home/vscode/.local/lib/python3.11/site-packages/airflow/example_dags/tutorial_objectstorage.py
[2026-05-23T11:50:01.984+0000] {processor.py:830} INFO - Processing file /home/vscode/.local/lib/python3.11/site-packages/airflow/example_dags/tutorial_objectstorage.py for tasks to queue
[2026-05-23T11:50:01.985+0000] {logging_mixin.py:188} INFO - [2026-05-23T11:50:01.985+0000] {dagbag.py:545} INFO - Filling up the DagBag from /home/vscode/.local/lib/python3.11/site-packages/airflow/example_dags/tutorial_objectstorage.py
[2026-05-23T11:50:01.989+0000] {logging_mixin.py:188} INFO - [2026-05-23T11:50:01.987+0000] {dagbag.py:355} ERROR - Failed to import: /home/vscode/.local/lib/python3.11/site-packages/airflow/example_dags/tutorial_objectstorage.py
Traceback (most recent call last):
  File "/home/vscode/.local/lib/python3.11/site-packages/airflow/models/dagbag.py", line 351, in parse
    loader.exec_module(new_module)
  File "<frozen importlib._bootstrap_external>", line 940, in exec_module
  File "<frozen importlib._bootstrap>", line 241, in _call_with_frames_removed
  File "/home/vscode/.local/lib/python3.11/site-packages/airflow/example_dags/tutorial_objectstorage.py", line 46, in <module>
    base = ObjectStoragePath("s3://aws_default@airflow-tutorial-data/")
           ^^^^^^^^^^^^^^^^^^^^^^^^^^^^^^^^^^^^^^^^^^^^^^^^^^^^^^^^^^^^
  File "/home/vscode/.local/lib/python3.11/site-packages/upath/core.py", line 164, in __call__
    inst = cls.__new__(cls, *args, **kwargs)
           ^^^^^^^^^^^^^^^^^^^^^^^^^^^^^^^^^
  File "/home/vscode/.local/lib/python3.11/site-packages/upath/core.py", line 469, in __new__
    raise _IncompatibleProtocolError(msg)
TypeError: ObjectStoragePath(...) detected protocol s3 which is incompatible with ObjectStoragePath.
[2026-05-23T11:50:01.989+0000] {processor.py:842} WARNING - No viable dags retrieved from /home/vscode/.local/lib/python3.11/site-packages/airflow/example_dags/tutorial_objectstorage.py
[2026-05-23T11:50:02.003+0000] {processor.py:183} INFO - Processing /home/vscode/.local/lib/python3.11/site-packages/airflow/example_dags/tutorial_objectstorage.py took 0.030 seconds
[2026-05-23T11:50:44.700+0000] {processor.py:161} INFO - Started process (PID=18169) to work on /home/vscode/.local/lib/python3.11/site-packages/airflow/example_dags/tutorial_objectstorage.py
[2026-05-23T11:50:44.703+0000] {processor.py:830} INFO - Processing file /home/vscode/.local/lib/python3.11/site-packages/airflow/example_dags/tutorial_objectstorage.py for tasks to queue
[2026-05-23T11:50:44.705+0000] {logging_mixin.py:188} INFO - [2026-05-23T11:50:44.704+0000] {dagbag.py:545} INFO - Filling up the DagBag from /home/vscode/.local/lib/python3.11/site-packages/airflow/example_dags/tutorial_objectstorage.py
[2026-05-23T11:50:44.716+0000] {logging_mixin.py:188} INFO - [2026-05-23T11:50:44.710+0000] {dagbag.py:355} ERROR - Failed to import: /home/vscode/.local/lib/python3.11/site-packages/airflow/example_dags/tutorial_objectstorage.py
Traceback (most recent call last):
  File "/home/vscode/.local/lib/python3.11/site-packages/airflow/models/dagbag.py", line 351, in parse
    loader.exec_module(new_module)
  File "<frozen importlib._bootstrap_external>", line 940, in exec_module
  File "<frozen importlib._bootstrap>", line 241, in _call_with_frames_removed
  File "/home/vscode/.local/lib/python3.11/site-packages/airflow/example_dags/tutorial_objectstorage.py", line 46, in <module>
    base = ObjectStoragePath("s3://aws_default@airflow-tutorial-data/")
           ^^^^^^^^^^^^^^^^^^^^^^^^^^^^^^^^^^^^^^^^^^^^^^^^^^^^^^^^^^^^
  File "/home/vscode/.local/lib/python3.11/site-packages/upath/core.py", line 164, in __call__
    inst = cls.__new__(cls, *args, **kwargs)
           ^^^^^^^^^^^^^^^^^^^^^^^^^^^^^^^^^
  File "/home/vscode/.local/lib/python3.11/site-packages/upath/core.py", line 469, in __new__
    raise _IncompatibleProtocolError(msg)
TypeError: ObjectStoragePath(...) detected protocol s3 which is incompatible with ObjectStoragePath.
[2026-05-23T11:50:44.717+0000] {processor.py:842} WARNING - No viable dags retrieved from /home/vscode/.local/lib/python3.11/site-packages/airflow/example_dags/tutorial_objectstorage.py
[2026-05-23T11:50:44.743+0000] {processor.py:183} INFO - Processing /home/vscode/.local/lib/python3.11/site-packages/airflow/example_dags/tutorial_objectstorage.py took 0.066 seconds
[2026-05-23T11:51:23.753+0000] {processor.py:161} INFO - Started process (PID=18595) to work on /home/vscode/.local/lib/python3.11/site-packages/airflow/example_dags/tutorial_objectstorage.py
[2026-05-23T11:51:23.753+0000] {processor.py:830} INFO - Processing file /home/vscode/.local/lib/python3.11/site-packages/airflow/example_dags/tutorial_objectstorage.py for tasks to queue
[2026-05-23T11:51:23.754+0000] {logging_mixin.py:188} INFO - [2026-05-23T11:51:23.753+0000] {dagbag.py:545} INFO - Filling up the DagBag from /home/vscode/.local/lib/python3.11/site-packages/airflow/example_dags/tutorial_objectstorage.py
[2026-05-23T11:51:23.757+0000] {logging_mixin.py:188} INFO - [2026-05-23T11:51:23.755+0000] {dagbag.py:355} ERROR - Failed to import: /home/vscode/.local/lib/python3.11/site-packages/airflow/example_dags/tutorial_objectstorage.py
Traceback (most recent call last):
  File "/home/vscode/.local/lib/python3.11/site-packages/airflow/models/dagbag.py", line 351, in parse
    loader.exec_module(new_module)
  File "<frozen importlib._bootstrap_external>", line 940, in exec_module
  File "<frozen importlib._bootstrap>", line 241, in _call_with_frames_removed
  File "/home/vscode/.local/lib/python3.11/site-packages/airflow/example_dags/tutorial_objectstorage.py", line 46, in <module>
    base = ObjectStoragePath("s3://aws_default@airflow-tutorial-data/")
           ^^^^^^^^^^^^^^^^^^^^^^^^^^^^^^^^^^^^^^^^^^^^^^^^^^^^^^^^^^^^
  File "/home/vscode/.local/lib/python3.11/site-packages/upath/core.py", line 164, in __call__
    inst = cls.__new__(cls, *args, **kwargs)
           ^^^^^^^^^^^^^^^^^^^^^^^^^^^^^^^^^
  File "/home/vscode/.local/lib/python3.11/site-packages/upath/core.py", line 469, in __new__
    raise _IncompatibleProtocolError(msg)
TypeError: ObjectStoragePath(...) detected protocol s3 which is incompatible with ObjectStoragePath.
[2026-05-23T11:51:23.757+0000] {processor.py:842} WARNING - No viable dags retrieved from /home/vscode/.local/lib/python3.11/site-packages/airflow/example_dags/tutorial_objectstorage.py
[2026-05-23T11:51:23.770+0000] {processor.py:183} INFO - Processing /home/vscode/.local/lib/python3.11/site-packages/airflow/example_dags/tutorial_objectstorage.py took 0.024 seconds
[2026-05-23T11:52:04.860+0000] {processor.py:161} INFO - Started process (PID=18946) to work on /home/vscode/.local/lib/python3.11/site-packages/airflow/example_dags/tutorial_objectstorage.py
[2026-05-23T11:52:04.861+0000] {processor.py:830} INFO - Processing file /home/vscode/.local/lib/python3.11/site-packages/airflow/example_dags/tutorial_objectstorage.py for tasks to queue
[2026-05-23T11:52:04.861+0000] {logging_mixin.py:188} INFO - [2026-05-23T11:52:04.861+0000] {dagbag.py:545} INFO - Filling up the DagBag from /home/vscode/.local/lib/python3.11/site-packages/airflow/example_dags/tutorial_objectstorage.py
[2026-05-23T11:52:04.865+0000] {logging_mixin.py:188} INFO - [2026-05-23T11:52:04.863+0000] {dagbag.py:355} ERROR - Failed to import: /home/vscode/.local/lib/python3.11/site-packages/airflow/example_dags/tutorial_objectstorage.py
Traceback (most recent call last):
  File "/home/vscode/.local/lib/python3.11/site-packages/airflow/models/dagbag.py", line 351, in parse
    loader.exec_module(new_module)
  File "<frozen importlib._bootstrap_external>", line 940, in exec_module
  File "<frozen importlib._bootstrap>", line 241, in _call_with_frames_removed
  File "/home/vscode/.local/lib/python3.11/site-packages/airflow/example_dags/tutorial_objectstorage.py", line 46, in <module>
    base = ObjectStoragePath("s3://aws_default@airflow-tutorial-data/")
           ^^^^^^^^^^^^^^^^^^^^^^^^^^^^^^^^^^^^^^^^^^^^^^^^^^^^^^^^^^^^
  File "/home/vscode/.local/lib/python3.11/site-packages/upath/core.py", line 164, in __call__
    inst = cls.__new__(cls, *args, **kwargs)
           ^^^^^^^^^^^^^^^^^^^^^^^^^^^^^^^^^
  File "/home/vscode/.local/lib/python3.11/site-packages/upath/core.py", line 469, in __new__
    raise _IncompatibleProtocolError(msg)
TypeError: ObjectStoragePath(...) detected protocol s3 which is incompatible with ObjectStoragePath.
[2026-05-23T11:52:04.865+0000] {processor.py:842} WARNING - No viable dags retrieved from /home/vscode/.local/lib/python3.11/site-packages/airflow/example_dags/tutorial_objectstorage.py
[2026-05-23T11:52:04.878+0000] {processor.py:183} INFO - Processing /home/vscode/.local/lib/python3.11/site-packages/airflow/example_dags/tutorial_objectstorage.py took 0.026 seconds
[2026-05-23T11:52:45.226+0000] {processor.py:161} INFO - Started process (PID=19353) to work on /home/vscode/.local/lib/python3.11/site-packages/airflow/example_dags/tutorial_objectstorage.py
[2026-05-23T11:52:45.226+0000] {processor.py:830} INFO - Processing file /home/vscode/.local/lib/python3.11/site-packages/airflow/example_dags/tutorial_objectstorage.py for tasks to queue
[2026-05-23T11:52:45.227+0000] {logging_mixin.py:188} INFO - [2026-05-23T11:52:45.227+0000] {dagbag.py:545} INFO - Filling up the DagBag from /home/vscode/.local/lib/python3.11/site-packages/airflow/example_dags/tutorial_objectstorage.py
[2026-05-23T11:52:45.230+0000] {logging_mixin.py:188} INFO - [2026-05-23T11:52:45.229+0000] {dagbag.py:355} ERROR - Failed to import: /home/vscode/.local/lib/python3.11/site-packages/airflow/example_dags/tutorial_objectstorage.py
Traceback (most recent call last):
  File "/home/vscode/.local/lib/python3.11/site-packages/airflow/models/dagbag.py", line 351, in parse
    loader.exec_module(new_module)
  File "<frozen importlib._bootstrap_external>", line 940, in exec_module
  File "<frozen importlib._bootstrap>", line 241, in _call_with_frames_removed
  File "/home/vscode/.local/lib/python3.11/site-packages/airflow/example_dags/tutorial_objectstorage.py", line 46, in <module>
    base = ObjectStoragePath("s3://aws_default@airflow-tutorial-data/")
           ^^^^^^^^^^^^^^^^^^^^^^^^^^^^^^^^^^^^^^^^^^^^^^^^^^^^^^^^^^^^
  File "/home/vscode/.local/lib/python3.11/site-packages/upath/core.py", line 164, in __call__
    inst = cls.__new__(cls, *args, **kwargs)
           ^^^^^^^^^^^^^^^^^^^^^^^^^^^^^^^^^
  File "/home/vscode/.local/lib/python3.11/site-packages/upath/core.py", line 469, in __new__
    raise _IncompatibleProtocolError(msg)
TypeError: ObjectStoragePath(...) detected protocol s3 which is incompatible with ObjectStoragePath.
[2026-05-23T11:52:45.231+0000] {processor.py:842} WARNING - No viable dags retrieved from /home/vscode/.local/lib/python3.11/site-packages/airflow/example_dags/tutorial_objectstorage.py
[2026-05-23T11:52:45.245+0000] {processor.py:183} INFO - Processing /home/vscode/.local/lib/python3.11/site-packages/airflow/example_dags/tutorial_objectstorage.py took 0.025 seconds
[2026-05-23T11:53:25.207+0000] {processor.py:161} INFO - Started process (PID=19857) to work on /home/vscode/.local/lib/python3.11/site-packages/airflow/example_dags/tutorial_objectstorage.py
[2026-05-23T11:53:25.208+0000] {processor.py:830} INFO - Processing file /home/vscode/.local/lib/python3.11/site-packages/airflow/example_dags/tutorial_objectstorage.py for tasks to queue
[2026-05-23T11:53:25.209+0000] {logging_mixin.py:188} INFO - [2026-05-23T11:53:25.208+0000] {dagbag.py:545} INFO - Filling up the DagBag from /home/vscode/.local/lib/python3.11/site-packages/airflow/example_dags/tutorial_objectstorage.py
[2026-05-23T11:53:25.213+0000] {logging_mixin.py:188} INFO - [2026-05-23T11:53:25.211+0000] {dagbag.py:355} ERROR - Failed to import: /home/vscode/.local/lib/python3.11/site-packages/airflow/example_dags/tutorial_objectstorage.py
Traceback (most recent call last):
  File "/home/vscode/.local/lib/python3.11/site-packages/airflow/models/dagbag.py", line 351, in parse
    loader.exec_module(new_module)
  File "<frozen importlib._bootstrap_external>", line 940, in exec_module
  File "<frozen importlib._bootstrap>", line 241, in _call_with_frames_removed
  File "/home/vscode/.local/lib/python3.11/site-packages/airflow/example_dags/tutorial_objectstorage.py", line 46, in <module>
    base = ObjectStoragePath("s3://aws_default@airflow-tutorial-data/")
           ^^^^^^^^^^^^^^^^^^^^^^^^^^^^^^^^^^^^^^^^^^^^^^^^^^^^^^^^^^^^
  File "/home/vscode/.local/lib/python3.11/site-packages/upath/core.py", line 164, in __call__
    inst = cls.__new__(cls, *args, **kwargs)
           ^^^^^^^^^^^^^^^^^^^^^^^^^^^^^^^^^
  File "/home/vscode/.local/lib/python3.11/site-packages/upath/core.py", line 469, in __new__
    raise _IncompatibleProtocolError(msg)
TypeError: ObjectStoragePath(...) detected protocol s3 which is incompatible with ObjectStoragePath.
[2026-05-23T11:53:25.213+0000] {processor.py:842} WARNING - No viable dags retrieved from /home/vscode/.local/lib/python3.11/site-packages/airflow/example_dags/tutorial_objectstorage.py
[2026-05-23T11:53:25.227+0000] {processor.py:183} INFO - Processing /home/vscode/.local/lib/python3.11/site-packages/airflow/example_dags/tutorial_objectstorage.py took 0.026 seconds
[2026-05-23T11:54:08.090+0000] {processor.py:161} INFO - Started process (PID=20445) to work on /home/vscode/.local/lib/python3.11/site-packages/airflow/example_dags/tutorial_objectstorage.py
[2026-05-23T11:54:08.090+0000] {processor.py:830} INFO - Processing file /home/vscode/.local/lib/python3.11/site-packages/airflow/example_dags/tutorial_objectstorage.py for tasks to queue
[2026-05-23T11:54:08.091+0000] {logging_mixin.py:188} INFO - [2026-05-23T11:54:08.091+0000] {dagbag.py:545} INFO - Filling up the DagBag from /home/vscode/.local/lib/python3.11/site-packages/airflow/example_dags/tutorial_objectstorage.py
[2026-05-23T11:54:08.094+0000] {logging_mixin.py:188} INFO - [2026-05-23T11:54:08.093+0000] {dagbag.py:355} ERROR - Failed to import: /home/vscode/.local/lib/python3.11/site-packages/airflow/example_dags/tutorial_objectstorage.py
Traceback (most recent call last):
  File "/home/vscode/.local/lib/python3.11/site-packages/airflow/models/dagbag.py", line 351, in parse
    loader.exec_module(new_module)
  File "<frozen importlib._bootstrap_external>", line 940, in exec_module
  File "<frozen importlib._bootstrap>", line 241, in _call_with_frames_removed
  File "/home/vscode/.local/lib/python3.11/site-packages/airflow/example_dags/tutorial_objectstorage.py", line 46, in <module>
    base = ObjectStoragePath("s3://aws_default@airflow-tutorial-data/")
           ^^^^^^^^^^^^^^^^^^^^^^^^^^^^^^^^^^^^^^^^^^^^^^^^^^^^^^^^^^^^
  File "/home/vscode/.local/lib/python3.11/site-packages/upath/core.py", line 164, in __call__
    inst = cls.__new__(cls, *args, **kwargs)
           ^^^^^^^^^^^^^^^^^^^^^^^^^^^^^^^^^
  File "/home/vscode/.local/lib/python3.11/site-packages/upath/core.py", line 469, in __new__
    raise _IncompatibleProtocolError(msg)
TypeError: ObjectStoragePath(...) detected protocol s3 which is incompatible with ObjectStoragePath.
[2026-05-23T11:54:08.095+0000] {processor.py:842} WARNING - No viable dags retrieved from /home/vscode/.local/lib/python3.11/site-packages/airflow/example_dags/tutorial_objectstorage.py
[2026-05-23T11:54:08.108+0000] {processor.py:183} INFO - Processing /home/vscode/.local/lib/python3.11/site-packages/airflow/example_dags/tutorial_objectstorage.py took 0.024 seconds
[2026-05-23T11:54:53.770+0000] {processor.py:161} INFO - Started process (PID=21125) to work on /home/vscode/.local/lib/python3.11/site-packages/airflow/example_dags/tutorial_objectstorage.py
[2026-05-23T11:54:53.771+0000] {processor.py:830} INFO - Processing file /home/vscode/.local/lib/python3.11/site-packages/airflow/example_dags/tutorial_objectstorage.py for tasks to queue
[2026-05-23T11:54:53.772+0000] {logging_mixin.py:188} INFO - [2026-05-23T11:54:53.772+0000] {dagbag.py:545} INFO - Filling up the DagBag from /home/vscode/.local/lib/python3.11/site-packages/airflow/example_dags/tutorial_objectstorage.py
[2026-05-23T11:54:53.777+0000] {logging_mixin.py:188} INFO - [2026-05-23T11:54:53.774+0000] {dagbag.py:355} ERROR - Failed to import: /home/vscode/.local/lib/python3.11/site-packages/airflow/example_dags/tutorial_objectstorage.py
Traceback (most recent call last):
  File "/home/vscode/.local/lib/python3.11/site-packages/airflow/models/dagbag.py", line 351, in parse
    loader.exec_module(new_module)
  File "<frozen importlib._bootstrap_external>", line 940, in exec_module
  File "<frozen importlib._bootstrap>", line 241, in _call_with_frames_removed
  File "/home/vscode/.local/lib/python3.11/site-packages/airflow/example_dags/tutorial_objectstorage.py", line 46, in <module>
    base = ObjectStoragePath("s3://aws_default@airflow-tutorial-data/")
           ^^^^^^^^^^^^^^^^^^^^^^^^^^^^^^^^^^^^^^^^^^^^^^^^^^^^^^^^^^^^
  File "/home/vscode/.local/lib/python3.11/site-packages/upath/core.py", line 164, in __call__
    inst = cls.__new__(cls, *args, **kwargs)
           ^^^^^^^^^^^^^^^^^^^^^^^^^^^^^^^^^
  File "/home/vscode/.local/lib/python3.11/site-packages/upath/core.py", line 469, in __new__
    raise _IncompatibleProtocolError(msg)
TypeError: ObjectStoragePath(...) detected protocol s3 which is incompatible with ObjectStoragePath.
[2026-05-23T11:54:53.777+0000] {processor.py:842} WARNING - No viable dags retrieved from /home/vscode/.local/lib/python3.11/site-packages/airflow/example_dags/tutorial_objectstorage.py
[2026-05-23T11:54:53.796+0000] {processor.py:183} INFO - Processing /home/vscode/.local/lib/python3.11/site-packages/airflow/example_dags/tutorial_objectstorage.py took 0.035 seconds
[2026-05-23T11:55:45.094+0000] {processor.py:161} INFO - Started process (PID=21798) to work on /home/vscode/.local/lib/python3.11/site-packages/airflow/example_dags/tutorial_objectstorage.py
[2026-05-23T11:55:45.095+0000] {processor.py:830} INFO - Processing file /home/vscode/.local/lib/python3.11/site-packages/airflow/example_dags/tutorial_objectstorage.py for tasks to queue
[2026-05-23T11:55:45.096+0000] {logging_mixin.py:188} INFO - [2026-05-23T11:55:45.095+0000] {dagbag.py:545} INFO - Filling up the DagBag from /home/vscode/.local/lib/python3.11/site-packages/airflow/example_dags/tutorial_objectstorage.py
[2026-05-23T11:55:45.101+0000] {logging_mixin.py:188} INFO - [2026-05-23T11:55:45.098+0000] {dagbag.py:355} ERROR - Failed to import: /home/vscode/.local/lib/python3.11/site-packages/airflow/example_dags/tutorial_objectstorage.py
Traceback (most recent call last):
  File "/home/vscode/.local/lib/python3.11/site-packages/airflow/models/dagbag.py", line 351, in parse
    loader.exec_module(new_module)
  File "<frozen importlib._bootstrap_external>", line 940, in exec_module
  File "<frozen importlib._bootstrap>", line 241, in _call_with_frames_removed
  File "/home/vscode/.local/lib/python3.11/site-packages/airflow/example_dags/tutorial_objectstorage.py", line 46, in <module>
    base = ObjectStoragePath("s3://aws_default@airflow-tutorial-data/")
           ^^^^^^^^^^^^^^^^^^^^^^^^^^^^^^^^^^^^^^^^^^^^^^^^^^^^^^^^^^^^
  File "/home/vscode/.local/lib/python3.11/site-packages/upath/core.py", line 164, in __call__
    inst = cls.__new__(cls, *args, **kwargs)
           ^^^^^^^^^^^^^^^^^^^^^^^^^^^^^^^^^
  File "/home/vscode/.local/lib/python3.11/site-packages/upath/core.py", line 469, in __new__
    raise _IncompatibleProtocolError(msg)
TypeError: ObjectStoragePath(...) detected protocol s3 which is incompatible with ObjectStoragePath.
[2026-05-23T11:55:45.101+0000] {processor.py:842} WARNING - No viable dags retrieved from /home/vscode/.local/lib/python3.11/site-packages/airflow/example_dags/tutorial_objectstorage.py
[2026-05-23T11:55:45.121+0000] {processor.py:183} INFO - Processing /home/vscode/.local/lib/python3.11/site-packages/airflow/example_dags/tutorial_objectstorage.py took 0.037 seconds
[2026-05-23T11:56:35.398+0000] {processor.py:161} INFO - Started process (PID=22511) to work on /home/vscode/.local/lib/python3.11/site-packages/airflow/example_dags/tutorial_objectstorage.py
[2026-05-23T11:56:35.401+0000] {processor.py:830} INFO - Processing file /home/vscode/.local/lib/python3.11/site-packages/airflow/example_dags/tutorial_objectstorage.py for tasks to queue
[2026-05-23T11:56:35.402+0000] {logging_mixin.py:188} INFO - [2026-05-23T11:56:35.402+0000] {dagbag.py:545} INFO - Filling up the DagBag from /home/vscode/.local/lib/python3.11/site-packages/airflow/example_dags/tutorial_objectstorage.py
[2026-05-23T11:56:35.421+0000] {logging_mixin.py:188} INFO - [2026-05-23T11:56:35.411+0000] {dagbag.py:355} ERROR - Failed to import: /home/vscode/.local/lib/python3.11/site-packages/airflow/example_dags/tutorial_objectstorage.py
Traceback (most recent call last):
  File "/home/vscode/.local/lib/python3.11/site-packages/airflow/models/dagbag.py", line 351, in parse
    loader.exec_module(new_module)
  File "<frozen importlib._bootstrap_external>", line 940, in exec_module
  File "<frozen importlib._bootstrap>", line 241, in _call_with_frames_removed
  File "/home/vscode/.local/lib/python3.11/site-packages/airflow/example_dags/tutorial_objectstorage.py", line 46, in <module>
    base = ObjectStoragePath("s3://aws_default@airflow-tutorial-data/")
           ^^^^^^^^^^^^^^^^^^^^^^^^^^^^^^^^^^^^^^^^^^^^^^^^^^^^^^^^^^^^
  File "/home/vscode/.local/lib/python3.11/site-packages/upath/core.py", line 164, in __call__
    inst = cls.__new__(cls, *args, **kwargs)
           ^^^^^^^^^^^^^^^^^^^^^^^^^^^^^^^^^
  File "/home/vscode/.local/lib/python3.11/site-packages/upath/core.py", line 469, in __new__
    raise _IncompatibleProtocolError(msg)
TypeError: ObjectStoragePath(...) detected protocol s3 which is incompatible with ObjectStoragePath.
[2026-05-23T11:56:35.422+0000] {processor.py:842} WARNING - No viable dags retrieved from /home/vscode/.local/lib/python3.11/site-packages/airflow/example_dags/tutorial_objectstorage.py
[2026-05-23T11:56:35.494+0000] {processor.py:183} INFO - Processing /home/vscode/.local/lib/python3.11/site-packages/airflow/example_dags/tutorial_objectstorage.py took 0.118 seconds
[2026-05-23T11:57:23.962+0000] {processor.py:161} INFO - Started process (PID=22905) to work on /home/vscode/.local/lib/python3.11/site-packages/airflow/example_dags/tutorial_objectstorage.py
[2026-05-23T11:57:23.964+0000] {processor.py:830} INFO - Processing file /home/vscode/.local/lib/python3.11/site-packages/airflow/example_dags/tutorial_objectstorage.py for tasks to queue
[2026-05-23T11:57:23.965+0000] {logging_mixin.py:188} INFO - [2026-05-23T11:57:23.965+0000] {dagbag.py:545} INFO - Filling up the DagBag from /home/vscode/.local/lib/python3.11/site-packages/airflow/example_dags/tutorial_objectstorage.py
[2026-05-23T11:57:23.975+0000] {logging_mixin.py:188} INFO - [2026-05-23T11:57:23.970+0000] {dagbag.py:355} ERROR - Failed to import: /home/vscode/.local/lib/python3.11/site-packages/airflow/example_dags/tutorial_objectstorage.py
Traceback (most recent call last):
  File "/home/vscode/.local/lib/python3.11/site-packages/airflow/models/dagbag.py", line 351, in parse
    loader.exec_module(new_module)
  File "<frozen importlib._bootstrap_external>", line 940, in exec_module
  File "<frozen importlib._bootstrap>", line 241, in _call_with_frames_removed
  File "/home/vscode/.local/lib/python3.11/site-packages/airflow/example_dags/tutorial_objectstorage.py", line 46, in <module>
    base = ObjectStoragePath("s3://aws_default@airflow-tutorial-data/")
           ^^^^^^^^^^^^^^^^^^^^^^^^^^^^^^^^^^^^^^^^^^^^^^^^^^^^^^^^^^^^
  File "/home/vscode/.local/lib/python3.11/site-packages/upath/core.py", line 164, in __call__
    inst = cls.__new__(cls, *args, **kwargs)
           ^^^^^^^^^^^^^^^^^^^^^^^^^^^^^^^^^
  File "/home/vscode/.local/lib/python3.11/site-packages/upath/core.py", line 469, in __new__
    raise _IncompatibleProtocolError(msg)
TypeError: ObjectStoragePath(...) detected protocol s3 which is incompatible with ObjectStoragePath.
[2026-05-23T11:57:23.982+0000] {processor.py:842} WARNING - No viable dags retrieved from /home/vscode/.local/lib/python3.11/site-packages/airflow/example_dags/tutorial_objectstorage.py
[2026-05-23T11:57:24.010+0000] {processor.py:183} INFO - Processing /home/vscode/.local/lib/python3.11/site-packages/airflow/example_dags/tutorial_objectstorage.py took 0.068 seconds
[2026-05-23T11:58:14.725+0000] {processor.py:161} INFO - Started process (PID=23366) to work on /home/vscode/.local/lib/python3.11/site-packages/airflow/example_dags/tutorial_objectstorage.py
[2026-05-23T11:58:14.726+0000] {processor.py:830} INFO - Processing file /home/vscode/.local/lib/python3.11/site-packages/airflow/example_dags/tutorial_objectstorage.py for tasks to queue
[2026-05-23T11:58:14.727+0000] {logging_mixin.py:188} INFO - [2026-05-23T11:58:14.726+0000] {dagbag.py:545} INFO - Filling up the DagBag from /home/vscode/.local/lib/python3.11/site-packages/airflow/example_dags/tutorial_objectstorage.py
[2026-05-23T11:58:14.731+0000] {logging_mixin.py:188} INFO - [2026-05-23T11:58:14.729+0000] {dagbag.py:355} ERROR - Failed to import: /home/vscode/.local/lib/python3.11/site-packages/airflow/example_dags/tutorial_objectstorage.py
Traceback (most recent call last):
  File "/home/vscode/.local/lib/python3.11/site-packages/airflow/models/dagbag.py", line 351, in parse
    loader.exec_module(new_module)
  File "<frozen importlib._bootstrap_external>", line 940, in exec_module
  File "<frozen importlib._bootstrap>", line 241, in _call_with_frames_removed
  File "/home/vscode/.local/lib/python3.11/site-packages/airflow/example_dags/tutorial_objectstorage.py", line 46, in <module>
    base = ObjectStoragePath("s3://aws_default@airflow-tutorial-data/")
           ^^^^^^^^^^^^^^^^^^^^^^^^^^^^^^^^^^^^^^^^^^^^^^^^^^^^^^^^^^^^
  File "/home/vscode/.local/lib/python3.11/site-packages/upath/core.py", line 164, in __call__
    inst = cls.__new__(cls, *args, **kwargs)
           ^^^^^^^^^^^^^^^^^^^^^^^^^^^^^^^^^
  File "/home/vscode/.local/lib/python3.11/site-packages/upath/core.py", line 469, in __new__
    raise _IncompatibleProtocolError(msg)
TypeError: ObjectStoragePath(...) detected protocol s3 which is incompatible with ObjectStoragePath.
[2026-05-23T11:58:14.732+0000] {processor.py:842} WARNING - No viable dags retrieved from /home/vscode/.local/lib/python3.11/site-packages/airflow/example_dags/tutorial_objectstorage.py
[2026-05-23T11:58:14.757+0000] {processor.py:183} INFO - Processing /home/vscode/.local/lib/python3.11/site-packages/airflow/example_dags/tutorial_objectstorage.py took 0.051 seconds
[2026-05-23T12:11:27.740+0000] {processor.py:161} INFO - Started process (PID=32300) to work on /home/vscode/.local/lib/python3.11/site-packages/airflow/example_dags/tutorial_objectstorage.py
[2026-05-23T12:11:27.751+0000] {processor.py:830} INFO - Processing file /home/vscode/.local/lib/python3.11/site-packages/airflow/example_dags/tutorial_objectstorage.py for tasks to queue
[2026-05-23T12:11:27.752+0000] {logging_mixin.py:188} INFO - [2026-05-23T12:11:27.752+0000] {dagbag.py:545} INFO - Filling up the DagBag from /home/vscode/.local/lib/python3.11/site-packages/airflow/example_dags/tutorial_objectstorage.py
[2026-05-23T12:11:27.768+0000] {logging_mixin.py:188} INFO - [2026-05-23T12:11:27.754+0000] {dagbag.py:355} ERROR - Failed to import: /home/vscode/.local/lib/python3.11/site-packages/airflow/example_dags/tutorial_objectstorage.py
Traceback (most recent call last):
  File "/home/vscode/.local/lib/python3.11/site-packages/airflow/models/dagbag.py", line 351, in parse
    loader.exec_module(new_module)
  File "<frozen importlib._bootstrap_external>", line 940, in exec_module
  File "<frozen importlib._bootstrap>", line 241, in _call_with_frames_removed
  File "/home/vscode/.local/lib/python3.11/site-packages/airflow/example_dags/tutorial_objectstorage.py", line 46, in <module>
    base = ObjectStoragePath("s3://aws_default@airflow-tutorial-data/")
           ^^^^^^^^^^^^^^^^^^^^^^^^^^^^^^^^^^^^^^^^^^^^^^^^^^^^^^^^^^^^
  File "/home/vscode/.local/lib/python3.11/site-packages/upath/core.py", line 164, in __call__
    # determine the protocol
           ^^^^^^^^^^^^^^^^^^
  File "/home/vscode/.local/lib/python3.11/site-packages/upath/core.py", line 469, in __new__
    " Please follow the universal_pathlib==0.2.0 migration guide at"
        ^^^^^^^^^^^^^^^^^^^^^^^^^^^^^^^^^^^^^
TypeError: ObjectStoragePath(...) detected protocol s3 which is incompatible with ObjectStoragePath.
[2026-05-23T12:11:27.769+0000] {processor.py:842} WARNING - No viable dags retrieved from /home/vscode/.local/lib/python3.11/site-packages/airflow/example_dags/tutorial_objectstorage.py
[2026-05-23T12:11:27.782+0000] {processor.py:183} INFO - Processing /home/vscode/.local/lib/python3.11/site-packages/airflow/example_dags/tutorial_objectstorage.py took 0.051 seconds
