[2026-05-09T11:19:23.695+0000] {processor.py:161} INFO - Started process (PID=7406) to work on /home/vscode/.local/lib/python3.11/site-packages/airflow/example_dags/example_branch_datetime_operator.py
[2026-05-09T11:19:23.695+0000] {processor.py:830} INFO - Processing file /home/vscode/.local/lib/python3.11/site-packages/airflow/example_dags/example_branch_datetime_operator.py for tasks to queue
[2026-05-09T11:19:23.696+0000] {logging_mixin.py:188} INFO - [2026-05-09T11:19:23.696+0000] {dagbag.py:545} INFO - Filling up the DagBag from /home/vscode/.local/lib/python3.11/site-packages/airflow/example_dags/example_branch_datetime_operator.py
[2026-05-09T11:19:23.704+0000] {processor.py:840} INFO - DAG(s) 'example_branch_datetime_operator_3', 'example_branch_datetime_operator_2', 'example_branch_datetime_operator' retrieved from /home/vscode/.local/lib/python3.11/site-packages/airflow/example_dags/example_branch_datetime_operator.py
[2026-05-09T11:19:23.907+0000] {logging_mixin.py:188} INFO - [2026-05-09T11:19:23.907+0000] {dag.py:3096} INFO - Sync 3 DAGs
[2026-05-09T11:19:23.926+0000] {logging_mixin.py:188} INFO - [2026-05-09T11:19:23.926+0000] {dag.py:3954} INFO - Setting next_dagrun for example_branch_datetime_operator to 2026-05-08 00:00:00+00:00, run_after=2026-05-09 00:00:00+00:00
[2026-05-09T11:19:23.929+0000] {logging_mixin.py:188} INFO - [2026-05-09T11:19:23.929+0000] {dag.py:3954} INFO - Setting next_dagrun for example_branch_datetime_operator_2 to 2026-05-08 00:00:00+00:00, run_after=2026-05-09 00:00:00+00:00
[2026-05-09T11:19:23.931+0000] {logging_mixin.py:188} INFO - [2026-05-09T11:19:23.930+0000] {dag.py:3954} INFO - Setting next_dagrun for example_branch_datetime_operator_3 to 2026-05-08 00:00:00+00:00, run_after=2026-05-09 00:00:00+00:00
[2026-05-09T11:19:23.945+0000] {processor.py:183} INFO - Processing /home/vscode/.local/lib/python3.11/site-packages/airflow/example_dags/example_branch_datetime_operator.py took 0.257 seconds
[2026-05-09T11:20:20.463+0000] {processor.py:161} INFO - Started process (PID=7890) to work on /home/vscode/.local/lib/python3.11/site-packages/airflow/example_dags/example_branch_datetime_operator.py
[2026-05-09T11:20:20.464+0000] {processor.py:830} INFO - Processing file /home/vscode/.local/lib/python3.11/site-packages/airflow/example_dags/example_branch_datetime_operator.py for tasks to queue
[2026-05-09T11:20:20.464+0000] {logging_mixin.py:188} INFO - [2026-05-09T11:20:20.464+0000] {dagbag.py:545} INFO - Filling up the DagBag from /home/vscode/.local/lib/python3.11/site-packages/airflow/example_dags/example_branch_datetime_operator.py
[2026-05-09T11:20:20.473+0000] {processor.py:840} INFO - DAG(s) 'example_branch_datetime_operator_2', 'example_branch_datetime_operator', 'example_branch_datetime_operator_3' retrieved from /home/vscode/.local/lib/python3.11/site-packages/airflow/example_dags/example_branch_datetime_operator.py
[2026-05-09T11:20:20.490+0000] {logging_mixin.py:188} INFO - [2026-05-09T11:20:20.490+0000] {dag.py:3096} INFO - Sync 3 DAGs
[2026-05-09T11:20:20.506+0000] {logging_mixin.py:188} INFO - [2026-05-09T11:20:20.506+0000] {dag.py:3954} INFO - Setting next_dagrun for example_branch_datetime_operator to 2026-05-08 00:00:00+00:00, run_after=2026-05-09 00:00:00+00:00
[2026-05-09T11:20:20.509+0000] {logging_mixin.py:188} INFO - [2026-05-09T11:20:20.509+0000] {dag.py:3954} INFO - Setting next_dagrun for example_branch_datetime_operator_2 to 2026-05-08 00:00:00+00:00, run_after=2026-05-09 00:00:00+00:00
[2026-05-09T11:20:20.511+0000] {logging_mixin.py:188} INFO - [2026-05-09T11:20:20.511+0000] {dag.py:3954} INFO - Setting next_dagrun for example_branch_datetime_operator_3 to 2026-05-08 00:00:00+00:00, run_after=2026-05-09 00:00:00+00:00
[2026-05-09T11:20:20.526+0000] {processor.py:183} INFO - Processing /home/vscode/.local/lib/python3.11/site-packages/airflow/example_dags/example_branch_datetime_operator.py took 0.070 seconds
[2026-05-09T11:21:25.946+0000] {processor.py:161} INFO - Started process (PID=8463) to work on /home/vscode/.local/lib/python3.11/site-packages/airflow/example_dags/example_branch_datetime_operator.py
[2026-05-09T11:21:25.947+0000] {processor.py:830} INFO - Processing file /home/vscode/.local/lib/python3.11/site-packages/airflow/example_dags/example_branch_datetime_operator.py for tasks to queue
[2026-05-09T11:21:25.948+0000] {logging_mixin.py:188} INFO - [2026-05-09T11:21:25.947+0000] {dagbag.py:545} INFO - Filling up the DagBag from /home/vscode/.local/lib/python3.11/site-packages/airflow/example_dags/example_branch_datetime_operator.py
[2026-05-09T11:21:25.958+0000] {processor.py:840} INFO - DAG(s) 'example_branch_datetime_operator_2', 'example_branch_datetime_operator', 'example_branch_datetime_operator_3' retrieved from /home/vscode/.local/lib/python3.11/site-packages/airflow/example_dags/example_branch_datetime_operator.py
[2026-05-09T11:21:25.973+0000] {logging_mixin.py:188} INFO - [2026-05-09T11:21:25.973+0000] {dag.py:3096} INFO - Sync 3 DAGs
[2026-05-09T11:21:25.990+0000] {logging_mixin.py:188} INFO - [2026-05-09T11:21:25.990+0000] {dag.py:3954} INFO - Setting next_dagrun for example_branch_datetime_operator to 2026-05-08 00:00:00+00:00, run_after=2026-05-09 00:00:00+00:00
[2026-05-09T11:21:25.995+0000] {logging_mixin.py:188} INFO - [2026-05-09T11:21:25.995+0000] {dag.py:3954} INFO - Setting next_dagrun for example_branch_datetime_operator_2 to 2026-05-08 00:00:00+00:00, run_after=2026-05-09 00:00:00+00:00
[2026-05-09T11:21:25.997+0000] {logging_mixin.py:188} INFO - [2026-05-09T11:21:25.997+0000] {dag.py:3954} INFO - Setting next_dagrun for example_branch_datetime_operator_3 to 2026-05-08 00:00:00+00:00, run_after=2026-05-09 00:00:00+00:00
[2026-05-09T11:21:26.017+0000] {processor.py:183} INFO - Processing /home/vscode/.local/lib/python3.11/site-packages/airflow/example_dags/example_branch_datetime_operator.py took 0.077 seconds
[2026-05-09T11:22:26.578+0000] {processor.py:161} INFO - Started process (PID=9175) to work on /home/vscode/.local/lib/python3.11/site-packages/airflow/example_dags/example_branch_datetime_operator.py
[2026-05-09T11:22:26.579+0000] {processor.py:830} INFO - Processing file /home/vscode/.local/lib/python3.11/site-packages/airflow/example_dags/example_branch_datetime_operator.py for tasks to queue
[2026-05-09T11:22:26.579+0000] {logging_mixin.py:188} INFO - [2026-05-09T11:22:26.579+0000] {dagbag.py:545} INFO - Filling up the DagBag from /home/vscode/.local/lib/python3.11/site-packages/airflow/example_dags/example_branch_datetime_operator.py
[2026-05-09T11:22:26.588+0000] {processor.py:840} INFO - DAG(s) 'example_branch_datetime_operator', 'example_branch_datetime_operator_2', 'example_branch_datetime_operator_3' retrieved from /home/vscode/.local/lib/python3.11/site-packages/airflow/example_dags/example_branch_datetime_operator.py
[2026-05-09T11:22:26.603+0000] {logging_mixin.py:188} INFO - [2026-05-09T11:22:26.603+0000] {dag.py:3096} INFO - Sync 3 DAGs
[2026-05-09T11:22:26.618+0000] {logging_mixin.py:188} INFO - [2026-05-09T11:22:26.618+0000] {dag.py:3954} INFO - Setting next_dagrun for example_branch_datetime_operator to 2026-05-08 00:00:00+00:00, run_after=2026-05-09 00:00:00+00:00
[2026-05-09T11:22:26.621+0000] {logging_mixin.py:188} INFO - [2026-05-09T11:22:26.621+0000] {dag.py:3954} INFO - Setting next_dagrun for example_branch_datetime_operator_2 to 2026-05-08 00:00:00+00:00, run_after=2026-05-09 00:00:00+00:00
[2026-05-09T11:22:26.622+0000] {logging_mixin.py:188} INFO - [2026-05-09T11:22:26.622+0000] {dag.py:3954} INFO - Setting next_dagrun for example_branch_datetime_operator_3 to 2026-05-08 00:00:00+00:00, run_after=2026-05-09 00:00:00+00:00
[2026-05-09T11:22:26.636+0000] {processor.py:183} INFO - Processing /home/vscode/.local/lib/python3.11/site-packages/airflow/example_dags/example_branch_datetime_operator.py took 0.064 seconds
[2026-05-09T11:23:20.561+0000] {processor.py:161} INFO - Started process (PID=9806) to work on /home/vscode/.local/lib/python3.11/site-packages/airflow/example_dags/example_branch_datetime_operator.py
[2026-05-09T11:23:20.561+0000] {processor.py:830} INFO - Processing file /home/vscode/.local/lib/python3.11/site-packages/airflow/example_dags/example_branch_datetime_operator.py for tasks to queue
[2026-05-09T11:23:20.562+0000] {logging_mixin.py:188} INFO - [2026-05-09T11:23:20.562+0000] {dagbag.py:545} INFO - Filling up the DagBag from /home/vscode/.local/lib/python3.11/site-packages/airflow/example_dags/example_branch_datetime_operator.py
[2026-05-09T11:23:20.570+0000] {processor.py:840} INFO - DAG(s) 'example_branch_datetime_operator_3', 'example_branch_datetime_operator', 'example_branch_datetime_operator_2' retrieved from /home/vscode/.local/lib/python3.11/site-packages/airflow/example_dags/example_branch_datetime_operator.py
[2026-05-09T11:23:20.586+0000] {logging_mixin.py:188} INFO - [2026-05-09T11:23:20.586+0000] {dag.py:3096} INFO - Sync 3 DAGs
[2026-05-09T11:23:20.600+0000] {logging_mixin.py:188} INFO - [2026-05-09T11:23:20.600+0000] {dag.py:3954} INFO - Setting next_dagrun for example_branch_datetime_operator to 2026-05-08 00:00:00+00:00, run_after=2026-05-09 00:00:00+00:00
[2026-05-09T11:23:20.605+0000] {logging_mixin.py:188} INFO - [2026-05-09T11:23:20.605+0000] {dag.py:3954} INFO - Setting next_dagrun for example_branch_datetime_operator_2 to 2026-05-08 00:00:00+00:00, run_after=2026-05-09 00:00:00+00:00
[2026-05-09T11:23:20.607+0000] {logging_mixin.py:188} INFO - [2026-05-09T11:23:20.607+0000] {dag.py:3954} INFO - Setting next_dagrun for example_branch_datetime_operator_3 to 2026-05-08 00:00:00+00:00, run_after=2026-05-09 00:00:00+00:00
[2026-05-09T11:23:20.621+0000] {processor.py:183} INFO - Processing /home/vscode/.local/lib/python3.11/site-packages/airflow/example_dags/example_branch_datetime_operator.py took 0.067 seconds
[2026-05-09T11:24:22.330+0000] {processor.py:161} INFO - Started process (PID=10607) to work on /home/vscode/.local/lib/python3.11/site-packages/airflow/example_dags/example_branch_datetime_operator.py
[2026-05-09T11:24:22.333+0000] {processor.py:830} INFO - Processing file /home/vscode/.local/lib/python3.11/site-packages/airflow/example_dags/example_branch_datetime_operator.py for tasks to queue
[2026-05-09T11:24:22.334+0000] {logging_mixin.py:188} INFO - [2026-05-09T11:24:22.334+0000] {dagbag.py:545} INFO - Filling up the DagBag from /home/vscode/.local/lib/python3.11/site-packages/airflow/example_dags/example_branch_datetime_operator.py
[2026-05-09T11:24:22.348+0000] {processor.py:840} INFO - DAG(s) 'example_branch_datetime_operator_3', 'example_branch_datetime_operator', 'example_branch_datetime_operator_2' retrieved from /home/vscode/.local/lib/python3.11/site-packages/airflow/example_dags/example_branch_datetime_operator.py
[2026-05-09T11:24:22.372+0000] {logging_mixin.py:188} INFO - [2026-05-09T11:24:22.372+0000] {dag.py:3096} INFO - Sync 3 DAGs
[2026-05-09T11:24:22.392+0000] {logging_mixin.py:188} INFO - [2026-05-09T11:24:22.392+0000] {dag.py:3954} INFO - Setting next_dagrun for example_branch_datetime_operator to 2026-05-08 00:00:00+00:00, run_after=2026-05-09 00:00:00+00:00
[2026-05-09T11:24:22.396+0000] {logging_mixin.py:188} INFO - [2026-05-09T11:24:22.396+0000] {dag.py:3954} INFO - Setting next_dagrun for example_branch_datetime_operator_2 to 2026-05-08 00:00:00+00:00, run_after=2026-05-09 00:00:00+00:00
[2026-05-09T11:24:22.399+0000] {logging_mixin.py:188} INFO - [2026-05-09T11:24:22.399+0000] {dag.py:3954} INFO - Setting next_dagrun for example_branch_datetime_operator_3 to 2026-05-08 00:00:00+00:00, run_after=2026-05-09 00:00:00+00:00
[2026-05-09T11:24:22.422+0000] {processor.py:183} INFO - Processing /home/vscode/.local/lib/python3.11/site-packages/airflow/example_dags/example_branch_datetime_operator.py took 0.103 seconds
[2026-05-09T11:25:24.136+0000] {processor.py:161} INFO - Started process (PID=11333) to work on /home/vscode/.local/lib/python3.11/site-packages/airflow/example_dags/example_branch_datetime_operator.py
[2026-05-09T11:25:24.137+0000] {processor.py:830} INFO - Processing file /home/vscode/.local/lib/python3.11/site-packages/airflow/example_dags/example_branch_datetime_operator.py for tasks to queue
[2026-05-09T11:25:24.137+0000] {logging_mixin.py:188} INFO - [2026-05-09T11:25:24.137+0000] {dagbag.py:545} INFO - Filling up the DagBag from /home/vscode/.local/lib/python3.11/site-packages/airflow/example_dags/example_branch_datetime_operator.py
[2026-05-09T11:25:24.146+0000] {processor.py:840} INFO - DAG(s) 'example_branch_datetime_operator_3', 'example_branch_datetime_operator_2', 'example_branch_datetime_operator' retrieved from /home/vscode/.local/lib/python3.11/site-packages/airflow/example_dags/example_branch_datetime_operator.py
[2026-05-09T11:25:24.161+0000] {logging_mixin.py:188} INFO - [2026-05-09T11:25:24.161+0000] {dag.py:3096} INFO - Sync 3 DAGs
[2026-05-09T11:25:24.177+0000] {logging_mixin.py:188} INFO - [2026-05-09T11:25:24.176+0000] {dag.py:3954} INFO - Setting next_dagrun for example_branch_datetime_operator to 2026-05-08 00:00:00+00:00, run_after=2026-05-09 00:00:00+00:00
[2026-05-09T11:25:24.181+0000] {logging_mixin.py:188} INFO - [2026-05-09T11:25:24.181+0000] {dag.py:3954} INFO - Setting next_dagrun for example_branch_datetime_operator_2 to 2026-05-08 00:00:00+00:00, run_after=2026-05-09 00:00:00+00:00
[2026-05-09T11:25:24.183+0000] {logging_mixin.py:188} INFO - [2026-05-09T11:25:24.183+0000] {dag.py:3954} INFO - Setting next_dagrun for example_branch_datetime_operator_3 to 2026-05-08 00:00:00+00:00, run_after=2026-05-09 00:00:00+00:00
[2026-05-09T11:25:24.197+0000] {processor.py:183} INFO - Processing /home/vscode/.local/lib/python3.11/site-packages/airflow/example_dags/example_branch_datetime_operator.py took 0.067 seconds
[2026-05-09T11:26:24.020+0000] {processor.py:161} INFO - Started process (PID=11875) to work on /home/vscode/.local/lib/python3.11/site-packages/airflow/example_dags/example_branch_datetime_operator.py
[2026-05-09T11:26:24.021+0000] {processor.py:830} INFO - Processing file /home/vscode/.local/lib/python3.11/site-packages/airflow/example_dags/example_branch_datetime_operator.py for tasks to queue
[2026-05-09T11:26:24.021+0000] {logging_mixin.py:188} INFO - [2026-05-09T11:26:24.021+0000] {dagbag.py:545} INFO - Filling up the DagBag from /home/vscode/.local/lib/python3.11/site-packages/airflow/example_dags/example_branch_datetime_operator.py
[2026-05-09T11:26:24.030+0000] {processor.py:840} INFO - DAG(s) 'example_branch_datetime_operator', 'example_branch_datetime_operator_3', 'example_branch_datetime_operator_2' retrieved from /home/vscode/.local/lib/python3.11/site-packages/airflow/example_dags/example_branch_datetime_operator.py
[2026-05-09T11:26:24.045+0000] {logging_mixin.py:188} INFO - [2026-05-09T11:26:24.045+0000] {dag.py:3096} INFO - Sync 3 DAGs
[2026-05-09T11:26:24.060+0000] {logging_mixin.py:188} INFO - [2026-05-09T11:26:24.060+0000] {dag.py:3954} INFO - Setting next_dagrun for example_branch_datetime_operator to 2026-05-08 00:00:00+00:00, run_after=2026-05-09 00:00:00+00:00
[2026-05-09T11:26:24.064+0000] {logging_mixin.py:188} INFO - [2026-05-09T11:26:24.063+0000] {dag.py:3954} INFO - Setting next_dagrun for example_branch_datetime_operator_2 to 2026-05-08 00:00:00+00:00, run_after=2026-05-09 00:00:00+00:00
[2026-05-09T11:26:24.065+0000] {logging_mixin.py:188} INFO - [2026-05-09T11:26:24.065+0000] {dag.py:3954} INFO - Setting next_dagrun for example_branch_datetime_operator_3 to 2026-05-08 00:00:00+00:00, run_after=2026-05-09 00:00:00+00:00
[2026-05-09T11:26:24.079+0000] {processor.py:183} INFO - Processing /home/vscode/.local/lib/python3.11/site-packages/airflow/example_dags/example_branch_datetime_operator.py took 0.066 seconds
[2026-05-09T11:27:23.676+0000] {processor.py:161} INFO - Started process (PID=12583) to work on /home/vscode/.local/lib/python3.11/site-packages/airflow/example_dags/example_branch_datetime_operator.py
[2026-05-09T11:27:23.677+0000] {processor.py:830} INFO - Processing file /home/vscode/.local/lib/python3.11/site-packages/airflow/example_dags/example_branch_datetime_operator.py for tasks to queue
[2026-05-09T11:27:23.677+0000] {logging_mixin.py:188} INFO - [2026-05-09T11:27:23.677+0000] {dagbag.py:545} INFO - Filling up the DagBag from /home/vscode/.local/lib/python3.11/site-packages/airflow/example_dags/example_branch_datetime_operator.py
[2026-05-09T11:27:23.685+0000] {processor.py:840} INFO - DAG(s) 'example_branch_datetime_operator_3', 'example_branch_datetime_operator', 'example_branch_datetime_operator_2' retrieved from /home/vscode/.local/lib/python3.11/site-packages/airflow/example_dags/example_branch_datetime_operator.py
[2026-05-09T11:27:23.701+0000] {logging_mixin.py:188} INFO - [2026-05-09T11:27:23.700+0000] {dag.py:3096} INFO - Sync 3 DAGs
[2026-05-09T11:27:23.716+0000] {logging_mixin.py:188} INFO - [2026-05-09T11:27:23.716+0000] {dag.py:3954} INFO - Setting next_dagrun for example_branch_datetime_operator to 2026-05-08 00:00:00+00:00, run_after=2026-05-09 00:00:00+00:00
[2026-05-09T11:27:23.719+0000] {logging_mixin.py:188} INFO - [2026-05-09T11:27:23.719+0000] {dag.py:3954} INFO - Setting next_dagrun for example_branch_datetime_operator_2 to 2026-05-08 00:00:00+00:00, run_after=2026-05-09 00:00:00+00:00
[2026-05-09T11:27:23.720+0000] {logging_mixin.py:188} INFO - [2026-05-09T11:27:23.720+0000] {dag.py:3954} INFO - Setting next_dagrun for example_branch_datetime_operator_3 to 2026-05-08 00:00:00+00:00, run_after=2026-05-09 00:00:00+00:00
[2026-05-09T11:27:23.734+0000] {processor.py:183} INFO - Processing /home/vscode/.local/lib/python3.11/site-packages/airflow/example_dags/example_branch_datetime_operator.py took 0.064 seconds
[2026-05-09T11:28:24.304+0000] {processor.py:161} INFO - Started process (PID=13349) to work on /home/vscode/.local/lib/python3.11/site-packages/airflow/example_dags/example_branch_datetime_operator.py
[2026-05-09T11:28:24.304+0000] {processor.py:830} INFO - Processing file /home/vscode/.local/lib/python3.11/site-packages/airflow/example_dags/example_branch_datetime_operator.py for tasks to queue
[2026-05-09T11:28:24.305+0000] {logging_mixin.py:188} INFO - [2026-05-09T11:28:24.304+0000] {dagbag.py:545} INFO - Filling up the DagBag from /home/vscode/.local/lib/python3.11/site-packages/airflow/example_dags/example_branch_datetime_operator.py
[2026-05-09T11:28:24.313+0000] {processor.py:840} INFO - DAG(s) 'example_branch_datetime_operator_3', 'example_branch_datetime_operator', 'example_branch_datetime_operator_2' retrieved from /home/vscode/.local/lib/python3.11/site-packages/airflow/example_dags/example_branch_datetime_operator.py
[2026-05-09T11:28:24.329+0000] {logging_mixin.py:188} INFO - [2026-05-09T11:28:24.328+0000] {dag.py:3096} INFO - Sync 3 DAGs
[2026-05-09T11:28:24.343+0000] {logging_mixin.py:188} INFO - [2026-05-09T11:28:24.343+0000] {dag.py:3954} INFO - Setting next_dagrun for example_branch_datetime_operator to 2026-05-08 00:00:00+00:00, run_after=2026-05-09 00:00:00+00:00
[2026-05-09T11:28:24.347+0000] {logging_mixin.py:188} INFO - [2026-05-09T11:28:24.347+0000] {dag.py:3954} INFO - Setting next_dagrun for example_branch_datetime_operator_2 to 2026-05-08 00:00:00+00:00, run_after=2026-05-09 00:00:00+00:00
[2026-05-09T11:28:24.349+0000] {logging_mixin.py:188} INFO - [2026-05-09T11:28:24.348+0000] {dag.py:3954} INFO - Setting next_dagrun for example_branch_datetime_operator_3 to 2026-05-08 00:00:00+00:00, run_after=2026-05-09 00:00:00+00:00
[2026-05-09T11:28:24.362+0000] {processor.py:183} INFO - Processing /home/vscode/.local/lib/python3.11/site-packages/airflow/example_dags/example_branch_datetime_operator.py took 0.067 seconds
[2026-05-09T11:29:25.223+0000] {processor.py:161} INFO - Started process (PID=13930) to work on /home/vscode/.local/lib/python3.11/site-packages/airflow/example_dags/example_branch_datetime_operator.py
[2026-05-09T11:29:25.224+0000] {processor.py:830} INFO - Processing file /home/vscode/.local/lib/python3.11/site-packages/airflow/example_dags/example_branch_datetime_operator.py for tasks to queue
[2026-05-09T11:29:25.224+0000] {logging_mixin.py:188} INFO - [2026-05-09T11:29:25.224+0000] {dagbag.py:545} INFO - Filling up the DagBag from /home/vscode/.local/lib/python3.11/site-packages/airflow/example_dags/example_branch_datetime_operator.py
[2026-05-09T11:29:25.233+0000] {processor.py:840} INFO - DAG(s) 'example_branch_datetime_operator_2', 'example_branch_datetime_operator', 'example_branch_datetime_operator_3' retrieved from /home/vscode/.local/lib/python3.11/site-packages/airflow/example_dags/example_branch_datetime_operator.py
[2026-05-09T11:29:25.250+0000] {logging_mixin.py:188} INFO - [2026-05-09T11:29:25.250+0000] {dag.py:3096} INFO - Sync 3 DAGs
[2026-05-09T11:29:25.266+0000] {logging_mixin.py:188} INFO - [2026-05-09T11:29:25.266+0000] {dag.py:3954} INFO - Setting next_dagrun for example_branch_datetime_operator to 2026-05-08 00:00:00+00:00, run_after=2026-05-09 00:00:00+00:00
[2026-05-09T11:29:25.269+0000] {logging_mixin.py:188} INFO - [2026-05-09T11:29:25.269+0000] {dag.py:3954} INFO - Setting next_dagrun for example_branch_datetime_operator_2 to 2026-05-08 00:00:00+00:00, run_after=2026-05-09 00:00:00+00:00
[2026-05-09T11:29:25.271+0000] {logging_mixin.py:188} INFO - [2026-05-09T11:29:25.271+0000] {dag.py:3954} INFO - Setting next_dagrun for example_branch_datetime_operator_3 to 2026-05-08 00:00:00+00:00, run_after=2026-05-09 00:00:00+00:00
[2026-05-09T11:29:25.288+0000] {processor.py:183} INFO - Processing /home/vscode/.local/lib/python3.11/site-packages/airflow/example_dags/example_branch_datetime_operator.py took 0.071 seconds
[2026-05-09T11:30:30.051+0000] {processor.py:161} INFO - Started process (PID=14585) to work on /home/vscode/.local/lib/python3.11/site-packages/airflow/example_dags/example_branch_datetime_operator.py
[2026-05-09T11:30:30.052+0000] {processor.py:830} INFO - Processing file /home/vscode/.local/lib/python3.11/site-packages/airflow/example_dags/example_branch_datetime_operator.py for tasks to queue
[2026-05-09T11:30:30.053+0000] {logging_mixin.py:188} INFO - [2026-05-09T11:30:30.052+0000] {dagbag.py:545} INFO - Filling up the DagBag from /home/vscode/.local/lib/python3.11/site-packages/airflow/example_dags/example_branch_datetime_operator.py
[2026-05-09T11:30:30.061+0000] {processor.py:840} INFO - DAG(s) 'example_branch_datetime_operator_3', 'example_branch_datetime_operator', 'example_branch_datetime_operator_2' retrieved from /home/vscode/.local/lib/python3.11/site-packages/airflow/example_dags/example_branch_datetime_operator.py
[2026-05-09T11:30:30.077+0000] {logging_mixin.py:188} INFO - [2026-05-09T11:30:30.077+0000] {dag.py:3096} INFO - Sync 3 DAGs
[2026-05-09T11:30:30.095+0000] {logging_mixin.py:188} INFO - [2026-05-09T11:30:30.095+0000] {dag.py:3954} INFO - Setting next_dagrun for example_branch_datetime_operator to 2026-05-08 00:00:00+00:00, run_after=2026-05-09 00:00:00+00:00
[2026-05-09T11:30:30.098+0000] {logging_mixin.py:188} INFO - [2026-05-09T11:30:30.098+0000] {dag.py:3954} INFO - Setting next_dagrun for example_branch_datetime_operator_2 to 2026-05-08 00:00:00+00:00, run_after=2026-05-09 00:00:00+00:00
[2026-05-09T11:30:30.100+0000] {logging_mixin.py:188} INFO - [2026-05-09T11:30:30.100+0000] {dag.py:3954} INFO - Setting next_dagrun for example_branch_datetime_operator_3 to 2026-05-08 00:00:00+00:00, run_after=2026-05-09 00:00:00+00:00
[2026-05-09T11:30:30.117+0000] {processor.py:183} INFO - Processing /home/vscode/.local/lib/python3.11/site-packages/airflow/example_dags/example_branch_datetime_operator.py took 0.072 seconds
[2026-05-09T11:31:28.523+0000] {processor.py:161} INFO - Started process (PID=15377) to work on /home/vscode/.local/lib/python3.11/site-packages/airflow/example_dags/example_branch_datetime_operator.py
[2026-05-09T11:31:28.572+0000] {processor.py:830} INFO - Processing file /home/vscode/.local/lib/python3.11/site-packages/airflow/example_dags/example_branch_datetime_operator.py for tasks to queue
[2026-05-09T11:31:28.573+0000] {logging_mixin.py:188} INFO - [2026-05-09T11:31:28.572+0000] {dagbag.py:545} INFO - Filling up the DagBag from /home/vscode/.local/lib/python3.11/site-packages/airflow/example_dags/example_branch_datetime_operator.py
[2026-05-09T11:31:28.602+0000] {processor.py:840} INFO - DAG(s) 'example_branch_datetime_operator', 'example_branch_datetime_operator_3', 'example_branch_datetime_operator_2' retrieved from /home/vscode/.local/lib/python3.11/site-packages/airflow/example_dags/example_branch_datetime_operator.py
[2026-05-09T11:31:28.691+0000] {logging_mixin.py:188} INFO - [2026-05-09T11:31:28.691+0000] {dag.py:3096} INFO - Sync 3 DAGs
[2026-05-09T11:31:28.715+0000] {logging_mixin.py:188} INFO - [2026-05-09T11:31:28.715+0000] {dag.py:3954} INFO - Setting next_dagrun for example_branch_datetime_operator to 2026-05-08 00:00:00+00:00, run_after=2026-05-09 00:00:00+00:00
[2026-05-09T11:31:28.720+0000] {logging_mixin.py:188} INFO - [2026-05-09T11:31:28.720+0000] {dag.py:3954} INFO - Setting next_dagrun for example_branch_datetime_operator_2 to 2026-05-08 00:00:00+00:00, run_after=2026-05-09 00:00:00+00:00
[2026-05-09T11:31:28.722+0000] {logging_mixin.py:188} INFO - [2026-05-09T11:31:28.722+0000] {dag.py:3954} INFO - Setting next_dagrun for example_branch_datetime_operator_3 to 2026-05-08 00:00:00+00:00, run_after=2026-05-09 00:00:00+00:00
[2026-05-09T11:31:28.779+0000] {processor.py:183} INFO - Processing /home/vscode/.local/lib/python3.11/site-packages/airflow/example_dags/example_branch_datetime_operator.py took 0.263 seconds
[2026-05-09T11:32:36.006+0000] {processor.py:161} INFO - Started process (PID=16004) to work on /home/vscode/.local/lib/python3.11/site-packages/airflow/example_dags/example_branch_datetime_operator.py
[2026-05-09T11:32:36.007+0000] {processor.py:830} INFO - Processing file /home/vscode/.local/lib/python3.11/site-packages/airflow/example_dags/example_branch_datetime_operator.py for tasks to queue
[2026-05-09T11:32:36.007+0000] {logging_mixin.py:188} INFO - [2026-05-09T11:32:36.007+0000] {dagbag.py:545} INFO - Filling up the DagBag from /home/vscode/.local/lib/python3.11/site-packages/airflow/example_dags/example_branch_datetime_operator.py
[2026-05-09T11:32:36.016+0000] {processor.py:840} INFO - DAG(s) 'example_branch_datetime_operator_2', 'example_branch_datetime_operator_3', 'example_branch_datetime_operator' retrieved from /home/vscode/.local/lib/python3.11/site-packages/airflow/example_dags/example_branch_datetime_operator.py
[2026-05-09T11:32:36.035+0000] {logging_mixin.py:188} INFO - [2026-05-09T11:32:36.035+0000] {dag.py:3096} INFO - Sync 3 DAGs
[2026-05-09T11:32:36.053+0000] {logging_mixin.py:188} INFO - [2026-05-09T11:32:36.053+0000] {dag.py:3954} INFO - Setting next_dagrun for example_branch_datetime_operator to 2026-05-08 00:00:00+00:00, run_after=2026-05-09 00:00:00+00:00
[2026-05-09T11:32:36.056+0000] {logging_mixin.py:188} INFO - [2026-05-09T11:32:36.056+0000] {dag.py:3954} INFO - Setting next_dagrun for example_branch_datetime_operator_2 to 2026-05-08 00:00:00+00:00, run_after=2026-05-09 00:00:00+00:00
[2026-05-09T11:32:36.059+0000] {logging_mixin.py:188} INFO - [2026-05-09T11:32:36.059+0000] {dag.py:3954} INFO - Setting next_dagrun for example_branch_datetime_operator_3 to 2026-05-08 00:00:00+00:00, run_after=2026-05-09 00:00:00+00:00
[2026-05-09T11:32:36.077+0000] {processor.py:183} INFO - Processing /home/vscode/.local/lib/python3.11/site-packages/airflow/example_dags/example_branch_datetime_operator.py took 0.077 seconds
[2026-05-09T11:33:39.365+0000] {processor.py:161} INFO - Started process (PID=16595) to work on /home/vscode/.local/lib/python3.11/site-packages/airflow/example_dags/example_branch_datetime_operator.py
[2026-05-09T11:33:39.366+0000] {processor.py:830} INFO - Processing file /home/vscode/.local/lib/python3.11/site-packages/airflow/example_dags/example_branch_datetime_operator.py for tasks to queue
[2026-05-09T11:33:39.367+0000] {logging_mixin.py:188} INFO - [2026-05-09T11:33:39.367+0000] {dagbag.py:545} INFO - Filling up the DagBag from /home/vscode/.local/lib/python3.11/site-packages/airflow/example_dags/example_branch_datetime_operator.py
[2026-05-09T11:33:39.378+0000] {processor.py:840} INFO - DAG(s) 'example_branch_datetime_operator_3', 'example_branch_datetime_operator_2', 'example_branch_datetime_operator' retrieved from /home/vscode/.local/lib/python3.11/site-packages/airflow/example_dags/example_branch_datetime_operator.py
[2026-05-09T11:33:39.397+0000] {logging_mixin.py:188} INFO - [2026-05-09T11:33:39.397+0000] {dag.py:3096} INFO - Sync 3 DAGs
[2026-05-09T11:33:39.423+0000] {logging_mixin.py:188} INFO - [2026-05-09T11:33:39.423+0000] {dag.py:3954} INFO - Setting next_dagrun for example_branch_datetime_operator to 2026-05-08 00:00:00+00:00, run_after=2026-05-09 00:00:00+00:00
[2026-05-09T11:33:39.429+0000] {logging_mixin.py:188} INFO - [2026-05-09T11:33:39.429+0000] {dag.py:3954} INFO - Setting next_dagrun for example_branch_datetime_operator_2 to 2026-05-08 00:00:00+00:00, run_after=2026-05-09 00:00:00+00:00
[2026-05-09T11:33:39.440+0000] {logging_mixin.py:188} INFO - [2026-05-09T11:33:39.438+0000] {dag.py:3954} INFO - Setting next_dagrun for example_branch_datetime_operator_3 to 2026-05-08 00:00:00+00:00, run_after=2026-05-09 00:00:00+00:00
[2026-05-09T11:33:39.482+0000] {processor.py:183} INFO - Processing /home/vscode/.local/lib/python3.11/site-packages/airflow/example_dags/example_branch_datetime_operator.py took 0.124 seconds
[2026-05-09T11:34:42.303+0000] {processor.py:161} INFO - Started process (PID=17127) to work on /home/vscode/.local/lib/python3.11/site-packages/airflow/example_dags/example_branch_datetime_operator.py
[2026-05-09T11:34:42.303+0000] {processor.py:830} INFO - Processing file /home/vscode/.local/lib/python3.11/site-packages/airflow/example_dags/example_branch_datetime_operator.py for tasks to queue
[2026-05-09T11:34:42.304+0000] {logging_mixin.py:188} INFO - [2026-05-09T11:34:42.304+0000] {dagbag.py:545} INFO - Filling up the DagBag from /home/vscode/.local/lib/python3.11/site-packages/airflow/example_dags/example_branch_datetime_operator.py
[2026-05-09T11:34:42.312+0000] {processor.py:840} INFO - DAG(s) 'example_branch_datetime_operator', 'example_branch_datetime_operator_2', 'example_branch_datetime_operator_3' retrieved from /home/vscode/.local/lib/python3.11/site-packages/airflow/example_dags/example_branch_datetime_operator.py
[2026-05-09T11:34:42.329+0000] {logging_mixin.py:188} INFO - [2026-05-09T11:34:42.329+0000] {dag.py:3096} INFO - Sync 3 DAGs
[2026-05-09T11:34:42.345+0000] {logging_mixin.py:188} INFO - [2026-05-09T11:34:42.345+0000] {dag.py:3954} INFO - Setting next_dagrun for example_branch_datetime_operator to 2026-05-08 00:00:00+00:00, run_after=2026-05-09 00:00:00+00:00
[2026-05-09T11:34:42.348+0000] {logging_mixin.py:188} INFO - [2026-05-09T11:34:42.348+0000] {dag.py:3954} INFO - Setting next_dagrun for example_branch_datetime_operator_2 to 2026-05-08 00:00:00+00:00, run_after=2026-05-09 00:00:00+00:00
[2026-05-09T11:34:42.350+0000] {logging_mixin.py:188} INFO - [2026-05-09T11:34:42.349+0000] {dag.py:3954} INFO - Setting next_dagrun for example_branch_datetime_operator_3 to 2026-05-08 00:00:00+00:00, run_after=2026-05-09 00:00:00+00:00
[2026-05-09T11:34:42.363+0000] {processor.py:183} INFO - Processing /home/vscode/.local/lib/python3.11/site-packages/airflow/example_dags/example_branch_datetime_operator.py took 0.070 seconds
[2026-05-09T11:35:41.556+0000] {processor.py:161} INFO - Started process (PID=17627) to work on /home/vscode/.local/lib/python3.11/site-packages/airflow/example_dags/example_branch_datetime_operator.py
[2026-05-09T11:35:41.556+0000] {processor.py:830} INFO - Processing file /home/vscode/.local/lib/python3.11/site-packages/airflow/example_dags/example_branch_datetime_operator.py for tasks to queue
[2026-05-09T11:35:41.557+0000] {logging_mixin.py:188} INFO - [2026-05-09T11:35:41.557+0000] {dagbag.py:545} INFO - Filling up the DagBag from /home/vscode/.local/lib/python3.11/site-packages/airflow/example_dags/example_branch_datetime_operator.py
[2026-05-09T11:35:41.571+0000] {processor.py:840} INFO - DAG(s) 'example_branch_datetime_operator_3', 'example_branch_datetime_operator', 'example_branch_datetime_operator_2' retrieved from /home/vscode/.local/lib/python3.11/site-packages/airflow/example_dags/example_branch_datetime_operator.py
[2026-05-09T11:35:41.594+0000] {logging_mixin.py:188} INFO - [2026-05-09T11:35:41.594+0000] {dag.py:3096} INFO - Sync 3 DAGs
[2026-05-09T11:35:41.613+0000] {logging_mixin.py:188} INFO - [2026-05-09T11:35:41.613+0000] {dag.py:3954} INFO - Setting next_dagrun for example_branch_datetime_operator to 2026-05-08 00:00:00+00:00, run_after=2026-05-09 00:00:00+00:00
[2026-05-09T11:35:41.616+0000] {logging_mixin.py:188} INFO - [2026-05-09T11:35:41.616+0000] {dag.py:3954} INFO - Setting next_dagrun for example_branch_datetime_operator_2 to 2026-05-08 00:00:00+00:00, run_after=2026-05-09 00:00:00+00:00
[2026-05-09T11:35:41.618+0000] {logging_mixin.py:188} INFO - [2026-05-09T11:35:41.618+0000] {dag.py:3954} INFO - Setting next_dagrun for example_branch_datetime_operator_3 to 2026-05-08 00:00:00+00:00, run_after=2026-05-09 00:00:00+00:00
[2026-05-09T11:35:41.641+0000] {processor.py:183} INFO - Processing /home/vscode/.local/lib/python3.11/site-packages/airflow/example_dags/example_branch_datetime_operator.py took 0.097 seconds
[2026-05-09T11:36:42.035+0000] {processor.py:161} INFO - Started process (PID=18126) to work on /home/vscode/.local/lib/python3.11/site-packages/airflow/example_dags/example_branch_datetime_operator.py
[2026-05-09T11:36:42.035+0000] {processor.py:830} INFO - Processing file /home/vscode/.local/lib/python3.11/site-packages/airflow/example_dags/example_branch_datetime_operator.py for tasks to queue
[2026-05-09T11:36:42.036+0000] {logging_mixin.py:188} INFO - [2026-05-09T11:36:42.036+0000] {dagbag.py:545} INFO - Filling up the DagBag from /home/vscode/.local/lib/python3.11/site-packages/airflow/example_dags/example_branch_datetime_operator.py
[2026-05-09T11:36:42.044+0000] {processor.py:840} INFO - DAG(s) 'example_branch_datetime_operator', 'example_branch_datetime_operator_2', 'example_branch_datetime_operator_3' retrieved from /home/vscode/.local/lib/python3.11/site-packages/airflow/example_dags/example_branch_datetime_operator.py
[2026-05-09T11:36:42.066+0000] {logging_mixin.py:188} INFO - [2026-05-09T11:36:42.065+0000] {dag.py:3096} INFO - Sync 3 DAGs
[2026-05-09T11:36:42.082+0000] {logging_mixin.py:188} INFO - [2026-05-09T11:36:42.082+0000] {dag.py:3954} INFO - Setting next_dagrun for example_branch_datetime_operator to 2026-05-08 00:00:00+00:00, run_after=2026-05-09 00:00:00+00:00
[2026-05-09T11:36:42.085+0000] {logging_mixin.py:188} INFO - [2026-05-09T11:36:42.085+0000] {dag.py:3954} INFO - Setting next_dagrun for example_branch_datetime_operator_2 to 2026-05-08 00:00:00+00:00, run_after=2026-05-09 00:00:00+00:00
[2026-05-09T11:36:42.087+0000] {logging_mixin.py:188} INFO - [2026-05-09T11:36:42.087+0000] {dag.py:3954} INFO - Setting next_dagrun for example_branch_datetime_operator_3 to 2026-05-08 00:00:00+00:00, run_after=2026-05-09 00:00:00+00:00
[2026-05-09T11:36:42.100+0000] {processor.py:183} INFO - Processing /home/vscode/.local/lib/python3.11/site-packages/airflow/example_dags/example_branch_datetime_operator.py took 0.072 seconds
[2026-05-09T11:37:43.778+0000] {processor.py:161} INFO - Started process (PID=18876) to work on /home/vscode/.local/lib/python3.11/site-packages/airflow/example_dags/example_branch_datetime_operator.py
[2026-05-09T11:37:43.779+0000] {processor.py:830} INFO - Processing file /home/vscode/.local/lib/python3.11/site-packages/airflow/example_dags/example_branch_datetime_operator.py for tasks to queue
[2026-05-09T11:37:43.779+0000] {logging_mixin.py:188} INFO - [2026-05-09T11:37:43.779+0000] {dagbag.py:545} INFO - Filling up the DagBag from /home/vscode/.local/lib/python3.11/site-packages/airflow/example_dags/example_branch_datetime_operator.py
[2026-05-09T11:37:43.788+0000] {processor.py:840} INFO - DAG(s) 'example_branch_datetime_operator', 'example_branch_datetime_operator_3', 'example_branch_datetime_operator_2' retrieved from /home/vscode/.local/lib/python3.11/site-packages/airflow/example_dags/example_branch_datetime_operator.py
[2026-05-09T11:37:43.803+0000] {logging_mixin.py:188} INFO - [2026-05-09T11:37:43.803+0000] {dag.py:3096} INFO - Sync 3 DAGs
[2026-05-09T11:37:43.818+0000] {logging_mixin.py:188} INFO - [2026-05-09T11:37:43.818+0000] {dag.py:3954} INFO - Setting next_dagrun for example_branch_datetime_operator to 2026-05-08 00:00:00+00:00, run_after=2026-05-09 00:00:00+00:00
[2026-05-09T11:37:43.821+0000] {logging_mixin.py:188} INFO - [2026-05-09T11:37:43.821+0000] {dag.py:3954} INFO - Setting next_dagrun for example_branch_datetime_operator_2 to 2026-05-08 00:00:00+00:00, run_after=2026-05-09 00:00:00+00:00
[2026-05-09T11:37:43.822+0000] {logging_mixin.py:188} INFO - [2026-05-09T11:37:43.822+0000] {dag.py:3954} INFO - Setting next_dagrun for example_branch_datetime_operator_3 to 2026-05-08 00:00:00+00:00, run_after=2026-05-09 00:00:00+00:00
[2026-05-09T11:37:43.836+0000] {processor.py:183} INFO - Processing /home/vscode/.local/lib/python3.11/site-packages/airflow/example_dags/example_branch_datetime_operator.py took 0.065 seconds
[2026-05-09T11:38:46.563+0000] {processor.py:161} INFO - Started process (PID=19607) to work on /home/vscode/.local/lib/python3.11/site-packages/airflow/example_dags/example_branch_datetime_operator.py
[2026-05-09T11:38:46.564+0000] {processor.py:830} INFO - Processing file /home/vscode/.local/lib/python3.11/site-packages/airflow/example_dags/example_branch_datetime_operator.py for tasks to queue
[2026-05-09T11:38:46.564+0000] {logging_mixin.py:188} INFO - [2026-05-09T11:38:46.564+0000] {dagbag.py:545} INFO - Filling up the DagBag from /home/vscode/.local/lib/python3.11/site-packages/airflow/example_dags/example_branch_datetime_operator.py
[2026-05-09T11:38:46.573+0000] {processor.py:840} INFO - DAG(s) 'example_branch_datetime_operator', 'example_branch_datetime_operator_3', 'example_branch_datetime_operator_2' retrieved from /home/vscode/.local/lib/python3.11/site-packages/airflow/example_dags/example_branch_datetime_operator.py
[2026-05-09T11:38:46.590+0000] {logging_mixin.py:188} INFO - [2026-05-09T11:38:46.590+0000] {dag.py:3096} INFO - Sync 3 DAGs
[2026-05-09T11:38:46.614+0000] {logging_mixin.py:188} INFO - [2026-05-09T11:38:46.614+0000] {dag.py:3954} INFO - Setting next_dagrun for example_branch_datetime_operator to 2026-05-08 00:00:00+00:00, run_after=2026-05-09 00:00:00+00:00
[2026-05-09T11:38:46.617+0000] {logging_mixin.py:188} INFO - [2026-05-09T11:38:46.617+0000] {dag.py:3954} INFO - Setting next_dagrun for example_branch_datetime_operator_2 to 2026-05-08 00:00:00+00:00, run_after=2026-05-09 00:00:00+00:00
[2026-05-09T11:38:46.618+0000] {logging_mixin.py:188} INFO - [2026-05-09T11:38:46.618+0000] {dag.py:3954} INFO - Setting next_dagrun for example_branch_datetime_operator_3 to 2026-05-08 00:00:00+00:00, run_after=2026-05-09 00:00:00+00:00
[2026-05-09T11:38:46.633+0000] {processor.py:183} INFO - Processing /home/vscode/.local/lib/python3.11/site-packages/airflow/example_dags/example_branch_datetime_operator.py took 0.078 seconds
[2026-05-09T11:39:45.035+0000] {processor.py:161} INFO - Started process (PID=20379) to work on /home/vscode/.local/lib/python3.11/site-packages/airflow/example_dags/example_branch_datetime_operator.py
[2026-05-09T11:39:45.036+0000] {processor.py:830} INFO - Processing file /home/vscode/.local/lib/python3.11/site-packages/airflow/example_dags/example_branch_datetime_operator.py for tasks to queue
[2026-05-09T11:39:45.036+0000] {logging_mixin.py:188} INFO - [2026-05-09T11:39:45.036+0000] {dagbag.py:545} INFO - Filling up the DagBag from /home/vscode/.local/lib/python3.11/site-packages/airflow/example_dags/example_branch_datetime_operator.py
[2026-05-09T11:39:45.045+0000] {processor.py:840} INFO - DAG(s) 'example_branch_datetime_operator_2', 'example_branch_datetime_operator', 'example_branch_datetime_operator_3' retrieved from /home/vscode/.local/lib/python3.11/site-packages/airflow/example_dags/example_branch_datetime_operator.py
[2026-05-09T11:39:45.061+0000] {logging_mixin.py:188} INFO - [2026-05-09T11:39:45.061+0000] {dag.py:3096} INFO - Sync 3 DAGs
[2026-05-09T11:39:45.077+0000] {logging_mixin.py:188} INFO - [2026-05-09T11:39:45.077+0000] {dag.py:3954} INFO - Setting next_dagrun for example_branch_datetime_operator to 2026-05-08 00:00:00+00:00, run_after=2026-05-09 00:00:00+00:00
[2026-05-09T11:39:45.080+0000] {logging_mixin.py:188} INFO - [2026-05-09T11:39:45.080+0000] {dag.py:3954} INFO - Setting next_dagrun for example_branch_datetime_operator_2 to 2026-05-08 00:00:00+00:00, run_after=2026-05-09 00:00:00+00:00
[2026-05-09T11:39:45.082+0000] {logging_mixin.py:188} INFO - [2026-05-09T11:39:45.082+0000] {dag.py:3954} INFO - Setting next_dagrun for example_branch_datetime_operator_3 to 2026-05-08 00:00:00+00:00, run_after=2026-05-09 00:00:00+00:00
[2026-05-09T11:39:45.098+0000] {processor.py:183} INFO - Processing /home/vscode/.local/lib/python3.11/site-packages/airflow/example_dags/example_branch_datetime_operator.py took 0.071 seconds
[2026-05-09T11:40:48.827+0000] {processor.py:161} INFO - Started process (PID=20853) to work on /home/vscode/.local/lib/python3.11/site-packages/airflow/example_dags/example_branch_datetime_operator.py
[2026-05-09T11:40:48.827+0000] {processor.py:830} INFO - Processing file /home/vscode/.local/lib/python3.11/site-packages/airflow/example_dags/example_branch_datetime_operator.py for tasks to queue
[2026-05-09T11:40:48.828+0000] {logging_mixin.py:188} INFO - [2026-05-09T11:40:48.827+0000] {dagbag.py:545} INFO - Filling up the DagBag from /home/vscode/.local/lib/python3.11/site-packages/airflow/example_dags/example_branch_datetime_operator.py
[2026-05-09T11:40:48.836+0000] {processor.py:840} INFO - DAG(s) 'example_branch_datetime_operator_3', 'example_branch_datetime_operator_2', 'example_branch_datetime_operator' retrieved from /home/vscode/.local/lib/python3.11/site-packages/airflow/example_dags/example_branch_datetime_operator.py
[2026-05-09T11:40:48.852+0000] {logging_mixin.py:188} INFO - [2026-05-09T11:40:48.852+0000] {dag.py:3096} INFO - Sync 3 DAGs
[2026-05-09T11:40:48.867+0000] {logging_mixin.py:188} INFO - [2026-05-09T11:40:48.866+0000] {dag.py:3954} INFO - Setting next_dagrun for example_branch_datetime_operator to 2026-05-08 00:00:00+00:00, run_after=2026-05-09 00:00:00+00:00
[2026-05-09T11:40:48.870+0000] {logging_mixin.py:188} INFO - [2026-05-09T11:40:48.870+0000] {dag.py:3954} INFO - Setting next_dagrun for example_branch_datetime_operator_2 to 2026-05-08 00:00:00+00:00, run_after=2026-05-09 00:00:00+00:00
[2026-05-09T11:40:48.871+0000] {logging_mixin.py:188} INFO - [2026-05-09T11:40:48.871+0000] {dag.py:3954} INFO - Setting next_dagrun for example_branch_datetime_operator_3 to 2026-05-08 00:00:00+00:00, run_after=2026-05-09 00:00:00+00:00
[2026-05-09T11:40:48.885+0000] {processor.py:183} INFO - Processing /home/vscode/.local/lib/python3.11/site-packages/airflow/example_dags/example_branch_datetime_operator.py took 0.065 seconds
[2026-05-09T11:41:55.022+0000] {processor.py:161} INFO - Started process (PID=21566) to work on /home/vscode/.local/lib/python3.11/site-packages/airflow/example_dags/example_branch_datetime_operator.py
[2026-05-09T11:41:55.023+0000] {processor.py:830} INFO - Processing file /home/vscode/.local/lib/python3.11/site-packages/airflow/example_dags/example_branch_datetime_operator.py for tasks to queue
[2026-05-09T11:41:55.023+0000] {logging_mixin.py:188} INFO - [2026-05-09T11:41:55.023+0000] {dagbag.py:545} INFO - Filling up the DagBag from /home/vscode/.local/lib/python3.11/site-packages/airflow/example_dags/example_branch_datetime_operator.py
[2026-05-09T11:41:55.031+0000] {processor.py:840} INFO - DAG(s) 'example_branch_datetime_operator_2', 'example_branch_datetime_operator_3', 'example_branch_datetime_operator' retrieved from /home/vscode/.local/lib/python3.11/site-packages/airflow/example_dags/example_branch_datetime_operator.py
[2026-05-09T11:41:55.047+0000] {logging_mixin.py:188} INFO - [2026-05-09T11:41:55.047+0000] {dag.py:3096} INFO - Sync 3 DAGs
[2026-05-09T11:41:55.063+0000] {logging_mixin.py:188} INFO - [2026-05-09T11:41:55.063+0000] {dag.py:3954} INFO - Setting next_dagrun for example_branch_datetime_operator to 2026-05-08 00:00:00+00:00, run_after=2026-05-09 00:00:00+00:00
[2026-05-09T11:41:55.068+0000] {logging_mixin.py:188} INFO - [2026-05-09T11:41:55.067+0000] {dag.py:3954} INFO - Setting next_dagrun for example_branch_datetime_operator_2 to 2026-05-08 00:00:00+00:00, run_after=2026-05-09 00:00:00+00:00
[2026-05-09T11:41:55.070+0000] {logging_mixin.py:188} INFO - [2026-05-09T11:41:55.070+0000] {dag.py:3954} INFO - Setting next_dagrun for example_branch_datetime_operator_3 to 2026-05-08 00:00:00+00:00, run_after=2026-05-09 00:00:00+00:00
[2026-05-09T11:41:55.086+0000] {processor.py:183} INFO - Processing /home/vscode/.local/lib/python3.11/site-packages/airflow/example_dags/example_branch_datetime_operator.py took 0.070 seconds
[2026-05-09T11:43:00.343+0000] {processor.py:161} INFO - Started process (PID=22104) to work on /home/vscode/.local/lib/python3.11/site-packages/airflow/example_dags/example_branch_datetime_operator.py
[2026-05-09T11:43:00.344+0000] {processor.py:830} INFO - Processing file /home/vscode/.local/lib/python3.11/site-packages/airflow/example_dags/example_branch_datetime_operator.py for tasks to queue
[2026-05-09T11:43:00.344+0000] {logging_mixin.py:188} INFO - [2026-05-09T11:43:00.344+0000] {dagbag.py:545} INFO - Filling up the DagBag from /home/vscode/.local/lib/python3.11/site-packages/airflow/example_dags/example_branch_datetime_operator.py
[2026-05-09T11:43:00.352+0000] {processor.py:840} INFO - DAG(s) 'example_branch_datetime_operator', 'example_branch_datetime_operator_2', 'example_branch_datetime_operator_3' retrieved from /home/vscode/.local/lib/python3.11/site-packages/airflow/example_dags/example_branch_datetime_operator.py
[2026-05-09T11:43:00.367+0000] {logging_mixin.py:188} INFO - [2026-05-09T11:43:00.366+0000] {dag.py:3096} INFO - Sync 3 DAGs
[2026-05-09T11:43:00.382+0000] {logging_mixin.py:188} INFO - [2026-05-09T11:43:00.382+0000] {dag.py:3954} INFO - Setting next_dagrun for example_branch_datetime_operator to 2026-05-08 00:00:00+00:00, run_after=2026-05-09 00:00:00+00:00
[2026-05-09T11:43:00.385+0000] {logging_mixin.py:188} INFO - [2026-05-09T11:43:00.385+0000] {dag.py:3954} INFO - Setting next_dagrun for example_branch_datetime_operator_2 to 2026-05-08 00:00:00+00:00, run_after=2026-05-09 00:00:00+00:00
[2026-05-09T11:43:00.386+0000] {logging_mixin.py:188} INFO - [2026-05-09T11:43:00.386+0000] {dag.py:3954} INFO - Setting next_dagrun for example_branch_datetime_operator_3 to 2026-05-08 00:00:00+00:00, run_after=2026-05-09 00:00:00+00:00
[2026-05-09T11:43:00.400+0000] {processor.py:183} INFO - Processing /home/vscode/.local/lib/python3.11/site-packages/airflow/example_dags/example_branch_datetime_operator.py took 0.063 seconds
[2026-05-09T11:44:06.592+0000] {processor.py:161} INFO - Started process (PID=22715) to work on /home/vscode/.local/lib/python3.11/site-packages/airflow/example_dags/example_branch_datetime_operator.py
[2026-05-09T11:44:06.593+0000] {processor.py:830} INFO - Processing file /home/vscode/.local/lib/python3.11/site-packages/airflow/example_dags/example_branch_datetime_operator.py for tasks to queue
[2026-05-09T11:44:06.593+0000] {logging_mixin.py:188} INFO - [2026-05-09T11:44:06.593+0000] {dagbag.py:545} INFO - Filling up the DagBag from /home/vscode/.local/lib/python3.11/site-packages/airflow/example_dags/example_branch_datetime_operator.py
[2026-05-09T11:44:06.603+0000] {processor.py:840} INFO - DAG(s) 'example_branch_datetime_operator_2', 'example_branch_datetime_operator', 'example_branch_datetime_operator_3' retrieved from /home/vscode/.local/lib/python3.11/site-packages/airflow/example_dags/example_branch_datetime_operator.py
[2026-05-09T11:44:06.625+0000] {logging_mixin.py:188} INFO - [2026-05-09T11:44:06.624+0000] {dag.py:3096} INFO - Sync 3 DAGs
[2026-05-09T11:44:06.645+0000] {logging_mixin.py:188} INFO - [2026-05-09T11:44:06.644+0000] {dag.py:3954} INFO - Setting next_dagrun for example_branch_datetime_operator to 2026-05-08 00:00:00+00:00, run_after=2026-05-09 00:00:00+00:00
[2026-05-09T11:44:06.648+0000] {logging_mixin.py:188} INFO - [2026-05-09T11:44:06.648+0000] {dag.py:3954} INFO - Setting next_dagrun for example_branch_datetime_operator_2 to 2026-05-08 00:00:00+00:00, run_after=2026-05-09 00:00:00+00:00
[2026-05-09T11:44:06.649+0000] {logging_mixin.py:188} INFO - [2026-05-09T11:44:06.649+0000] {dag.py:3954} INFO - Setting next_dagrun for example_branch_datetime_operator_3 to 2026-05-08 00:00:00+00:00, run_after=2026-05-09 00:00:00+00:00
[2026-05-09T11:44:06.664+0000] {processor.py:183} INFO - Processing /home/vscode/.local/lib/python3.11/site-packages/airflow/example_dags/example_branch_datetime_operator.py took 0.079 seconds
[2026-05-09T11:45:08.295+0000] {processor.py:161} INFO - Started process (PID=23233) to work on /home/vscode/.local/lib/python3.11/site-packages/airflow/example_dags/example_branch_datetime_operator.py
[2026-05-09T11:45:08.296+0000] {processor.py:830} INFO - Processing file /home/vscode/.local/lib/python3.11/site-packages/airflow/example_dags/example_branch_datetime_operator.py for tasks to queue
[2026-05-09T11:45:08.296+0000] {logging_mixin.py:188} INFO - [2026-05-09T11:45:08.296+0000] {dagbag.py:545} INFO - Filling up the DagBag from /home/vscode/.local/lib/python3.11/site-packages/airflow/example_dags/example_branch_datetime_operator.py
[2026-05-09T11:45:08.304+0000] {processor.py:840} INFO - DAG(s) 'example_branch_datetime_operator', 'example_branch_datetime_operator_3', 'example_branch_datetime_operator_2' retrieved from /home/vscode/.local/lib/python3.11/site-packages/airflow/example_dags/example_branch_datetime_operator.py
[2026-05-09T11:45:08.319+0000] {logging_mixin.py:188} INFO - [2026-05-09T11:45:08.319+0000] {dag.py:3096} INFO - Sync 3 DAGs
[2026-05-09T11:45:08.334+0000] {logging_mixin.py:188} INFO - [2026-05-09T11:45:08.334+0000] {dag.py:3954} INFO - Setting next_dagrun for example_branch_datetime_operator to 2026-05-08 00:00:00+00:00, run_after=2026-05-09 00:00:00+00:00
[2026-05-09T11:45:08.337+0000] {logging_mixin.py:188} INFO - [2026-05-09T11:45:08.337+0000] {dag.py:3954} INFO - Setting next_dagrun for example_branch_datetime_operator_2 to 2026-05-08 00:00:00+00:00, run_after=2026-05-09 00:00:00+00:00
[2026-05-09T11:45:08.338+0000] {logging_mixin.py:188} INFO - [2026-05-09T11:45:08.338+0000] {dag.py:3954} INFO - Setting next_dagrun for example_branch_datetime_operator_3 to 2026-05-08 00:00:00+00:00, run_after=2026-05-09 00:00:00+00:00
[2026-05-09T11:45:08.353+0000] {processor.py:183} INFO - Processing /home/vscode/.local/lib/python3.11/site-packages/airflow/example_dags/example_branch_datetime_operator.py took 0.064 seconds
[2026-05-09T11:46:12.474+0000] {processor.py:161} INFO - Started process (PID=23763) to work on /home/vscode/.local/lib/python3.11/site-packages/airflow/example_dags/example_branch_datetime_operator.py
[2026-05-09T11:46:12.474+0000] {processor.py:830} INFO - Processing file /home/vscode/.local/lib/python3.11/site-packages/airflow/example_dags/example_branch_datetime_operator.py for tasks to queue
[2026-05-09T11:46:12.475+0000] {logging_mixin.py:188} INFO - [2026-05-09T11:46:12.475+0000] {dagbag.py:545} INFO - Filling up the DagBag from /home/vscode/.local/lib/python3.11/site-packages/airflow/example_dags/example_branch_datetime_operator.py
[2026-05-09T11:46:12.483+0000] {processor.py:840} INFO - DAG(s) 'example_branch_datetime_operator_2', 'example_branch_datetime_operator_3', 'example_branch_datetime_operator' retrieved from /home/vscode/.local/lib/python3.11/site-packages/airflow/example_dags/example_branch_datetime_operator.py
[2026-05-09T11:46:12.499+0000] {logging_mixin.py:188} INFO - [2026-05-09T11:46:12.499+0000] {dag.py:3096} INFO - Sync 3 DAGs
[2026-05-09T11:46:12.514+0000] {logging_mixin.py:188} INFO - [2026-05-09T11:46:12.514+0000] {dag.py:3954} INFO - Setting next_dagrun for example_branch_datetime_operator to 2026-05-08 00:00:00+00:00, run_after=2026-05-09 00:00:00+00:00
[2026-05-09T11:46:12.517+0000] {logging_mixin.py:188} INFO - [2026-05-09T11:46:12.517+0000] {dag.py:3954} INFO - Setting next_dagrun for example_branch_datetime_operator_2 to 2026-05-08 00:00:00+00:00, run_after=2026-05-09 00:00:00+00:00
[2026-05-09T11:46:12.519+0000] {logging_mixin.py:188} INFO - [2026-05-09T11:46:12.519+0000] {dag.py:3954} INFO - Setting next_dagrun for example_branch_datetime_operator_3 to 2026-05-08 00:00:00+00:00, run_after=2026-05-09 00:00:00+00:00
[2026-05-09T11:46:12.534+0000] {processor.py:183} INFO - Processing /home/vscode/.local/lib/python3.11/site-packages/airflow/example_dags/example_branch_datetime_operator.py took 0.067 seconds
[2026-05-09T11:47:20.418+0000] {processor.py:161} INFO - Started process (PID=24486) to work on /home/vscode/.local/lib/python3.11/site-packages/airflow/example_dags/example_branch_datetime_operator.py
[2026-05-09T11:47:20.419+0000] {processor.py:830} INFO - Processing file /home/vscode/.local/lib/python3.11/site-packages/airflow/example_dags/example_branch_datetime_operator.py for tasks to queue
[2026-05-09T11:47:20.419+0000] {logging_mixin.py:188} INFO - [2026-05-09T11:47:20.419+0000] {dagbag.py:545} INFO - Filling up the DagBag from /home/vscode/.local/lib/python3.11/site-packages/airflow/example_dags/example_branch_datetime_operator.py
[2026-05-09T11:47:20.428+0000] {processor.py:840} INFO - DAG(s) 'example_branch_datetime_operator', 'example_branch_datetime_operator_2', 'example_branch_datetime_operator_3' retrieved from /home/vscode/.local/lib/python3.11/site-packages/airflow/example_dags/example_branch_datetime_operator.py
[2026-05-09T11:47:20.445+0000] {logging_mixin.py:188} INFO - [2026-05-09T11:47:20.445+0000] {dag.py:3096} INFO - Sync 3 DAGs
[2026-05-09T11:47:20.468+0000] {logging_mixin.py:188} INFO - [2026-05-09T11:47:20.468+0000] {dag.py:3954} INFO - Setting next_dagrun for example_branch_datetime_operator to 2026-05-08 00:00:00+00:00, run_after=2026-05-09 00:00:00+00:00
[2026-05-09T11:47:20.473+0000] {logging_mixin.py:188} INFO - [2026-05-09T11:47:20.472+0000] {dag.py:3954} INFO - Setting next_dagrun for example_branch_datetime_operator_2 to 2026-05-08 00:00:00+00:00, run_after=2026-05-09 00:00:00+00:00
[2026-05-09T11:47:20.475+0000] {logging_mixin.py:188} INFO - [2026-05-09T11:47:20.475+0000] {dag.py:3954} INFO - Setting next_dagrun for example_branch_datetime_operator_3 to 2026-05-08 00:00:00+00:00, run_after=2026-05-09 00:00:00+00:00
[2026-05-09T11:47:20.492+0000] {processor.py:183} INFO - Processing /home/vscode/.local/lib/python3.11/site-packages/airflow/example_dags/example_branch_datetime_operator.py took 0.081 seconds
[2026-05-09T11:48:26.659+0000] {processor.py:161} INFO - Started process (PID=25005) to work on /home/vscode/.local/lib/python3.11/site-packages/airflow/example_dags/example_branch_datetime_operator.py
[2026-05-09T11:48:26.659+0000] {processor.py:830} INFO - Processing file /home/vscode/.local/lib/python3.11/site-packages/airflow/example_dags/example_branch_datetime_operator.py for tasks to queue
[2026-05-09T11:48:26.660+0000] {logging_mixin.py:188} INFO - [2026-05-09T11:48:26.660+0000] {dagbag.py:545} INFO - Filling up the DagBag from /home/vscode/.local/lib/python3.11/site-packages/airflow/example_dags/example_branch_datetime_operator.py
[2026-05-09T11:48:26.668+0000] {processor.py:840} INFO - DAG(s) 'example_branch_datetime_operator', 'example_branch_datetime_operator_3', 'example_branch_datetime_operator_2' retrieved from /home/vscode/.local/lib/python3.11/site-packages/airflow/example_dags/example_branch_datetime_operator.py
[2026-05-09T11:48:26.684+0000] {logging_mixin.py:188} INFO - [2026-05-09T11:48:26.683+0000] {dag.py:3096} INFO - Sync 3 DAGs
[2026-05-09T11:48:26.698+0000] {logging_mixin.py:188} INFO - [2026-05-09T11:48:26.698+0000] {dag.py:3954} INFO - Setting next_dagrun for example_branch_datetime_operator to 2026-05-08 00:00:00+00:00, run_after=2026-05-09 00:00:00+00:00
[2026-05-09T11:48:26.702+0000] {logging_mixin.py:188} INFO - [2026-05-09T11:48:26.702+0000] {dag.py:3954} INFO - Setting next_dagrun for example_branch_datetime_operator_2 to 2026-05-08 00:00:00+00:00, run_after=2026-05-09 00:00:00+00:00
[2026-05-09T11:48:26.703+0000] {logging_mixin.py:188} INFO - [2026-05-09T11:48:26.703+0000] {dag.py:3954} INFO - Setting next_dagrun for example_branch_datetime_operator_3 to 2026-05-08 00:00:00+00:00, run_after=2026-05-09 00:00:00+00:00
[2026-05-09T11:48:26.717+0000] {processor.py:183} INFO - Processing /home/vscode/.local/lib/python3.11/site-packages/airflow/example_dags/example_branch_datetime_operator.py took 0.065 seconds
[2026-05-09T11:49:26.352+0000] {processor.py:161} INFO - Started process (PID=25567) to work on /home/vscode/.local/lib/python3.11/site-packages/airflow/example_dags/example_branch_datetime_operator.py
[2026-05-09T11:49:26.353+0000] {processor.py:830} INFO - Processing file /home/vscode/.local/lib/python3.11/site-packages/airflow/example_dags/example_branch_datetime_operator.py for tasks to queue
[2026-05-09T11:49:26.353+0000] {logging_mixin.py:188} INFO - [2026-05-09T11:49:26.353+0000] {dagbag.py:545} INFO - Filling up the DagBag from /home/vscode/.local/lib/python3.11/site-packages/airflow/example_dags/example_branch_datetime_operator.py
[2026-05-09T11:49:26.366+0000] {processor.py:840} INFO - DAG(s) 'example_branch_datetime_operator_2', 'example_branch_datetime_operator_3', 'example_branch_datetime_operator' retrieved from /home/vscode/.local/lib/python3.11/site-packages/airflow/example_dags/example_branch_datetime_operator.py
[2026-05-09T11:49:26.388+0000] {logging_mixin.py:188} INFO - [2026-05-09T11:49:26.388+0000] {dag.py:3096} INFO - Sync 3 DAGs
[2026-05-09T11:49:26.408+0000] {logging_mixin.py:188} INFO - [2026-05-09T11:49:26.408+0000] {dag.py:3954} INFO - Setting next_dagrun for example_branch_datetime_operator to 2026-05-08 00:00:00+00:00, run_after=2026-05-09 00:00:00+00:00
[2026-05-09T11:49:26.412+0000] {logging_mixin.py:188} INFO - [2026-05-09T11:49:26.411+0000] {dag.py:3954} INFO - Setting next_dagrun for example_branch_datetime_operator_2 to 2026-05-08 00:00:00+00:00, run_after=2026-05-09 00:00:00+00:00
[2026-05-09T11:49:26.413+0000] {logging_mixin.py:188} INFO - [2026-05-09T11:49:26.413+0000] {dag.py:3954} INFO - Setting next_dagrun for example_branch_datetime_operator_3 to 2026-05-08 00:00:00+00:00, run_after=2026-05-09 00:00:00+00:00
[2026-05-09T11:49:26.429+0000] {processor.py:183} INFO - Processing /home/vscode/.local/lib/python3.11/site-packages/airflow/example_dags/example_branch_datetime_operator.py took 0.087 seconds
[2026-05-09T11:50:32.185+0000] {processor.py:161} INFO - Started process (PID=26234) to work on /home/vscode/.local/lib/python3.11/site-packages/airflow/example_dags/example_branch_datetime_operator.py
[2026-05-09T11:50:32.186+0000] {processor.py:830} INFO - Processing file /home/vscode/.local/lib/python3.11/site-packages/airflow/example_dags/example_branch_datetime_operator.py for tasks to queue
[2026-05-09T11:50:32.186+0000] {logging_mixin.py:188} INFO - [2026-05-09T11:50:32.186+0000] {dagbag.py:545} INFO - Filling up the DagBag from /home/vscode/.local/lib/python3.11/site-packages/airflow/example_dags/example_branch_datetime_operator.py
[2026-05-09T11:50:32.196+0000] {processor.py:840} INFO - DAG(s) 'example_branch_datetime_operator', 'example_branch_datetime_operator_2', 'example_branch_datetime_operator_3' retrieved from /home/vscode/.local/lib/python3.11/site-packages/airflow/example_dags/example_branch_datetime_operator.py
[2026-05-09T11:50:32.211+0000] {logging_mixin.py:188} INFO - [2026-05-09T11:50:32.211+0000] {dag.py:3096} INFO - Sync 3 DAGs
[2026-05-09T11:50:32.227+0000] {logging_mixin.py:188} INFO - [2026-05-09T11:50:32.226+0000] {dag.py:3954} INFO - Setting next_dagrun for example_branch_datetime_operator to 2026-05-08 00:00:00+00:00, run_after=2026-05-09 00:00:00+00:00
[2026-05-09T11:50:32.231+0000] {logging_mixin.py:188} INFO - [2026-05-09T11:50:32.231+0000] {dag.py:3954} INFO - Setting next_dagrun for example_branch_datetime_operator_2 to 2026-05-08 00:00:00+00:00, run_after=2026-05-09 00:00:00+00:00
[2026-05-09T11:50:32.233+0000] {logging_mixin.py:188} INFO - [2026-05-09T11:50:32.233+0000] {dag.py:3954} INFO - Setting next_dagrun for example_branch_datetime_operator_3 to 2026-05-08 00:00:00+00:00, run_after=2026-05-09 00:00:00+00:00
[2026-05-09T11:50:32.250+0000] {processor.py:183} INFO - Processing /home/vscode/.local/lib/python3.11/site-packages/airflow/example_dags/example_branch_datetime_operator.py took 0.071 seconds
[2026-05-09T11:51:35.600+0000] {processor.py:161} INFO - Started process (PID=26996) to work on /home/vscode/.local/lib/python3.11/site-packages/airflow/example_dags/example_branch_datetime_operator.py
[2026-05-09T11:51:35.601+0000] {processor.py:830} INFO - Processing file /home/vscode/.local/lib/python3.11/site-packages/airflow/example_dags/example_branch_datetime_operator.py for tasks to queue
[2026-05-09T11:51:35.602+0000] {logging_mixin.py:188} INFO - [2026-05-09T11:51:35.601+0000] {dagbag.py:545} INFO - Filling up the DagBag from /home/vscode/.local/lib/python3.11/site-packages/airflow/example_dags/example_branch_datetime_operator.py
[2026-05-09T11:51:35.610+0000] {processor.py:840} INFO - DAG(s) 'example_branch_datetime_operator_2', 'example_branch_datetime_operator_3', 'example_branch_datetime_operator' retrieved from /home/vscode/.local/lib/python3.11/site-packages/airflow/example_dags/example_branch_datetime_operator.py
[2026-05-09T11:51:35.626+0000] {logging_mixin.py:188} INFO - [2026-05-09T11:51:35.626+0000] {dag.py:3096} INFO - Sync 3 DAGs
[2026-05-09T11:51:35.641+0000] {logging_mixin.py:188} INFO - [2026-05-09T11:51:35.641+0000] {dag.py:3954} INFO - Setting next_dagrun for example_branch_datetime_operator to 2026-05-08 00:00:00+00:00, run_after=2026-05-09 00:00:00+00:00
[2026-05-09T11:51:35.644+0000] {logging_mixin.py:188} INFO - [2026-05-09T11:51:35.644+0000] {dag.py:3954} INFO - Setting next_dagrun for example_branch_datetime_operator_2 to 2026-05-08 00:00:00+00:00, run_after=2026-05-09 00:00:00+00:00
[2026-05-09T11:51:35.646+0000] {logging_mixin.py:188} INFO - [2026-05-09T11:51:35.646+0000] {dag.py:3954} INFO - Setting next_dagrun for example_branch_datetime_operator_3 to 2026-05-08 00:00:00+00:00, run_after=2026-05-09 00:00:00+00:00
[2026-05-09T11:51:35.660+0000] {processor.py:183} INFO - Processing /home/vscode/.local/lib/python3.11/site-packages/airflow/example_dags/example_branch_datetime_operator.py took 0.066 seconds
[2026-05-09T11:52:37.989+0000] {processor.py:161} INFO - Started process (PID=27602) to work on /home/vscode/.local/lib/python3.11/site-packages/airflow/example_dags/example_branch_datetime_operator.py
[2026-05-09T11:52:37.989+0000] {processor.py:830} INFO - Processing file /home/vscode/.local/lib/python3.11/site-packages/airflow/example_dags/example_branch_datetime_operator.py for tasks to queue
[2026-05-09T11:52:37.990+0000] {logging_mixin.py:188} INFO - [2026-05-09T11:52:37.989+0000] {dagbag.py:545} INFO - Filling up the DagBag from /home/vscode/.local/lib/python3.11/site-packages/airflow/example_dags/example_branch_datetime_operator.py
[2026-05-09T11:52:37.998+0000] {processor.py:840} INFO - DAG(s) 'example_branch_datetime_operator_3', 'example_branch_datetime_operator', 'example_branch_datetime_operator_2' retrieved from /home/vscode/.local/lib/python3.11/site-packages/airflow/example_dags/example_branch_datetime_operator.py
[2026-05-09T11:52:38.013+0000] {logging_mixin.py:188} INFO - [2026-05-09T11:52:38.012+0000] {dag.py:3096} INFO - Sync 3 DAGs
[2026-05-09T11:52:38.027+0000] {logging_mixin.py:188} INFO - [2026-05-09T11:52:38.027+0000] {dag.py:3954} INFO - Setting next_dagrun for example_branch_datetime_operator to 2026-05-08 00:00:00+00:00, run_after=2026-05-09 00:00:00+00:00
[2026-05-09T11:52:38.030+0000] {logging_mixin.py:188} INFO - [2026-05-09T11:52:38.030+0000] {dag.py:3954} INFO - Setting next_dagrun for example_branch_datetime_operator_2 to 2026-05-08 00:00:00+00:00, run_after=2026-05-09 00:00:00+00:00
[2026-05-09T11:52:38.031+0000] {logging_mixin.py:188} INFO - [2026-05-09T11:52:38.031+0000] {dag.py:3954} INFO - Setting next_dagrun for example_branch_datetime_operator_3 to 2026-05-08 00:00:00+00:00, run_after=2026-05-09 00:00:00+00:00
[2026-05-09T11:52:38.045+0000] {processor.py:183} INFO - Processing /home/vscode/.local/lib/python3.11/site-packages/airflow/example_dags/example_branch_datetime_operator.py took 0.063 seconds
[2026-05-09T11:53:37.180+0000] {processor.py:161} INFO - Started process (PID=28058) to work on /home/vscode/.local/lib/python3.11/site-packages/airflow/example_dags/example_branch_datetime_operator.py
[2026-05-09T11:53:37.180+0000] {processor.py:830} INFO - Processing file /home/vscode/.local/lib/python3.11/site-packages/airflow/example_dags/example_branch_datetime_operator.py for tasks to queue
[2026-05-09T11:53:37.181+0000] {logging_mixin.py:188} INFO - [2026-05-09T11:53:37.180+0000] {dagbag.py:545} INFO - Filling up the DagBag from /home/vscode/.local/lib/python3.11/site-packages/airflow/example_dags/example_branch_datetime_operator.py
[2026-05-09T11:53:37.189+0000] {processor.py:840} INFO - DAG(s) 'example_branch_datetime_operator_2', 'example_branch_datetime_operator_3', 'example_branch_datetime_operator' retrieved from /home/vscode/.local/lib/python3.11/site-packages/airflow/example_dags/example_branch_datetime_operator.py
[2026-05-09T11:53:37.210+0000] {logging_mixin.py:188} INFO - [2026-05-09T11:53:37.210+0000] {dag.py:3096} INFO - Sync 3 DAGs
[2026-05-09T11:53:37.225+0000] {logging_mixin.py:188} INFO - [2026-05-09T11:53:37.225+0000] {dag.py:3954} INFO - Setting next_dagrun for example_branch_datetime_operator to 2026-05-08 00:00:00+00:00, run_after=2026-05-09 00:00:00+00:00
[2026-05-09T11:53:37.229+0000] {logging_mixin.py:188} INFO - [2026-05-09T11:53:37.228+0000] {dag.py:3954} INFO - Setting next_dagrun for example_branch_datetime_operator_2 to 2026-05-08 00:00:00+00:00, run_after=2026-05-09 00:00:00+00:00
[2026-05-09T11:53:37.230+0000] {logging_mixin.py:188} INFO - [2026-05-09T11:53:37.230+0000] {dag.py:3954} INFO - Setting next_dagrun for example_branch_datetime_operator_3 to 2026-05-08 00:00:00+00:00, run_after=2026-05-09 00:00:00+00:00
[2026-05-09T11:53:37.244+0000] {processor.py:183} INFO - Processing /home/vscode/.local/lib/python3.11/site-packages/airflow/example_dags/example_branch_datetime_operator.py took 0.070 seconds
[2026-05-09T11:54:37.992+0000] {processor.py:161} INFO - Started process (PID=28641) to work on /home/vscode/.local/lib/python3.11/site-packages/airflow/example_dags/example_branch_datetime_operator.py
[2026-05-09T11:54:37.993+0000] {processor.py:830} INFO - Processing file /home/vscode/.local/lib/python3.11/site-packages/airflow/example_dags/example_branch_datetime_operator.py for tasks to queue
[2026-05-09T11:54:37.993+0000] {logging_mixin.py:188} INFO - [2026-05-09T11:54:37.993+0000] {dagbag.py:545} INFO - Filling up the DagBag from /home/vscode/.local/lib/python3.11/site-packages/airflow/example_dags/example_branch_datetime_operator.py
[2026-05-09T11:54:38.001+0000] {processor.py:840} INFO - DAG(s) 'example_branch_datetime_operator_3', 'example_branch_datetime_operator_2', 'example_branch_datetime_operator' retrieved from /home/vscode/.local/lib/python3.11/site-packages/airflow/example_dags/example_branch_datetime_operator.py
[2026-05-09T11:54:38.016+0000] {logging_mixin.py:188} INFO - [2026-05-09T11:54:38.016+0000] {dag.py:3096} INFO - Sync 3 DAGs
[2026-05-09T11:54:38.031+0000] {logging_mixin.py:188} INFO - [2026-05-09T11:54:38.031+0000] {dag.py:3954} INFO - Setting next_dagrun for example_branch_datetime_operator to 2026-05-08 00:00:00+00:00, run_after=2026-05-09 00:00:00+00:00
[2026-05-09T11:54:38.034+0000] {logging_mixin.py:188} INFO - [2026-05-09T11:54:38.034+0000] {dag.py:3954} INFO - Setting next_dagrun for example_branch_datetime_operator_2 to 2026-05-08 00:00:00+00:00, run_after=2026-05-09 00:00:00+00:00
[2026-05-09T11:54:38.035+0000] {logging_mixin.py:188} INFO - [2026-05-09T11:54:38.035+0000] {dag.py:3954} INFO - Setting next_dagrun for example_branch_datetime_operator_3 to 2026-05-08 00:00:00+00:00, run_after=2026-05-09 00:00:00+00:00
[2026-05-09T11:54:38.053+0000] {processor.py:183} INFO - Processing /home/vscode/.local/lib/python3.11/site-packages/airflow/example_dags/example_branch_datetime_operator.py took 0.067 seconds
[2026-05-09T11:55:39.721+0000] {processor.py:161} INFO - Started process (PID=29111) to work on /home/vscode/.local/lib/python3.11/site-packages/airflow/example_dags/example_branch_datetime_operator.py
[2026-05-09T11:55:39.721+0000] {processor.py:830} INFO - Processing file /home/vscode/.local/lib/python3.11/site-packages/airflow/example_dags/example_branch_datetime_operator.py for tasks to queue
[2026-05-09T11:55:39.722+0000] {logging_mixin.py:188} INFO - [2026-05-09T11:55:39.722+0000] {dagbag.py:545} INFO - Filling up the DagBag from /home/vscode/.local/lib/python3.11/site-packages/airflow/example_dags/example_branch_datetime_operator.py
[2026-05-09T11:55:39.730+0000] {processor.py:840} INFO - DAG(s) 'example_branch_datetime_operator', 'example_branch_datetime_operator_3', 'example_branch_datetime_operator_2' retrieved from /home/vscode/.local/lib/python3.11/site-packages/airflow/example_dags/example_branch_datetime_operator.py
[2026-05-09T11:55:39.745+0000] {logging_mixin.py:188} INFO - [2026-05-09T11:55:39.745+0000] {dag.py:3096} INFO - Sync 3 DAGs
[2026-05-09T11:55:39.759+0000] {logging_mixin.py:188} INFO - [2026-05-09T11:55:39.759+0000] {dag.py:3954} INFO - Setting next_dagrun for example_branch_datetime_operator to 2026-05-08 00:00:00+00:00, run_after=2026-05-09 00:00:00+00:00
[2026-05-09T11:55:39.763+0000] {logging_mixin.py:188} INFO - [2026-05-09T11:55:39.762+0000] {dag.py:3954} INFO - Setting next_dagrun for example_branch_datetime_operator_2 to 2026-05-08 00:00:00+00:00, run_after=2026-05-09 00:00:00+00:00
[2026-05-09T11:55:39.764+0000] {logging_mixin.py:188} INFO - [2026-05-09T11:55:39.764+0000] {dag.py:3954} INFO - Setting next_dagrun for example_branch_datetime_operator_3 to 2026-05-08 00:00:00+00:00, run_after=2026-05-09 00:00:00+00:00
[2026-05-09T11:55:39.778+0000] {processor.py:183} INFO - Processing /home/vscode/.local/lib/python3.11/site-packages/airflow/example_dags/example_branch_datetime_operator.py took 0.063 seconds
[2026-05-09T11:56:42.534+0000] {processor.py:161} INFO - Started process (PID=29644) to work on /home/vscode/.local/lib/python3.11/site-packages/airflow/example_dags/example_branch_datetime_operator.py
[2026-05-09T11:56:42.535+0000] {processor.py:830} INFO - Processing file /home/vscode/.local/lib/python3.11/site-packages/airflow/example_dags/example_branch_datetime_operator.py for tasks to queue
[2026-05-09T11:56:42.535+0000] {logging_mixin.py:188} INFO - [2026-05-09T11:56:42.535+0000] {dagbag.py:545} INFO - Filling up the DagBag from /home/vscode/.local/lib/python3.11/site-packages/airflow/example_dags/example_branch_datetime_operator.py
[2026-05-09T11:56:42.543+0000] {processor.py:840} INFO - DAG(s) 'example_branch_datetime_operator_2', 'example_branch_datetime_operator', 'example_branch_datetime_operator_3' retrieved from /home/vscode/.local/lib/python3.11/site-packages/airflow/example_dags/example_branch_datetime_operator.py
[2026-05-09T11:56:42.559+0000] {logging_mixin.py:188} INFO - [2026-05-09T11:56:42.559+0000] {dag.py:3096} INFO - Sync 3 DAGs
[2026-05-09T11:56:42.574+0000] {logging_mixin.py:188} INFO - [2026-05-09T11:56:42.574+0000] {dag.py:3954} INFO - Setting next_dagrun for example_branch_datetime_operator to 2026-05-08 00:00:00+00:00, run_after=2026-05-09 00:00:00+00:00
[2026-05-09T11:56:42.577+0000] {logging_mixin.py:188} INFO - [2026-05-09T11:56:42.577+0000] {dag.py:3954} INFO - Setting next_dagrun for example_branch_datetime_operator_2 to 2026-05-08 00:00:00+00:00, run_after=2026-05-09 00:00:00+00:00
[2026-05-09T11:56:42.579+0000] {logging_mixin.py:188} INFO - [2026-05-09T11:56:42.579+0000] {dag.py:3954} INFO - Setting next_dagrun for example_branch_datetime_operator_3 to 2026-05-08 00:00:00+00:00, run_after=2026-05-09 00:00:00+00:00
[2026-05-09T11:56:42.594+0000] {processor.py:183} INFO - Processing /home/vscode/.local/lib/python3.11/site-packages/airflow/example_dags/example_branch_datetime_operator.py took 0.066 seconds
[2026-05-09T11:57:44.482+0000] {processor.py:161} INFO - Started process (PID=30112) to work on /home/vscode/.local/lib/python3.11/site-packages/airflow/example_dags/example_branch_datetime_operator.py
[2026-05-09T11:57:44.483+0000] {processor.py:830} INFO - Processing file /home/vscode/.local/lib/python3.11/site-packages/airflow/example_dags/example_branch_datetime_operator.py for tasks to queue
[2026-05-09T11:57:44.483+0000] {logging_mixin.py:188} INFO - [2026-05-09T11:57:44.483+0000] {dagbag.py:545} INFO - Filling up the DagBag from /home/vscode/.local/lib/python3.11/site-packages/airflow/example_dags/example_branch_datetime_operator.py
[2026-05-09T11:57:44.491+0000] {processor.py:840} INFO - DAG(s) 'example_branch_datetime_operator', 'example_branch_datetime_operator_3', 'example_branch_datetime_operator_2' retrieved from /home/vscode/.local/lib/python3.11/site-packages/airflow/example_dags/example_branch_datetime_operator.py
[2026-05-09T11:57:44.506+0000] {logging_mixin.py:188} INFO - [2026-05-09T11:57:44.506+0000] {dag.py:3096} INFO - Sync 3 DAGs
[2026-05-09T11:57:44.521+0000] {logging_mixin.py:188} INFO - [2026-05-09T11:57:44.521+0000] {dag.py:3954} INFO - Setting next_dagrun for example_branch_datetime_operator to 2026-05-08 00:00:00+00:00, run_after=2026-05-09 00:00:00+00:00
[2026-05-09T11:57:44.524+0000] {logging_mixin.py:188} INFO - [2026-05-09T11:57:44.524+0000] {dag.py:3954} INFO - Setting next_dagrun for example_branch_datetime_operator_2 to 2026-05-08 00:00:00+00:00, run_after=2026-05-09 00:00:00+00:00
[2026-05-09T11:57:44.525+0000] {logging_mixin.py:188} INFO - [2026-05-09T11:57:44.525+0000] {dag.py:3954} INFO - Setting next_dagrun for example_branch_datetime_operator_3 to 2026-05-08 00:00:00+00:00, run_after=2026-05-09 00:00:00+00:00
[2026-05-09T11:57:44.540+0000] {processor.py:183} INFO - Processing /home/vscode/.local/lib/python3.11/site-packages/airflow/example_dags/example_branch_datetime_operator.py took 0.063 seconds
[2026-05-09T11:58:49.171+0000] {processor.py:161} INFO - Started process (PID=30654) to work on /home/vscode/.local/lib/python3.11/site-packages/airflow/example_dags/example_branch_datetime_operator.py
[2026-05-09T11:58:49.172+0000] {processor.py:830} INFO - Processing file /home/vscode/.local/lib/python3.11/site-packages/airflow/example_dags/example_branch_datetime_operator.py for tasks to queue
[2026-05-09T11:58:49.172+0000] {logging_mixin.py:188} INFO - [2026-05-09T11:58:49.172+0000] {dagbag.py:545} INFO - Filling up the DagBag from /home/vscode/.local/lib/python3.11/site-packages/airflow/example_dags/example_branch_datetime_operator.py
[2026-05-09T11:58:49.181+0000] {processor.py:840} INFO - DAG(s) 'example_branch_datetime_operator', 'example_branch_datetime_operator_2', 'example_branch_datetime_operator_3' retrieved from /home/vscode/.local/lib/python3.11/site-packages/airflow/example_dags/example_branch_datetime_operator.py
[2026-05-09T11:58:49.196+0000] {logging_mixin.py:188} INFO - [2026-05-09T11:58:49.196+0000] {dag.py:3096} INFO - Sync 3 DAGs
[2026-05-09T11:58:49.211+0000] {logging_mixin.py:188} INFO - [2026-05-09T11:58:49.211+0000] {dag.py:3954} INFO - Setting next_dagrun for example_branch_datetime_operator to 2026-05-08 00:00:00+00:00, run_after=2026-05-09 00:00:00+00:00
[2026-05-09T11:58:49.215+0000] {logging_mixin.py:188} INFO - [2026-05-09T11:58:49.214+0000] {dag.py:3954} INFO - Setting next_dagrun for example_branch_datetime_operator_2 to 2026-05-08 00:00:00+00:00, run_after=2026-05-09 00:00:00+00:00
[2026-05-09T11:58:49.216+0000] {logging_mixin.py:188} INFO - [2026-05-09T11:58:49.216+0000] {dag.py:3954} INFO - Setting next_dagrun for example_branch_datetime_operator_3 to 2026-05-08 00:00:00+00:00, run_after=2026-05-09 00:00:00+00:00
[2026-05-09T11:58:49.230+0000] {processor.py:183} INFO - Processing /home/vscode/.local/lib/python3.11/site-packages/airflow/example_dags/example_branch_datetime_operator.py took 0.066 seconds
[2026-05-09T11:59:51.921+0000] {processor.py:161} INFO - Started process (PID=31134) to work on /home/vscode/.local/lib/python3.11/site-packages/airflow/example_dags/example_branch_datetime_operator.py
[2026-05-09T11:59:51.921+0000] {processor.py:830} INFO - Processing file /home/vscode/.local/lib/python3.11/site-packages/airflow/example_dags/example_branch_datetime_operator.py for tasks to queue
[2026-05-09T11:59:51.922+0000] {logging_mixin.py:188} INFO - [2026-05-09T11:59:51.922+0000] {dagbag.py:545} INFO - Filling up the DagBag from /home/vscode/.local/lib/python3.11/site-packages/airflow/example_dags/example_branch_datetime_operator.py
[2026-05-09T11:59:51.930+0000] {processor.py:840} INFO - DAG(s) 'example_branch_datetime_operator_2', 'example_branch_datetime_operator', 'example_branch_datetime_operator_3' retrieved from /home/vscode/.local/lib/python3.11/site-packages/airflow/example_dags/example_branch_datetime_operator.py
[2026-05-09T11:59:51.946+0000] {logging_mixin.py:188} INFO - [2026-05-09T11:59:51.945+0000] {dag.py:3096} INFO - Sync 3 DAGs
[2026-05-09T11:59:51.960+0000] {logging_mixin.py:188} INFO - [2026-05-09T11:59:51.960+0000] {dag.py:3954} INFO - Setting next_dagrun for example_branch_datetime_operator to 2026-05-08 00:00:00+00:00, run_after=2026-05-09 00:00:00+00:00
[2026-05-09T11:59:51.963+0000] {logging_mixin.py:188} INFO - [2026-05-09T11:59:51.963+0000] {dag.py:3954} INFO - Setting next_dagrun for example_branch_datetime_operator_2 to 2026-05-08 00:00:00+00:00, run_after=2026-05-09 00:00:00+00:00
[2026-05-09T11:59:51.965+0000] {logging_mixin.py:188} INFO - [2026-05-09T11:59:51.965+0000] {dag.py:3954} INFO - Setting next_dagrun for example_branch_datetime_operator_3 to 2026-05-08 00:00:00+00:00, run_after=2026-05-09 00:00:00+00:00
[2026-05-09T11:59:51.983+0000] {processor.py:183} INFO - Processing /home/vscode/.local/lib/python3.11/site-packages/airflow/example_dags/example_branch_datetime_operator.py took 0.069 seconds
[2026-05-09T12:00:52.329+0000] {processor.py:161} INFO - Started process (PID=31657) to work on /home/vscode/.local/lib/python3.11/site-packages/airflow/example_dags/example_branch_datetime_operator.py
[2026-05-09T12:00:52.330+0000] {processor.py:830} INFO - Processing file /home/vscode/.local/lib/python3.11/site-packages/airflow/example_dags/example_branch_datetime_operator.py for tasks to queue
[2026-05-09T12:00:52.330+0000] {logging_mixin.py:188} INFO - [2026-05-09T12:00:52.330+0000] {dagbag.py:545} INFO - Filling up the DagBag from /home/vscode/.local/lib/python3.11/site-packages/airflow/example_dags/example_branch_datetime_operator.py
[2026-05-09T12:00:52.338+0000] {processor.py:840} INFO - DAG(s) 'example_branch_datetime_operator', 'example_branch_datetime_operator_3', 'example_branch_datetime_operator_2' retrieved from /home/vscode/.local/lib/python3.11/site-packages/airflow/example_dags/example_branch_datetime_operator.py
[2026-05-09T12:00:52.353+0000] {logging_mixin.py:188} INFO - [2026-05-09T12:00:52.353+0000] {dag.py:3096} INFO - Sync 3 DAGs
[2026-05-09T12:00:52.368+0000] {logging_mixin.py:188} INFO - [2026-05-09T12:00:52.368+0000] {dag.py:3954} INFO - Setting next_dagrun for example_branch_datetime_operator to 2026-05-08 00:00:00+00:00, run_after=2026-05-09 00:00:00+00:00
[2026-05-09T12:00:52.371+0000] {logging_mixin.py:188} INFO - [2026-05-09T12:00:52.371+0000] {dag.py:3954} INFO - Setting next_dagrun for example_branch_datetime_operator_2 to 2026-05-08 00:00:00+00:00, run_after=2026-05-09 00:00:00+00:00
[2026-05-09T12:00:52.373+0000] {logging_mixin.py:188} INFO - [2026-05-09T12:00:52.372+0000] {dag.py:3954} INFO - Setting next_dagrun for example_branch_datetime_operator_3 to 2026-05-08 00:00:00+00:00, run_after=2026-05-09 00:00:00+00:00
[2026-05-09T12:00:52.386+0000] {processor.py:183} INFO - Processing /home/vscode/.local/lib/python3.11/site-packages/airflow/example_dags/example_branch_datetime_operator.py took 0.063 seconds
[2026-05-09T12:01:57.853+0000] {processor.py:161} INFO - Started process (PID=32138) to work on /home/vscode/.local/lib/python3.11/site-packages/airflow/example_dags/example_branch_datetime_operator.py
[2026-05-09T12:01:57.854+0000] {processor.py:830} INFO - Processing file /home/vscode/.local/lib/python3.11/site-packages/airflow/example_dags/example_branch_datetime_operator.py for tasks to queue
[2026-05-09T12:01:57.854+0000] {logging_mixin.py:188} INFO - [2026-05-09T12:01:57.854+0000] {dagbag.py:545} INFO - Filling up the DagBag from /home/vscode/.local/lib/python3.11/site-packages/airflow/example_dags/example_branch_datetime_operator.py
[2026-05-09T12:01:57.862+0000] {processor.py:840} INFO - DAG(s) 'example_branch_datetime_operator', 'example_branch_datetime_operator_2', 'example_branch_datetime_operator_3' retrieved from /home/vscode/.local/lib/python3.11/site-packages/airflow/example_dags/example_branch_datetime_operator.py
[2026-05-09T12:01:57.878+0000] {logging_mixin.py:188} INFO - [2026-05-09T12:01:57.878+0000] {dag.py:3096} INFO - Sync 3 DAGs
[2026-05-09T12:01:57.893+0000] {logging_mixin.py:188} INFO - [2026-05-09T12:01:57.893+0000] {dag.py:3954} INFO - Setting next_dagrun for example_branch_datetime_operator to 2026-05-08 00:00:00+00:00, run_after=2026-05-09 00:00:00+00:00
[2026-05-09T12:01:57.896+0000] {logging_mixin.py:188} INFO - [2026-05-09T12:01:57.896+0000] {dag.py:3954} INFO - Setting next_dagrun for example_branch_datetime_operator_2 to 2026-05-08 00:00:00+00:00, run_after=2026-05-09 00:00:00+00:00
[2026-05-09T12:01:57.897+0000] {logging_mixin.py:188} INFO - [2026-05-09T12:01:57.897+0000] {dag.py:3954} INFO - Setting next_dagrun for example_branch_datetime_operator_3 to 2026-05-08 00:00:00+00:00, run_after=2026-05-09 00:00:00+00:00
[2026-05-09T12:01:57.911+0000] {processor.py:183} INFO - Processing /home/vscode/.local/lib/python3.11/site-packages/airflow/example_dags/example_branch_datetime_operator.py took 0.064 seconds
[2026-05-09T12:03:01.050+0000] {processor.py:161} INFO - Started process (PID=32684) to work on /home/vscode/.local/lib/python3.11/site-packages/airflow/example_dags/example_branch_datetime_operator.py
[2026-05-09T12:03:01.051+0000] {processor.py:830} INFO - Processing file /home/vscode/.local/lib/python3.11/site-packages/airflow/example_dags/example_branch_datetime_operator.py for tasks to queue
[2026-05-09T12:03:01.051+0000] {logging_mixin.py:188} INFO - [2026-05-09T12:03:01.051+0000] {dagbag.py:545} INFO - Filling up the DagBag from /home/vscode/.local/lib/python3.11/site-packages/airflow/example_dags/example_branch_datetime_operator.py
[2026-05-09T12:03:01.060+0000] {processor.py:840} INFO - DAG(s) 'example_branch_datetime_operator', 'example_branch_datetime_operator_2', 'example_branch_datetime_operator_3' retrieved from /home/vscode/.local/lib/python3.11/site-packages/airflow/example_dags/example_branch_datetime_operator.py
[2026-05-09T12:03:01.076+0000] {logging_mixin.py:188} INFO - [2026-05-09T12:03:01.076+0000] {dag.py:3096} INFO - Sync 3 DAGs
[2026-05-09T12:03:01.102+0000] {logging_mixin.py:188} INFO - [2026-05-09T12:03:01.102+0000] {dag.py:3954} INFO - Setting next_dagrun for example_branch_datetime_operator to 2026-05-08 00:00:00+00:00, run_after=2026-05-09 00:00:00+00:00
[2026-05-09T12:03:01.107+0000] {logging_mixin.py:188} INFO - [2026-05-09T12:03:01.107+0000] {dag.py:3954} INFO - Setting next_dagrun for example_branch_datetime_operator_2 to 2026-05-08 00:00:00+00:00, run_after=2026-05-09 00:00:00+00:00
[2026-05-09T12:03:01.109+0000] {logging_mixin.py:188} INFO - [2026-05-09T12:03:01.109+0000] {dag.py:3954} INFO - Setting next_dagrun for example_branch_datetime_operator_3 to 2026-05-08 00:00:00+00:00, run_after=2026-05-09 00:00:00+00:00
[2026-05-09T12:03:01.129+0000] {processor.py:183} INFO - Processing /home/vscode/.local/lib/python3.11/site-packages/airflow/example_dags/example_branch_datetime_operator.py took 0.085 seconds
[2026-05-09T12:04:02.923+0000] {processor.py:161} INFO - Started process (PID=33209) to work on /home/vscode/.local/lib/python3.11/site-packages/airflow/example_dags/example_branch_datetime_operator.py
[2026-05-09T12:04:02.924+0000] {processor.py:830} INFO - Processing file /home/vscode/.local/lib/python3.11/site-packages/airflow/example_dags/example_branch_datetime_operator.py for tasks to queue
[2026-05-09T12:04:02.924+0000] {logging_mixin.py:188} INFO - [2026-05-09T12:04:02.924+0000] {dagbag.py:545} INFO - Filling up the DagBag from /home/vscode/.local/lib/python3.11/site-packages/airflow/example_dags/example_branch_datetime_operator.py
[2026-05-09T12:04:02.933+0000] {processor.py:840} INFO - DAG(s) 'example_branch_datetime_operator', 'example_branch_datetime_operator_3', 'example_branch_datetime_operator_2' retrieved from /home/vscode/.local/lib/python3.11/site-packages/airflow/example_dags/example_branch_datetime_operator.py
[2026-05-09T12:04:02.948+0000] {logging_mixin.py:188} INFO - [2026-05-09T12:04:02.948+0000] {dag.py:3096} INFO - Sync 3 DAGs
[2026-05-09T12:04:02.963+0000] {logging_mixin.py:188} INFO - [2026-05-09T12:04:02.963+0000] {dag.py:3954} INFO - Setting next_dagrun for example_branch_datetime_operator to 2026-05-08 00:00:00+00:00, run_after=2026-05-09 00:00:00+00:00
[2026-05-09T12:04:02.966+0000] {logging_mixin.py:188} INFO - [2026-05-09T12:04:02.966+0000] {dag.py:3954} INFO - Setting next_dagrun for example_branch_datetime_operator_2 to 2026-05-08 00:00:00+00:00, run_after=2026-05-09 00:00:00+00:00
[2026-05-09T12:04:02.968+0000] {logging_mixin.py:188} INFO - [2026-05-09T12:04:02.967+0000] {dag.py:3954} INFO - Setting next_dagrun for example_branch_datetime_operator_3 to 2026-05-08 00:00:00+00:00, run_after=2026-05-09 00:00:00+00:00
[2026-05-09T12:04:02.981+0000] {processor.py:183} INFO - Processing /home/vscode/.local/lib/python3.11/site-packages/airflow/example_dags/example_branch_datetime_operator.py took 0.064 seconds
[2026-05-09T12:05:05.376+0000] {processor.py:161} INFO - Started process (PID=33742) to work on /home/vscode/.local/lib/python3.11/site-packages/airflow/example_dags/example_branch_datetime_operator.py
[2026-05-09T12:05:05.376+0000] {processor.py:830} INFO - Processing file /home/vscode/.local/lib/python3.11/site-packages/airflow/example_dags/example_branch_datetime_operator.py for tasks to queue
[2026-05-09T12:05:05.377+0000] {logging_mixin.py:188} INFO - [2026-05-09T12:05:05.376+0000] {dagbag.py:545} INFO - Filling up the DagBag from /home/vscode/.local/lib/python3.11/site-packages/airflow/example_dags/example_branch_datetime_operator.py
[2026-05-09T12:05:05.385+0000] {processor.py:840} INFO - DAG(s) 'example_branch_datetime_operator', 'example_branch_datetime_operator_3', 'example_branch_datetime_operator_2' retrieved from /home/vscode/.local/lib/python3.11/site-packages/airflow/example_dags/example_branch_datetime_operator.py
[2026-05-09T12:05:05.400+0000] {logging_mixin.py:188} INFO - [2026-05-09T12:05:05.400+0000] {dag.py:3096} INFO - Sync 3 DAGs
[2026-05-09T12:05:05.415+0000] {logging_mixin.py:188} INFO - [2026-05-09T12:05:05.415+0000] {dag.py:3954} INFO - Setting next_dagrun for example_branch_datetime_operator to 2026-05-08 00:00:00+00:00, run_after=2026-05-09 00:00:00+00:00
[2026-05-09T12:05:05.418+0000] {logging_mixin.py:188} INFO - [2026-05-09T12:05:05.418+0000] {dag.py:3954} INFO - Setting next_dagrun for example_branch_datetime_operator_2 to 2026-05-08 00:00:00+00:00, run_after=2026-05-09 00:00:00+00:00
[2026-05-09T12:05:05.419+0000] {logging_mixin.py:188} INFO - [2026-05-09T12:05:05.419+0000] {dag.py:3954} INFO - Setting next_dagrun for example_branch_datetime_operator_3 to 2026-05-08 00:00:00+00:00, run_after=2026-05-09 00:00:00+00:00
[2026-05-09T12:05:05.435+0000] {processor.py:183} INFO - Processing /home/vscode/.local/lib/python3.11/site-packages/airflow/example_dags/example_branch_datetime_operator.py took 0.066 seconds
[2026-05-09T12:06:08.459+0000] {processor.py:161} INFO - Started process (PID=34216) to work on /home/vscode/.local/lib/python3.11/site-packages/airflow/example_dags/example_branch_datetime_operator.py
[2026-05-09T12:06:08.459+0000] {processor.py:830} INFO - Processing file /home/vscode/.local/lib/python3.11/site-packages/airflow/example_dags/example_branch_datetime_operator.py for tasks to queue
[2026-05-09T12:06:08.460+0000] {logging_mixin.py:188} INFO - [2026-05-09T12:06:08.460+0000] {dagbag.py:545} INFO - Filling up the DagBag from /home/vscode/.local/lib/python3.11/site-packages/airflow/example_dags/example_branch_datetime_operator.py
[2026-05-09T12:06:08.468+0000] {processor.py:840} INFO - DAG(s) 'example_branch_datetime_operator_2', 'example_branch_datetime_operator_3', 'example_branch_datetime_operator' retrieved from /home/vscode/.local/lib/python3.11/site-packages/airflow/example_dags/example_branch_datetime_operator.py
[2026-05-09T12:06:08.490+0000] {logging_mixin.py:188} INFO - [2026-05-09T12:06:08.489+0000] {dag.py:3096} INFO - Sync 3 DAGs
[2026-05-09T12:06:08.510+0000] {logging_mixin.py:188} INFO - [2026-05-09T12:06:08.510+0000] {dag.py:3954} INFO - Setting next_dagrun for example_branch_datetime_operator to 2026-05-08 00:00:00+00:00, run_after=2026-05-09 00:00:00+00:00
[2026-05-09T12:06:08.514+0000] {logging_mixin.py:188} INFO - [2026-05-09T12:06:08.514+0000] {dag.py:3954} INFO - Setting next_dagrun for example_branch_datetime_operator_2 to 2026-05-08 00:00:00+00:00, run_after=2026-05-09 00:00:00+00:00
[2026-05-09T12:06:08.516+0000] {logging_mixin.py:188} INFO - [2026-05-09T12:06:08.516+0000] {dag.py:3954} INFO - Setting next_dagrun for example_branch_datetime_operator_3 to 2026-05-08 00:00:00+00:00, run_after=2026-05-09 00:00:00+00:00
[2026-05-09T12:06:08.533+0000] {processor.py:183} INFO - Processing /home/vscode/.local/lib/python3.11/site-packages/airflow/example_dags/example_branch_datetime_operator.py took 0.083 seconds
[2026-05-09T12:07:15.630+0000] {processor.py:161} INFO - Started process (PID=34776) to work on /home/vscode/.local/lib/python3.11/site-packages/airflow/example_dags/example_branch_datetime_operator.py
[2026-05-09T12:07:15.631+0000] {processor.py:830} INFO - Processing file /home/vscode/.local/lib/python3.11/site-packages/airflow/example_dags/example_branch_datetime_operator.py for tasks to queue
[2026-05-09T12:07:15.631+0000] {logging_mixin.py:188} INFO - [2026-05-09T12:07:15.631+0000] {dagbag.py:545} INFO - Filling up the DagBag from /home/vscode/.local/lib/python3.11/site-packages/airflow/example_dags/example_branch_datetime_operator.py
[2026-05-09T12:07:15.643+0000] {processor.py:840} INFO - DAG(s) 'example_branch_datetime_operator', 'example_branch_datetime_operator_3', 'example_branch_datetime_operator_2' retrieved from /home/vscode/.local/lib/python3.11/site-packages/airflow/example_dags/example_branch_datetime_operator.py
[2026-05-09T12:07:15.659+0000] {logging_mixin.py:188} INFO - [2026-05-09T12:07:15.659+0000] {dag.py:3096} INFO - Sync 3 DAGs
[2026-05-09T12:07:15.679+0000] {logging_mixin.py:188} INFO - [2026-05-09T12:07:15.679+0000] {dag.py:3954} INFO - Setting next_dagrun for example_branch_datetime_operator to 2026-05-08 00:00:00+00:00, run_after=2026-05-09 00:00:00+00:00
[2026-05-09T12:07:15.683+0000] {logging_mixin.py:188} INFO - [2026-05-09T12:07:15.682+0000] {dag.py:3954} INFO - Setting next_dagrun for example_branch_datetime_operator_2 to 2026-05-08 00:00:00+00:00, run_after=2026-05-09 00:00:00+00:00
[2026-05-09T12:07:15.684+0000] {logging_mixin.py:188} INFO - [2026-05-09T12:07:15.684+0000] {dag.py:3954} INFO - Setting next_dagrun for example_branch_datetime_operator_3 to 2026-05-08 00:00:00+00:00, run_after=2026-05-09 00:00:00+00:00
[2026-05-09T12:07:15.698+0000] {processor.py:183} INFO - Processing /home/vscode/.local/lib/python3.11/site-packages/airflow/example_dags/example_branch_datetime_operator.py took 0.077 seconds
[2026-05-09T12:08:16.276+0000] {processor.py:161} INFO - Started process (PID=35240) to work on /home/vscode/.local/lib/python3.11/site-packages/airflow/example_dags/example_branch_datetime_operator.py
[2026-05-09T12:08:16.276+0000] {processor.py:830} INFO - Processing file /home/vscode/.local/lib/python3.11/site-packages/airflow/example_dags/example_branch_datetime_operator.py for tasks to queue
[2026-05-09T12:08:16.277+0000] {logging_mixin.py:188} INFO - [2026-05-09T12:08:16.277+0000] {dagbag.py:545} INFO - Filling up the DagBag from /home/vscode/.local/lib/python3.11/site-packages/airflow/example_dags/example_branch_datetime_operator.py
[2026-05-09T12:08:16.285+0000] {processor.py:840} INFO - DAG(s) 'example_branch_datetime_operator_2', 'example_branch_datetime_operator_3', 'example_branch_datetime_operator' retrieved from /home/vscode/.local/lib/python3.11/site-packages/airflow/example_dags/example_branch_datetime_operator.py
[2026-05-09T12:08:16.301+0000] {logging_mixin.py:188} INFO - [2026-05-09T12:08:16.300+0000] {dag.py:3096} INFO - Sync 3 DAGs
[2026-05-09T12:08:16.315+0000] {logging_mixin.py:188} INFO - [2026-05-09T12:08:16.315+0000] {dag.py:3954} INFO - Setting next_dagrun for example_branch_datetime_operator to 2026-05-08 00:00:00+00:00, run_after=2026-05-09 00:00:00+00:00
[2026-05-09T12:08:16.318+0000] {logging_mixin.py:188} INFO - [2026-05-09T12:08:16.318+0000] {dag.py:3954} INFO - Setting next_dagrun for example_branch_datetime_operator_2 to 2026-05-08 00:00:00+00:00, run_after=2026-05-09 00:00:00+00:00
[2026-05-09T12:08:16.320+0000] {logging_mixin.py:188} INFO - [2026-05-09T12:08:16.320+0000] {dag.py:3954} INFO - Setting next_dagrun for example_branch_datetime_operator_3 to 2026-05-08 00:00:00+00:00, run_after=2026-05-09 00:00:00+00:00
[2026-05-09T12:08:16.335+0000] {processor.py:183} INFO - Processing /home/vscode/.local/lib/python3.11/site-packages/airflow/example_dags/example_branch_datetime_operator.py took 0.066 seconds
[2026-05-09T12:09:17.787+0000] {processor.py:161} INFO - Started process (PID=35826) to work on /home/vscode/.local/lib/python3.11/site-packages/airflow/example_dags/example_branch_datetime_operator.py
[2026-05-09T12:09:17.788+0000] {processor.py:830} INFO - Processing file /home/vscode/.local/lib/python3.11/site-packages/airflow/example_dags/example_branch_datetime_operator.py for tasks to queue
[2026-05-09T12:09:17.788+0000] {logging_mixin.py:188} INFO - [2026-05-09T12:09:17.788+0000] {dagbag.py:545} INFO - Filling up the DagBag from /home/vscode/.local/lib/python3.11/site-packages/airflow/example_dags/example_branch_datetime_operator.py
[2026-05-09T12:09:17.796+0000] {processor.py:840} INFO - DAG(s) 'example_branch_datetime_operator', 'example_branch_datetime_operator_2', 'example_branch_datetime_operator_3' retrieved from /home/vscode/.local/lib/python3.11/site-packages/airflow/example_dags/example_branch_datetime_operator.py
[2026-05-09T12:09:17.812+0000] {logging_mixin.py:188} INFO - [2026-05-09T12:09:17.812+0000] {dag.py:3096} INFO - Sync 3 DAGs
[2026-05-09T12:09:17.828+0000] {logging_mixin.py:188} INFO - [2026-05-09T12:09:17.828+0000] {dag.py:3954} INFO - Setting next_dagrun for example_branch_datetime_operator to 2026-05-08 00:00:00+00:00, run_after=2026-05-09 00:00:00+00:00
[2026-05-09T12:09:17.832+0000] {logging_mixin.py:188} INFO - [2026-05-09T12:09:17.832+0000] {dag.py:3954} INFO - Setting next_dagrun for example_branch_datetime_operator_2 to 2026-05-08 00:00:00+00:00, run_after=2026-05-09 00:00:00+00:00
[2026-05-09T12:09:17.834+0000] {logging_mixin.py:188} INFO - [2026-05-09T12:09:17.834+0000] {dag.py:3954} INFO - Setting next_dagrun for example_branch_datetime_operator_3 to 2026-05-08 00:00:00+00:00, run_after=2026-05-09 00:00:00+00:00
[2026-05-09T12:09:17.849+0000] {processor.py:183} INFO - Processing /home/vscode/.local/lib/python3.11/site-packages/airflow/example_dags/example_branch_datetime_operator.py took 0.069 seconds
[2026-05-09T12:10:17.249+0000] {processor.py:161} INFO - Started process (PID=36286) to work on /home/vscode/.local/lib/python3.11/site-packages/airflow/example_dags/example_branch_datetime_operator.py
[2026-05-09T12:10:17.249+0000] {processor.py:830} INFO - Processing file /home/vscode/.local/lib/python3.11/site-packages/airflow/example_dags/example_branch_datetime_operator.py for tasks to queue
[2026-05-09T12:10:17.250+0000] {logging_mixin.py:188} INFO - [2026-05-09T12:10:17.250+0000] {dagbag.py:545} INFO - Filling up the DagBag from /home/vscode/.local/lib/python3.11/site-packages/airflow/example_dags/example_branch_datetime_operator.py
[2026-05-09T12:10:17.258+0000] {processor.py:840} INFO - DAG(s) 'example_branch_datetime_operator_2', 'example_branch_datetime_operator_3', 'example_branch_datetime_operator' retrieved from /home/vscode/.local/lib/python3.11/site-packages/airflow/example_dags/example_branch_datetime_operator.py
[2026-05-09T12:10:17.275+0000] {logging_mixin.py:188} INFO - [2026-05-09T12:10:17.275+0000] {dag.py:3096} INFO - Sync 3 DAGs
[2026-05-09T12:10:17.291+0000] {logging_mixin.py:188} INFO - [2026-05-09T12:10:17.291+0000] {dag.py:3954} INFO - Setting next_dagrun for example_branch_datetime_operator to 2026-05-08 00:00:00+00:00, run_after=2026-05-09 00:00:00+00:00
[2026-05-09T12:10:17.295+0000] {logging_mixin.py:188} INFO - [2026-05-09T12:10:17.295+0000] {dag.py:3954} INFO - Setting next_dagrun for example_branch_datetime_operator_2 to 2026-05-08 00:00:00+00:00, run_after=2026-05-09 00:00:00+00:00
[2026-05-09T12:10:17.296+0000] {logging_mixin.py:188} INFO - [2026-05-09T12:10:17.296+0000] {dag.py:3954} INFO - Setting next_dagrun for example_branch_datetime_operator_3 to 2026-05-08 00:00:00+00:00, run_after=2026-05-09 00:00:00+00:00
[2026-05-09T12:10:17.313+0000] {processor.py:183} INFO - Processing /home/vscode/.local/lib/python3.11/site-packages/airflow/example_dags/example_branch_datetime_operator.py took 0.072 seconds
[2026-05-09T12:11:18.946+0000] {processor.py:161} INFO - Started process (PID=36811) to work on /home/vscode/.local/lib/python3.11/site-packages/airflow/example_dags/example_branch_datetime_operator.py
[2026-05-09T12:11:18.946+0000] {processor.py:830} INFO - Processing file /home/vscode/.local/lib/python3.11/site-packages/airflow/example_dags/example_branch_datetime_operator.py for tasks to queue
[2026-05-09T12:11:18.947+0000] {logging_mixin.py:188} INFO - [2026-05-09T12:11:18.947+0000] {dagbag.py:545} INFO - Filling up the DagBag from /home/vscode/.local/lib/python3.11/site-packages/airflow/example_dags/example_branch_datetime_operator.py
[2026-05-09T12:11:18.955+0000] {processor.py:840} INFO - DAG(s) 'example_branch_datetime_operator', 'example_branch_datetime_operator_3', 'example_branch_datetime_operator_2' retrieved from /home/vscode/.local/lib/python3.11/site-packages/airflow/example_dags/example_branch_datetime_operator.py
[2026-05-09T12:11:18.972+0000] {logging_mixin.py:188} INFO - [2026-05-09T12:11:18.971+0000] {dag.py:3096} INFO - Sync 3 DAGs
[2026-05-09T12:11:18.989+0000] {logging_mixin.py:188} INFO - [2026-05-09T12:11:18.989+0000] {dag.py:3954} INFO - Setting next_dagrun for example_branch_datetime_operator to 2026-05-08 00:00:00+00:00, run_after=2026-05-09 00:00:00+00:00
[2026-05-09T12:11:18.992+0000] {logging_mixin.py:188} INFO - [2026-05-09T12:11:18.992+0000] {dag.py:3954} INFO - Setting next_dagrun for example_branch_datetime_operator_2 to 2026-05-08 00:00:00+00:00, run_after=2026-05-09 00:00:00+00:00
[2026-05-09T12:11:18.994+0000] {logging_mixin.py:188} INFO - [2026-05-09T12:11:18.994+0000] {dag.py:3954} INFO - Setting next_dagrun for example_branch_datetime_operator_3 to 2026-05-08 00:00:00+00:00, run_after=2026-05-09 00:00:00+00:00
[2026-05-09T12:11:19.009+0000] {processor.py:183} INFO - Processing /home/vscode/.local/lib/python3.11/site-packages/airflow/example_dags/example_branch_datetime_operator.py took 0.069 seconds
[2026-05-09T12:12:19.541+0000] {processor.py:161} INFO - Started process (PID=37274) to work on /home/vscode/.local/lib/python3.11/site-packages/airflow/example_dags/example_branch_datetime_operator.py
[2026-05-09T12:12:19.541+0000] {processor.py:830} INFO - Processing file /home/vscode/.local/lib/python3.11/site-packages/airflow/example_dags/example_branch_datetime_operator.py for tasks to queue
[2026-05-09T12:12:19.542+0000] {logging_mixin.py:188} INFO - [2026-05-09T12:12:19.542+0000] {dagbag.py:545} INFO - Filling up the DagBag from /home/vscode/.local/lib/python3.11/site-packages/airflow/example_dags/example_branch_datetime_operator.py
[2026-05-09T12:12:19.550+0000] {processor.py:840} INFO - DAG(s) 'example_branch_datetime_operator_3', 'example_branch_datetime_operator_2', 'example_branch_datetime_operator' retrieved from /home/vscode/.local/lib/python3.11/site-packages/airflow/example_dags/example_branch_datetime_operator.py
[2026-05-09T12:12:19.567+0000] {logging_mixin.py:188} INFO - [2026-05-09T12:12:19.566+0000] {dag.py:3096} INFO - Sync 3 DAGs
[2026-05-09T12:12:19.581+0000] {logging_mixin.py:188} INFO - [2026-05-09T12:12:19.581+0000] {dag.py:3954} INFO - Setting next_dagrun for example_branch_datetime_operator to 2026-05-08 00:00:00+00:00, run_after=2026-05-09 00:00:00+00:00
[2026-05-09T12:12:19.584+0000] {logging_mixin.py:188} INFO - [2026-05-09T12:12:19.584+0000] {dag.py:3954} INFO - Setting next_dagrun for example_branch_datetime_operator_2 to 2026-05-08 00:00:00+00:00, run_after=2026-05-09 00:00:00+00:00
[2026-05-09T12:12:19.586+0000] {logging_mixin.py:188} INFO - [2026-05-09T12:12:19.586+0000] {dag.py:3954} INFO - Setting next_dagrun for example_branch_datetime_operator_3 to 2026-05-08 00:00:00+00:00, run_after=2026-05-09 00:00:00+00:00
[2026-05-09T12:12:19.600+0000] {processor.py:183} INFO - Processing /home/vscode/.local/lib/python3.11/site-packages/airflow/example_dags/example_branch_datetime_operator.py took 0.067 seconds
[2026-05-09T12:13:21.541+0000] {processor.py:161} INFO - Started process (PID=37805) to work on /home/vscode/.local/lib/python3.11/site-packages/airflow/example_dags/example_branch_datetime_operator.py
[2026-05-09T12:13:21.541+0000] {processor.py:830} INFO - Processing file /home/vscode/.local/lib/python3.11/site-packages/airflow/example_dags/example_branch_datetime_operator.py for tasks to queue
[2026-05-09T12:13:21.542+0000] {logging_mixin.py:188} INFO - [2026-05-09T12:13:21.542+0000] {dagbag.py:545} INFO - Filling up the DagBag from /home/vscode/.local/lib/python3.11/site-packages/airflow/example_dags/example_branch_datetime_operator.py
[2026-05-09T12:13:21.551+0000] {processor.py:840} INFO - DAG(s) 'example_branch_datetime_operator_3', 'example_branch_datetime_operator', 'example_branch_datetime_operator_2' retrieved from /home/vscode/.local/lib/python3.11/site-packages/airflow/example_dags/example_branch_datetime_operator.py
[2026-05-09T12:13:21.568+0000] {logging_mixin.py:188} INFO - [2026-05-09T12:13:21.568+0000] {dag.py:3096} INFO - Sync 3 DAGs
[2026-05-09T12:13:21.584+0000] {logging_mixin.py:188} INFO - [2026-05-09T12:13:21.583+0000] {dag.py:3954} INFO - Setting next_dagrun for example_branch_datetime_operator to 2026-05-08 00:00:00+00:00, run_after=2026-05-09 00:00:00+00:00
[2026-05-09T12:13:21.587+0000] {logging_mixin.py:188} INFO - [2026-05-09T12:13:21.587+0000] {dag.py:3954} INFO - Setting next_dagrun for example_branch_datetime_operator_2 to 2026-05-08 00:00:00+00:00, run_after=2026-05-09 00:00:00+00:00
[2026-05-09T12:13:21.588+0000] {logging_mixin.py:188} INFO - [2026-05-09T12:13:21.588+0000] {dag.py:3954} INFO - Setting next_dagrun for example_branch_datetime_operator_3 to 2026-05-08 00:00:00+00:00, run_after=2026-05-09 00:00:00+00:00
[2026-05-09T12:13:21.603+0000] {processor.py:183} INFO - Processing /home/vscode/.local/lib/python3.11/site-packages/airflow/example_dags/example_branch_datetime_operator.py took 0.071 seconds
[2026-05-09T12:14:27.707+0000] {processor.py:161} INFO - Started process (PID=38365) to work on /home/vscode/.local/lib/python3.11/site-packages/airflow/example_dags/example_branch_datetime_operator.py
[2026-05-09T12:14:27.707+0000] {processor.py:830} INFO - Processing file /home/vscode/.local/lib/python3.11/site-packages/airflow/example_dags/example_branch_datetime_operator.py for tasks to queue
[2026-05-09T12:14:27.708+0000] {logging_mixin.py:188} INFO - [2026-05-09T12:14:27.708+0000] {dagbag.py:545} INFO - Filling up the DagBag from /home/vscode/.local/lib/python3.11/site-packages/airflow/example_dags/example_branch_datetime_operator.py
[2026-05-09T12:14:27.716+0000] {processor.py:840} INFO - DAG(s) 'example_branch_datetime_operator', 'example_branch_datetime_operator_3', 'example_branch_datetime_operator_2' retrieved from /home/vscode/.local/lib/python3.11/site-packages/airflow/example_dags/example_branch_datetime_operator.py
[2026-05-09T12:14:27.734+0000] {logging_mixin.py:188} INFO - [2026-05-09T12:14:27.734+0000] {dag.py:3096} INFO - Sync 3 DAGs
[2026-05-09T12:14:27.751+0000] {logging_mixin.py:188} INFO - [2026-05-09T12:14:27.751+0000] {dag.py:3954} INFO - Setting next_dagrun for example_branch_datetime_operator to 2026-05-08 00:00:00+00:00, run_after=2026-05-09 00:00:00+00:00
[2026-05-09T12:14:27.754+0000] {logging_mixin.py:188} INFO - [2026-05-09T12:14:27.754+0000] {dag.py:3954} INFO - Setting next_dagrun for example_branch_datetime_operator_2 to 2026-05-08 00:00:00+00:00, run_after=2026-05-09 00:00:00+00:00
[2026-05-09T12:14:27.756+0000] {logging_mixin.py:188} INFO - [2026-05-09T12:14:27.756+0000] {dag.py:3954} INFO - Setting next_dagrun for example_branch_datetime_operator_3 to 2026-05-08 00:00:00+00:00, run_after=2026-05-09 00:00:00+00:00
[2026-05-09T12:14:27.770+0000] {processor.py:183} INFO - Processing /home/vscode/.local/lib/python3.11/site-packages/airflow/example_dags/example_branch_datetime_operator.py took 0.070 seconds
[2026-05-09T12:15:28.421+0000] {processor.py:161} INFO - Started process (PID=38889) to work on /home/vscode/.local/lib/python3.11/site-packages/airflow/example_dags/example_branch_datetime_operator.py
[2026-05-09T12:15:28.422+0000] {processor.py:830} INFO - Processing file /home/vscode/.local/lib/python3.11/site-packages/airflow/example_dags/example_branch_datetime_operator.py for tasks to queue
[2026-05-09T12:15:28.422+0000] {logging_mixin.py:188} INFO - [2026-05-09T12:15:28.422+0000] {dagbag.py:545} INFO - Filling up the DagBag from /home/vscode/.local/lib/python3.11/site-packages/airflow/example_dags/example_branch_datetime_operator.py
[2026-05-09T12:15:28.433+0000] {processor.py:840} INFO - DAG(s) 'example_branch_datetime_operator_2', 'example_branch_datetime_operator', 'example_branch_datetime_operator_3' retrieved from /home/vscode/.local/lib/python3.11/site-packages/airflow/example_dags/example_branch_datetime_operator.py
[2026-05-09T12:15:28.451+0000] {logging_mixin.py:188} INFO - [2026-05-09T12:15:28.451+0000] {dag.py:3096} INFO - Sync 3 DAGs
[2026-05-09T12:15:28.466+0000] {logging_mixin.py:188} INFO - [2026-05-09T12:15:28.466+0000] {dag.py:3954} INFO - Setting next_dagrun for example_branch_datetime_operator to 2026-05-08 00:00:00+00:00, run_after=2026-05-09 00:00:00+00:00
[2026-05-09T12:15:28.469+0000] {logging_mixin.py:188} INFO - [2026-05-09T12:15:28.469+0000] {dag.py:3954} INFO - Setting next_dagrun for example_branch_datetime_operator_2 to 2026-05-08 00:00:00+00:00, run_after=2026-05-09 00:00:00+00:00
[2026-05-09T12:15:28.471+0000] {logging_mixin.py:188} INFO - [2026-05-09T12:15:28.471+0000] {dag.py:3954} INFO - Setting next_dagrun for example_branch_datetime_operator_3 to 2026-05-08 00:00:00+00:00, run_after=2026-05-09 00:00:00+00:00
[2026-05-09T12:15:28.485+0000] {processor.py:183} INFO - Processing /home/vscode/.local/lib/python3.11/site-packages/airflow/example_dags/example_branch_datetime_operator.py took 0.071 seconds
[2026-05-09T12:16:35.245+0000] {processor.py:161} INFO - Started process (PID=39413) to work on /home/vscode/.local/lib/python3.11/site-packages/airflow/example_dags/example_branch_datetime_operator.py
[2026-05-09T12:16:35.245+0000] {processor.py:830} INFO - Processing file /home/vscode/.local/lib/python3.11/site-packages/airflow/example_dags/example_branch_datetime_operator.py for tasks to queue
[2026-05-09T12:16:35.246+0000] {logging_mixin.py:188} INFO - [2026-05-09T12:16:35.246+0000] {dagbag.py:545} INFO - Filling up the DagBag from /home/vscode/.local/lib/python3.11/site-packages/airflow/example_dags/example_branch_datetime_operator.py
[2026-05-09T12:16:35.254+0000] {processor.py:840} INFO - DAG(s) 'example_branch_datetime_operator_2', 'example_branch_datetime_operator_3', 'example_branch_datetime_operator' retrieved from /home/vscode/.local/lib/python3.11/site-packages/airflow/example_dags/example_branch_datetime_operator.py
[2026-05-09T12:16:35.271+0000] {logging_mixin.py:188} INFO - [2026-05-09T12:16:35.271+0000] {dag.py:3096} INFO - Sync 3 DAGs
[2026-05-09T12:16:35.289+0000] {logging_mixin.py:188} INFO - [2026-05-09T12:16:35.289+0000] {dag.py:3954} INFO - Setting next_dagrun for example_branch_datetime_operator to 2026-05-08 00:00:00+00:00, run_after=2026-05-09 00:00:00+00:00
[2026-05-09T12:16:35.295+0000] {logging_mixin.py:188} INFO - [2026-05-09T12:16:35.295+0000] {dag.py:3954} INFO - Setting next_dagrun for example_branch_datetime_operator_2 to 2026-05-08 00:00:00+00:00, run_after=2026-05-09 00:00:00+00:00
[2026-05-09T12:16:35.297+0000] {logging_mixin.py:188} INFO - [2026-05-09T12:16:35.297+0000] {dag.py:3954} INFO - Setting next_dagrun for example_branch_datetime_operator_3 to 2026-05-08 00:00:00+00:00, run_after=2026-05-09 00:00:00+00:00
[2026-05-09T12:16:35.315+0000] {processor.py:183} INFO - Processing /home/vscode/.local/lib/python3.11/site-packages/airflow/example_dags/example_branch_datetime_operator.py took 0.078 seconds
[2026-05-09T12:17:42.584+0000] {processor.py:161} INFO - Started process (PID=40002) to work on /home/vscode/.local/lib/python3.11/site-packages/airflow/example_dags/example_branch_datetime_operator.py
[2026-05-09T12:17:42.585+0000] {processor.py:830} INFO - Processing file /home/vscode/.local/lib/python3.11/site-packages/airflow/example_dags/example_branch_datetime_operator.py for tasks to queue
[2026-05-09T12:17:42.586+0000] {logging_mixin.py:188} INFO - [2026-05-09T12:17:42.585+0000] {dagbag.py:545} INFO - Filling up the DagBag from /home/vscode/.local/lib/python3.11/site-packages/airflow/example_dags/example_branch_datetime_operator.py
[2026-05-09T12:17:42.595+0000] {processor.py:840} INFO - DAG(s) 'example_branch_datetime_operator', 'example_branch_datetime_operator_2', 'example_branch_datetime_operator_3' retrieved from /home/vscode/.local/lib/python3.11/site-packages/airflow/example_dags/example_branch_datetime_operator.py
[2026-05-09T12:17:42.613+0000] {logging_mixin.py:188} INFO - [2026-05-09T12:17:42.613+0000] {dag.py:3096} INFO - Sync 3 DAGs
[2026-05-09T12:17:42.629+0000] {logging_mixin.py:188} INFO - [2026-05-09T12:17:42.629+0000] {dag.py:3954} INFO - Setting next_dagrun for example_branch_datetime_operator to 2026-05-08 00:00:00+00:00, run_after=2026-05-09 00:00:00+00:00
[2026-05-09T12:17:42.633+0000] {logging_mixin.py:188} INFO - [2026-05-09T12:17:42.633+0000] {dag.py:3954} INFO - Setting next_dagrun for example_branch_datetime_operator_2 to 2026-05-08 00:00:00+00:00, run_after=2026-05-09 00:00:00+00:00
[2026-05-09T12:17:42.635+0000] {logging_mixin.py:188} INFO - [2026-05-09T12:17:42.635+0000] {dag.py:3954} INFO - Setting next_dagrun for example_branch_datetime_operator_3 to 2026-05-08 00:00:00+00:00, run_after=2026-05-09 00:00:00+00:00
[2026-05-09T12:17:42.650+0000] {processor.py:183} INFO - Processing /home/vscode/.local/lib/python3.11/site-packages/airflow/example_dags/example_branch_datetime_operator.py took 0.072 seconds
[2026-05-09T12:18:44.395+0000] {processor.py:161} INFO - Started process (PID=40531) to work on /home/vscode/.local/lib/python3.11/site-packages/airflow/example_dags/example_branch_datetime_operator.py
[2026-05-09T12:18:44.398+0000] {processor.py:830} INFO - Processing file /home/vscode/.local/lib/python3.11/site-packages/airflow/example_dags/example_branch_datetime_operator.py for tasks to queue
[2026-05-09T12:18:44.399+0000] {logging_mixin.py:188} INFO - [2026-05-09T12:18:44.398+0000] {dagbag.py:545} INFO - Filling up the DagBag from /home/vscode/.local/lib/python3.11/site-packages/airflow/example_dags/example_branch_datetime_operator.py
[2026-05-09T12:18:44.412+0000] {processor.py:840} INFO - DAG(s) 'example_branch_datetime_operator_3', 'example_branch_datetime_operator_2', 'example_branch_datetime_operator' retrieved from /home/vscode/.local/lib/python3.11/site-packages/airflow/example_dags/example_branch_datetime_operator.py
[2026-05-09T12:18:44.440+0000] {logging_mixin.py:188} INFO - [2026-05-09T12:18:44.440+0000] {dag.py:3096} INFO - Sync 3 DAGs
[2026-05-09T12:18:44.464+0000] {logging_mixin.py:188} INFO - [2026-05-09T12:18:44.464+0000] {dag.py:3954} INFO - Setting next_dagrun for example_branch_datetime_operator to 2026-05-08 00:00:00+00:00, run_after=2026-05-09 00:00:00+00:00
[2026-05-09T12:18:44.467+0000] {logging_mixin.py:188} INFO - [2026-05-09T12:18:44.467+0000] {dag.py:3954} INFO - Setting next_dagrun for example_branch_datetime_operator_2 to 2026-05-08 00:00:00+00:00, run_after=2026-05-09 00:00:00+00:00
[2026-05-09T12:18:44.469+0000] {logging_mixin.py:188} INFO - [2026-05-09T12:18:44.469+0000] {dag.py:3954} INFO - Setting next_dagrun for example_branch_datetime_operator_3 to 2026-05-08 00:00:00+00:00, run_after=2026-05-09 00:00:00+00:00
[2026-05-09T12:18:44.485+0000] {processor.py:183} INFO - Processing /home/vscode/.local/lib/python3.11/site-packages/airflow/example_dags/example_branch_datetime_operator.py took 0.116 seconds
[2026-05-09T12:19:49.751+0000] {processor.py:161} INFO - Started process (PID=41082) to work on /home/vscode/.local/lib/python3.11/site-packages/airflow/example_dags/example_branch_datetime_operator.py
[2026-05-09T12:19:49.752+0000] {processor.py:830} INFO - Processing file /home/vscode/.local/lib/python3.11/site-packages/airflow/example_dags/example_branch_datetime_operator.py for tasks to queue
[2026-05-09T12:19:49.752+0000] {logging_mixin.py:188} INFO - [2026-05-09T12:19:49.752+0000] {dagbag.py:545} INFO - Filling up the DagBag from /home/vscode/.local/lib/python3.11/site-packages/airflow/example_dags/example_branch_datetime_operator.py
[2026-05-09T12:19:49.760+0000] {processor.py:840} INFO - DAG(s) 'example_branch_datetime_operator_2', 'example_branch_datetime_operator_3', 'example_branch_datetime_operator' retrieved from /home/vscode/.local/lib/python3.11/site-packages/airflow/example_dags/example_branch_datetime_operator.py
[2026-05-09T12:19:49.775+0000] {logging_mixin.py:188} INFO - [2026-05-09T12:19:49.775+0000] {dag.py:3096} INFO - Sync 3 DAGs
[2026-05-09T12:19:49.790+0000] {logging_mixin.py:188} INFO - [2026-05-09T12:19:49.790+0000] {dag.py:3954} INFO - Setting next_dagrun for example_branch_datetime_operator to 2026-05-08 00:00:00+00:00, run_after=2026-05-09 00:00:00+00:00
[2026-05-09T12:19:49.793+0000] {logging_mixin.py:188} INFO - [2026-05-09T12:19:49.793+0000] {dag.py:3954} INFO - Setting next_dagrun for example_branch_datetime_operator_2 to 2026-05-08 00:00:00+00:00, run_after=2026-05-09 00:00:00+00:00
[2026-05-09T12:19:49.795+0000] {logging_mixin.py:188} INFO - [2026-05-09T12:19:49.795+0000] {dag.py:3954} INFO - Setting next_dagrun for example_branch_datetime_operator_3 to 2026-05-08 00:00:00+00:00, run_after=2026-05-09 00:00:00+00:00
[2026-05-09T12:19:49.808+0000] {processor.py:183} INFO - Processing /home/vscode/.local/lib/python3.11/site-packages/airflow/example_dags/example_branch_datetime_operator.py took 0.067 seconds
[2026-05-09T12:20:52.299+0000] {processor.py:161} INFO - Started process (PID=41555) to work on /home/vscode/.local/lib/python3.11/site-packages/airflow/example_dags/example_branch_datetime_operator.py
[2026-05-09T12:20:52.300+0000] {processor.py:830} INFO - Processing file /home/vscode/.local/lib/python3.11/site-packages/airflow/example_dags/example_branch_datetime_operator.py for tasks to queue
[2026-05-09T12:20:52.300+0000] {logging_mixin.py:188} INFO - [2026-05-09T12:20:52.300+0000] {dagbag.py:545} INFO - Filling up the DagBag from /home/vscode/.local/lib/python3.11/site-packages/airflow/example_dags/example_branch_datetime_operator.py
[2026-05-09T12:20:52.309+0000] {processor.py:840} INFO - DAG(s) 'example_branch_datetime_operator_2', 'example_branch_datetime_operator', 'example_branch_datetime_operator_3' retrieved from /home/vscode/.local/lib/python3.11/site-packages/airflow/example_dags/example_branch_datetime_operator.py
[2026-05-09T12:20:52.324+0000] {logging_mixin.py:188} INFO - [2026-05-09T12:20:52.324+0000] {dag.py:3096} INFO - Sync 3 DAGs
[2026-05-09T12:20:52.344+0000] {logging_mixin.py:188} INFO - [2026-05-09T12:20:52.344+0000] {dag.py:3954} INFO - Setting next_dagrun for example_branch_datetime_operator to 2026-05-08 00:00:00+00:00, run_after=2026-05-09 00:00:00+00:00
[2026-05-09T12:20:52.348+0000] {logging_mixin.py:188} INFO - [2026-05-09T12:20:52.347+0000] {dag.py:3954} INFO - Setting next_dagrun for example_branch_datetime_operator_2 to 2026-05-08 00:00:00+00:00, run_after=2026-05-09 00:00:00+00:00
[2026-05-09T12:20:52.349+0000] {logging_mixin.py:188} INFO - [2026-05-09T12:20:52.349+0000] {dag.py:3954} INFO - Setting next_dagrun for example_branch_datetime_operator_3 to 2026-05-08 00:00:00+00:00, run_after=2026-05-09 00:00:00+00:00
[2026-05-09T12:20:52.363+0000] {processor.py:183} INFO - Processing /home/vscode/.local/lib/python3.11/site-packages/airflow/example_dags/example_branch_datetime_operator.py took 0.071 seconds
