[2026-05-09T11:18:52.988+0000] {processor.py:161} INFO - Started process (PID=7175) to work on /home/vscode/.local/lib/python3.11/site-packages/airflow/example_dags/example_sla_dag.py
[2026-05-09T11:18:52.991+0000] {processor.py:830} INFO - Processing file /home/vscode/.local/lib/python3.11/site-packages/airflow/example_dags/example_sla_dag.py for tasks to queue
[2026-05-09T11:18:52.992+0000] {logging_mixin.py:188} INFO - [2026-05-09T11:18:52.992+0000] {dagbag.py:545} INFO - Filling up the DagBag from /home/vscode/.local/lib/python3.11/site-packages/airflow/example_dags/example_sla_dag.py
[2026-05-09T11:18:53.007+0000] {processor.py:840} INFO - DAG(s) 'example_sla_dag' retrieved from /home/vscode/.local/lib/python3.11/site-packages/airflow/example_dags/example_sla_dag.py
[2026-05-09T11:18:53.022+0000] {logging_mixin.py:188} INFO - [2026-05-09T11:18:53.022+0000] {dag.py:3096} INFO - Sync 1 DAGs
[2026-05-09T11:18:53.051+0000] {logging_mixin.py:188} INFO - [2026-05-09T11:18:53.051+0000] {dag.py:3954} INFO - Setting next_dagrun for example_sla_dag to 2026-05-09 11:16:00+00:00, run_after=2026-05-09 11:18:00+00:00
[2026-05-09T11:18:53.068+0000] {processor.py:183} INFO - Processing /home/vscode/.local/lib/python3.11/site-packages/airflow/example_dags/example_sla_dag.py took 0.095 seconds
[2026-05-09T11:19:51.918+0000] {processor.py:161} INFO - Started process (PID=7671) to work on /home/vscode/.local/lib/python3.11/site-packages/airflow/example_dags/example_sla_dag.py
[2026-05-09T11:19:51.919+0000] {processor.py:830} INFO - Processing file /home/vscode/.local/lib/python3.11/site-packages/airflow/example_dags/example_sla_dag.py for tasks to queue
[2026-05-09T11:19:51.920+0000] {logging_mixin.py:188} INFO - [2026-05-09T11:19:51.920+0000] {dagbag.py:545} INFO - Filling up the DagBag from /home/vscode/.local/lib/python3.11/site-packages/airflow/example_dags/example_sla_dag.py
[2026-05-09T11:19:51.926+0000] {processor.py:840} INFO - DAG(s) 'example_sla_dag' retrieved from /home/vscode/.local/lib/python3.11/site-packages/airflow/example_dags/example_sla_dag.py
[2026-05-09T11:19:52.091+0000] {logging_mixin.py:188} INFO - [2026-05-09T11:19:52.091+0000] {dag.py:3096} INFO - Sync 1 DAGs
[2026-05-09T11:19:52.105+0000] {logging_mixin.py:188} INFO - [2026-05-09T11:19:52.104+0000] {dag.py:3954} INFO - Setting next_dagrun for example_sla_dag to 2026-05-09 11:16:00+00:00, run_after=2026-05-09 11:18:00+00:00
[2026-05-09T11:19:52.120+0000] {processor.py:183} INFO - Processing /home/vscode/.local/lib/python3.11/site-packages/airflow/example_dags/example_sla_dag.py took 0.208 seconds
[2026-05-09T11:20:44.131+0000] {processor.py:161} INFO - Started process (PID=8119) to work on /home/vscode/.local/lib/python3.11/site-packages/airflow/example_dags/example_sla_dag.py
[2026-05-09T11:20:44.132+0000] {processor.py:830} INFO - Processing file /home/vscode/.local/lib/python3.11/site-packages/airflow/example_dags/example_sla_dag.py for tasks to queue
[2026-05-09T11:20:44.132+0000] {logging_mixin.py:188} INFO - [2026-05-09T11:20:44.132+0000] {dagbag.py:545} INFO - Filling up the DagBag from /home/vscode/.local/lib/python3.11/site-packages/airflow/example_dags/example_sla_dag.py
[2026-05-09T11:20:44.139+0000] {processor.py:840} INFO - DAG(s) 'example_sla_dag' retrieved from /home/vscode/.local/lib/python3.11/site-packages/airflow/example_dags/example_sla_dag.py
[2026-05-09T11:20:44.150+0000] {logging_mixin.py:188} INFO - [2026-05-09T11:20:44.149+0000] {dag.py:3096} INFO - Sync 1 DAGs
[2026-05-09T11:20:44.166+0000] {logging_mixin.py:188} INFO - [2026-05-09T11:20:44.166+0000] {dag.py:3954} INFO - Setting next_dagrun for example_sla_dag to 2026-05-09 11:18:00+00:00, run_after=2026-05-09 11:20:00+00:00
[2026-05-09T11:20:44.181+0000] {processor.py:183} INFO - Processing /home/vscode/.local/lib/python3.11/site-packages/airflow/example_dags/example_sla_dag.py took 0.057 seconds
[2026-05-09T11:21:35.856+0000] {processor.py:161} INFO - Started process (PID=8652) to work on /home/vscode/.local/lib/python3.11/site-packages/airflow/example_dags/example_sla_dag.py
[2026-05-09T11:21:35.857+0000] {processor.py:830} INFO - Processing file /home/vscode/.local/lib/python3.11/site-packages/airflow/example_dags/example_sla_dag.py for tasks to queue
[2026-05-09T11:21:35.858+0000] {logging_mixin.py:188} INFO - [2026-05-09T11:21:35.857+0000] {dagbag.py:545} INFO - Filling up the DagBag from /home/vscode/.local/lib/python3.11/site-packages/airflow/example_dags/example_sla_dag.py
[2026-05-09T11:21:35.863+0000] {processor.py:840} INFO - DAG(s) 'example_sla_dag' retrieved from /home/vscode/.local/lib/python3.11/site-packages/airflow/example_dags/example_sla_dag.py
[2026-05-09T11:21:35.874+0000] {logging_mixin.py:188} INFO - [2026-05-09T11:21:35.874+0000] {dag.py:3096} INFO - Sync 1 DAGs
[2026-05-09T11:21:35.890+0000] {logging_mixin.py:188} INFO - [2026-05-09T11:21:35.890+0000] {dag.py:3954} INFO - Setting next_dagrun for example_sla_dag to 2026-05-09 11:18:00+00:00, run_after=2026-05-09 11:20:00+00:00
[2026-05-09T11:21:35.905+0000] {processor.py:183} INFO - Processing /home/vscode/.local/lib/python3.11/site-packages/airflow/example_dags/example_sla_dag.py took 0.054 seconds
[2026-05-09T11:22:18.745+0000] {processor.py:161} INFO - Started process (PID=9010) to work on /home/vscode/.local/lib/python3.11/site-packages/airflow/example_dags/example_sla_dag.py
[2026-05-09T11:22:18.746+0000] {processor.py:830} INFO - Processing file /home/vscode/.local/lib/python3.11/site-packages/airflow/example_dags/example_sla_dag.py for tasks to queue
[2026-05-09T11:22:18.746+0000] {logging_mixin.py:188} INFO - [2026-05-09T11:22:18.746+0000] {dagbag.py:545} INFO - Filling up the DagBag from /home/vscode/.local/lib/python3.11/site-packages/airflow/example_dags/example_sla_dag.py
[2026-05-09T11:22:18.756+0000] {processor.py:840} INFO - DAG(s) 'example_sla_dag' retrieved from /home/vscode/.local/lib/python3.11/site-packages/airflow/example_dags/example_sla_dag.py
[2026-05-09T11:22:18.779+0000] {logging_mixin.py:188} INFO - [2026-05-09T11:22:18.779+0000] {dag.py:3096} INFO - Sync 1 DAGs
[2026-05-09T11:22:18.818+0000] {logging_mixin.py:188} INFO - [2026-05-09T11:22:18.818+0000] {dag.py:3954} INFO - Setting next_dagrun for example_sla_dag to 2026-05-09 11:20:00+00:00, run_after=2026-05-09 11:22:00+00:00
[2026-05-09T11:22:18.835+0000] {processor.py:183} INFO - Processing /home/vscode/.local/lib/python3.11/site-packages/airflow/example_dags/example_sla_dag.py took 0.096 seconds
[2026-05-09T11:23:12.555+0000] {processor.py:161} INFO - Started process (PID=9715) to work on /home/vscode/.local/lib/python3.11/site-packages/airflow/example_dags/example_sla_dag.py
[2026-05-09T11:23:12.556+0000] {processor.py:830} INFO - Processing file /home/vscode/.local/lib/python3.11/site-packages/airflow/example_dags/example_sla_dag.py for tasks to queue
[2026-05-09T11:23:12.556+0000] {logging_mixin.py:188} INFO - [2026-05-09T11:23:12.556+0000] {dagbag.py:545} INFO - Filling up the DagBag from /home/vscode/.local/lib/python3.11/site-packages/airflow/example_dags/example_sla_dag.py
[2026-05-09T11:23:12.562+0000] {processor.py:840} INFO - DAG(s) 'example_sla_dag' retrieved from /home/vscode/.local/lib/python3.11/site-packages/airflow/example_dags/example_sla_dag.py
[2026-05-09T11:23:12.573+0000] {logging_mixin.py:188} INFO - [2026-05-09T11:23:12.573+0000] {dag.py:3096} INFO - Sync 1 DAGs
[2026-05-09T11:23:12.591+0000] {logging_mixin.py:188} INFO - [2026-05-09T11:23:12.591+0000] {dag.py:3954} INFO - Setting next_dagrun for example_sla_dag to 2026-05-09 11:20:00+00:00, run_after=2026-05-09 11:22:00+00:00
[2026-05-09T11:23:12.605+0000] {processor.py:183} INFO - Processing /home/vscode/.local/lib/python3.11/site-packages/airflow/example_dags/example_sla_dag.py took 0.057 seconds
[2026-05-09T11:23:53.889+0000] {processor.py:161} INFO - Started process (PID=10299) to work on /home/vscode/.local/lib/python3.11/site-packages/airflow/example_dags/example_sla_dag.py
[2026-05-09T11:23:53.889+0000] {processor.py:830} INFO - Processing file /home/vscode/.local/lib/python3.11/site-packages/airflow/example_dags/example_sla_dag.py for tasks to queue
[2026-05-09T11:23:53.890+0000] {logging_mixin.py:188} INFO - [2026-05-09T11:23:53.890+0000] {dagbag.py:545} INFO - Filling up the DagBag from /home/vscode/.local/lib/python3.11/site-packages/airflow/example_dags/example_sla_dag.py
[2026-05-09T11:23:53.896+0000] {processor.py:840} INFO - DAG(s) 'example_sla_dag' retrieved from /home/vscode/.local/lib/python3.11/site-packages/airflow/example_dags/example_sla_dag.py
[2026-05-09T11:23:53.907+0000] {logging_mixin.py:188} INFO - [2026-05-09T11:23:53.907+0000] {dag.py:3096} INFO - Sync 1 DAGs
[2026-05-09T11:23:53.926+0000] {logging_mixin.py:188} INFO - [2026-05-09T11:23:53.926+0000] {dag.py:3954} INFO - Setting next_dagrun for example_sla_dag to 2026-05-09 11:20:00+00:00, run_after=2026-05-09 11:22:00+00:00
[2026-05-09T11:23:53.944+0000] {processor.py:183} INFO - Processing /home/vscode/.local/lib/python3.11/site-packages/airflow/example_dags/example_sla_dag.py took 0.065 seconds
[2026-05-09T11:24:33.847+0000] {processor.py:161} INFO - Started process (PID=10842) to work on /home/vscode/.local/lib/python3.11/site-packages/airflow/example_dags/example_sla_dag.py
[2026-05-09T11:24:33.847+0000] {processor.py:830} INFO - Processing file /home/vscode/.local/lib/python3.11/site-packages/airflow/example_dags/example_sla_dag.py for tasks to queue
[2026-05-09T11:24:33.848+0000] {logging_mixin.py:188} INFO - [2026-05-09T11:24:33.848+0000] {dagbag.py:545} INFO - Filling up the DagBag from /home/vscode/.local/lib/python3.11/site-packages/airflow/example_dags/example_sla_dag.py
[2026-05-09T11:24:33.854+0000] {processor.py:840} INFO - DAG(s) 'example_sla_dag' retrieved from /home/vscode/.local/lib/python3.11/site-packages/airflow/example_dags/example_sla_dag.py
[2026-05-09T11:24:33.866+0000] {logging_mixin.py:188} INFO - [2026-05-09T11:24:33.865+0000] {dag.py:3096} INFO - Sync 1 DAGs
[2026-05-09T11:24:33.881+0000] {logging_mixin.py:188} INFO - [2026-05-09T11:24:33.881+0000] {dag.py:3954} INFO - Setting next_dagrun for example_sla_dag to 2026-05-09 11:22:00+00:00, run_after=2026-05-09 11:24:00+00:00
[2026-05-09T11:24:33.897+0000] {processor.py:183} INFO - Processing /home/vscode/.local/lib/python3.11/site-packages/airflow/example_dags/example_sla_dag.py took 0.057 seconds
[2026-05-09T11:25:16.199+0000] {processor.py:161} INFO - Started process (PID=11281) to work on /home/vscode/.local/lib/python3.11/site-packages/airflow/example_dags/example_sla_dag.py
[2026-05-09T11:25:16.200+0000] {processor.py:830} INFO - Processing file /home/vscode/.local/lib/python3.11/site-packages/airflow/example_dags/example_sla_dag.py for tasks to queue
[2026-05-09T11:25:16.200+0000] {logging_mixin.py:188} INFO - [2026-05-09T11:25:16.200+0000] {dagbag.py:545} INFO - Filling up the DagBag from /home/vscode/.local/lib/python3.11/site-packages/airflow/example_dags/example_sla_dag.py
[2026-05-09T11:25:16.206+0000] {processor.py:840} INFO - DAG(s) 'example_sla_dag' retrieved from /home/vscode/.local/lib/python3.11/site-packages/airflow/example_dags/example_sla_dag.py
[2026-05-09T11:25:16.217+0000] {logging_mixin.py:188} INFO - [2026-05-09T11:25:16.217+0000] {dag.py:3096} INFO - Sync 1 DAGs
[2026-05-09T11:25:16.238+0000] {logging_mixin.py:188} INFO - [2026-05-09T11:25:16.238+0000] {dag.py:3954} INFO - Setting next_dagrun for example_sla_dag to 2026-05-09 11:22:00+00:00, run_after=2026-05-09 11:24:00+00:00
[2026-05-09T11:25:16.273+0000] {processor.py:183} INFO - Processing /home/vscode/.local/lib/python3.11/site-packages/airflow/example_dags/example_sla_dag.py took 0.080 seconds
[2026-05-09T11:25:57.104+0000] {processor.py:161} INFO - Started process (PID=11612) to work on /home/vscode/.local/lib/python3.11/site-packages/airflow/example_dags/example_sla_dag.py
[2026-05-09T11:25:57.104+0000] {processor.py:830} INFO - Processing file /home/vscode/.local/lib/python3.11/site-packages/airflow/example_dags/example_sla_dag.py for tasks to queue
[2026-05-09T11:25:57.105+0000] {logging_mixin.py:188} INFO - [2026-05-09T11:25:57.105+0000] {dagbag.py:545} INFO - Filling up the DagBag from /home/vscode/.local/lib/python3.11/site-packages/airflow/example_dags/example_sla_dag.py
[2026-05-09T11:25:57.111+0000] {processor.py:840} INFO - DAG(s) 'example_sla_dag' retrieved from /home/vscode/.local/lib/python3.11/site-packages/airflow/example_dags/example_sla_dag.py
[2026-05-09T11:25:57.122+0000] {logging_mixin.py:188} INFO - [2026-05-09T11:25:57.122+0000] {dag.py:3096} INFO - Sync 1 DAGs
[2026-05-09T11:25:57.138+0000] {logging_mixin.py:188} INFO - [2026-05-09T11:25:57.137+0000] {dag.py:3954} INFO - Setting next_dagrun for example_sla_dag to 2026-05-09 11:22:00+00:00, run_after=2026-05-09 11:24:00+00:00
[2026-05-09T11:25:57.152+0000] {processor.py:183} INFO - Processing /home/vscode/.local/lib/python3.11/site-packages/airflow/example_dags/example_sla_dag.py took 0.055 seconds
[2026-05-09T11:26:37.198+0000] {processor.py:161} INFO - Started process (PID=12066) to work on /home/vscode/.local/lib/python3.11/site-packages/airflow/example_dags/example_sla_dag.py
[2026-05-09T11:26:37.199+0000] {processor.py:830} INFO - Processing file /home/vscode/.local/lib/python3.11/site-packages/airflow/example_dags/example_sla_dag.py for tasks to queue
[2026-05-09T11:26:37.200+0000] {logging_mixin.py:188} INFO - [2026-05-09T11:26:37.199+0000] {dagbag.py:545} INFO - Filling up the DagBag from /home/vscode/.local/lib/python3.11/site-packages/airflow/example_dags/example_sla_dag.py
[2026-05-09T11:26:37.206+0000] {processor.py:840} INFO - DAG(s) 'example_sla_dag' retrieved from /home/vscode/.local/lib/python3.11/site-packages/airflow/example_dags/example_sla_dag.py
[2026-05-09T11:26:37.217+0000] {logging_mixin.py:188} INFO - [2026-05-09T11:26:37.217+0000] {dag.py:3096} INFO - Sync 1 DAGs
[2026-05-09T11:26:37.234+0000] {logging_mixin.py:188} INFO - [2026-05-09T11:26:37.234+0000] {dag.py:3954} INFO - Setting next_dagrun for example_sla_dag to 2026-05-09 11:24:00+00:00, run_after=2026-05-09 11:26:00+00:00
[2026-05-09T11:26:37.250+0000] {processor.py:183} INFO - Processing /home/vscode/.local/lib/python3.11/site-packages/airflow/example_dags/example_sla_dag.py took 0.058 seconds
[2026-05-09T11:27:36.834+0000] {processor.py:161} INFO - Started process (PID=12794) to work on /home/vscode/.local/lib/python3.11/site-packages/airflow/example_dags/example_sla_dag.py
[2026-05-09T11:27:36.835+0000] {processor.py:830} INFO - Processing file /home/vscode/.local/lib/python3.11/site-packages/airflow/example_dags/example_sla_dag.py for tasks to queue
[2026-05-09T11:27:36.836+0000] {logging_mixin.py:188} INFO - [2026-05-09T11:27:36.835+0000] {dagbag.py:545} INFO - Filling up the DagBag from /home/vscode/.local/lib/python3.11/site-packages/airflow/example_dags/example_sla_dag.py
[2026-05-09T11:27:36.843+0000] {processor.py:840} INFO - DAG(s) 'example_sla_dag' retrieved from /home/vscode/.local/lib/python3.11/site-packages/airflow/example_dags/example_sla_dag.py
[2026-05-09T11:27:36.854+0000] {logging_mixin.py:188} INFO - [2026-05-09T11:27:36.854+0000] {dag.py:3096} INFO - Sync 1 DAGs
[2026-05-09T11:27:36.870+0000] {logging_mixin.py:188} INFO - [2026-05-09T11:27:36.870+0000] {dag.py:3954} INFO - Setting next_dagrun for example_sla_dag to 2026-05-09 11:24:00+00:00, run_after=2026-05-09 11:26:00+00:00
[2026-05-09T11:27:36.887+0000] {processor.py:183} INFO - Processing /home/vscode/.local/lib/python3.11/site-packages/airflow/example_dags/example_sla_dag.py took 0.069 seconds
[2026-05-09T11:28:17.420+0000] {processor.py:161} INFO - Started process (PID=13218) to work on /home/vscode/.local/lib/python3.11/site-packages/airflow/example_dags/example_sla_dag.py
[2026-05-09T11:28:17.420+0000] {processor.py:830} INFO - Processing file /home/vscode/.local/lib/python3.11/site-packages/airflow/example_dags/example_sla_dag.py for tasks to queue
[2026-05-09T11:28:17.421+0000] {logging_mixin.py:188} INFO - [2026-05-09T11:28:17.421+0000] {dagbag.py:545} INFO - Filling up the DagBag from /home/vscode/.local/lib/python3.11/site-packages/airflow/example_dags/example_sla_dag.py
[2026-05-09T11:28:17.427+0000] {processor.py:840} INFO - DAG(s) 'example_sla_dag' retrieved from /home/vscode/.local/lib/python3.11/site-packages/airflow/example_dags/example_sla_dag.py
[2026-05-09T11:28:17.438+0000] {logging_mixin.py:188} INFO - [2026-05-09T11:28:17.438+0000] {dag.py:3096} INFO - Sync 1 DAGs
[2026-05-09T11:28:17.454+0000] {logging_mixin.py:188} INFO - [2026-05-09T11:28:17.454+0000] {dag.py:3954} INFO - Setting next_dagrun for example_sla_dag to 2026-05-09 11:26:00+00:00, run_after=2026-05-09 11:28:00+00:00
[2026-05-09T11:28:17.471+0000] {processor.py:183} INFO - Processing /home/vscode/.local/lib/python3.11/site-packages/airflow/example_dags/example_sla_dag.py took 0.058 seconds
[2026-05-09T11:29:18.076+0000] {processor.py:161} INFO - Started process (PID=13874) to work on /home/vscode/.local/lib/python3.11/site-packages/airflow/example_dags/example_sla_dag.py
[2026-05-09T11:29:18.077+0000] {processor.py:830} INFO - Processing file /home/vscode/.local/lib/python3.11/site-packages/airflow/example_dags/example_sla_dag.py for tasks to queue
[2026-05-09T11:29:18.078+0000] {logging_mixin.py:188} INFO - [2026-05-09T11:29:18.077+0000] {dagbag.py:545} INFO - Filling up the DagBag from /home/vscode/.local/lib/python3.11/site-packages/airflow/example_dags/example_sla_dag.py
[2026-05-09T11:29:18.084+0000] {processor.py:840} INFO - DAG(s) 'example_sla_dag' retrieved from /home/vscode/.local/lib/python3.11/site-packages/airflow/example_dags/example_sla_dag.py
[2026-05-09T11:29:18.096+0000] {logging_mixin.py:188} INFO - [2026-05-09T11:29:18.095+0000] {dag.py:3096} INFO - Sync 1 DAGs
[2026-05-09T11:29:18.115+0000] {logging_mixin.py:188} INFO - [2026-05-09T11:29:18.114+0000] {dag.py:3954} INFO - Setting next_dagrun for example_sla_dag to 2026-05-09 11:26:00+00:00, run_after=2026-05-09 11:28:00+00:00
[2026-05-09T11:29:18.148+0000] {processor.py:183} INFO - Processing /home/vscode/.local/lib/python3.11/site-packages/airflow/example_dags/example_sla_dag.py took 0.079 seconds
[2026-05-09T11:30:02.123+0000] {processor.py:161} INFO - Started process (PID=14285) to work on /home/vscode/.local/lib/python3.11/site-packages/airflow/example_dags/example_sla_dag.py
[2026-05-09T11:30:02.124+0000] {processor.py:830} INFO - Processing file /home/vscode/.local/lib/python3.11/site-packages/airflow/example_dags/example_sla_dag.py for tasks to queue
[2026-05-09T11:30:02.124+0000] {logging_mixin.py:188} INFO - [2026-05-09T11:30:02.124+0000] {dagbag.py:545} INFO - Filling up the DagBag from /home/vscode/.local/lib/python3.11/site-packages/airflow/example_dags/example_sla_dag.py
[2026-05-09T11:30:02.131+0000] {processor.py:840} INFO - DAG(s) 'example_sla_dag' retrieved from /home/vscode/.local/lib/python3.11/site-packages/airflow/example_dags/example_sla_dag.py
[2026-05-09T11:30:02.143+0000] {logging_mixin.py:188} INFO - [2026-05-09T11:30:02.142+0000] {dag.py:3096} INFO - Sync 1 DAGs
[2026-05-09T11:30:02.166+0000] {logging_mixin.py:188} INFO - [2026-05-09T11:30:02.166+0000] {dag.py:3954} INFO - Setting next_dagrun for example_sla_dag to 2026-05-09 11:28:00+00:00, run_after=2026-05-09 11:30:00+00:00
[2026-05-09T11:30:02.183+0000] {processor.py:183} INFO - Processing /home/vscode/.local/lib/python3.11/site-packages/airflow/example_dags/example_sla_dag.py took 0.066 seconds
[2026-05-09T11:30:44.567+0000] {processor.py:161} INFO - Started process (PID=14872) to work on /home/vscode/.local/lib/python3.11/site-packages/airflow/example_dags/example_sla_dag.py
[2026-05-09T11:30:44.567+0000] {processor.py:830} INFO - Processing file /home/vscode/.local/lib/python3.11/site-packages/airflow/example_dags/example_sla_dag.py for tasks to queue
[2026-05-09T11:30:44.568+0000] {logging_mixin.py:188} INFO - [2026-05-09T11:30:44.568+0000] {dagbag.py:545} INFO - Filling up the DagBag from /home/vscode/.local/lib/python3.11/site-packages/airflow/example_dags/example_sla_dag.py
[2026-05-09T11:30:44.575+0000] {processor.py:840} INFO - DAG(s) 'example_sla_dag' retrieved from /home/vscode/.local/lib/python3.11/site-packages/airflow/example_dags/example_sla_dag.py
[2026-05-09T11:30:44.587+0000] {logging_mixin.py:188} INFO - [2026-05-09T11:30:44.587+0000] {dag.py:3096} INFO - Sync 1 DAGs
[2026-05-09T11:30:44.607+0000] {logging_mixin.py:188} INFO - [2026-05-09T11:30:44.606+0000] {dag.py:3954} INFO - Setting next_dagrun for example_sla_dag to 2026-05-09 11:28:00+00:00, run_after=2026-05-09 11:30:00+00:00
[2026-05-09T11:30:44.621+0000] {processor.py:183} INFO - Processing /home/vscode/.local/lib/python3.11/site-packages/airflow/example_dags/example_sla_dag.py took 0.061 seconds
[2026-05-09T11:31:45.481+0000] {processor.py:161} INFO - Started process (PID=15580) to work on /home/vscode/.local/lib/python3.11/site-packages/airflow/example_dags/example_sla_dag.py
[2026-05-09T11:31:45.482+0000] {processor.py:830} INFO - Processing file /home/vscode/.local/lib/python3.11/site-packages/airflow/example_dags/example_sla_dag.py for tasks to queue
[2026-05-09T11:31:45.483+0000] {logging_mixin.py:188} INFO - [2026-05-09T11:31:45.482+0000] {dagbag.py:545} INFO - Filling up the DagBag from /home/vscode/.local/lib/python3.11/site-packages/airflow/example_dags/example_sla_dag.py
[2026-05-09T11:31:45.493+0000] {processor.py:840} INFO - DAG(s) 'example_sla_dag' retrieved from /home/vscode/.local/lib/python3.11/site-packages/airflow/example_dags/example_sla_dag.py
[2026-05-09T11:31:45.504+0000] {logging_mixin.py:188} INFO - [2026-05-09T11:31:45.504+0000] {dag.py:3096} INFO - Sync 1 DAGs
[2026-05-09T11:31:45.521+0000] {logging_mixin.py:188} INFO - [2026-05-09T11:31:45.521+0000] {dag.py:3954} INFO - Setting next_dagrun for example_sla_dag to 2026-05-09 11:28:00+00:00, run_after=2026-05-09 11:30:00+00:00
[2026-05-09T11:31:45.549+0000] {processor.py:183} INFO - Processing /home/vscode/.local/lib/python3.11/site-packages/airflow/example_dags/example_sla_dag.py took 0.081 seconds
[2026-05-09T11:32:31.328+0000] {processor.py:161} INFO - Started process (PID=15912) to work on /home/vscode/.local/lib/python3.11/site-packages/airflow/example_dags/example_sla_dag.py
[2026-05-09T11:32:31.328+0000] {processor.py:830} INFO - Processing file /home/vscode/.local/lib/python3.11/site-packages/airflow/example_dags/example_sla_dag.py for tasks to queue
[2026-05-09T11:32:31.329+0000] {logging_mixin.py:188} INFO - [2026-05-09T11:32:31.329+0000] {dagbag.py:545} INFO - Filling up the DagBag from /home/vscode/.local/lib/python3.11/site-packages/airflow/example_dags/example_sla_dag.py
[2026-05-09T11:32:31.336+0000] {processor.py:840} INFO - DAG(s) 'example_sla_dag' retrieved from /home/vscode/.local/lib/python3.11/site-packages/airflow/example_dags/example_sla_dag.py
[2026-05-09T11:32:31.351+0000] {logging_mixin.py:188} INFO - [2026-05-09T11:32:31.350+0000] {dag.py:3096} INFO - Sync 1 DAGs
[2026-05-09T11:32:31.370+0000] {logging_mixin.py:188} INFO - [2026-05-09T11:32:31.370+0000] {dag.py:3954} INFO - Setting next_dagrun for example_sla_dag to 2026-05-09 11:30:00+00:00, run_after=2026-05-09 11:32:00+00:00
[2026-05-09T11:32:31.448+0000] {processor.py:183} INFO - Processing /home/vscode/.local/lib/python3.11/site-packages/airflow/example_dags/example_sla_dag.py took 0.127 seconds
[2026-05-09T11:33:13.094+0000] {processor.py:161} INFO - Started process (PID=16279) to work on /home/vscode/.local/lib/python3.11/site-packages/airflow/example_dags/example_sla_dag.py
[2026-05-09T11:33:13.095+0000] {processor.py:830} INFO - Processing file /home/vscode/.local/lib/python3.11/site-packages/airflow/example_dags/example_sla_dag.py for tasks to queue
[2026-05-09T11:33:13.095+0000] {logging_mixin.py:188} INFO - [2026-05-09T11:33:13.095+0000] {dagbag.py:545} INFO - Filling up the DagBag from /home/vscode/.local/lib/python3.11/site-packages/airflow/example_dags/example_sla_dag.py
[2026-05-09T11:33:13.102+0000] {processor.py:840} INFO - DAG(s) 'example_sla_dag' retrieved from /home/vscode/.local/lib/python3.11/site-packages/airflow/example_dags/example_sla_dag.py
[2026-05-09T11:33:13.114+0000] {logging_mixin.py:188} INFO - [2026-05-09T11:33:13.114+0000] {dag.py:3096} INFO - Sync 1 DAGs
[2026-05-09T11:33:13.131+0000] {logging_mixin.py:188} INFO - [2026-05-09T11:33:13.131+0000] {dag.py:3954} INFO - Setting next_dagrun for example_sla_dag to 2026-05-09 11:30:00+00:00, run_after=2026-05-09 11:32:00+00:00
[2026-05-09T11:33:13.146+0000] {processor.py:183} INFO - Processing /home/vscode/.local/lib/python3.11/site-packages/airflow/example_dags/example_sla_dag.py took 0.059 seconds
[2026-05-09T11:33:55.680+0000] {processor.py:161} INFO - Started process (PID=16718) to work on /home/vscode/.local/lib/python3.11/site-packages/airflow/example_dags/example_sla_dag.py
[2026-05-09T11:33:55.681+0000] {processor.py:830} INFO - Processing file /home/vscode/.local/lib/python3.11/site-packages/airflow/example_dags/example_sla_dag.py for tasks to queue
[2026-05-09T11:33:55.682+0000] {logging_mixin.py:188} INFO - [2026-05-09T11:33:55.682+0000] {dagbag.py:545} INFO - Filling up the DagBag from /home/vscode/.local/lib/python3.11/site-packages/airflow/example_dags/example_sla_dag.py
[2026-05-09T11:33:55.689+0000] {processor.py:840} INFO - DAG(s) 'example_sla_dag' retrieved from /home/vscode/.local/lib/python3.11/site-packages/airflow/example_dags/example_sla_dag.py
[2026-05-09T11:33:55.700+0000] {logging_mixin.py:188} INFO - [2026-05-09T11:33:55.700+0000] {dag.py:3096} INFO - Sync 1 DAGs
[2026-05-09T11:33:55.720+0000] {logging_mixin.py:188} INFO - [2026-05-09T11:33:55.720+0000] {dag.py:3954} INFO - Setting next_dagrun for example_sla_dag to 2026-05-09 11:30:00+00:00, run_after=2026-05-09 11:32:00+00:00
[2026-05-09T11:33:55.737+0000] {processor.py:183} INFO - Processing /home/vscode/.local/lib/python3.11/site-packages/airflow/example_dags/example_sla_dag.py took 0.067 seconds
[2026-05-09T11:34:55.011+0000] {processor.py:161} INFO - Started process (PID=17221) to work on /home/vscode/.local/lib/python3.11/site-packages/airflow/example_dags/example_sla_dag.py
[2026-05-09T11:34:55.011+0000] {processor.py:830} INFO - Processing file /home/vscode/.local/lib/python3.11/site-packages/airflow/example_dags/example_sla_dag.py for tasks to queue
[2026-05-09T11:34:55.012+0000] {logging_mixin.py:188} INFO - [2026-05-09T11:34:55.012+0000] {dagbag.py:545} INFO - Filling up the DagBag from /home/vscode/.local/lib/python3.11/site-packages/airflow/example_dags/example_sla_dag.py
[2026-05-09T11:34:55.018+0000] {processor.py:840} INFO - DAG(s) 'example_sla_dag' retrieved from /home/vscode/.local/lib/python3.11/site-packages/airflow/example_dags/example_sla_dag.py
[2026-05-09T11:34:55.032+0000] {logging_mixin.py:188} INFO - [2026-05-09T11:34:55.032+0000] {dag.py:3096} INFO - Sync 1 DAGs
[2026-05-09T11:34:55.050+0000] {logging_mixin.py:188} INFO - [2026-05-09T11:34:55.050+0000] {dag.py:3954} INFO - Setting next_dagrun for example_sla_dag to 2026-05-09 11:32:00+00:00, run_after=2026-05-09 11:34:00+00:00
[2026-05-09T11:34:55.072+0000] {processor.py:183} INFO - Processing /home/vscode/.local/lib/python3.11/site-packages/airflow/example_dags/example_sla_dag.py took 0.068 seconds
[2026-05-09T11:35:35.260+0000] {processor.py:161} INFO - Started process (PID=17580) to work on /home/vscode/.local/lib/python3.11/site-packages/airflow/example_dags/example_sla_dag.py
[2026-05-09T11:35:35.260+0000] {processor.py:830} INFO - Processing file /home/vscode/.local/lib/python3.11/site-packages/airflow/example_dags/example_sla_dag.py for tasks to queue
[2026-05-09T11:35:35.261+0000] {logging_mixin.py:188} INFO - [2026-05-09T11:35:35.261+0000] {dagbag.py:545} INFO - Filling up the DagBag from /home/vscode/.local/lib/python3.11/site-packages/airflow/example_dags/example_sla_dag.py
[2026-05-09T11:35:35.267+0000] {processor.py:840} INFO - DAG(s) 'example_sla_dag' retrieved from /home/vscode/.local/lib/python3.11/site-packages/airflow/example_dags/example_sla_dag.py
[2026-05-09T11:35:35.278+0000] {logging_mixin.py:188} INFO - [2026-05-09T11:35:35.278+0000] {dag.py:3096} INFO - Sync 1 DAGs
[2026-05-09T11:35:35.296+0000] {logging_mixin.py:188} INFO - [2026-05-09T11:35:35.296+0000] {dag.py:3954} INFO - Setting next_dagrun for example_sla_dag to 2026-05-09 11:32:00+00:00, run_after=2026-05-09 11:34:00+00:00
[2026-05-09T11:35:35.311+0000] {processor.py:183} INFO - Processing /home/vscode/.local/lib/python3.11/site-packages/airflow/example_dags/example_sla_dag.py took 0.059 seconds
[2026-05-09T11:36:35.763+0000] {processor.py:161} INFO - Started process (PID=18082) to work on /home/vscode/.local/lib/python3.11/site-packages/airflow/example_dags/example_sla_dag.py
[2026-05-09T11:36:35.763+0000] {processor.py:830} INFO - Processing file /home/vscode/.local/lib/python3.11/site-packages/airflow/example_dags/example_sla_dag.py for tasks to queue
[2026-05-09T11:36:35.764+0000] {logging_mixin.py:188} INFO - [2026-05-09T11:36:35.764+0000] {dagbag.py:545} INFO - Filling up the DagBag from /home/vscode/.local/lib/python3.11/site-packages/airflow/example_dags/example_sla_dag.py
[2026-05-09T11:36:35.771+0000] {processor.py:840} INFO - DAG(s) 'example_sla_dag' retrieved from /home/vscode/.local/lib/python3.11/site-packages/airflow/example_dags/example_sla_dag.py
[2026-05-09T11:36:35.783+0000] {logging_mixin.py:188} INFO - [2026-05-09T11:36:35.783+0000] {dag.py:3096} INFO - Sync 1 DAGs
[2026-05-09T11:36:35.799+0000] {logging_mixin.py:188} INFO - [2026-05-09T11:36:35.798+0000] {dag.py:3954} INFO - Setting next_dagrun for example_sla_dag to 2026-05-09 11:34:00+00:00, run_after=2026-05-09 11:36:00+00:00
[2026-05-09T11:36:35.814+0000] {processor.py:183} INFO - Processing /home/vscode/.local/lib/python3.11/site-packages/airflow/example_dags/example_sla_dag.py took 0.058 seconds
[2026-05-09T11:37:16.647+0000] {processor.py:161} INFO - Started process (PID=18444) to work on /home/vscode/.local/lib/python3.11/site-packages/airflow/example_dags/example_sla_dag.py
[2026-05-09T11:37:16.647+0000] {processor.py:830} INFO - Processing file /home/vscode/.local/lib/python3.11/site-packages/airflow/example_dags/example_sla_dag.py for tasks to queue
[2026-05-09T11:37:16.648+0000] {logging_mixin.py:188} INFO - [2026-05-09T11:37:16.648+0000] {dagbag.py:545} INFO - Filling up the DagBag from /home/vscode/.local/lib/python3.11/site-packages/airflow/example_dags/example_sla_dag.py
[2026-05-09T11:37:16.654+0000] {processor.py:840} INFO - DAG(s) 'example_sla_dag' retrieved from /home/vscode/.local/lib/python3.11/site-packages/airflow/example_dags/example_sla_dag.py
[2026-05-09T11:37:16.665+0000] {logging_mixin.py:188} INFO - [2026-05-09T11:37:16.665+0000] {dag.py:3096} INFO - Sync 1 DAGs
[2026-05-09T11:37:16.681+0000] {logging_mixin.py:188} INFO - [2026-05-09T11:37:16.681+0000] {dag.py:3954} INFO - Setting next_dagrun for example_sla_dag to 2026-05-09 11:34:00+00:00, run_after=2026-05-09 11:36:00+00:00
[2026-05-09T11:37:16.696+0000] {processor.py:183} INFO - Processing /home/vscode/.local/lib/python3.11/site-packages/airflow/example_dags/example_sla_dag.py took 0.056 seconds
[2026-05-09T11:37:58.632+0000] {processor.py:161} INFO - Started process (PID=19152) to work on /home/vscode/.local/lib/python3.11/site-packages/airflow/example_dags/example_sla_dag.py
[2026-05-09T11:37:58.633+0000] {processor.py:830} INFO - Processing file /home/vscode/.local/lib/python3.11/site-packages/airflow/example_dags/example_sla_dag.py for tasks to queue
[2026-05-09T11:37:58.633+0000] {logging_mixin.py:188} INFO - [2026-05-09T11:37:58.633+0000] {dagbag.py:545} INFO - Filling up the DagBag from /home/vscode/.local/lib/python3.11/site-packages/airflow/example_dags/example_sla_dag.py
[2026-05-09T11:37:58.639+0000] {processor.py:840} INFO - DAG(s) 'example_sla_dag' retrieved from /home/vscode/.local/lib/python3.11/site-packages/airflow/example_dags/example_sla_dag.py
[2026-05-09T11:37:58.650+0000] {logging_mixin.py:188} INFO - [2026-05-09T11:37:58.650+0000] {dag.py:3096} INFO - Sync 1 DAGs
[2026-05-09T11:37:58.666+0000] {logging_mixin.py:188} INFO - [2026-05-09T11:37:58.666+0000] {dag.py:3954} INFO - Setting next_dagrun for example_sla_dag to 2026-05-09 11:34:00+00:00, run_after=2026-05-09 11:36:00+00:00
[2026-05-09T11:37:58.680+0000] {processor.py:183} INFO - Processing /home/vscode/.local/lib/python3.11/site-packages/airflow/example_dags/example_sla_dag.py took 0.054 seconds
[2026-05-09T11:38:41.396+0000] {processor.py:161} INFO - Started process (PID=19566) to work on /home/vscode/.local/lib/python3.11/site-packages/airflow/example_dags/example_sla_dag.py
[2026-05-09T11:38:41.397+0000] {processor.py:830} INFO - Processing file /home/vscode/.local/lib/python3.11/site-packages/airflow/example_dags/example_sla_dag.py for tasks to queue
[2026-05-09T11:38:41.397+0000] {logging_mixin.py:188} INFO - [2026-05-09T11:38:41.397+0000] {dagbag.py:545} INFO - Filling up the DagBag from /home/vscode/.local/lib/python3.11/site-packages/airflow/example_dags/example_sla_dag.py
[2026-05-09T11:38:41.403+0000] {processor.py:840} INFO - DAG(s) 'example_sla_dag' retrieved from /home/vscode/.local/lib/python3.11/site-packages/airflow/example_dags/example_sla_dag.py
[2026-05-09T11:38:41.414+0000] {logging_mixin.py:188} INFO - [2026-05-09T11:38:41.414+0000] {dag.py:3096} INFO - Sync 1 DAGs
[2026-05-09T11:38:41.431+0000] {logging_mixin.py:188} INFO - [2026-05-09T11:38:41.431+0000] {dag.py:3954} INFO - Setting next_dagrun for example_sla_dag to 2026-05-09 11:36:00+00:00, run_after=2026-05-09 11:38:00+00:00
[2026-05-09T11:38:41.449+0000] {processor.py:183} INFO - Processing /home/vscode/.local/lib/python3.11/site-packages/airflow/example_dags/example_sla_dag.py took 0.059 seconds
[2026-05-09T11:39:39.898+0000] {processor.py:161} INFO - Started process (PID=20338) to work on /home/vscode/.local/lib/python3.11/site-packages/airflow/example_dags/example_sla_dag.py
[2026-05-09T11:39:39.899+0000] {processor.py:830} INFO - Processing file /home/vscode/.local/lib/python3.11/site-packages/airflow/example_dags/example_sla_dag.py for tasks to queue
[2026-05-09T11:39:39.899+0000] {logging_mixin.py:188} INFO - [2026-05-09T11:39:39.899+0000] {dagbag.py:545} INFO - Filling up the DagBag from /home/vscode/.local/lib/python3.11/site-packages/airflow/example_dags/example_sla_dag.py
[2026-05-09T11:39:39.908+0000] {processor.py:840} INFO - DAG(s) 'example_sla_dag' retrieved from /home/vscode/.local/lib/python3.11/site-packages/airflow/example_dags/example_sla_dag.py
[2026-05-09T11:39:39.924+0000] {logging_mixin.py:188} INFO - [2026-05-09T11:39:39.924+0000] {dag.py:3096} INFO - Sync 1 DAGs
[2026-05-09T11:39:39.948+0000] {logging_mixin.py:188} INFO - [2026-05-09T11:39:39.948+0000] {dag.py:3954} INFO - Setting next_dagrun for example_sla_dag to 2026-05-09 11:36:00+00:00, run_after=2026-05-09 11:38:00+00:00
[2026-05-09T11:39:39.971+0000] {processor.py:183} INFO - Processing /home/vscode/.local/lib/python3.11/site-packages/airflow/example_dags/example_sla_dag.py took 0.081 seconds
[2026-05-09T11:40:20.788+0000] {processor.py:161} INFO - Started process (PID=20610) to work on /home/vscode/.local/lib/python3.11/site-packages/airflow/example_dags/example_sla_dag.py
[2026-05-09T11:40:20.788+0000] {processor.py:830} INFO - Processing file /home/vscode/.local/lib/python3.11/site-packages/airflow/example_dags/example_sla_dag.py for tasks to queue
[2026-05-09T11:40:20.789+0000] {logging_mixin.py:188} INFO - [2026-05-09T11:40:20.788+0000] {dagbag.py:545} INFO - Filling up the DagBag from /home/vscode/.local/lib/python3.11/site-packages/airflow/example_dags/example_sla_dag.py
[2026-05-09T11:40:20.797+0000] {processor.py:840} INFO - DAG(s) 'example_sla_dag' retrieved from /home/vscode/.local/lib/python3.11/site-packages/airflow/example_dags/example_sla_dag.py
[2026-05-09T11:40:20.812+0000] {logging_mixin.py:188} INFO - [2026-05-09T11:40:20.811+0000] {dag.py:3096} INFO - Sync 1 DAGs
[2026-05-09T11:40:20.828+0000] {logging_mixin.py:188} INFO - [2026-05-09T11:40:20.828+0000] {dag.py:3954} INFO - Setting next_dagrun for example_sla_dag to 2026-05-09 11:38:00+00:00, run_after=2026-05-09 11:40:00+00:00
[2026-05-09T11:40:20.843+0000] {processor.py:183} INFO - Processing /home/vscode/.local/lib/python3.11/site-packages/airflow/example_dags/example_sla_dag.py took 0.063 seconds
[2026-05-09T11:41:03.010+0000] {processor.py:161} INFO - Started process (PID=21040) to work on /home/vscode/.local/lib/python3.11/site-packages/airflow/example_dags/example_sla_dag.py
[2026-05-09T11:41:03.011+0000] {processor.py:830} INFO - Processing file /home/vscode/.local/lib/python3.11/site-packages/airflow/example_dags/example_sla_dag.py for tasks to queue
[2026-05-09T11:41:03.011+0000] {logging_mixin.py:188} INFO - [2026-05-09T11:41:03.011+0000] {dagbag.py:545} INFO - Filling up the DagBag from /home/vscode/.local/lib/python3.11/site-packages/airflow/example_dags/example_sla_dag.py
[2026-05-09T11:41:03.017+0000] {processor.py:840} INFO - DAG(s) 'example_sla_dag' retrieved from /home/vscode/.local/lib/python3.11/site-packages/airflow/example_dags/example_sla_dag.py
[2026-05-09T11:41:03.029+0000] {logging_mixin.py:188} INFO - [2026-05-09T11:41:03.029+0000] {dag.py:3096} INFO - Sync 1 DAGs
[2026-05-09T11:41:03.045+0000] {logging_mixin.py:188} INFO - [2026-05-09T11:41:03.045+0000] {dag.py:3954} INFO - Setting next_dagrun for example_sla_dag to 2026-05-09 11:38:00+00:00, run_after=2026-05-09 11:40:00+00:00
[2026-05-09T11:41:03.059+0000] {processor.py:183} INFO - Processing /home/vscode/.local/lib/python3.11/site-packages/airflow/example_dags/example_sla_dag.py took 0.056 seconds
[2026-05-09T11:41:48.152+0000] {processor.py:161} INFO - Started process (PID=21514) to work on /home/vscode/.local/lib/python3.11/site-packages/airflow/example_dags/example_sla_dag.py
[2026-05-09T11:41:48.156+0000] {processor.py:830} INFO - Processing file /home/vscode/.local/lib/python3.11/site-packages/airflow/example_dags/example_sla_dag.py for tasks to queue
[2026-05-09T11:41:48.157+0000] {logging_mixin.py:188} INFO - [2026-05-09T11:41:48.157+0000] {dagbag.py:545} INFO - Filling up the DagBag from /home/vscode/.local/lib/python3.11/site-packages/airflow/example_dags/example_sla_dag.py
[2026-05-09T11:41:48.170+0000] {processor.py:840} INFO - DAG(s) 'example_sla_dag' retrieved from /home/vscode/.local/lib/python3.11/site-packages/airflow/example_dags/example_sla_dag.py
[2026-05-09T11:41:48.183+0000] {logging_mixin.py:188} INFO - [2026-05-09T11:41:48.183+0000] {dag.py:3096} INFO - Sync 1 DAGs
[2026-05-09T11:41:48.201+0000] {logging_mixin.py:188} INFO - [2026-05-09T11:41:48.201+0000] {dag.py:3954} INFO - Setting next_dagrun for example_sla_dag to 2026-05-09 11:38:00+00:00, run_after=2026-05-09 11:40:00+00:00
[2026-05-09T11:41:48.218+0000] {processor.py:183} INFO - Processing /home/vscode/.local/lib/python3.11/site-packages/airflow/example_dags/example_sla_dag.py took 0.083 seconds
[2026-05-09T11:42:31.396+0000] {processor.py:161} INFO - Started process (PID=21827) to work on /home/vscode/.local/lib/python3.11/site-packages/airflow/example_dags/example_sla_dag.py
[2026-05-09T11:42:31.396+0000] {processor.py:830} INFO - Processing file /home/vscode/.local/lib/python3.11/site-packages/airflow/example_dags/example_sla_dag.py for tasks to queue
[2026-05-09T11:42:31.397+0000] {logging_mixin.py:188} INFO - [2026-05-09T11:42:31.396+0000] {dagbag.py:545} INFO - Filling up the DagBag from /home/vscode/.local/lib/python3.11/site-packages/airflow/example_dags/example_sla_dag.py
[2026-05-09T11:42:31.403+0000] {processor.py:840} INFO - DAG(s) 'example_sla_dag' retrieved from /home/vscode/.local/lib/python3.11/site-packages/airflow/example_dags/example_sla_dag.py
[2026-05-09T11:42:31.415+0000] {logging_mixin.py:188} INFO - [2026-05-09T11:42:31.415+0000] {dag.py:3096} INFO - Sync 1 DAGs
[2026-05-09T11:42:31.447+0000] {logging_mixin.py:188} INFO - [2026-05-09T11:42:31.447+0000] {dag.py:3954} INFO - Setting next_dagrun for example_sla_dag to 2026-05-09 11:40:00+00:00, run_after=2026-05-09 11:42:00+00:00
[2026-05-09T11:42:31.476+0000] {processor.py:183} INFO - Processing /home/vscode/.local/lib/python3.11/site-packages/airflow/example_dags/example_sla_dag.py took 0.087 seconds
[2026-05-09T11:43:16.419+0000] {processor.py:161} INFO - Started process (PID=22227) to work on /home/vscode/.local/lib/python3.11/site-packages/airflow/example_dags/example_sla_dag.py
[2026-05-09T11:43:16.420+0000] {processor.py:830} INFO - Processing file /home/vscode/.local/lib/python3.11/site-packages/airflow/example_dags/example_sla_dag.py for tasks to queue
[2026-05-09T11:43:16.420+0000] {logging_mixin.py:188} INFO - [2026-05-09T11:43:16.420+0000] {dagbag.py:545} INFO - Filling up the DagBag from /home/vscode/.local/lib/python3.11/site-packages/airflow/example_dags/example_sla_dag.py
[2026-05-09T11:43:16.427+0000] {processor.py:840} INFO - DAG(s) 'example_sla_dag' retrieved from /home/vscode/.local/lib/python3.11/site-packages/airflow/example_dags/example_sla_dag.py
[2026-05-09T11:43:16.439+0000] {logging_mixin.py:188} INFO - [2026-05-09T11:43:16.439+0000] {dag.py:3096} INFO - Sync 1 DAGs
[2026-05-09T11:43:16.455+0000] {logging_mixin.py:188} INFO - [2026-05-09T11:43:16.455+0000] {dag.py:3954} INFO - Setting next_dagrun for example_sla_dag to 2026-05-09 11:40:00+00:00, run_after=2026-05-09 11:42:00+00:00
[2026-05-09T11:43:16.470+0000] {processor.py:183} INFO - Processing /home/vscode/.local/lib/python3.11/site-packages/airflow/example_dags/example_sla_dag.py took 0.058 seconds
[2026-05-09T11:44:00.867+0000] {processor.py:161} INFO - Started process (PID=22676) to work on /home/vscode/.local/lib/python3.11/site-packages/airflow/example_dags/example_sla_dag.py
[2026-05-09T11:44:00.867+0000] {processor.py:830} INFO - Processing file /home/vscode/.local/lib/python3.11/site-packages/airflow/example_dags/example_sla_dag.py for tasks to queue
[2026-05-09T11:44:00.868+0000] {logging_mixin.py:188} INFO - [2026-05-09T11:44:00.868+0000] {dagbag.py:545} INFO - Filling up the DagBag from /home/vscode/.local/lib/python3.11/site-packages/airflow/example_dags/example_sla_dag.py
[2026-05-09T11:44:00.875+0000] {processor.py:840} INFO - DAG(s) 'example_sla_dag' retrieved from /home/vscode/.local/lib/python3.11/site-packages/airflow/example_dags/example_sla_dag.py
[2026-05-09T11:44:00.890+0000] {logging_mixin.py:188} INFO - [2026-05-09T11:44:00.890+0000] {dag.py:3096} INFO - Sync 1 DAGs
[2026-05-09T11:44:00.910+0000] {logging_mixin.py:188} INFO - [2026-05-09T11:44:00.910+0000] {dag.py:3954} INFO - Setting next_dagrun for example_sla_dag to 2026-05-09 11:42:00+00:00, run_after=2026-05-09 11:44:00+00:00
[2026-05-09T11:44:00.927+0000] {processor.py:183} INFO - Processing /home/vscode/.local/lib/python3.11/site-packages/airflow/example_dags/example_sla_dag.py took 0.066 seconds
[2026-05-09T11:45:02.781+0000] {processor.py:161} INFO - Started process (PID=23189) to work on /home/vscode/.local/lib/python3.11/site-packages/airflow/example_dags/example_sla_dag.py
[2026-05-09T11:45:02.782+0000] {processor.py:830} INFO - Processing file /home/vscode/.local/lib/python3.11/site-packages/airflow/example_dags/example_sla_dag.py for tasks to queue
[2026-05-09T11:45:02.783+0000] {logging_mixin.py:188} INFO - [2026-05-09T11:45:02.783+0000] {dagbag.py:545} INFO - Filling up the DagBag from /home/vscode/.local/lib/python3.11/site-packages/airflow/example_dags/example_sla_dag.py
[2026-05-09T11:45:02.793+0000] {processor.py:840} INFO - DAG(s) 'example_sla_dag' retrieved from /home/vscode/.local/lib/python3.11/site-packages/airflow/example_dags/example_sla_dag.py
[2026-05-09T11:45:02.817+0000] {logging_mixin.py:188} INFO - [2026-05-09T11:45:02.816+0000] {dag.py:3096} INFO - Sync 1 DAGs
[2026-05-09T11:45:02.844+0000] {logging_mixin.py:188} INFO - [2026-05-09T11:45:02.844+0000] {dag.py:3954} INFO - Setting next_dagrun for example_sla_dag to 2026-05-09 11:42:00+00:00, run_after=2026-05-09 11:44:00+00:00
[2026-05-09T11:45:02.865+0000] {processor.py:183} INFO - Processing /home/vscode/.local/lib/python3.11/site-packages/airflow/example_dags/example_sla_dag.py took 0.096 seconds
[2026-05-09T11:45:46.467+0000] {processor.py:161} INFO - Started process (PID=23575) to work on /home/vscode/.local/lib/python3.11/site-packages/airflow/example_dags/example_sla_dag.py
[2026-05-09T11:45:46.468+0000] {processor.py:830} INFO - Processing file /home/vscode/.local/lib/python3.11/site-packages/airflow/example_dags/example_sla_dag.py for tasks to queue
[2026-05-09T11:45:46.468+0000] {logging_mixin.py:188} INFO - [2026-05-09T11:45:46.468+0000] {dagbag.py:545} INFO - Filling up the DagBag from /home/vscode/.local/lib/python3.11/site-packages/airflow/example_dags/example_sla_dag.py
[2026-05-09T11:45:46.478+0000] {processor.py:840} INFO - DAG(s) 'example_sla_dag' retrieved from /home/vscode/.local/lib/python3.11/site-packages/airflow/example_dags/example_sla_dag.py
[2026-05-09T11:45:46.493+0000] {logging_mixin.py:188} INFO - [2026-05-09T11:45:46.493+0000] {dag.py:3096} INFO - Sync 1 DAGs
[2026-05-09T11:45:46.513+0000] {logging_mixin.py:188} INFO - [2026-05-09T11:45:46.513+0000] {dag.py:3954} INFO - Setting next_dagrun for example_sla_dag to 2026-05-09 11:42:00+00:00, run_after=2026-05-09 11:44:00+00:00
[2026-05-09T11:45:46.530+0000] {processor.py:183} INFO - Processing /home/vscode/.local/lib/python3.11/site-packages/airflow/example_dags/example_sla_dag.py took 0.073 seconds
[2026-05-09T11:46:29.084+0000] {processor.py:161} INFO - Started process (PID=23887) to work on /home/vscode/.local/lib/python3.11/site-packages/airflow/example_dags/example_sla_dag.py
[2026-05-09T11:46:29.084+0000] {processor.py:830} INFO - Processing file /home/vscode/.local/lib/python3.11/site-packages/airflow/example_dags/example_sla_dag.py for tasks to queue
[2026-05-09T11:46:29.085+0000] {logging_mixin.py:188} INFO - [2026-05-09T11:46:29.085+0000] {dagbag.py:545} INFO - Filling up the DagBag from /home/vscode/.local/lib/python3.11/site-packages/airflow/example_dags/example_sla_dag.py
[2026-05-09T11:46:29.092+0000] {processor.py:840} INFO - DAG(s) 'example_sla_dag' retrieved from /home/vscode/.local/lib/python3.11/site-packages/airflow/example_dags/example_sla_dag.py
[2026-05-09T11:46:29.104+0000] {logging_mixin.py:188} INFO - [2026-05-09T11:46:29.104+0000] {dag.py:3096} INFO - Sync 1 DAGs
[2026-05-09T11:46:29.120+0000] {logging_mixin.py:188} INFO - [2026-05-09T11:46:29.120+0000] {dag.py:3954} INFO - Setting next_dagrun for example_sla_dag to 2026-05-09 11:44:00+00:00, run_after=2026-05-09 11:46:00+00:00
[2026-05-09T11:46:29.136+0000] {processor.py:183} INFO - Processing /home/vscode/.local/lib/python3.11/site-packages/airflow/example_dags/example_sla_dag.py took 0.059 seconds
[2026-05-09T11:47:14.144+0000] {processor.py:161} INFO - Started process (PID=24436) to work on /home/vscode/.local/lib/python3.11/site-packages/airflow/example_dags/example_sla_dag.py
[2026-05-09T11:47:14.145+0000] {processor.py:830} INFO - Processing file /home/vscode/.local/lib/python3.11/site-packages/airflow/example_dags/example_sla_dag.py for tasks to queue
[2026-05-09T11:47:14.145+0000] {logging_mixin.py:188} INFO - [2026-05-09T11:47:14.145+0000] {dagbag.py:545} INFO - Filling up the DagBag from /home/vscode/.local/lib/python3.11/site-packages/airflow/example_dags/example_sla_dag.py
[2026-05-09T11:47:14.151+0000] {processor.py:840} INFO - DAG(s) 'example_sla_dag' retrieved from /home/vscode/.local/lib/python3.11/site-packages/airflow/example_dags/example_sla_dag.py
[2026-05-09T11:47:14.162+0000] {logging_mixin.py:188} INFO - [2026-05-09T11:47:14.162+0000] {dag.py:3096} INFO - Sync 1 DAGs
[2026-05-09T11:47:14.178+0000] {logging_mixin.py:188} INFO - [2026-05-09T11:47:14.178+0000] {dag.py:3954} INFO - Setting next_dagrun for example_sla_dag to 2026-05-09 11:44:00+00:00, run_after=2026-05-09 11:46:00+00:00
[2026-05-09T11:47:14.193+0000] {processor.py:183} INFO - Processing /home/vscode/.local/lib/python3.11/site-packages/airflow/example_dags/example_sla_dag.py took 0.056 seconds
[2026-05-09T11:47:57.383+0000] {processor.py:161} INFO - Started process (PID=24786) to work on /home/vscode/.local/lib/python3.11/site-packages/airflow/example_dags/example_sla_dag.py
[2026-05-09T11:47:57.384+0000] {processor.py:830} INFO - Processing file /home/vscode/.local/lib/python3.11/site-packages/airflow/example_dags/example_sla_dag.py for tasks to queue
[2026-05-09T11:47:57.384+0000] {logging_mixin.py:188} INFO - [2026-05-09T11:47:57.384+0000] {dagbag.py:545} INFO - Filling up the DagBag from /home/vscode/.local/lib/python3.11/site-packages/airflow/example_dags/example_sla_dag.py
[2026-05-09T11:47:57.391+0000] {processor.py:840} INFO - DAG(s) 'example_sla_dag' retrieved from /home/vscode/.local/lib/python3.11/site-packages/airflow/example_dags/example_sla_dag.py
[2026-05-09T11:47:57.402+0000] {logging_mixin.py:188} INFO - [2026-05-09T11:47:57.402+0000] {dag.py:3096} INFO - Sync 1 DAGs
[2026-05-09T11:47:57.418+0000] {logging_mixin.py:188} INFO - [2026-05-09T11:47:57.417+0000] {dag.py:3954} INFO - Setting next_dagrun for example_sla_dag to 2026-05-09 11:44:00+00:00, run_after=2026-05-09 11:46:00+00:00
[2026-05-09T11:47:57.432+0000] {processor.py:183} INFO - Processing /home/vscode/.local/lib/python3.11/site-packages/airflow/example_dags/example_sla_dag.py took 0.056 seconds
[2026-05-09T11:48:41.321+0000] {processor.py:161} INFO - Started process (PID=25227) to work on /home/vscode/.local/lib/python3.11/site-packages/airflow/example_dags/example_sla_dag.py
[2026-05-09T11:48:41.322+0000] {processor.py:830} INFO - Processing file /home/vscode/.local/lib/python3.11/site-packages/airflow/example_dags/example_sla_dag.py for tasks to queue
[2026-05-09T11:48:41.322+0000] {logging_mixin.py:188} INFO - [2026-05-09T11:48:41.322+0000] {dagbag.py:545} INFO - Filling up the DagBag from /home/vscode/.local/lib/python3.11/site-packages/airflow/example_dags/example_sla_dag.py
[2026-05-09T11:48:41.329+0000] {processor.py:840} INFO - DAG(s) 'example_sla_dag' retrieved from /home/vscode/.local/lib/python3.11/site-packages/airflow/example_dags/example_sla_dag.py
[2026-05-09T11:48:41.339+0000] {logging_mixin.py:188} INFO - [2026-05-09T11:48:41.339+0000] {dag.py:3096} INFO - Sync 1 DAGs
[2026-05-09T11:48:41.355+0000] {logging_mixin.py:188} INFO - [2026-05-09T11:48:41.355+0000] {dag.py:3954} INFO - Setting next_dagrun for example_sla_dag to 2026-05-09 11:46:00+00:00, run_after=2026-05-09 11:48:00+00:00
[2026-05-09T11:48:41.371+0000] {processor.py:183} INFO - Processing /home/vscode/.local/lib/python3.11/site-packages/airflow/example_dags/example_sla_dag.py took 0.056 seconds
[2026-05-09T11:49:41.882+0000] {processor.py:161} INFO - Started process (PID=25797) to work on /home/vscode/.local/lib/python3.11/site-packages/airflow/example_dags/example_sla_dag.py
[2026-05-09T11:49:41.882+0000] {processor.py:830} INFO - Processing file /home/vscode/.local/lib/python3.11/site-packages/airflow/example_dags/example_sla_dag.py for tasks to queue
[2026-05-09T11:49:41.883+0000] {logging_mixin.py:188} INFO - [2026-05-09T11:49:41.883+0000] {dagbag.py:545} INFO - Filling up the DagBag from /home/vscode/.local/lib/python3.11/site-packages/airflow/example_dags/example_sla_dag.py
[2026-05-09T11:49:41.889+0000] {processor.py:840} INFO - DAG(s) 'example_sla_dag' retrieved from /home/vscode/.local/lib/python3.11/site-packages/airflow/example_dags/example_sla_dag.py
[2026-05-09T11:49:41.900+0000] {logging_mixin.py:188} INFO - [2026-05-09T11:49:41.900+0000] {dag.py:3096} INFO - Sync 1 DAGs
[2026-05-09T11:49:41.916+0000] {logging_mixin.py:188} INFO - [2026-05-09T11:49:41.916+0000] {dag.py:3954} INFO - Setting next_dagrun for example_sla_dag to 2026-05-09 11:46:00+00:00, run_after=2026-05-09 11:48:00+00:00
[2026-05-09T11:49:41.931+0000] {processor.py:183} INFO - Processing /home/vscode/.local/lib/python3.11/site-packages/airflow/example_dags/example_sla_dag.py took 0.055 seconds
[2026-05-09T11:50:25.803+0000] {processor.py:161} INFO - Started process (PID=26177) to work on /home/vscode/.local/lib/python3.11/site-packages/airflow/example_dags/example_sla_dag.py
[2026-05-09T11:50:25.804+0000] {processor.py:830} INFO - Processing file /home/vscode/.local/lib/python3.11/site-packages/airflow/example_dags/example_sla_dag.py for tasks to queue
[2026-05-09T11:50:25.804+0000] {logging_mixin.py:188} INFO - [2026-05-09T11:50:25.804+0000] {dagbag.py:545} INFO - Filling up the DagBag from /home/vscode/.local/lib/python3.11/site-packages/airflow/example_dags/example_sla_dag.py
[2026-05-09T11:50:25.810+0000] {processor.py:840} INFO - DAG(s) 'example_sla_dag' retrieved from /home/vscode/.local/lib/python3.11/site-packages/airflow/example_dags/example_sla_dag.py
[2026-05-09T11:50:25.821+0000] {logging_mixin.py:188} INFO - [2026-05-09T11:50:25.821+0000] {dag.py:3096} INFO - Sync 1 DAGs
[2026-05-09T11:50:25.837+0000] {logging_mixin.py:188} INFO - [2026-05-09T11:50:25.837+0000] {dag.py:3954} INFO - Setting next_dagrun for example_sla_dag to 2026-05-09 11:48:00+00:00, run_after=2026-05-09 11:50:00+00:00
[2026-05-09T11:50:25.852+0000] {processor.py:183} INFO - Processing /home/vscode/.local/lib/python3.11/site-packages/airflow/example_dags/example_sla_dag.py took 0.056 seconds
[2026-05-09T11:51:08.057+0000] {processor.py:161} INFO - Started process (PID=26740) to work on /home/vscode/.local/lib/python3.11/site-packages/airflow/example_dags/example_sla_dag.py
[2026-05-09T11:51:08.057+0000] {processor.py:830} INFO - Processing file /home/vscode/.local/lib/python3.11/site-packages/airflow/example_dags/example_sla_dag.py for tasks to queue
[2026-05-09T11:51:08.058+0000] {logging_mixin.py:188} INFO - [2026-05-09T11:51:08.058+0000] {dagbag.py:545} INFO - Filling up the DagBag from /home/vscode/.local/lib/python3.11/site-packages/airflow/example_dags/example_sla_dag.py
[2026-05-09T11:51:08.064+0000] {processor.py:840} INFO - DAG(s) 'example_sla_dag' retrieved from /home/vscode/.local/lib/python3.11/site-packages/airflow/example_dags/example_sla_dag.py
[2026-05-09T11:51:08.075+0000] {logging_mixin.py:188} INFO - [2026-05-09T11:51:08.075+0000] {dag.py:3096} INFO - Sync 1 DAGs
[2026-05-09T11:51:08.092+0000] {logging_mixin.py:188} INFO - [2026-05-09T11:51:08.091+0000] {dag.py:3954} INFO - Setting next_dagrun for example_sla_dag to 2026-05-09 11:48:00+00:00, run_after=2026-05-09 11:50:00+00:00
[2026-05-09T11:51:08.106+0000] {processor.py:183} INFO - Processing /home/vscode/.local/lib/python3.11/site-packages/airflow/example_dags/example_sla_dag.py took 0.056 seconds
[2026-05-09T11:51:50.350+0000] {processor.py:161} INFO - Started process (PID=27171) to work on /home/vscode/.local/lib/python3.11/site-packages/airflow/example_dags/example_sla_dag.py
[2026-05-09T11:51:50.350+0000] {processor.py:830} INFO - Processing file /home/vscode/.local/lib/python3.11/site-packages/airflow/example_dags/example_sla_dag.py for tasks to queue
[2026-05-09T11:51:50.351+0000] {logging_mixin.py:188} INFO - [2026-05-09T11:51:50.350+0000] {dagbag.py:545} INFO - Filling up the DagBag from /home/vscode/.local/lib/python3.11/site-packages/airflow/example_dags/example_sla_dag.py
[2026-05-09T11:51:50.357+0000] {processor.py:840} INFO - DAG(s) 'example_sla_dag' retrieved from /home/vscode/.local/lib/python3.11/site-packages/airflow/example_dags/example_sla_dag.py
[2026-05-09T11:51:50.368+0000] {logging_mixin.py:188} INFO - [2026-05-09T11:51:50.368+0000] {dag.py:3096} INFO - Sync 1 DAGs
[2026-05-09T11:51:50.384+0000] {logging_mixin.py:188} INFO - [2026-05-09T11:51:50.384+0000] {dag.py:3954} INFO - Setting next_dagrun for example_sla_dag to 2026-05-09 11:48:00+00:00, run_after=2026-05-09 11:50:00+00:00
[2026-05-09T11:51:50.401+0000] {processor.py:183} INFO - Processing /home/vscode/.local/lib/python3.11/site-packages/airflow/example_dags/example_sla_dag.py took 0.057 seconds
[2026-05-09T11:52:31.963+0000] {processor.py:161} INFO - Started process (PID=27503) to work on /home/vscode/.local/lib/python3.11/site-packages/airflow/example_dags/example_sla_dag.py
[2026-05-09T11:52:31.964+0000] {processor.py:830} INFO - Processing file /home/vscode/.local/lib/python3.11/site-packages/airflow/example_dags/example_sla_dag.py for tasks to queue
[2026-05-09T11:52:31.964+0000] {logging_mixin.py:188} INFO - [2026-05-09T11:52:31.964+0000] {dagbag.py:545} INFO - Filling up the DagBag from /home/vscode/.local/lib/python3.11/site-packages/airflow/example_dags/example_sla_dag.py
[2026-05-09T11:52:31.970+0000] {processor.py:840} INFO - DAG(s) 'example_sla_dag' retrieved from /home/vscode/.local/lib/python3.11/site-packages/airflow/example_dags/example_sla_dag.py
[2026-05-09T11:52:31.981+0000] {logging_mixin.py:188} INFO - [2026-05-09T11:52:31.981+0000] {dag.py:3096} INFO - Sync 1 DAGs
[2026-05-09T11:52:31.996+0000] {logging_mixin.py:188} INFO - [2026-05-09T11:52:31.996+0000] {dag.py:3954} INFO - Setting next_dagrun for example_sla_dag to 2026-05-09 11:50:00+00:00, run_after=2026-05-09 11:52:00+00:00
[2026-05-09T11:52:32.012+0000] {processor.py:183} INFO - Processing /home/vscode/.local/lib/python3.11/site-packages/airflow/example_dags/example_sla_dag.py took 0.055 seconds
[2026-05-09T11:53:30.384+0000] {processor.py:161} INFO - Started process (PID=27958) to work on /home/vscode/.local/lib/python3.11/site-packages/airflow/example_dags/example_sla_dag.py
[2026-05-09T11:53:30.384+0000] {processor.py:830} INFO - Processing file /home/vscode/.local/lib/python3.11/site-packages/airflow/example_dags/example_sla_dag.py for tasks to queue
[2026-05-09T11:53:30.385+0000] {logging_mixin.py:188} INFO - [2026-05-09T11:53:30.384+0000] {dagbag.py:545} INFO - Filling up the DagBag from /home/vscode/.local/lib/python3.11/site-packages/airflow/example_dags/example_sla_dag.py
[2026-05-09T11:53:30.391+0000] {processor.py:840} INFO - DAG(s) 'example_sla_dag' retrieved from /home/vscode/.local/lib/python3.11/site-packages/airflow/example_dags/example_sla_dag.py
[2026-05-09T11:53:30.402+0000] {logging_mixin.py:188} INFO - [2026-05-09T11:53:30.402+0000] {dag.py:3096} INFO - Sync 1 DAGs
[2026-05-09T11:53:30.417+0000] {logging_mixin.py:188} INFO - [2026-05-09T11:53:30.417+0000] {dag.py:3954} INFO - Setting next_dagrun for example_sla_dag to 2026-05-09 11:50:00+00:00, run_after=2026-05-09 11:52:00+00:00
[2026-05-09T11:53:30.432+0000] {processor.py:183} INFO - Processing /home/vscode/.local/lib/python3.11/site-packages/airflow/example_dags/example_sla_dag.py took 0.054 seconds
[2026-05-09T11:54:10.868+0000] {processor.py:161} INFO - Started process (PID=28368) to work on /home/vscode/.local/lib/python3.11/site-packages/airflow/example_dags/example_sla_dag.py
[2026-05-09T11:54:10.869+0000] {processor.py:830} INFO - Processing file /home/vscode/.local/lib/python3.11/site-packages/airflow/example_dags/example_sla_dag.py for tasks to queue
[2026-05-09T11:54:10.869+0000] {logging_mixin.py:188} INFO - [2026-05-09T11:54:10.869+0000] {dagbag.py:545} INFO - Filling up the DagBag from /home/vscode/.local/lib/python3.11/site-packages/airflow/example_dags/example_sla_dag.py
[2026-05-09T11:54:10.876+0000] {processor.py:840} INFO - DAG(s) 'example_sla_dag' retrieved from /home/vscode/.local/lib/python3.11/site-packages/airflow/example_dags/example_sla_dag.py
[2026-05-09T11:54:10.887+0000] {logging_mixin.py:188} INFO - [2026-05-09T11:54:10.887+0000] {dag.py:3096} INFO - Sync 1 DAGs
[2026-05-09T11:54:10.903+0000] {logging_mixin.py:188} INFO - [2026-05-09T11:54:10.903+0000] {dag.py:3954} INFO - Setting next_dagrun for example_sla_dag to 2026-05-09 11:52:00+00:00, run_after=2026-05-09 11:54:00+00:00
[2026-05-09T11:54:10.918+0000] {processor.py:183} INFO - Processing /home/vscode/.local/lib/python3.11/site-packages/airflow/example_dags/example_sla_dag.py took 0.056 seconds
[2026-05-09T11:54:52.282+0000] {processor.py:161} INFO - Started process (PID=28724) to work on /home/vscode/.local/lib/python3.11/site-packages/airflow/example_dags/example_sla_dag.py
[2026-05-09T11:54:52.282+0000] {processor.py:830} INFO - Processing file /home/vscode/.local/lib/python3.11/site-packages/airflow/example_dags/example_sla_dag.py for tasks to queue
[2026-05-09T11:54:52.283+0000] {logging_mixin.py:188} INFO - [2026-05-09T11:54:52.282+0000] {dagbag.py:545} INFO - Filling up the DagBag from /home/vscode/.local/lib/python3.11/site-packages/airflow/example_dags/example_sla_dag.py
[2026-05-09T11:54:52.289+0000] {processor.py:840} INFO - DAG(s) 'example_sla_dag' retrieved from /home/vscode/.local/lib/python3.11/site-packages/airflow/example_dags/example_sla_dag.py
[2026-05-09T11:54:52.300+0000] {logging_mixin.py:188} INFO - [2026-05-09T11:54:52.300+0000] {dag.py:3096} INFO - Sync 1 DAGs
[2026-05-09T11:54:52.316+0000] {logging_mixin.py:188} INFO - [2026-05-09T11:54:52.316+0000] {dag.py:3954} INFO - Setting next_dagrun for example_sla_dag to 2026-05-09 11:52:00+00:00, run_after=2026-05-09 11:54:00+00:00
[2026-05-09T11:54:52.331+0000] {processor.py:183} INFO - Processing /home/vscode/.local/lib/python3.11/site-packages/airflow/example_dags/example_sla_dag.py took 0.056 seconds
[2026-05-09T11:55:33.461+0000] {processor.py:161} INFO - Started process (PID=29032) to work on /home/vscode/.local/lib/python3.11/site-packages/airflow/example_dags/example_sla_dag.py
[2026-05-09T11:55:33.465+0000] {processor.py:830} INFO - Processing file /home/vscode/.local/lib/python3.11/site-packages/airflow/example_dags/example_sla_dag.py for tasks to queue
[2026-05-09T11:55:33.466+0000] {logging_mixin.py:188} INFO - [2026-05-09T11:55:33.465+0000] {dagbag.py:545} INFO - Filling up the DagBag from /home/vscode/.local/lib/python3.11/site-packages/airflow/example_dags/example_sla_dag.py
[2026-05-09T11:55:33.484+0000] {processor.py:840} INFO - DAG(s) 'example_sla_dag' retrieved from /home/vscode/.local/lib/python3.11/site-packages/airflow/example_dags/example_sla_dag.py
[2026-05-09T11:55:33.495+0000] {logging_mixin.py:188} INFO - [2026-05-09T11:55:33.495+0000] {dag.py:3096} INFO - Sync 1 DAGs
[2026-05-09T11:55:33.511+0000] {logging_mixin.py:188} INFO - [2026-05-09T11:55:33.511+0000] {dag.py:3954} INFO - Setting next_dagrun for example_sla_dag to 2026-05-09 11:52:00+00:00, run_after=2026-05-09 11:54:00+00:00
[2026-05-09T11:55:33.526+0000] {processor.py:183} INFO - Processing /home/vscode/.local/lib/python3.11/site-packages/airflow/example_dags/example_sla_dag.py took 0.078 seconds
[2026-05-09T11:56:15.810+0000] {processor.py:161} INFO - Started process (PID=29373) to work on /home/vscode/.local/lib/python3.11/site-packages/airflow/example_dags/example_sla_dag.py
[2026-05-09T11:56:15.812+0000] {processor.py:830} INFO - Processing file /home/vscode/.local/lib/python3.11/site-packages/airflow/example_dags/example_sla_dag.py for tasks to queue
[2026-05-09T11:56:15.813+0000] {logging_mixin.py:188} INFO - [2026-05-09T11:56:15.813+0000] {dagbag.py:545} INFO - Filling up the DagBag from /home/vscode/.local/lib/python3.11/site-packages/airflow/example_dags/example_sla_dag.py
[2026-05-09T11:56:15.821+0000] {processor.py:840} INFO - DAG(s) 'example_sla_dag' retrieved from /home/vscode/.local/lib/python3.11/site-packages/airflow/example_dags/example_sla_dag.py
[2026-05-09T11:56:15.843+0000] {logging_mixin.py:188} INFO - [2026-05-09T11:56:15.843+0000] {dag.py:3096} INFO - Sync 1 DAGs
[2026-05-09T11:56:15.861+0000] {logging_mixin.py:188} INFO - [2026-05-09T11:56:15.860+0000] {dag.py:3954} INFO - Setting next_dagrun for example_sla_dag to 2026-05-09 11:54:00+00:00, run_after=2026-05-09 11:56:00+00:00
[2026-05-09T11:56:15.877+0000] {processor.py:183} INFO - Processing /home/vscode/.local/lib/python3.11/site-packages/airflow/example_dags/example_sla_dag.py took 0.089 seconds
[2026-05-09T11:57:15.453+0000] {processor.py:161} INFO - Started process (PID=29890) to work on /home/vscode/.local/lib/python3.11/site-packages/airflow/example_dags/example_sla_dag.py
[2026-05-09T11:57:15.453+0000] {processor.py:830} INFO - Processing file /home/vscode/.local/lib/python3.11/site-packages/airflow/example_dags/example_sla_dag.py for tasks to queue
[2026-05-09T11:57:15.454+0000] {logging_mixin.py:188} INFO - [2026-05-09T11:57:15.453+0000] {dagbag.py:545} INFO - Filling up the DagBag from /home/vscode/.local/lib/python3.11/site-packages/airflow/example_dags/example_sla_dag.py
[2026-05-09T11:57:15.460+0000] {processor.py:840} INFO - DAG(s) 'example_sla_dag' retrieved from /home/vscode/.local/lib/python3.11/site-packages/airflow/example_dags/example_sla_dag.py
[2026-05-09T11:57:15.470+0000] {logging_mixin.py:188} INFO - [2026-05-09T11:57:15.470+0000] {dag.py:3096} INFO - Sync 1 DAGs
[2026-05-09T11:57:15.486+0000] {logging_mixin.py:188} INFO - [2026-05-09T11:57:15.486+0000] {dag.py:3954} INFO - Setting next_dagrun for example_sla_dag to 2026-05-09 11:54:00+00:00, run_after=2026-05-09 11:56:00+00:00
[2026-05-09T11:57:15.504+0000] {processor.py:183} INFO - Processing /home/vscode/.local/lib/python3.11/site-packages/airflow/example_dags/example_sla_dag.py took 0.058 seconds
[2026-05-09T11:57:58.789+0000] {processor.py:161} INFO - Started process (PID=30250) to work on /home/vscode/.local/lib/python3.11/site-packages/airflow/example_dags/example_sla_dag.py
[2026-05-09T11:57:58.789+0000] {processor.py:830} INFO - Processing file /home/vscode/.local/lib/python3.11/site-packages/airflow/example_dags/example_sla_dag.py for tasks to queue
[2026-05-09T11:57:58.790+0000] {logging_mixin.py:188} INFO - [2026-05-09T11:57:58.790+0000] {dagbag.py:545} INFO - Filling up the DagBag from /home/vscode/.local/lib/python3.11/site-packages/airflow/example_dags/example_sla_dag.py
[2026-05-09T11:57:58.796+0000] {processor.py:840} INFO - DAG(s) 'example_sla_dag' retrieved from /home/vscode/.local/lib/python3.11/site-packages/airflow/example_dags/example_sla_dag.py
[2026-05-09T11:57:58.808+0000] {logging_mixin.py:188} INFO - [2026-05-09T11:57:58.808+0000] {dag.py:3096} INFO - Sync 1 DAGs
[2026-05-09T11:57:58.824+0000] {logging_mixin.py:188} INFO - [2026-05-09T11:57:58.824+0000] {dag.py:3954} INFO - Setting next_dagrun for example_sla_dag to 2026-05-09 11:54:00+00:00, run_after=2026-05-09 11:56:00+00:00
[2026-05-09T11:57:58.839+0000] {processor.py:183} INFO - Processing /home/vscode/.local/lib/python3.11/site-packages/airflow/example_dags/example_sla_dag.py took 0.059 seconds
[2026-05-09T11:58:41.140+0000] {processor.py:161} INFO - Started process (PID=30614) to work on /home/vscode/.local/lib/python3.11/site-packages/airflow/example_dags/example_sla_dag.py
[2026-05-09T11:58:41.140+0000] {processor.py:830} INFO - Processing file /home/vscode/.local/lib/python3.11/site-packages/airflow/example_dags/example_sla_dag.py for tasks to queue
[2026-05-09T11:58:41.141+0000] {logging_mixin.py:188} INFO - [2026-05-09T11:58:41.141+0000] {dagbag.py:545} INFO - Filling up the DagBag from /home/vscode/.local/lib/python3.11/site-packages/airflow/example_dags/example_sla_dag.py
[2026-05-09T11:58:41.147+0000] {processor.py:840} INFO - DAG(s) 'example_sla_dag' retrieved from /home/vscode/.local/lib/python3.11/site-packages/airflow/example_dags/example_sla_dag.py
[2026-05-09T11:58:41.158+0000] {logging_mixin.py:188} INFO - [2026-05-09T11:58:41.158+0000] {dag.py:3096} INFO - Sync 1 DAGs
[2026-05-09T11:58:41.175+0000] {logging_mixin.py:188} INFO - [2026-05-09T11:58:41.175+0000] {dag.py:3954} INFO - Setting next_dagrun for example_sla_dag to 2026-05-09 11:56:00+00:00, run_after=2026-05-09 11:58:00+00:00
[2026-05-09T11:58:41.190+0000] {processor.py:183} INFO - Processing /home/vscode/.local/lib/python3.11/site-packages/airflow/example_dags/example_sla_dag.py took 0.057 seconds
[2026-05-09T11:59:24.133+0000] {processor.py:161} INFO - Started process (PID=30919) to work on /home/vscode/.local/lib/python3.11/site-packages/airflow/example_dags/example_sla_dag.py
[2026-05-09T11:59:24.133+0000] {processor.py:830} INFO - Processing file /home/vscode/.local/lib/python3.11/site-packages/airflow/example_dags/example_sla_dag.py for tasks to queue
[2026-05-09T11:59:24.134+0000] {logging_mixin.py:188} INFO - [2026-05-09T11:59:24.133+0000] {dagbag.py:545} INFO - Filling up the DagBag from /home/vscode/.local/lib/python3.11/site-packages/airflow/example_dags/example_sla_dag.py
[2026-05-09T11:59:24.140+0000] {processor.py:840} INFO - DAG(s) 'example_sla_dag' retrieved from /home/vscode/.local/lib/python3.11/site-packages/airflow/example_dags/example_sla_dag.py
[2026-05-09T11:59:24.151+0000] {logging_mixin.py:188} INFO - [2026-05-09T11:59:24.151+0000] {dag.py:3096} INFO - Sync 1 DAGs
[2026-05-09T11:59:24.167+0000] {logging_mixin.py:188} INFO - [2026-05-09T11:59:24.167+0000] {dag.py:3954} INFO - Setting next_dagrun for example_sla_dag to 2026-05-09 11:56:00+00:00, run_after=2026-05-09 11:58:00+00:00
[2026-05-09T11:59:24.182+0000] {processor.py:183} INFO - Processing /home/vscode/.local/lib/python3.11/site-packages/airflow/example_dags/example_sla_dag.py took 0.056 seconds
[2026-05-09T12:00:05.283+0000] {processor.py:161} INFO - Started process (PID=31264) to work on /home/vscode/.local/lib/python3.11/site-packages/airflow/example_dags/example_sla_dag.py
[2026-05-09T12:00:05.283+0000] {processor.py:830} INFO - Processing file /home/vscode/.local/lib/python3.11/site-packages/airflow/example_dags/example_sla_dag.py for tasks to queue
[2026-05-09T12:00:05.284+0000] {logging_mixin.py:188} INFO - [2026-05-09T12:00:05.284+0000] {dagbag.py:545} INFO - Filling up the DagBag from /home/vscode/.local/lib/python3.11/site-packages/airflow/example_dags/example_sla_dag.py
[2026-05-09T12:00:05.290+0000] {processor.py:840} INFO - DAG(s) 'example_sla_dag' retrieved from /home/vscode/.local/lib/python3.11/site-packages/airflow/example_dags/example_sla_dag.py
[2026-05-09T12:00:05.301+0000] {logging_mixin.py:188} INFO - [2026-05-09T12:00:05.301+0000] {dag.py:3096} INFO - Sync 1 DAGs
[2026-05-09T12:00:05.317+0000] {logging_mixin.py:188} INFO - [2026-05-09T12:00:05.317+0000] {dag.py:3954} INFO - Setting next_dagrun for example_sla_dag to 2026-05-09 11:58:00+00:00, run_after=2026-05-09 12:00:00+00:00
[2026-05-09T12:00:05.332+0000] {processor.py:183} INFO - Processing /home/vscode/.local/lib/python3.11/site-packages/airflow/example_dags/example_sla_dag.py took 0.055 seconds
[2026-05-09T12:00:44.932+0000] {processor.py:161} INFO - Started process (PID=31612) to work on /home/vscode/.local/lib/python3.11/site-packages/airflow/example_dags/example_sla_dag.py
[2026-05-09T12:00:44.932+0000] {processor.py:830} INFO - Processing file /home/vscode/.local/lib/python3.11/site-packages/airflow/example_dags/example_sla_dag.py for tasks to queue
[2026-05-09T12:00:44.933+0000] {logging_mixin.py:188} INFO - [2026-05-09T12:00:44.933+0000] {dagbag.py:545} INFO - Filling up the DagBag from /home/vscode/.local/lib/python3.11/site-packages/airflow/example_dags/example_sla_dag.py
[2026-05-09T12:00:44.939+0000] {processor.py:840} INFO - DAG(s) 'example_sla_dag' retrieved from /home/vscode/.local/lib/python3.11/site-packages/airflow/example_dags/example_sla_dag.py
[2026-05-09T12:00:44.950+0000] {logging_mixin.py:188} INFO - [2026-05-09T12:00:44.949+0000] {dag.py:3096} INFO - Sync 1 DAGs
[2026-05-09T12:00:44.971+0000] {logging_mixin.py:188} INFO - [2026-05-09T12:00:44.971+0000] {dag.py:3954} INFO - Setting next_dagrun for example_sla_dag to 2026-05-09 11:58:00+00:00, run_after=2026-05-09 12:00:00+00:00
[2026-05-09T12:00:44.985+0000] {processor.py:183} INFO - Processing /home/vscode/.local/lib/python3.11/site-packages/airflow/example_dags/example_sla_dag.py took 0.060 seconds
[2026-05-09T12:01:28.607+0000] {processor.py:161} INFO - Started process (PID=31916) to work on /home/vscode/.local/lib/python3.11/site-packages/airflow/example_dags/example_sla_dag.py
[2026-05-09T12:01:28.607+0000] {processor.py:830} INFO - Processing file /home/vscode/.local/lib/python3.11/site-packages/airflow/example_dags/example_sla_dag.py for tasks to queue
[2026-05-09T12:01:28.608+0000] {logging_mixin.py:188} INFO - [2026-05-09T12:01:28.607+0000] {dagbag.py:545} INFO - Filling up the DagBag from /home/vscode/.local/lib/python3.11/site-packages/airflow/example_dags/example_sla_dag.py
[2026-05-09T12:01:28.614+0000] {processor.py:840} INFO - DAG(s) 'example_sla_dag' retrieved from /home/vscode/.local/lib/python3.11/site-packages/airflow/example_dags/example_sla_dag.py
[2026-05-09T12:01:28.625+0000] {logging_mixin.py:188} INFO - [2026-05-09T12:01:28.625+0000] {dag.py:3096} INFO - Sync 1 DAGs
[2026-05-09T12:01:28.641+0000] {logging_mixin.py:188} INFO - [2026-05-09T12:01:28.641+0000] {dag.py:3954} INFO - Setting next_dagrun for example_sla_dag to 2026-05-09 11:58:00+00:00, run_after=2026-05-09 12:00:00+00:00
[2026-05-09T12:01:28.656+0000] {processor.py:183} INFO - Processing /home/vscode/.local/lib/python3.11/site-packages/airflow/example_dags/example_sla_dag.py took 0.056 seconds
[2026-05-09T12:02:11.176+0000] {processor.py:161} INFO - Started process (PID=32282) to work on /home/vscode/.local/lib/python3.11/site-packages/airflow/example_dags/example_sla_dag.py
[2026-05-09T12:02:11.177+0000] {processor.py:830} INFO - Processing file /home/vscode/.local/lib/python3.11/site-packages/airflow/example_dags/example_sla_dag.py for tasks to queue
[2026-05-09T12:02:11.177+0000] {logging_mixin.py:188} INFO - [2026-05-09T12:02:11.177+0000] {dagbag.py:545} INFO - Filling up the DagBag from /home/vscode/.local/lib/python3.11/site-packages/airflow/example_dags/example_sla_dag.py
[2026-05-09T12:02:11.184+0000] {processor.py:840} INFO - DAG(s) 'example_sla_dag' retrieved from /home/vscode/.local/lib/python3.11/site-packages/airflow/example_dags/example_sla_dag.py
[2026-05-09T12:02:11.195+0000] {logging_mixin.py:188} INFO - [2026-05-09T12:02:11.195+0000] {dag.py:3096} INFO - Sync 1 DAGs
[2026-05-09T12:02:11.212+0000] {logging_mixin.py:188} INFO - [2026-05-09T12:02:11.212+0000] {dag.py:3954} INFO - Setting next_dagrun for example_sla_dag to 2026-05-09 12:00:00+00:00, run_after=2026-05-09 12:02:00+00:00
[2026-05-09T12:02:11.229+0000] {processor.py:183} INFO - Processing /home/vscode/.local/lib/python3.11/site-packages/airflow/example_dags/example_sla_dag.py took 0.059 seconds
[2026-05-09T12:02:53.302+0000] {processor.py:161} INFO - Started process (PID=32638) to work on /home/vscode/.local/lib/python3.11/site-packages/airflow/example_dags/example_sla_dag.py
[2026-05-09T12:02:53.303+0000] {processor.py:830} INFO - Processing file /home/vscode/.local/lib/python3.11/site-packages/airflow/example_dags/example_sla_dag.py for tasks to queue
[2026-05-09T12:02:53.303+0000] {logging_mixin.py:188} INFO - [2026-05-09T12:02:53.303+0000] {dagbag.py:545} INFO - Filling up the DagBag from /home/vscode/.local/lib/python3.11/site-packages/airflow/example_dags/example_sla_dag.py
[2026-05-09T12:02:53.310+0000] {processor.py:840} INFO - DAG(s) 'example_sla_dag' retrieved from /home/vscode/.local/lib/python3.11/site-packages/airflow/example_dags/example_sla_dag.py
[2026-05-09T12:02:53.322+0000] {logging_mixin.py:188} INFO - [2026-05-09T12:02:53.322+0000] {dag.py:3096} INFO - Sync 1 DAGs
[2026-05-09T12:02:53.340+0000] {logging_mixin.py:188} INFO - [2026-05-09T12:02:53.339+0000] {dag.py:3954} INFO - Setting next_dagrun for example_sla_dag to 2026-05-09 12:00:00+00:00, run_after=2026-05-09 12:02:00+00:00
[2026-05-09T12:02:53.355+0000] {processor.py:183} INFO - Processing /home/vscode/.local/lib/python3.11/site-packages/airflow/example_dags/example_sla_dag.py took 0.060 seconds
[2026-05-09T12:03:34.537+0000] {processor.py:161} INFO - Started process (PID=32995) to work on /home/vscode/.local/lib/python3.11/site-packages/airflow/example_dags/example_sla_dag.py
[2026-05-09T12:03:34.537+0000] {processor.py:830} INFO - Processing file /home/vscode/.local/lib/python3.11/site-packages/airflow/example_dags/example_sla_dag.py for tasks to queue
[2026-05-09T12:03:34.538+0000] {logging_mixin.py:188} INFO - [2026-05-09T12:03:34.537+0000] {dagbag.py:545} INFO - Filling up the DagBag from /home/vscode/.local/lib/python3.11/site-packages/airflow/example_dags/example_sla_dag.py
[2026-05-09T12:03:34.544+0000] {processor.py:840} INFO - DAG(s) 'example_sla_dag' retrieved from /home/vscode/.local/lib/python3.11/site-packages/airflow/example_dags/example_sla_dag.py
[2026-05-09T12:03:34.556+0000] {logging_mixin.py:188} INFO - [2026-05-09T12:03:34.556+0000] {dag.py:3096} INFO - Sync 1 DAGs
[2026-05-09T12:03:34.571+0000] {logging_mixin.py:188} INFO - [2026-05-09T12:03:34.571+0000] {dag.py:3954} INFO - Setting next_dagrun for example_sla_dag to 2026-05-09 12:00:00+00:00, run_after=2026-05-09 12:02:00+00:00
[2026-05-09T12:03:34.586+0000] {processor.py:183} INFO - Processing /home/vscode/.local/lib/python3.11/site-packages/airflow/example_dags/example_sla_dag.py took 0.056 seconds
[2026-05-09T12:04:16.893+0000] {processor.py:161} INFO - Started process (PID=33347) to work on /home/vscode/.local/lib/python3.11/site-packages/airflow/example_dags/example_sla_dag.py
[2026-05-09T12:04:16.893+0000] {processor.py:830} INFO - Processing file /home/vscode/.local/lib/python3.11/site-packages/airflow/example_dags/example_sla_dag.py for tasks to queue
[2026-05-09T12:04:16.894+0000] {logging_mixin.py:188} INFO - [2026-05-09T12:04:16.894+0000] {dagbag.py:545} INFO - Filling up the DagBag from /home/vscode/.local/lib/python3.11/site-packages/airflow/example_dags/example_sla_dag.py
[2026-05-09T12:04:16.900+0000] {processor.py:840} INFO - DAG(s) 'example_sla_dag' retrieved from /home/vscode/.local/lib/python3.11/site-packages/airflow/example_dags/example_sla_dag.py
[2026-05-09T12:04:16.911+0000] {logging_mixin.py:188} INFO - [2026-05-09T12:04:16.911+0000] {dag.py:3096} INFO - Sync 1 DAGs
[2026-05-09T12:04:16.927+0000] {logging_mixin.py:188} INFO - [2026-05-09T12:04:16.927+0000] {dag.py:3954} INFO - Setting next_dagrun for example_sla_dag to 2026-05-09 12:02:00+00:00, run_after=2026-05-09 12:04:00+00:00
[2026-05-09T12:04:16.941+0000] {processor.py:183} INFO - Processing /home/vscode/.local/lib/python3.11/site-packages/airflow/example_dags/example_sla_dag.py took 0.055 seconds
[2026-05-09T12:04:59.104+0000] {processor.py:161} INFO - Started process (PID=33706) to work on /home/vscode/.local/lib/python3.11/site-packages/airflow/example_dags/example_sla_dag.py
[2026-05-09T12:04:59.104+0000] {processor.py:830} INFO - Processing file /home/vscode/.local/lib/python3.11/site-packages/airflow/example_dags/example_sla_dag.py for tasks to queue
[2026-05-09T12:04:59.105+0000] {logging_mixin.py:188} INFO - [2026-05-09T12:04:59.105+0000] {dagbag.py:545} INFO - Filling up the DagBag from /home/vscode/.local/lib/python3.11/site-packages/airflow/example_dags/example_sla_dag.py
[2026-05-09T12:04:59.112+0000] {processor.py:840} INFO - DAG(s) 'example_sla_dag' retrieved from /home/vscode/.local/lib/python3.11/site-packages/airflow/example_dags/example_sla_dag.py
[2026-05-09T12:04:59.123+0000] {logging_mixin.py:188} INFO - [2026-05-09T12:04:59.123+0000] {dag.py:3096} INFO - Sync 1 DAGs
[2026-05-09T12:04:59.144+0000] {logging_mixin.py:188} INFO - [2026-05-09T12:04:59.144+0000] {dag.py:3954} INFO - Setting next_dagrun for example_sla_dag to 2026-05-09 12:02:00+00:00, run_after=2026-05-09 12:04:00+00:00
[2026-05-09T12:04:59.160+0000] {processor.py:183} INFO - Processing /home/vscode/.local/lib/python3.11/site-packages/airflow/example_dags/example_sla_dag.py took 0.066 seconds
[2026-05-09T12:05:39.640+0000] {processor.py:161} INFO - Started process (PID=34056) to work on /home/vscode/.local/lib/python3.11/site-packages/airflow/example_dags/example_sla_dag.py
[2026-05-09T12:05:39.640+0000] {processor.py:830} INFO - Processing file /home/vscode/.local/lib/python3.11/site-packages/airflow/example_dags/example_sla_dag.py for tasks to queue
[2026-05-09T12:05:39.641+0000] {logging_mixin.py:188} INFO - [2026-05-09T12:05:39.641+0000] {dagbag.py:545} INFO - Filling up the DagBag from /home/vscode/.local/lib/python3.11/site-packages/airflow/example_dags/example_sla_dag.py
[2026-05-09T12:05:39.648+0000] {processor.py:840} INFO - DAG(s) 'example_sla_dag' retrieved from /home/vscode/.local/lib/python3.11/site-packages/airflow/example_dags/example_sla_dag.py
[2026-05-09T12:05:39.658+0000] {logging_mixin.py:188} INFO - [2026-05-09T12:05:39.658+0000] {dag.py:3096} INFO - Sync 1 DAGs
[2026-05-09T12:05:39.674+0000] {logging_mixin.py:188} INFO - [2026-05-09T12:05:39.674+0000] {dag.py:3954} INFO - Setting next_dagrun for example_sla_dag to 2026-05-09 12:02:00+00:00, run_after=2026-05-09 12:04:00+00:00
[2026-05-09T12:05:39.689+0000] {processor.py:183} INFO - Processing /home/vscode/.local/lib/python3.11/site-packages/airflow/example_dags/example_sla_dag.py took 0.057 seconds
[2026-05-09T12:06:22.545+0000] {processor.py:161} INFO - Started process (PID=34361) to work on /home/vscode/.local/lib/python3.11/site-packages/airflow/example_dags/example_sla_dag.py
[2026-05-09T12:06:22.546+0000] {processor.py:830} INFO - Processing file /home/vscode/.local/lib/python3.11/site-packages/airflow/example_dags/example_sla_dag.py for tasks to queue
[2026-05-09T12:06:22.546+0000] {logging_mixin.py:188} INFO - [2026-05-09T12:06:22.546+0000] {dagbag.py:545} INFO - Filling up the DagBag from /home/vscode/.local/lib/python3.11/site-packages/airflow/example_dags/example_sla_dag.py
[2026-05-09T12:06:22.552+0000] {processor.py:840} INFO - DAG(s) 'example_sla_dag' retrieved from /home/vscode/.local/lib/python3.11/site-packages/airflow/example_dags/example_sla_dag.py
[2026-05-09T12:06:22.564+0000] {logging_mixin.py:188} INFO - [2026-05-09T12:06:22.564+0000] {dag.py:3096} INFO - Sync 1 DAGs
[2026-05-09T12:06:22.580+0000] {logging_mixin.py:188} INFO - [2026-05-09T12:06:22.580+0000] {dag.py:3954} INFO - Setting next_dagrun for example_sla_dag to 2026-05-09 12:04:00+00:00, run_after=2026-05-09 12:06:00+00:00
[2026-05-09T12:06:22.596+0000] {processor.py:183} INFO - Processing /home/vscode/.local/lib/python3.11/site-packages/airflow/example_dags/example_sla_dag.py took 0.059 seconds
[2026-05-09T12:07:07.724+0000] {processor.py:161} INFO - Started process (PID=34730) to work on /home/vscode/.local/lib/python3.11/site-packages/airflow/example_dags/example_sla_dag.py
[2026-05-09T12:07:07.726+0000] {processor.py:830} INFO - Processing file /home/vscode/.local/lib/python3.11/site-packages/airflow/example_dags/example_sla_dag.py for tasks to queue
[2026-05-09T12:07:07.727+0000] {logging_mixin.py:188} INFO - [2026-05-09T12:07:07.726+0000] {dagbag.py:545} INFO - Filling up the DagBag from /home/vscode/.local/lib/python3.11/site-packages/airflow/example_dags/example_sla_dag.py
[2026-05-09T12:07:07.735+0000] {processor.py:840} INFO - DAG(s) 'example_sla_dag' retrieved from /home/vscode/.local/lib/python3.11/site-packages/airflow/example_dags/example_sla_dag.py
[2026-05-09T12:07:07.749+0000] {logging_mixin.py:188} INFO - [2026-05-09T12:07:07.749+0000] {dag.py:3096} INFO - Sync 1 DAGs
[2026-05-09T12:07:07.768+0000] {logging_mixin.py:188} INFO - [2026-05-09T12:07:07.767+0000] {dag.py:3954} INFO - Setting next_dagrun for example_sla_dag to 2026-05-09 12:04:00+00:00, run_after=2026-05-09 12:06:00+00:00
[2026-05-09T12:07:07.783+0000] {processor.py:183} INFO - Processing /home/vscode/.local/lib/python3.11/site-packages/airflow/example_dags/example_sla_dag.py took 0.065 seconds
[2026-05-09T12:07:50.484+0000] {processor.py:161} INFO - Started process (PID=35096) to work on /home/vscode/.local/lib/python3.11/site-packages/airflow/example_dags/example_sla_dag.py
[2026-05-09T12:07:50.484+0000] {processor.py:830} INFO - Processing file /home/vscode/.local/lib/python3.11/site-packages/airflow/example_dags/example_sla_dag.py for tasks to queue
[2026-05-09T12:07:50.485+0000] {logging_mixin.py:188} INFO - [2026-05-09T12:07:50.484+0000] {dagbag.py:545} INFO - Filling up the DagBag from /home/vscode/.local/lib/python3.11/site-packages/airflow/example_dags/example_sla_dag.py
[2026-05-09T12:07:50.491+0000] {processor.py:840} INFO - DAG(s) 'example_sla_dag' retrieved from /home/vscode/.local/lib/python3.11/site-packages/airflow/example_dags/example_sla_dag.py
[2026-05-09T12:07:50.502+0000] {logging_mixin.py:188} INFO - [2026-05-09T12:07:50.502+0000] {dag.py:3096} INFO - Sync 1 DAGs
[2026-05-09T12:07:50.518+0000] {logging_mixin.py:188} INFO - [2026-05-09T12:07:50.517+0000] {dag.py:3954} INFO - Setting next_dagrun for example_sla_dag to 2026-05-09 12:04:00+00:00, run_after=2026-05-09 12:06:00+00:00
[2026-05-09T12:07:50.534+0000] {processor.py:183} INFO - Processing /home/vscode/.local/lib/python3.11/site-packages/airflow/example_dags/example_sla_dag.py took 0.057 seconds
[2026-05-09T12:08:31.255+0000] {processor.py:161} INFO - Started process (PID=35384) to work on /home/vscode/.local/lib/python3.11/site-packages/airflow/example_dags/example_sla_dag.py
[2026-05-09T12:08:31.255+0000] {processor.py:830} INFO - Processing file /home/vscode/.local/lib/python3.11/site-packages/airflow/example_dags/example_sla_dag.py for tasks to queue
[2026-05-09T12:08:31.256+0000] {logging_mixin.py:188} INFO - [2026-05-09T12:08:31.256+0000] {dagbag.py:545} INFO - Filling up the DagBag from /home/vscode/.local/lib/python3.11/site-packages/airflow/example_dags/example_sla_dag.py
[2026-05-09T12:08:31.262+0000] {processor.py:840} INFO - DAG(s) 'example_sla_dag' retrieved from /home/vscode/.local/lib/python3.11/site-packages/airflow/example_dags/example_sla_dag.py
[2026-05-09T12:08:31.273+0000] {logging_mixin.py:188} INFO - [2026-05-09T12:08:31.273+0000] {dag.py:3096} INFO - Sync 1 DAGs
[2026-05-09T12:08:31.291+0000] {logging_mixin.py:188} INFO - [2026-05-09T12:08:31.291+0000] {dag.py:3954} INFO - Setting next_dagrun for example_sla_dag to 2026-05-09 12:06:00+00:00, run_after=2026-05-09 12:08:00+00:00
[2026-05-09T12:08:31.307+0000] {processor.py:183} INFO - Processing /home/vscode/.local/lib/python3.11/site-packages/airflow/example_dags/example_sla_dag.py took 0.058 seconds
[2026-05-09T12:09:12.646+0000] {processor.py:161} INFO - Started process (PID=35803) to work on /home/vscode/.local/lib/python3.11/site-packages/airflow/example_dags/example_sla_dag.py
[2026-05-09T12:09:12.647+0000] {processor.py:830} INFO - Processing file /home/vscode/.local/lib/python3.11/site-packages/airflow/example_dags/example_sla_dag.py for tasks to queue
[2026-05-09T12:09:12.647+0000] {logging_mixin.py:188} INFO - [2026-05-09T12:09:12.647+0000] {dagbag.py:545} INFO - Filling up the DagBag from /home/vscode/.local/lib/python3.11/site-packages/airflow/example_dags/example_sla_dag.py
[2026-05-09T12:09:12.654+0000] {processor.py:840} INFO - DAG(s) 'example_sla_dag' retrieved from /home/vscode/.local/lib/python3.11/site-packages/airflow/example_dags/example_sla_dag.py
[2026-05-09T12:09:12.665+0000] {logging_mixin.py:188} INFO - [2026-05-09T12:09:12.665+0000] {dag.py:3096} INFO - Sync 1 DAGs
[2026-05-09T12:09:12.682+0000] {logging_mixin.py:188} INFO - [2026-05-09T12:09:12.682+0000] {dag.py:3954} INFO - Setting next_dagrun for example_sla_dag to 2026-05-09 12:06:00+00:00, run_after=2026-05-09 12:08:00+00:00
[2026-05-09T12:09:12.697+0000] {processor.py:183} INFO - Processing /home/vscode/.local/lib/python3.11/site-packages/airflow/example_dags/example_sla_dag.py took 0.059 seconds
[2026-05-09T12:10:12.099+0000] {processor.py:161} INFO - Started process (PID=36251) to work on /home/vscode/.local/lib/python3.11/site-packages/airflow/example_dags/example_sla_dag.py
[2026-05-09T12:10:12.100+0000] {processor.py:830} INFO - Processing file /home/vscode/.local/lib/python3.11/site-packages/airflow/example_dags/example_sla_dag.py for tasks to queue
[2026-05-09T12:10:12.100+0000] {logging_mixin.py:188} INFO - [2026-05-09T12:10:12.100+0000] {dagbag.py:545} INFO - Filling up the DagBag from /home/vscode/.local/lib/python3.11/site-packages/airflow/example_dags/example_sla_dag.py
[2026-05-09T12:10:12.107+0000] {processor.py:840} INFO - DAG(s) 'example_sla_dag' retrieved from /home/vscode/.local/lib/python3.11/site-packages/airflow/example_dags/example_sla_dag.py
[2026-05-09T12:10:12.118+0000] {logging_mixin.py:188} INFO - [2026-05-09T12:10:12.118+0000] {dag.py:3096} INFO - Sync 1 DAGs
[2026-05-09T12:10:12.138+0000] {logging_mixin.py:188} INFO - [2026-05-09T12:10:12.138+0000] {dag.py:3954} INFO - Setting next_dagrun for example_sla_dag to 2026-05-09 12:08:00+00:00, run_after=2026-05-09 12:10:00+00:00
[2026-05-09T12:10:12.155+0000] {processor.py:183} INFO - Processing /home/vscode/.local/lib/python3.11/site-packages/airflow/example_dags/example_sla_dag.py took 0.062 seconds
[2026-05-09T12:10:54.378+0000] {processor.py:161} INFO - Started process (PID=36621) to work on /home/vscode/.local/lib/python3.11/site-packages/airflow/example_dags/example_sla_dag.py
[2026-05-09T12:10:54.379+0000] {processor.py:830} INFO - Processing file /home/vscode/.local/lib/python3.11/site-packages/airflow/example_dags/example_sla_dag.py for tasks to queue
[2026-05-09T12:10:54.379+0000] {logging_mixin.py:188} INFO - [2026-05-09T12:10:54.379+0000] {dagbag.py:545} INFO - Filling up the DagBag from /home/vscode/.local/lib/python3.11/site-packages/airflow/example_dags/example_sla_dag.py
[2026-05-09T12:10:54.385+0000] {processor.py:840} INFO - DAG(s) 'example_sla_dag' retrieved from /home/vscode/.local/lib/python3.11/site-packages/airflow/example_dags/example_sla_dag.py
[2026-05-09T12:10:54.396+0000] {logging_mixin.py:188} INFO - [2026-05-09T12:10:54.396+0000] {dag.py:3096} INFO - Sync 1 DAGs
[2026-05-09T12:10:54.412+0000] {logging_mixin.py:188} INFO - [2026-05-09T12:10:54.412+0000] {dag.py:3954} INFO - Setting next_dagrun for example_sla_dag to 2026-05-09 12:08:00+00:00, run_after=2026-05-09 12:10:00+00:00
[2026-05-09T12:10:54.429+0000] {processor.py:183} INFO - Processing /home/vscode/.local/lib/python3.11/site-packages/airflow/example_dags/example_sla_dag.py took 0.057 seconds
[2026-05-09T12:11:53.892+0000] {processor.py:161} INFO - Started process (PID=37136) to work on /home/vscode/.local/lib/python3.11/site-packages/airflow/example_dags/example_sla_dag.py
[2026-05-09T12:11:53.892+0000] {processor.py:830} INFO - Processing file /home/vscode/.local/lib/python3.11/site-packages/airflow/example_dags/example_sla_dag.py for tasks to queue
[2026-05-09T12:11:53.893+0000] {logging_mixin.py:188} INFO - [2026-05-09T12:11:53.893+0000] {dagbag.py:545} INFO - Filling up the DagBag from /home/vscode/.local/lib/python3.11/site-packages/airflow/example_dags/example_sla_dag.py
[2026-05-09T12:11:53.899+0000] {processor.py:840} INFO - DAG(s) 'example_sla_dag' retrieved from /home/vscode/.local/lib/python3.11/site-packages/airflow/example_dags/example_sla_dag.py
[2026-05-09T12:11:53.910+0000] {logging_mixin.py:188} INFO - [2026-05-09T12:11:53.910+0000] {dag.py:3096} INFO - Sync 1 DAGs
[2026-05-09T12:11:53.927+0000] {logging_mixin.py:188} INFO - [2026-05-09T12:11:53.927+0000] {dag.py:3954} INFO - Setting next_dagrun for example_sla_dag to 2026-05-09 12:08:00+00:00, run_after=2026-05-09 12:10:00+00:00
[2026-05-09T12:11:53.944+0000] {processor.py:183} INFO - Processing /home/vscode/.local/lib/python3.11/site-packages/airflow/example_dags/example_sla_dag.py took 0.058 seconds
[2026-05-09T12:12:54.369+0000] {processor.py:161} INFO - Started process (PID=37598) to work on /home/vscode/.local/lib/python3.11/site-packages/airflow/example_dags/example_sla_dag.py
[2026-05-09T12:12:54.370+0000] {processor.py:830} INFO - Processing file /home/vscode/.local/lib/python3.11/site-packages/airflow/example_dags/example_sla_dag.py for tasks to queue
[2026-05-09T12:12:54.370+0000] {logging_mixin.py:188} INFO - [2026-05-09T12:12:54.370+0000] {dagbag.py:545} INFO - Filling up the DagBag from /home/vscode/.local/lib/python3.11/site-packages/airflow/example_dags/example_sla_dag.py
[2026-05-09T12:12:54.377+0000] {processor.py:840} INFO - DAG(s) 'example_sla_dag' retrieved from /home/vscode/.local/lib/python3.11/site-packages/airflow/example_dags/example_sla_dag.py
[2026-05-09T12:12:54.388+0000] {logging_mixin.py:188} INFO - [2026-05-09T12:12:54.388+0000] {dag.py:3096} INFO - Sync 1 DAGs
[2026-05-09T12:12:54.404+0000] {logging_mixin.py:188} INFO - [2026-05-09T12:12:54.404+0000] {dag.py:3954} INFO - Setting next_dagrun for example_sla_dag to 2026-05-09 12:10:00+00:00, run_after=2026-05-09 12:12:00+00:00
[2026-05-09T12:12:54.419+0000] {processor.py:183} INFO - Processing /home/vscode/.local/lib/python3.11/site-packages/airflow/example_dags/example_sla_dag.py took 0.057 seconds
[2026-05-09T12:13:35.760+0000] {processor.py:161} INFO - Started process (PID=37954) to work on /home/vscode/.local/lib/python3.11/site-packages/airflow/example_dags/example_sla_dag.py
[2026-05-09T12:13:35.761+0000] {processor.py:830} INFO - Processing file /home/vscode/.local/lib/python3.11/site-packages/airflow/example_dags/example_sla_dag.py for tasks to queue
[2026-05-09T12:13:35.761+0000] {logging_mixin.py:188} INFO - [2026-05-09T12:13:35.761+0000] {dagbag.py:545} INFO - Filling up the DagBag from /home/vscode/.local/lib/python3.11/site-packages/airflow/example_dags/example_sla_dag.py
[2026-05-09T12:13:35.768+0000] {processor.py:840} INFO - DAG(s) 'example_sla_dag' retrieved from /home/vscode/.local/lib/python3.11/site-packages/airflow/example_dags/example_sla_dag.py
[2026-05-09T12:13:35.778+0000] {logging_mixin.py:188} INFO - [2026-05-09T12:13:35.778+0000] {dag.py:3096} INFO - Sync 1 DAGs
[2026-05-09T12:13:35.795+0000] {logging_mixin.py:188} INFO - [2026-05-09T12:13:35.795+0000] {dag.py:3954} INFO - Setting next_dagrun for example_sla_dag to 2026-05-09 12:10:00+00:00, run_after=2026-05-09 12:12:00+00:00
[2026-05-09T12:13:35.811+0000] {processor.py:183} INFO - Processing /home/vscode/.local/lib/python3.11/site-packages/airflow/example_dags/example_sla_dag.py took 0.058 seconds
[2026-05-09T12:14:19.842+0000] {processor.py:161} INFO - Started process (PID=38314) to work on /home/vscode/.local/lib/python3.11/site-packages/airflow/example_dags/example_sla_dag.py
[2026-05-09T12:14:19.842+0000] {processor.py:830} INFO - Processing file /home/vscode/.local/lib/python3.11/site-packages/airflow/example_dags/example_sla_dag.py for tasks to queue
[2026-05-09T12:14:19.843+0000] {logging_mixin.py:188} INFO - [2026-05-09T12:14:19.843+0000] {dagbag.py:545} INFO - Filling up the DagBag from /home/vscode/.local/lib/python3.11/site-packages/airflow/example_dags/example_sla_dag.py
[2026-05-09T12:14:19.849+0000] {processor.py:840} INFO - DAG(s) 'example_sla_dag' retrieved from /home/vscode/.local/lib/python3.11/site-packages/airflow/example_dags/example_sla_dag.py
[2026-05-09T12:14:19.860+0000] {logging_mixin.py:188} INFO - [2026-05-09T12:14:19.860+0000] {dag.py:3096} INFO - Sync 1 DAGs
[2026-05-09T12:14:19.882+0000] {logging_mixin.py:188} INFO - [2026-05-09T12:14:19.882+0000] {dag.py:3954} INFO - Setting next_dagrun for example_sla_dag to 2026-05-09 12:12:00+00:00, run_after=2026-05-09 12:14:00+00:00
[2026-05-09T12:14:19.897+0000] {processor.py:183} INFO - Processing /home/vscode/.local/lib/python3.11/site-packages/airflow/example_dags/example_sla_dag.py took 0.065 seconds
[2026-05-09T12:15:03.407+0000] {processor.py:161} INFO - Started process (PID=38681) to work on /home/vscode/.local/lib/python3.11/site-packages/airflow/example_dags/example_sla_dag.py
[2026-05-09T12:15:03.408+0000] {processor.py:830} INFO - Processing file /home/vscode/.local/lib/python3.11/site-packages/airflow/example_dags/example_sla_dag.py for tasks to queue
[2026-05-09T12:15:03.408+0000] {logging_mixin.py:188} INFO - [2026-05-09T12:15:03.408+0000] {dagbag.py:545} INFO - Filling up the DagBag from /home/vscode/.local/lib/python3.11/site-packages/airflow/example_dags/example_sla_dag.py
[2026-05-09T12:15:03.415+0000] {processor.py:840} INFO - DAG(s) 'example_sla_dag' retrieved from /home/vscode/.local/lib/python3.11/site-packages/airflow/example_dags/example_sla_dag.py
[2026-05-09T12:15:03.426+0000] {logging_mixin.py:188} INFO - [2026-05-09T12:15:03.426+0000] {dag.py:3096} INFO - Sync 1 DAGs
[2026-05-09T12:15:03.450+0000] {logging_mixin.py:188} INFO - [2026-05-09T12:15:03.450+0000] {dag.py:3954} INFO - Setting next_dagrun for example_sla_dag to 2026-05-09 12:12:00+00:00, run_after=2026-05-09 12:14:00+00:00
[2026-05-09T12:15:03.467+0000] {processor.py:183} INFO - Processing /home/vscode/.local/lib/python3.11/site-packages/airflow/example_dags/example_sla_dag.py took 0.067 seconds
[2026-05-09T12:16:06.106+0000] {processor.py:161} INFO - Started process (PID=39220) to work on /home/vscode/.local/lib/python3.11/site-packages/airflow/example_dags/example_sla_dag.py
[2026-05-09T12:16:06.107+0000] {processor.py:830} INFO - Processing file /home/vscode/.local/lib/python3.11/site-packages/airflow/example_dags/example_sla_dag.py for tasks to queue
[2026-05-09T12:16:06.107+0000] {logging_mixin.py:188} INFO - [2026-05-09T12:16:06.107+0000] {dagbag.py:545} INFO - Filling up the DagBag from /home/vscode/.local/lib/python3.11/site-packages/airflow/example_dags/example_sla_dag.py
[2026-05-09T12:16:06.114+0000] {processor.py:840} INFO - DAG(s) 'example_sla_dag' retrieved from /home/vscode/.local/lib/python3.11/site-packages/airflow/example_dags/example_sla_dag.py
[2026-05-09T12:16:06.126+0000] {logging_mixin.py:188} INFO - [2026-05-09T12:16:06.126+0000] {dag.py:3096} INFO - Sync 1 DAGs
[2026-05-09T12:16:06.146+0000] {logging_mixin.py:188} INFO - [2026-05-09T12:16:06.146+0000] {dag.py:3954} INFO - Setting next_dagrun for example_sla_dag to 2026-05-09 12:14:00+00:00, run_after=2026-05-09 12:16:00+00:00
[2026-05-09T12:16:06.161+0000] {processor.py:183} INFO - Processing /home/vscode/.local/lib/python3.11/site-packages/airflow/example_dags/example_sla_dag.py took 0.062 seconds
[2026-05-09T12:16:50.373+0000] {processor.py:161} INFO - Started process (PID=39588) to work on /home/vscode/.local/lib/python3.11/site-packages/airflow/example_dags/example_sla_dag.py
[2026-05-09T12:16:50.374+0000] {processor.py:830} INFO - Processing file /home/vscode/.local/lib/python3.11/site-packages/airflow/example_dags/example_sla_dag.py for tasks to queue
[2026-05-09T12:16:50.374+0000] {logging_mixin.py:188} INFO - [2026-05-09T12:16:50.374+0000] {dagbag.py:545} INFO - Filling up the DagBag from /home/vscode/.local/lib/python3.11/site-packages/airflow/example_dags/example_sla_dag.py
[2026-05-09T12:16:50.380+0000] {processor.py:840} INFO - DAG(s) 'example_sla_dag' retrieved from /home/vscode/.local/lib/python3.11/site-packages/airflow/example_dags/example_sla_dag.py
[2026-05-09T12:16:50.391+0000] {logging_mixin.py:188} INFO - [2026-05-09T12:16:50.391+0000] {dag.py:3096} INFO - Sync 1 DAGs
[2026-05-09T12:16:50.408+0000] {logging_mixin.py:188} INFO - [2026-05-09T12:16:50.408+0000] {dag.py:3954} INFO - Setting next_dagrun for example_sla_dag to 2026-05-09 12:14:00+00:00, run_after=2026-05-09 12:16:00+00:00
[2026-05-09T12:16:50.422+0000] {processor.py:183} INFO - Processing /home/vscode/.local/lib/python3.11/site-packages/airflow/example_dags/example_sla_dag.py took 0.056 seconds
[2026-05-09T12:17:35.720+0000] {processor.py:161} INFO - Started process (PID=39968) to work on /home/vscode/.local/lib/python3.11/site-packages/airflow/example_dags/example_sla_dag.py
[2026-05-09T12:17:35.720+0000] {processor.py:830} INFO - Processing file /home/vscode/.local/lib/python3.11/site-packages/airflow/example_dags/example_sla_dag.py for tasks to queue
[2026-05-09T12:17:35.721+0000] {logging_mixin.py:188} INFO - [2026-05-09T12:17:35.721+0000] {dagbag.py:545} INFO - Filling up the DagBag from /home/vscode/.local/lib/python3.11/site-packages/airflow/example_dags/example_sla_dag.py
[2026-05-09T12:17:35.728+0000] {processor.py:840} INFO - DAG(s) 'example_sla_dag' retrieved from /home/vscode/.local/lib/python3.11/site-packages/airflow/example_dags/example_sla_dag.py
[2026-05-09T12:17:35.743+0000] {logging_mixin.py:188} INFO - [2026-05-09T12:17:35.743+0000] {dag.py:3096} INFO - Sync 1 DAGs
[2026-05-09T12:17:35.759+0000] {logging_mixin.py:188} INFO - [2026-05-09T12:17:35.759+0000] {dag.py:3954} INFO - Setting next_dagrun for example_sla_dag to 2026-05-09 12:14:00+00:00, run_after=2026-05-09 12:16:00+00:00
[2026-05-09T12:17:35.774+0000] {processor.py:183} INFO - Processing /home/vscode/.local/lib/python3.11/site-packages/airflow/example_dags/example_sla_dag.py took 0.061 seconds
[2026-05-09T12:18:18.817+0000] {processor.py:161} INFO - Started process (PID=40263) to work on /home/vscode/.local/lib/python3.11/site-packages/airflow/example_dags/example_sla_dag.py
[2026-05-09T12:18:18.818+0000] {processor.py:830} INFO - Processing file /home/vscode/.local/lib/python3.11/site-packages/airflow/example_dags/example_sla_dag.py for tasks to queue
[2026-05-09T12:18:18.819+0000] {logging_mixin.py:188} INFO - [2026-05-09T12:18:18.818+0000] {dagbag.py:545} INFO - Filling up the DagBag from /home/vscode/.local/lib/python3.11/site-packages/airflow/example_dags/example_sla_dag.py
[2026-05-09T12:18:18.826+0000] {processor.py:840} INFO - DAG(s) 'example_sla_dag' retrieved from /home/vscode/.local/lib/python3.11/site-packages/airflow/example_dags/example_sla_dag.py
[2026-05-09T12:18:18.840+0000] {logging_mixin.py:188} INFO - [2026-05-09T12:18:18.840+0000] {dag.py:3096} INFO - Sync 1 DAGs
[2026-05-09T12:18:18.857+0000] {logging_mixin.py:188} INFO - [2026-05-09T12:18:18.857+0000] {dag.py:3954} INFO - Setting next_dagrun for example_sla_dag to 2026-05-09 12:16:00+00:00, run_after=2026-05-09 12:18:00+00:00
[2026-05-09T12:18:18.872+0000] {processor.py:183} INFO - Processing /home/vscode/.local/lib/python3.11/site-packages/airflow/example_dags/example_sla_dag.py took 0.061 seconds
[2026-05-09T12:19:19.482+0000] {processor.py:161} INFO - Started process (PID=40786) to work on /home/vscode/.local/lib/python3.11/site-packages/airflow/example_dags/example_sla_dag.py
[2026-05-09T12:19:19.482+0000] {processor.py:830} INFO - Processing file /home/vscode/.local/lib/python3.11/site-packages/airflow/example_dags/example_sla_dag.py for tasks to queue
[2026-05-09T12:19:19.483+0000] {logging_mixin.py:188} INFO - [2026-05-09T12:19:19.483+0000] {dagbag.py:545} INFO - Filling up the DagBag from /home/vscode/.local/lib/python3.11/site-packages/airflow/example_dags/example_sla_dag.py
[2026-05-09T12:19:19.489+0000] {processor.py:840} INFO - DAG(s) 'example_sla_dag' retrieved from /home/vscode/.local/lib/python3.11/site-packages/airflow/example_dags/example_sla_dag.py
[2026-05-09T12:19:19.500+0000] {logging_mixin.py:188} INFO - [2026-05-09T12:19:19.500+0000] {dag.py:3096} INFO - Sync 1 DAGs
[2026-05-09T12:19:19.516+0000] {logging_mixin.py:188} INFO - [2026-05-09T12:19:19.516+0000] {dag.py:3954} INFO - Setting next_dagrun for example_sla_dag to 2026-05-09 12:16:00+00:00, run_after=2026-05-09 12:18:00+00:00
[2026-05-09T12:19:19.532+0000] {processor.py:183} INFO - Processing /home/vscode/.local/lib/python3.11/site-packages/airflow/example_dags/example_sla_dag.py took 0.057 seconds
[2026-05-09T12:20:04.990+0000] {processor.py:161} INFO - Started process (PID=41160) to work on /home/vscode/.local/lib/python3.11/site-packages/airflow/example_dags/example_sla_dag.py
[2026-05-09T12:20:04.991+0000] {processor.py:830} INFO - Processing file /home/vscode/.local/lib/python3.11/site-packages/airflow/example_dags/example_sla_dag.py for tasks to queue
[2026-05-09T12:20:04.992+0000] {logging_mixin.py:188} INFO - [2026-05-09T12:20:04.991+0000] {dagbag.py:545} INFO - Filling up the DagBag from /home/vscode/.local/lib/python3.11/site-packages/airflow/example_dags/example_sla_dag.py
[2026-05-09T12:20:04.999+0000] {processor.py:840} INFO - DAG(s) 'example_sla_dag' retrieved from /home/vscode/.local/lib/python3.11/site-packages/airflow/example_dags/example_sla_dag.py
[2026-05-09T12:20:05.010+0000] {logging_mixin.py:188} INFO - [2026-05-09T12:20:05.010+0000] {dag.py:3096} INFO - Sync 1 DAGs
[2026-05-09T12:20:05.027+0000] {logging_mixin.py:188} INFO - [2026-05-09T12:20:05.027+0000] {dag.py:3954} INFO - Setting next_dagrun for example_sla_dag to 2026-05-09 12:18:00+00:00, run_after=2026-05-09 12:20:00+00:00
[2026-05-09T12:20:05.047+0000] {processor.py:183} INFO - Processing /home/vscode/.local/lib/python3.11/site-packages/airflow/example_dags/example_sla_dag.py took 0.063 seconds
[2026-05-09T12:20:47.585+0000] {processor.py:161} INFO - Started process (PID=41527) to work on /home/vscode/.local/lib/python3.11/site-packages/airflow/example_dags/example_sla_dag.py
[2026-05-09T12:20:47.585+0000] {processor.py:830} INFO - Processing file /home/vscode/.local/lib/python3.11/site-packages/airflow/example_dags/example_sla_dag.py for tasks to queue
[2026-05-09T12:20:47.586+0000] {logging_mixin.py:188} INFO - [2026-05-09T12:20:47.586+0000] {dagbag.py:545} INFO - Filling up the DagBag from /home/vscode/.local/lib/python3.11/site-packages/airflow/example_dags/example_sla_dag.py
[2026-05-09T12:20:47.592+0000] {processor.py:840} INFO - DAG(s) 'example_sla_dag' retrieved from /home/vscode/.local/lib/python3.11/site-packages/airflow/example_dags/example_sla_dag.py
[2026-05-09T12:20:47.603+0000] {logging_mixin.py:188} INFO - [2026-05-09T12:20:47.603+0000] {dag.py:3096} INFO - Sync 1 DAGs
[2026-05-09T12:20:47.618+0000] {logging_mixin.py:188} INFO - [2026-05-09T12:20:47.618+0000] {dag.py:3954} INFO - Setting next_dagrun for example_sla_dag to 2026-05-09 12:18:00+00:00, run_after=2026-05-09 12:20:00+00:00
[2026-05-09T12:20:47.633+0000] {processor.py:183} INFO - Processing /home/vscode/.local/lib/python3.11/site-packages/airflow/example_dags/example_sla_dag.py took 0.055 seconds
