[2026-05-09T11:18:50.101+0000] {processor.py:161} INFO - Started process (PID=7154) to work on /home/vscode/.local/lib/python3.11/site-packages/airflow/example_dags/example_short_circuit_operator.py
[2026-05-09T11:18:50.102+0000] {processor.py:830} INFO - Processing file /home/vscode/.local/lib/python3.11/site-packages/airflow/example_dags/example_short_circuit_operator.py for tasks to queue
[2026-05-09T11:18:50.102+0000] {logging_mixin.py:188} INFO - [2026-05-09T11:18:50.102+0000] {dagbag.py:545} INFO - Filling up the DagBag from /home/vscode/.local/lib/python3.11/site-packages/airflow/example_dags/example_short_circuit_operator.py
[2026-05-09T11:18:50.108+0000] {processor.py:840} INFO - DAG(s) 'example_short_circuit_operator' retrieved from /home/vscode/.local/lib/python3.11/site-packages/airflow/example_dags/example_short_circuit_operator.py
[2026-05-09T11:18:50.114+0000] {logging_mixin.py:188} INFO - [2026-05-09T11:18:50.114+0000] {dag.py:3096} INFO - Sync 1 DAGs
[2026-05-09T11:18:50.129+0000] {logging_mixin.py:188} INFO - [2026-05-09T11:18:50.129+0000] {dag.py:3954} INFO - Setting next_dagrun for example_short_circuit_operator to 2026-05-08 00:00:00+00:00, run_after=2026-05-09 00:00:00+00:00
[2026-05-09T11:18:50.145+0000] {processor.py:183} INFO - Processing /home/vscode/.local/lib/python3.11/site-packages/airflow/example_dags/example_short_circuit_operator.py took 0.049 seconds
[2026-05-09T11:19:48.903+0000] {processor.py:161} INFO - Started process (PID=7652) to work on /home/vscode/.local/lib/python3.11/site-packages/airflow/example_dags/example_short_circuit_operator.py
[2026-05-09T11:19:48.903+0000] {processor.py:830} INFO - Processing file /home/vscode/.local/lib/python3.11/site-packages/airflow/example_dags/example_short_circuit_operator.py for tasks to queue
[2026-05-09T11:19:48.904+0000] {logging_mixin.py:188} INFO - [2026-05-09T11:19:48.904+0000] {dagbag.py:545} INFO - Filling up the DagBag from /home/vscode/.local/lib/python3.11/site-packages/airflow/example_dags/example_short_circuit_operator.py
[2026-05-09T11:19:48.910+0000] {processor.py:840} INFO - DAG(s) 'example_short_circuit_operator' retrieved from /home/vscode/.local/lib/python3.11/site-packages/airflow/example_dags/example_short_circuit_operator.py
[2026-05-09T11:19:49.108+0000] {logging_mixin.py:188} INFO - [2026-05-09T11:19:49.108+0000] {dag.py:3096} INFO - Sync 1 DAGs
[2026-05-09T11:19:49.119+0000] {logging_mixin.py:188} INFO - [2026-05-09T11:19:49.118+0000] {dag.py:3954} INFO - Setting next_dagrun for example_short_circuit_operator to 2026-05-08 00:00:00+00:00, run_after=2026-05-09 00:00:00+00:00
[2026-05-09T11:19:49.134+0000] {processor.py:183} INFO - Processing /home/vscode/.local/lib/python3.11/site-packages/airflow/example_dags/example_short_circuit_operator.py took 0.238 seconds
[2026-05-09T11:20:41.030+0000] {processor.py:161} INFO - Started process (PID=8107) to work on /home/vscode/.local/lib/python3.11/site-packages/airflow/example_dags/example_short_circuit_operator.py
[2026-05-09T11:20:41.030+0000] {processor.py:830} INFO - Processing file /home/vscode/.local/lib/python3.11/site-packages/airflow/example_dags/example_short_circuit_operator.py for tasks to queue
[2026-05-09T11:20:41.031+0000] {logging_mixin.py:188} INFO - [2026-05-09T11:20:41.031+0000] {dagbag.py:545} INFO - Filling up the DagBag from /home/vscode/.local/lib/python3.11/site-packages/airflow/example_dags/example_short_circuit_operator.py
[2026-05-09T11:20:41.037+0000] {processor.py:840} INFO - DAG(s) 'example_short_circuit_operator' retrieved from /home/vscode/.local/lib/python3.11/site-packages/airflow/example_dags/example_short_circuit_operator.py
[2026-05-09T11:20:41.050+0000] {logging_mixin.py:188} INFO - [2026-05-09T11:20:41.050+0000] {dag.py:3096} INFO - Sync 1 DAGs
[2026-05-09T11:20:41.065+0000] {logging_mixin.py:188} INFO - [2026-05-09T11:20:41.065+0000] {dag.py:3954} INFO - Setting next_dagrun for example_short_circuit_operator to 2026-05-08 00:00:00+00:00, run_after=2026-05-09 00:00:00+00:00
[2026-05-09T11:20:41.080+0000] {processor.py:183} INFO - Processing /home/vscode/.local/lib/python3.11/site-packages/airflow/example_dags/example_short_circuit_operator.py took 0.057 seconds
[2026-05-09T11:21:32.463+0000] {processor.py:161} INFO - Started process (PID=8602) to work on /home/vscode/.local/lib/python3.11/site-packages/airflow/example_dags/example_short_circuit_operator.py
[2026-05-09T11:21:32.464+0000] {processor.py:830} INFO - Processing file /home/vscode/.local/lib/python3.11/site-packages/airflow/example_dags/example_short_circuit_operator.py for tasks to queue
[2026-05-09T11:21:32.464+0000] {logging_mixin.py:188} INFO - [2026-05-09T11:21:32.464+0000] {dagbag.py:545} INFO - Filling up the DagBag from /home/vscode/.local/lib/python3.11/site-packages/airflow/example_dags/example_short_circuit_operator.py
[2026-05-09T11:21:32.470+0000] {processor.py:840} INFO - DAG(s) 'example_short_circuit_operator' retrieved from /home/vscode/.local/lib/python3.11/site-packages/airflow/example_dags/example_short_circuit_operator.py
[2026-05-09T11:21:32.483+0000] {logging_mixin.py:188} INFO - [2026-05-09T11:21:32.483+0000] {dag.py:3096} INFO - Sync 1 DAGs
[2026-05-09T11:21:32.496+0000] {logging_mixin.py:188} INFO - [2026-05-09T11:21:32.496+0000] {dag.py:3954} INFO - Setting next_dagrun for example_short_circuit_operator to 2026-05-08 00:00:00+00:00, run_after=2026-05-09 00:00:00+00:00
[2026-05-09T11:21:32.512+0000] {processor.py:183} INFO - Processing /home/vscode/.local/lib/python3.11/site-packages/airflow/example_dags/example_short_circuit_operator.py took 0.055 seconds
[2026-05-09T11:22:16.404+0000] {processor.py:161} INFO - Started process (PID=8985) to work on /home/vscode/.local/lib/python3.11/site-packages/airflow/example_dags/example_short_circuit_operator.py
[2026-05-09T11:22:16.404+0000] {processor.py:830} INFO - Processing file /home/vscode/.local/lib/python3.11/site-packages/airflow/example_dags/example_short_circuit_operator.py for tasks to queue
[2026-05-09T11:22:16.405+0000] {logging_mixin.py:188} INFO - [2026-05-09T11:22:16.405+0000] {dagbag.py:545} INFO - Filling up the DagBag from /home/vscode/.local/lib/python3.11/site-packages/airflow/example_dags/example_short_circuit_operator.py
[2026-05-09T11:22:16.411+0000] {processor.py:840} INFO - DAG(s) 'example_short_circuit_operator' retrieved from /home/vscode/.local/lib/python3.11/site-packages/airflow/example_dags/example_short_circuit_operator.py
[2026-05-09T11:22:16.425+0000] {logging_mixin.py:188} INFO - [2026-05-09T11:22:16.425+0000] {dag.py:3096} INFO - Sync 1 DAGs
[2026-05-09T11:22:16.439+0000] {logging_mixin.py:188} INFO - [2026-05-09T11:22:16.439+0000] {dag.py:3954} INFO - Setting next_dagrun for example_short_circuit_operator to 2026-05-08 00:00:00+00:00, run_after=2026-05-09 00:00:00+00:00
[2026-05-09T11:22:16.455+0000] {processor.py:183} INFO - Processing /home/vscode/.local/lib/python3.11/site-packages/airflow/example_dags/example_short_circuit_operator.py took 0.058 seconds
[2026-05-09T11:22:54.263+0000] {processor.py:161} INFO - Started process (PID=9444) to work on /home/vscode/.local/lib/python3.11/site-packages/airflow/example_dags/example_short_circuit_operator.py
[2026-05-09T11:22:54.263+0000] {processor.py:830} INFO - Processing file /home/vscode/.local/lib/python3.11/site-packages/airflow/example_dags/example_short_circuit_operator.py for tasks to queue
[2026-05-09T11:22:54.264+0000] {logging_mixin.py:188} INFO - [2026-05-09T11:22:54.264+0000] {dagbag.py:545} INFO - Filling up the DagBag from /home/vscode/.local/lib/python3.11/site-packages/airflow/example_dags/example_short_circuit_operator.py
[2026-05-09T11:22:54.270+0000] {processor.py:840} INFO - DAG(s) 'example_short_circuit_operator' retrieved from /home/vscode/.local/lib/python3.11/site-packages/airflow/example_dags/example_short_circuit_operator.py
[2026-05-09T11:22:54.284+0000] {logging_mixin.py:188} INFO - [2026-05-09T11:22:54.283+0000] {dag.py:3096} INFO - Sync 1 DAGs
[2026-05-09T11:22:54.297+0000] {logging_mixin.py:188} INFO - [2026-05-09T11:22:54.297+0000] {dag.py:3954} INFO - Setting next_dagrun for example_short_circuit_operator to 2026-05-08 00:00:00+00:00, run_after=2026-05-09 00:00:00+00:00
[2026-05-09T11:22:54.313+0000] {processor.py:183} INFO - Processing /home/vscode/.local/lib/python3.11/site-packages/airflow/example_dags/example_short_circuit_operator.py took 0.057 seconds
[2026-05-09T11:23:34.657+0000] {processor.py:161} INFO - Started process (PID=10017) to work on /home/vscode/.local/lib/python3.11/site-packages/airflow/example_dags/example_short_circuit_operator.py
[2026-05-09T11:23:34.657+0000] {processor.py:830} INFO - Processing file /home/vscode/.local/lib/python3.11/site-packages/airflow/example_dags/example_short_circuit_operator.py for tasks to queue
[2026-05-09T11:23:34.658+0000] {logging_mixin.py:188} INFO - [2026-05-09T11:23:34.657+0000] {dagbag.py:545} INFO - Filling up the DagBag from /home/vscode/.local/lib/python3.11/site-packages/airflow/example_dags/example_short_circuit_operator.py
[2026-05-09T11:23:34.665+0000] {processor.py:840} INFO - DAG(s) 'example_short_circuit_operator' retrieved from /home/vscode/.local/lib/python3.11/site-packages/airflow/example_dags/example_short_circuit_operator.py
[2026-05-09T11:23:34.685+0000] {logging_mixin.py:188} INFO - [2026-05-09T11:23:34.684+0000] {dag.py:3096} INFO - Sync 1 DAGs
[2026-05-09T11:23:34.699+0000] {logging_mixin.py:188} INFO - [2026-05-09T11:23:34.699+0000] {dag.py:3954} INFO - Setting next_dagrun for example_short_circuit_operator to 2026-05-08 00:00:00+00:00, run_after=2026-05-09 00:00:00+00:00
[2026-05-09T11:23:34.715+0000] {processor.py:183} INFO - Processing /home/vscode/.local/lib/python3.11/site-packages/airflow/example_dags/example_short_circuit_operator.py took 0.065 seconds
[2026-05-09T11:24:15.836+0000] {processor.py:161} INFO - Started process (PID=10547) to work on /home/vscode/.local/lib/python3.11/site-packages/airflow/example_dags/example_short_circuit_operator.py
[2026-05-09T11:24:15.837+0000] {processor.py:830} INFO - Processing file /home/vscode/.local/lib/python3.11/site-packages/airflow/example_dags/example_short_circuit_operator.py for tasks to queue
[2026-05-09T11:24:15.837+0000] {logging_mixin.py:188} INFO - [2026-05-09T11:24:15.837+0000] {dagbag.py:545} INFO - Filling up the DagBag from /home/vscode/.local/lib/python3.11/site-packages/airflow/example_dags/example_short_circuit_operator.py
[2026-05-09T11:24:15.843+0000] {processor.py:840} INFO - DAG(s) 'example_short_circuit_operator' retrieved from /home/vscode/.local/lib/python3.11/site-packages/airflow/example_dags/example_short_circuit_operator.py
[2026-05-09T11:24:15.856+0000] {logging_mixin.py:188} INFO - [2026-05-09T11:24:15.856+0000] {dag.py:3096} INFO - Sync 1 DAGs
[2026-05-09T11:24:15.870+0000] {logging_mixin.py:188} INFO - [2026-05-09T11:24:15.870+0000] {dag.py:3954} INFO - Setting next_dagrun for example_short_circuit_operator to 2026-05-08 00:00:00+00:00, run_after=2026-05-09 00:00:00+00:00
[2026-05-09T11:24:15.888+0000] {processor.py:183} INFO - Processing /home/vscode/.local/lib/python3.11/site-packages/airflow/example_dags/example_short_circuit_operator.py took 0.058 seconds
[2026-05-09T11:24:57.397+0000] {processor.py:161} INFO - Started process (PID=11152) to work on /home/vscode/.local/lib/python3.11/site-packages/airflow/example_dags/example_short_circuit_operator.py
[2026-05-09T11:24:57.398+0000] {processor.py:830} INFO - Processing file /home/vscode/.local/lib/python3.11/site-packages/airflow/example_dags/example_short_circuit_operator.py for tasks to queue
[2026-05-09T11:24:57.398+0000] {logging_mixin.py:188} INFO - [2026-05-09T11:24:57.398+0000] {dagbag.py:545} INFO - Filling up the DagBag from /home/vscode/.local/lib/python3.11/site-packages/airflow/example_dags/example_short_circuit_operator.py
[2026-05-09T11:24:57.404+0000] {processor.py:840} INFO - DAG(s) 'example_short_circuit_operator' retrieved from /home/vscode/.local/lib/python3.11/site-packages/airflow/example_dags/example_short_circuit_operator.py
[2026-05-09T11:24:57.418+0000] {logging_mixin.py:188} INFO - [2026-05-09T11:24:57.417+0000] {dag.py:3096} INFO - Sync 1 DAGs
[2026-05-09T11:24:57.435+0000] {logging_mixin.py:188} INFO - [2026-05-09T11:24:57.435+0000] {dag.py:3954} INFO - Setting next_dagrun for example_short_circuit_operator to 2026-05-08 00:00:00+00:00, run_after=2026-05-09 00:00:00+00:00
[2026-05-09T11:24:57.452+0000] {processor.py:183} INFO - Processing /home/vscode/.local/lib/python3.11/site-packages/airflow/example_dags/example_short_circuit_operator.py took 0.061 seconds
[2026-05-09T11:25:37.998+0000] {processor.py:161} INFO - Started process (PID=11489) to work on /home/vscode/.local/lib/python3.11/site-packages/airflow/example_dags/example_short_circuit_operator.py
[2026-05-09T11:25:37.998+0000] {processor.py:830} INFO - Processing file /home/vscode/.local/lib/python3.11/site-packages/airflow/example_dags/example_short_circuit_operator.py for tasks to queue
[2026-05-09T11:25:37.999+0000] {logging_mixin.py:188} INFO - [2026-05-09T11:25:37.998+0000] {dagbag.py:545} INFO - Filling up the DagBag from /home/vscode/.local/lib/python3.11/site-packages/airflow/example_dags/example_short_circuit_operator.py
[2026-05-09T11:25:38.004+0000] {processor.py:840} INFO - DAG(s) 'example_short_circuit_operator' retrieved from /home/vscode/.local/lib/python3.11/site-packages/airflow/example_dags/example_short_circuit_operator.py
[2026-05-09T11:25:38.017+0000] {logging_mixin.py:188} INFO - [2026-05-09T11:25:38.017+0000] {dag.py:3096} INFO - Sync 1 DAGs
[2026-05-09T11:25:38.030+0000] {logging_mixin.py:188} INFO - [2026-05-09T11:25:38.030+0000] {dag.py:3954} INFO - Setting next_dagrun for example_short_circuit_operator to 2026-05-08 00:00:00+00:00, run_after=2026-05-09 00:00:00+00:00
[2026-05-09T11:25:38.045+0000] {processor.py:183} INFO - Processing /home/vscode/.local/lib/python3.11/site-packages/airflow/example_dags/example_short_circuit_operator.py took 0.054 seconds
[2026-05-09T11:26:34.661+0000] {processor.py:161} INFO - Started process (PID=12042) to work on /home/vscode/.local/lib/python3.11/site-packages/airflow/example_dags/example_short_circuit_operator.py
[2026-05-09T11:26:34.661+0000] {processor.py:830} INFO - Processing file /home/vscode/.local/lib/python3.11/site-packages/airflow/example_dags/example_short_circuit_operator.py for tasks to queue
[2026-05-09T11:26:34.662+0000] {logging_mixin.py:188} INFO - [2026-05-09T11:26:34.662+0000] {dagbag.py:545} INFO - Filling up the DagBag from /home/vscode/.local/lib/python3.11/site-packages/airflow/example_dags/example_short_circuit_operator.py
[2026-05-09T11:26:34.667+0000] {processor.py:840} INFO - DAG(s) 'example_short_circuit_operator' retrieved from /home/vscode/.local/lib/python3.11/site-packages/airflow/example_dags/example_short_circuit_operator.py
[2026-05-09T11:26:34.680+0000] {logging_mixin.py:188} INFO - [2026-05-09T11:26:34.680+0000] {dag.py:3096} INFO - Sync 1 DAGs
[2026-05-09T11:26:34.695+0000] {logging_mixin.py:188} INFO - [2026-05-09T11:26:34.694+0000] {dag.py:3954} INFO - Setting next_dagrun for example_short_circuit_operator to 2026-05-08 00:00:00+00:00, run_after=2026-05-09 00:00:00+00:00
[2026-05-09T11:26:34.710+0000] {processor.py:183} INFO - Processing /home/vscode/.local/lib/python3.11/site-packages/airflow/example_dags/example_short_circuit_operator.py took 0.055 seconds
[2026-05-09T11:27:14.529+0000] {processor.py:161} INFO - Started process (PID=12473) to work on /home/vscode/.local/lib/python3.11/site-packages/airflow/example_dags/example_short_circuit_operator.py
[2026-05-09T11:27:14.529+0000] {processor.py:830} INFO - Processing file /home/vscode/.local/lib/python3.11/site-packages/airflow/example_dags/example_short_circuit_operator.py for tasks to queue
[2026-05-09T11:27:14.530+0000] {logging_mixin.py:188} INFO - [2026-05-09T11:27:14.530+0000] {dagbag.py:545} INFO - Filling up the DagBag from /home/vscode/.local/lib/python3.11/site-packages/airflow/example_dags/example_short_circuit_operator.py
[2026-05-09T11:27:14.536+0000] {processor.py:840} INFO - DAG(s) 'example_short_circuit_operator' retrieved from /home/vscode/.local/lib/python3.11/site-packages/airflow/example_dags/example_short_circuit_operator.py
[2026-05-09T11:27:14.561+0000] {logging_mixin.py:188} INFO - [2026-05-09T11:27:14.561+0000] {dag.py:3096} INFO - Sync 1 DAGs
[2026-05-09T11:27:14.584+0000] {logging_mixin.py:188} INFO - [2026-05-09T11:27:14.584+0000] {dag.py:3954} INFO - Setting next_dagrun for example_short_circuit_operator to 2026-05-08 00:00:00+00:00, run_after=2026-05-09 00:00:00+00:00
[2026-05-09T11:27:14.611+0000] {processor.py:183} INFO - Processing /home/vscode/.local/lib/python3.11/site-packages/airflow/example_dags/example_short_circuit_operator.py took 0.088 seconds
[2026-05-09T11:27:54.504+0000] {processor.py:161} INFO - Started process (PID=12974) to work on /home/vscode/.local/lib/python3.11/site-packages/airflow/example_dags/example_short_circuit_operator.py
[2026-05-09T11:27:54.505+0000] {processor.py:830} INFO - Processing file /home/vscode/.local/lib/python3.11/site-packages/airflow/example_dags/example_short_circuit_operator.py for tasks to queue
[2026-05-09T11:27:54.505+0000] {logging_mixin.py:188} INFO - [2026-05-09T11:27:54.505+0000] {dagbag.py:545} INFO - Filling up the DagBag from /home/vscode/.local/lib/python3.11/site-packages/airflow/example_dags/example_short_circuit_operator.py
[2026-05-09T11:27:54.511+0000] {processor.py:840} INFO - DAG(s) 'example_short_circuit_operator' retrieved from /home/vscode/.local/lib/python3.11/site-packages/airflow/example_dags/example_short_circuit_operator.py
[2026-05-09T11:27:54.524+0000] {logging_mixin.py:188} INFO - [2026-05-09T11:27:54.523+0000] {dag.py:3096} INFO - Sync 1 DAGs
[2026-05-09T11:27:54.541+0000] {logging_mixin.py:188} INFO - [2026-05-09T11:27:54.541+0000] {dag.py:3954} INFO - Setting next_dagrun for example_short_circuit_operator to 2026-05-08 00:00:00+00:00, run_after=2026-05-09 00:00:00+00:00
[2026-05-09T11:27:54.558+0000] {processor.py:183} INFO - Processing /home/vscode/.local/lib/python3.11/site-packages/airflow/example_dags/example_short_circuit_operator.py took 0.060 seconds
[2026-05-09T11:28:34.586+0000] {processor.py:161} INFO - Started process (PID=13484) to work on /home/vscode/.local/lib/python3.11/site-packages/airflow/example_dags/example_short_circuit_operator.py
[2026-05-09T11:28:34.590+0000] {processor.py:830} INFO - Processing file /home/vscode/.local/lib/python3.11/site-packages/airflow/example_dags/example_short_circuit_operator.py for tasks to queue
[2026-05-09T11:28:34.591+0000] {logging_mixin.py:188} INFO - [2026-05-09T11:28:34.590+0000] {dagbag.py:545} INFO - Filling up the DagBag from /home/vscode/.local/lib/python3.11/site-packages/airflow/example_dags/example_short_circuit_operator.py
[2026-05-09T11:28:34.613+0000] {processor.py:840} INFO - DAG(s) 'example_short_circuit_operator' retrieved from /home/vscode/.local/lib/python3.11/site-packages/airflow/example_dags/example_short_circuit_operator.py
[2026-05-09T11:28:34.633+0000] {logging_mixin.py:188} INFO - [2026-05-09T11:28:34.633+0000] {dag.py:3096} INFO - Sync 1 DAGs
[2026-05-09T11:28:34.660+0000] {logging_mixin.py:188} INFO - [2026-05-09T11:28:34.659+0000] {dag.py:3954} INFO - Setting next_dagrun for example_short_circuit_operator to 2026-05-08 00:00:00+00:00, run_after=2026-05-09 00:00:00+00:00
[2026-05-09T11:28:34.674+0000] {processor.py:183} INFO - Processing /home/vscode/.local/lib/python3.11/site-packages/airflow/example_dags/example_short_circuit_operator.py took 0.104 seconds
[2026-05-09T11:29:15.194+0000] {processor.py:161} INFO - Started process (PID=13858) to work on /home/vscode/.local/lib/python3.11/site-packages/airflow/example_dags/example_short_circuit_operator.py
[2026-05-09T11:29:15.195+0000] {processor.py:830} INFO - Processing file /home/vscode/.local/lib/python3.11/site-packages/airflow/example_dags/example_short_circuit_operator.py for tasks to queue
[2026-05-09T11:29:15.195+0000] {logging_mixin.py:188} INFO - [2026-05-09T11:29:15.195+0000] {dagbag.py:545} INFO - Filling up the DagBag from /home/vscode/.local/lib/python3.11/site-packages/airflow/example_dags/example_short_circuit_operator.py
[2026-05-09T11:29:15.201+0000] {processor.py:840} INFO - DAG(s) 'example_short_circuit_operator' retrieved from /home/vscode/.local/lib/python3.11/site-packages/airflow/example_dags/example_short_circuit_operator.py
[2026-05-09T11:29:15.215+0000] {logging_mixin.py:188} INFO - [2026-05-09T11:29:15.215+0000] {dag.py:3096} INFO - Sync 1 DAGs
[2026-05-09T11:29:15.229+0000] {logging_mixin.py:188} INFO - [2026-05-09T11:29:15.229+0000] {dag.py:3954} INFO - Setting next_dagrun for example_short_circuit_operator to 2026-05-08 00:00:00+00:00, run_after=2026-05-09 00:00:00+00:00
[2026-05-09T11:29:15.244+0000] {processor.py:183} INFO - Processing /home/vscode/.local/lib/python3.11/site-packages/airflow/example_dags/example_short_circuit_operator.py took 0.057 seconds
[2026-05-09T11:29:59.383+0000] {processor.py:161} INFO - Started process (PID=14258) to work on /home/vscode/.local/lib/python3.11/site-packages/airflow/example_dags/example_short_circuit_operator.py
[2026-05-09T11:29:59.384+0000] {processor.py:830} INFO - Processing file /home/vscode/.local/lib/python3.11/site-packages/airflow/example_dags/example_short_circuit_operator.py for tasks to queue
[2026-05-09T11:29:59.384+0000] {logging_mixin.py:188} INFO - [2026-05-09T11:29:59.384+0000] {dagbag.py:545} INFO - Filling up the DagBag from /home/vscode/.local/lib/python3.11/site-packages/airflow/example_dags/example_short_circuit_operator.py
[2026-05-09T11:29:59.390+0000] {processor.py:840} INFO - DAG(s) 'example_short_circuit_operator' retrieved from /home/vscode/.local/lib/python3.11/site-packages/airflow/example_dags/example_short_circuit_operator.py
[2026-05-09T11:29:59.403+0000] {logging_mixin.py:188} INFO - [2026-05-09T11:29:59.402+0000] {dag.py:3096} INFO - Sync 1 DAGs
[2026-05-09T11:29:59.419+0000] {logging_mixin.py:188} INFO - [2026-05-09T11:29:59.419+0000] {dag.py:3954} INFO - Setting next_dagrun for example_short_circuit_operator to 2026-05-08 00:00:00+00:00, run_after=2026-05-09 00:00:00+00:00
[2026-05-09T11:29:59.438+0000] {processor.py:183} INFO - Processing /home/vscode/.local/lib/python3.11/site-packages/airflow/example_dags/example_short_circuit_operator.py took 0.061 seconds
[2026-05-09T11:30:41.053+0000] {processor.py:161} INFO - Started process (PID=14791) to work on /home/vscode/.local/lib/python3.11/site-packages/airflow/example_dags/example_short_circuit_operator.py
[2026-05-09T11:30:41.054+0000] {processor.py:830} INFO - Processing file /home/vscode/.local/lib/python3.11/site-packages/airflow/example_dags/example_short_circuit_operator.py for tasks to queue
[2026-05-09T11:30:41.055+0000] {logging_mixin.py:188} INFO - [2026-05-09T11:30:41.054+0000] {dagbag.py:545} INFO - Filling up the DagBag from /home/vscode/.local/lib/python3.11/site-packages/airflow/example_dags/example_short_circuit_operator.py
[2026-05-09T11:30:41.067+0000] {processor.py:840} INFO - DAG(s) 'example_short_circuit_operator' retrieved from /home/vscode/.local/lib/python3.11/site-packages/airflow/example_dags/example_short_circuit_operator.py
[2026-05-09T11:30:41.080+0000] {logging_mixin.py:188} INFO - [2026-05-09T11:30:41.080+0000] {dag.py:3096} INFO - Sync 1 DAGs
[2026-05-09T11:30:41.094+0000] {logging_mixin.py:188} INFO - [2026-05-09T11:30:41.094+0000] {dag.py:3954} INFO - Setting next_dagrun for example_short_circuit_operator to 2026-05-08 00:00:00+00:00, run_after=2026-05-09 00:00:00+00:00
[2026-05-09T11:30:41.110+0000] {processor.py:183} INFO - Processing /home/vscode/.local/lib/python3.11/site-packages/airflow/example_dags/example_short_circuit_operator.py took 0.064 seconds
[2026-05-09T11:31:19.712+0000] {processor.py:161} INFO - Started process (PID=15254) to work on /home/vscode/.local/lib/python3.11/site-packages/airflow/example_dags/example_short_circuit_operator.py
[2026-05-09T11:31:19.713+0000] {processor.py:830} INFO - Processing file /home/vscode/.local/lib/python3.11/site-packages/airflow/example_dags/example_short_circuit_operator.py for tasks to queue
[2026-05-09T11:31:19.714+0000] {logging_mixin.py:188} INFO - [2026-05-09T11:31:19.713+0000] {dagbag.py:545} INFO - Filling up the DagBag from /home/vscode/.local/lib/python3.11/site-packages/airflow/example_dags/example_short_circuit_operator.py
[2026-05-09T11:31:19.720+0000] {processor.py:840} INFO - DAG(s) 'example_short_circuit_operator' retrieved from /home/vscode/.local/lib/python3.11/site-packages/airflow/example_dags/example_short_circuit_operator.py
[2026-05-09T11:31:19.734+0000] {logging_mixin.py:188} INFO - [2026-05-09T11:31:19.734+0000] {dag.py:3096} INFO - Sync 1 DAGs
[2026-05-09T11:31:19.751+0000] {logging_mixin.py:188} INFO - [2026-05-09T11:31:19.751+0000] {dag.py:3954} INFO - Setting next_dagrun for example_short_circuit_operator to 2026-05-08 00:00:00+00:00, run_after=2026-05-09 00:00:00+00:00
[2026-05-09T11:31:19.774+0000] {processor.py:183} INFO - Processing /home/vscode/.local/lib/python3.11/site-packages/airflow/example_dags/example_short_circuit_operator.py took 0.070 seconds
[2026-05-09T11:32:03.458+0000] {processor.py:161} INFO - Started process (PID=15710) to work on /home/vscode/.local/lib/python3.11/site-packages/airflow/example_dags/example_short_circuit_operator.py
[2026-05-09T11:32:03.458+0000] {processor.py:830} INFO - Processing file /home/vscode/.local/lib/python3.11/site-packages/airflow/example_dags/example_short_circuit_operator.py for tasks to queue
[2026-05-09T11:32:03.459+0000] {logging_mixin.py:188} INFO - [2026-05-09T11:32:03.459+0000] {dagbag.py:545} INFO - Filling up the DagBag from /home/vscode/.local/lib/python3.11/site-packages/airflow/example_dags/example_short_circuit_operator.py
[2026-05-09T11:32:03.466+0000] {processor.py:840} INFO - DAG(s) 'example_short_circuit_operator' retrieved from /home/vscode/.local/lib/python3.11/site-packages/airflow/example_dags/example_short_circuit_operator.py
[2026-05-09T11:32:03.482+0000] {logging_mixin.py:188} INFO - [2026-05-09T11:32:03.481+0000] {dag.py:3096} INFO - Sync 1 DAGs
[2026-05-09T11:32:03.496+0000] {logging_mixin.py:188} INFO - [2026-05-09T11:32:03.496+0000] {dag.py:3954} INFO - Setting next_dagrun for example_short_circuit_operator to 2026-05-08 00:00:00+00:00, run_after=2026-05-09 00:00:00+00:00
[2026-05-09T11:32:03.511+0000] {processor.py:183} INFO - Processing /home/vscode/.local/lib/python3.11/site-packages/airflow/example_dags/example_short_circuit_operator.py took 0.060 seconds
[2026-05-09T11:32:48.549+0000] {processor.py:161} INFO - Started process (PID=16103) to work on /home/vscode/.local/lib/python3.11/site-packages/airflow/example_dags/example_short_circuit_operator.py
[2026-05-09T11:32:48.550+0000] {processor.py:830} INFO - Processing file /home/vscode/.local/lib/python3.11/site-packages/airflow/example_dags/example_short_circuit_operator.py for tasks to queue
[2026-05-09T11:32:48.551+0000] {logging_mixin.py:188} INFO - [2026-05-09T11:32:48.550+0000] {dagbag.py:545} INFO - Filling up the DagBag from /home/vscode/.local/lib/python3.11/site-packages/airflow/example_dags/example_short_circuit_operator.py
[2026-05-09T11:32:48.558+0000] {processor.py:840} INFO - DAG(s) 'example_short_circuit_operator' retrieved from /home/vscode/.local/lib/python3.11/site-packages/airflow/example_dags/example_short_circuit_operator.py
[2026-05-09T11:32:48.573+0000] {logging_mixin.py:188} INFO - [2026-05-09T11:32:48.573+0000] {dag.py:3096} INFO - Sync 1 DAGs
[2026-05-09T11:32:48.589+0000] {logging_mixin.py:188} INFO - [2026-05-09T11:32:48.588+0000] {dag.py:3954} INFO - Setting next_dagrun for example_short_circuit_operator to 2026-05-08 00:00:00+00:00, run_after=2026-05-09 00:00:00+00:00
[2026-05-09T11:32:48.613+0000] {processor.py:183} INFO - Processing /home/vscode/.local/lib/python3.11/site-packages/airflow/example_dags/example_short_circuit_operator.py took 0.072 seconds
[2026-05-09T11:33:31.985+0000] {processor.py:161} INFO - Started process (PID=16416) to work on /home/vscode/.local/lib/python3.11/site-packages/airflow/example_dags/example_short_circuit_operator.py
[2026-05-09T11:33:31.985+0000] {processor.py:830} INFO - Processing file /home/vscode/.local/lib/python3.11/site-packages/airflow/example_dags/example_short_circuit_operator.py for tasks to queue
[2026-05-09T11:33:31.986+0000] {logging_mixin.py:188} INFO - [2026-05-09T11:33:31.986+0000] {dagbag.py:545} INFO - Filling up the DagBag from /home/vscode/.local/lib/python3.11/site-packages/airflow/example_dags/example_short_circuit_operator.py
[2026-05-09T11:33:31.992+0000] {processor.py:840} INFO - DAG(s) 'example_short_circuit_operator' retrieved from /home/vscode/.local/lib/python3.11/site-packages/airflow/example_dags/example_short_circuit_operator.py
[2026-05-09T11:33:32.041+0000] {logging_mixin.py:188} INFO - [2026-05-09T11:33:32.041+0000] {dag.py:3096} INFO - Sync 1 DAGs
[2026-05-09T11:33:32.097+0000] {logging_mixin.py:188} INFO - [2026-05-09T11:33:32.097+0000] {dag.py:3954} INFO - Setting next_dagrun for example_short_circuit_operator to 2026-05-08 00:00:00+00:00, run_after=2026-05-09 00:00:00+00:00
[2026-05-09T11:33:32.121+0000] {processor.py:183} INFO - Processing /home/vscode/.local/lib/python3.11/site-packages/airflow/example_dags/example_short_circuit_operator.py took 0.143 seconds
[2026-05-09T11:34:13.567+0000] {processor.py:161} INFO - Started process (PID=16852) to work on /home/vscode/.local/lib/python3.11/site-packages/airflow/example_dags/example_short_circuit_operator.py
[2026-05-09T11:34:13.568+0000] {processor.py:830} INFO - Processing file /home/vscode/.local/lib/python3.11/site-packages/airflow/example_dags/example_short_circuit_operator.py for tasks to queue
[2026-05-09T11:34:13.569+0000] {logging_mixin.py:188} INFO - [2026-05-09T11:34:13.568+0000] {dagbag.py:545} INFO - Filling up the DagBag from /home/vscode/.local/lib/python3.11/site-packages/airflow/example_dags/example_short_circuit_operator.py
[2026-05-09T11:34:13.575+0000] {processor.py:840} INFO - DAG(s) 'example_short_circuit_operator' retrieved from /home/vscode/.local/lib/python3.11/site-packages/airflow/example_dags/example_short_circuit_operator.py
[2026-05-09T11:34:13.591+0000] {logging_mixin.py:188} INFO - [2026-05-09T11:34:13.591+0000] {dag.py:3096} INFO - Sync 1 DAGs
[2026-05-09T11:34:13.611+0000] {logging_mixin.py:188} INFO - [2026-05-09T11:34:13.611+0000] {dag.py:3954} INFO - Setting next_dagrun for example_short_circuit_operator to 2026-05-08 00:00:00+00:00, run_after=2026-05-09 00:00:00+00:00
[2026-05-09T11:34:13.632+0000] {processor.py:183} INFO - Processing /home/vscode/.local/lib/python3.11/site-packages/airflow/example_dags/example_short_circuit_operator.py took 0.072 seconds
[2026-05-09T11:34:54.686+0000] {processor.py:161} INFO - Started process (PID=17220) to work on /home/vscode/.local/lib/python3.11/site-packages/airflow/example_dags/example_short_circuit_operator.py
[2026-05-09T11:34:54.686+0000] {processor.py:830} INFO - Processing file /home/vscode/.local/lib/python3.11/site-packages/airflow/example_dags/example_short_circuit_operator.py for tasks to queue
[2026-05-09T11:34:54.687+0000] {logging_mixin.py:188} INFO - [2026-05-09T11:34:54.686+0000] {dagbag.py:545} INFO - Filling up the DagBag from /home/vscode/.local/lib/python3.11/site-packages/airflow/example_dags/example_short_circuit_operator.py
[2026-05-09T11:34:54.693+0000] {processor.py:840} INFO - DAG(s) 'example_short_circuit_operator' retrieved from /home/vscode/.local/lib/python3.11/site-packages/airflow/example_dags/example_short_circuit_operator.py
[2026-05-09T11:34:54.706+0000] {logging_mixin.py:188} INFO - [2026-05-09T11:34:54.706+0000] {dag.py:3096} INFO - Sync 1 DAGs
[2026-05-09T11:34:54.721+0000] {logging_mixin.py:188} INFO - [2026-05-09T11:34:54.721+0000] {dag.py:3954} INFO - Setting next_dagrun for example_short_circuit_operator to 2026-05-08 00:00:00+00:00, run_after=2026-05-09 00:00:00+00:00
[2026-05-09T11:34:54.736+0000] {processor.py:183} INFO - Processing /home/vscode/.local/lib/python3.11/site-packages/airflow/example_dags/example_short_circuit_operator.py took 0.057 seconds
[2026-05-09T11:35:33.959+0000] {processor.py:161} INFO - Started process (PID=17571) to work on /home/vscode/.local/lib/python3.11/site-packages/airflow/example_dags/example_short_circuit_operator.py
[2026-05-09T11:35:33.960+0000] {processor.py:830} INFO - Processing file /home/vscode/.local/lib/python3.11/site-packages/airflow/example_dags/example_short_circuit_operator.py for tasks to queue
[2026-05-09T11:35:33.960+0000] {logging_mixin.py:188} INFO - [2026-05-09T11:35:33.960+0000] {dagbag.py:545} INFO - Filling up the DagBag from /home/vscode/.local/lib/python3.11/site-packages/airflow/example_dags/example_short_circuit_operator.py
[2026-05-09T11:35:33.966+0000] {processor.py:840} INFO - DAG(s) 'example_short_circuit_operator' retrieved from /home/vscode/.local/lib/python3.11/site-packages/airflow/example_dags/example_short_circuit_operator.py
[2026-05-09T11:35:33.979+0000] {logging_mixin.py:188} INFO - [2026-05-09T11:35:33.979+0000] {dag.py:3096} INFO - Sync 1 DAGs
[2026-05-09T11:35:33.993+0000] {logging_mixin.py:188} INFO - [2026-05-09T11:35:33.992+0000] {dag.py:3954} INFO - Setting next_dagrun for example_short_circuit_operator to 2026-05-08 00:00:00+00:00, run_after=2026-05-09 00:00:00+00:00
[2026-05-09T11:35:34.007+0000] {processor.py:183} INFO - Processing /home/vscode/.local/lib/python3.11/site-packages/airflow/example_dags/example_short_circuit_operator.py took 0.054 seconds
[2026-05-09T11:36:12.979+0000] {processor.py:161} INFO - Started process (PID=17864) to work on /home/vscode/.local/lib/python3.11/site-packages/airflow/example_dags/example_short_circuit_operator.py
[2026-05-09T11:36:12.979+0000] {processor.py:830} INFO - Processing file /home/vscode/.local/lib/python3.11/site-packages/airflow/example_dags/example_short_circuit_operator.py for tasks to queue
[2026-05-09T11:36:12.980+0000] {logging_mixin.py:188} INFO - [2026-05-09T11:36:12.980+0000] {dagbag.py:545} INFO - Filling up the DagBag from /home/vscode/.local/lib/python3.11/site-packages/airflow/example_dags/example_short_circuit_operator.py
[2026-05-09T11:36:12.986+0000] {processor.py:840} INFO - DAG(s) 'example_short_circuit_operator' retrieved from /home/vscode/.local/lib/python3.11/site-packages/airflow/example_dags/example_short_circuit_operator.py
[2026-05-09T11:36:12.999+0000] {logging_mixin.py:188} INFO - [2026-05-09T11:36:12.999+0000] {dag.py:3096} INFO - Sync 1 DAGs
[2026-05-09T11:36:13.025+0000] {logging_mixin.py:188} INFO - [2026-05-09T11:36:13.025+0000] {dag.py:3954} INFO - Setting next_dagrun for example_short_circuit_operator to 2026-05-08 00:00:00+00:00, run_after=2026-05-09 00:00:00+00:00
[2026-05-09T11:36:13.060+0000] {processor.py:183} INFO - Processing /home/vscode/.local/lib/python3.11/site-packages/airflow/example_dags/example_short_circuit_operator.py took 0.088 seconds
[2026-05-09T11:36:54.764+0000] {processor.py:161} INFO - Started process (PID=18224) to work on /home/vscode/.local/lib/python3.11/site-packages/airflow/example_dags/example_short_circuit_operator.py
[2026-05-09T11:36:54.765+0000] {processor.py:830} INFO - Processing file /home/vscode/.local/lib/python3.11/site-packages/airflow/example_dags/example_short_circuit_operator.py for tasks to queue
[2026-05-09T11:36:54.765+0000] {logging_mixin.py:188} INFO - [2026-05-09T11:36:54.765+0000] {dagbag.py:545} INFO - Filling up the DagBag from /home/vscode/.local/lib/python3.11/site-packages/airflow/example_dags/example_short_circuit_operator.py
[2026-05-09T11:36:54.771+0000] {processor.py:840} INFO - DAG(s) 'example_short_circuit_operator' retrieved from /home/vscode/.local/lib/python3.11/site-packages/airflow/example_dags/example_short_circuit_operator.py
[2026-05-09T11:36:54.784+0000] {logging_mixin.py:188} INFO - [2026-05-09T11:36:54.784+0000] {dag.py:3096} INFO - Sync 1 DAGs
[2026-05-09T11:36:54.800+0000] {logging_mixin.py:188} INFO - [2026-05-09T11:36:54.800+0000] {dag.py:3954} INFO - Setting next_dagrun for example_short_circuit_operator to 2026-05-08 00:00:00+00:00, run_after=2026-05-09 00:00:00+00:00
[2026-05-09T11:36:54.818+0000] {processor.py:183} INFO - Processing /home/vscode/.local/lib/python3.11/site-packages/airflow/example_dags/example_short_circuit_operator.py took 0.060 seconds
[2026-05-09T11:37:35.244+0000] {processor.py:161} INFO - Started process (PID=18752) to work on /home/vscode/.local/lib/python3.11/site-packages/airflow/example_dags/example_short_circuit_operator.py
[2026-05-09T11:37:35.245+0000] {processor.py:830} INFO - Processing file /home/vscode/.local/lib/python3.11/site-packages/airflow/example_dags/example_short_circuit_operator.py for tasks to queue
[2026-05-09T11:37:35.245+0000] {logging_mixin.py:188} INFO - [2026-05-09T11:37:35.245+0000] {dagbag.py:545} INFO - Filling up the DagBag from /home/vscode/.local/lib/python3.11/site-packages/airflow/example_dags/example_short_circuit_operator.py
[2026-05-09T11:37:35.251+0000] {processor.py:840} INFO - DAG(s) 'example_short_circuit_operator' retrieved from /home/vscode/.local/lib/python3.11/site-packages/airflow/example_dags/example_short_circuit_operator.py
[2026-05-09T11:37:35.265+0000] {logging_mixin.py:188} INFO - [2026-05-09T11:37:35.265+0000] {dag.py:3096} INFO - Sync 1 DAGs
[2026-05-09T11:37:35.279+0000] {logging_mixin.py:188} INFO - [2026-05-09T11:37:35.279+0000] {dag.py:3954} INFO - Setting next_dagrun for example_short_circuit_operator to 2026-05-08 00:00:00+00:00, run_after=2026-05-09 00:00:00+00:00
[2026-05-09T11:37:35.294+0000] {processor.py:183} INFO - Processing /home/vscode/.local/lib/python3.11/site-packages/airflow/example_dags/example_short_circuit_operator.py took 0.057 seconds
[2026-05-09T11:38:16.879+0000] {processor.py:161} INFO - Started process (PID=19275) to work on /home/vscode/.local/lib/python3.11/site-packages/airflow/example_dags/example_short_circuit_operator.py
[2026-05-09T11:38:16.879+0000] {processor.py:830} INFO - Processing file /home/vscode/.local/lib/python3.11/site-packages/airflow/example_dags/example_short_circuit_operator.py for tasks to queue
[2026-05-09T11:38:16.880+0000] {logging_mixin.py:188} INFO - [2026-05-09T11:38:16.879+0000] {dagbag.py:545} INFO - Filling up the DagBag from /home/vscode/.local/lib/python3.11/site-packages/airflow/example_dags/example_short_circuit_operator.py
[2026-05-09T11:38:16.886+0000] {processor.py:840} INFO - DAG(s) 'example_short_circuit_operator' retrieved from /home/vscode/.local/lib/python3.11/site-packages/airflow/example_dags/example_short_circuit_operator.py
[2026-05-09T11:38:16.899+0000] {logging_mixin.py:188} INFO - [2026-05-09T11:38:16.899+0000] {dag.py:3096} INFO - Sync 1 DAGs
[2026-05-09T11:38:16.913+0000] {logging_mixin.py:188} INFO - [2026-05-09T11:38:16.912+0000] {dag.py:3954} INFO - Setting next_dagrun for example_short_circuit_operator to 2026-05-08 00:00:00+00:00, run_after=2026-05-09 00:00:00+00:00
[2026-05-09T11:38:16.929+0000] {processor.py:183} INFO - Processing /home/vscode/.local/lib/python3.11/site-packages/airflow/example_dags/example_short_circuit_operator.py took 0.057 seconds
[2026-05-09T11:38:58.058+0000] {processor.py:161} INFO - Started process (PID=19687) to work on /home/vscode/.local/lib/python3.11/site-packages/airflow/example_dags/example_short_circuit_operator.py
[2026-05-09T11:38:58.058+0000] {processor.py:830} INFO - Processing file /home/vscode/.local/lib/python3.11/site-packages/airflow/example_dags/example_short_circuit_operator.py for tasks to queue
[2026-05-09T11:38:58.059+0000] {logging_mixin.py:188} INFO - [2026-05-09T11:38:58.058+0000] {dagbag.py:545} INFO - Filling up the DagBag from /home/vscode/.local/lib/python3.11/site-packages/airflow/example_dags/example_short_circuit_operator.py
[2026-05-09T11:38:58.065+0000] {processor.py:840} INFO - DAG(s) 'example_short_circuit_operator' retrieved from /home/vscode/.local/lib/python3.11/site-packages/airflow/example_dags/example_short_circuit_operator.py
[2026-05-09T11:38:58.078+0000] {logging_mixin.py:188} INFO - [2026-05-09T11:38:58.078+0000] {dag.py:3096} INFO - Sync 1 DAGs
[2026-05-09T11:38:58.092+0000] {logging_mixin.py:188} INFO - [2026-05-09T11:38:58.092+0000] {dag.py:3954} INFO - Setting next_dagrun for example_short_circuit_operator to 2026-05-08 00:00:00+00:00, run_after=2026-05-09 00:00:00+00:00
[2026-05-09T11:38:58.108+0000] {processor.py:183} INFO - Processing /home/vscode/.local/lib/python3.11/site-packages/airflow/example_dags/example_short_circuit_operator.py took 0.057 seconds
[2026-05-09T11:39:38.156+0000] {processor.py:161} INFO - Started process (PID=20323) to work on /home/vscode/.local/lib/python3.11/site-packages/airflow/example_dags/example_short_circuit_operator.py
[2026-05-09T11:39:38.157+0000] {processor.py:830} INFO - Processing file /home/vscode/.local/lib/python3.11/site-packages/airflow/example_dags/example_short_circuit_operator.py for tasks to queue
[2026-05-09T11:39:38.157+0000] {logging_mixin.py:188} INFO - [2026-05-09T11:39:38.157+0000] {dagbag.py:545} INFO - Filling up the DagBag from /home/vscode/.local/lib/python3.11/site-packages/airflow/example_dags/example_short_circuit_operator.py
[2026-05-09T11:39:38.163+0000] {processor.py:840} INFO - DAG(s) 'example_short_circuit_operator' retrieved from /home/vscode/.local/lib/python3.11/site-packages/airflow/example_dags/example_short_circuit_operator.py
[2026-05-09T11:39:38.177+0000] {logging_mixin.py:188} INFO - [2026-05-09T11:39:38.177+0000] {dag.py:3096} INFO - Sync 1 DAGs
[2026-05-09T11:39:38.191+0000] {logging_mixin.py:188} INFO - [2026-05-09T11:39:38.191+0000] {dag.py:3954} INFO - Setting next_dagrun for example_short_circuit_operator to 2026-05-08 00:00:00+00:00, run_after=2026-05-09 00:00:00+00:00
[2026-05-09T11:39:38.208+0000] {processor.py:183} INFO - Processing /home/vscode/.local/lib/python3.11/site-packages/airflow/example_dags/example_short_circuit_operator.py took 0.058 seconds
[2026-05-09T11:40:19.310+0000] {processor.py:161} INFO - Started process (PID=20601) to work on /home/vscode/.local/lib/python3.11/site-packages/airflow/example_dags/example_short_circuit_operator.py
[2026-05-09T11:40:19.311+0000] {processor.py:830} INFO - Processing file /home/vscode/.local/lib/python3.11/site-packages/airflow/example_dags/example_short_circuit_operator.py for tasks to queue
[2026-05-09T11:40:19.311+0000] {logging_mixin.py:188} INFO - [2026-05-09T11:40:19.311+0000] {dagbag.py:545} INFO - Filling up the DagBag from /home/vscode/.local/lib/python3.11/site-packages/airflow/example_dags/example_short_circuit_operator.py
[2026-05-09T11:40:19.317+0000] {processor.py:840} INFO - DAG(s) 'example_short_circuit_operator' retrieved from /home/vscode/.local/lib/python3.11/site-packages/airflow/example_dags/example_short_circuit_operator.py
[2026-05-09T11:40:19.331+0000] {logging_mixin.py:188} INFO - [2026-05-09T11:40:19.331+0000] {dag.py:3096} INFO - Sync 1 DAGs
[2026-05-09T11:40:19.346+0000] {logging_mixin.py:188} INFO - [2026-05-09T11:40:19.346+0000] {dag.py:3954} INFO - Setting next_dagrun for example_short_circuit_operator to 2026-05-08 00:00:00+00:00, run_after=2026-05-09 00:00:00+00:00
[2026-05-09T11:40:19.362+0000] {processor.py:183} INFO - Processing /home/vscode/.local/lib/python3.11/site-packages/airflow/example_dags/example_short_circuit_operator.py took 0.059 seconds
[2026-05-09T11:41:00.995+0000] {processor.py:161} INFO - Started process (PID=21025) to work on /home/vscode/.local/lib/python3.11/site-packages/airflow/example_dags/example_short_circuit_operator.py
[2026-05-09T11:41:00.995+0000] {processor.py:830} INFO - Processing file /home/vscode/.local/lib/python3.11/site-packages/airflow/example_dags/example_short_circuit_operator.py for tasks to queue
[2026-05-09T11:41:00.996+0000] {logging_mixin.py:188} INFO - [2026-05-09T11:41:00.995+0000] {dagbag.py:545} INFO - Filling up the DagBag from /home/vscode/.local/lib/python3.11/site-packages/airflow/example_dags/example_short_circuit_operator.py
[2026-05-09T11:41:01.002+0000] {processor.py:840} INFO - DAG(s) 'example_short_circuit_operator' retrieved from /home/vscode/.local/lib/python3.11/site-packages/airflow/example_dags/example_short_circuit_operator.py
[2026-05-09T11:41:01.019+0000] {logging_mixin.py:188} INFO - [2026-05-09T11:41:01.018+0000] {dag.py:3096} INFO - Sync 1 DAGs
[2026-05-09T11:41:01.035+0000] {logging_mixin.py:188} INFO - [2026-05-09T11:41:01.034+0000] {dag.py:3954} INFO - Setting next_dagrun for example_short_circuit_operator to 2026-05-08 00:00:00+00:00, run_after=2026-05-09 00:00:00+00:00
[2026-05-09T11:41:01.050+0000] {processor.py:183} INFO - Processing /home/vscode/.local/lib/python3.11/site-packages/airflow/example_dags/example_short_circuit_operator.py took 0.062 seconds
[2026-05-09T11:41:45.780+0000] {processor.py:161} INFO - Started process (PID=21497) to work on /home/vscode/.local/lib/python3.11/site-packages/airflow/example_dags/example_short_circuit_operator.py
[2026-05-09T11:41:45.784+0000] {processor.py:830} INFO - Processing file /home/vscode/.local/lib/python3.11/site-packages/airflow/example_dags/example_short_circuit_operator.py for tasks to queue
[2026-05-09T11:41:45.785+0000] {logging_mixin.py:188} INFO - [2026-05-09T11:41:45.785+0000] {dagbag.py:545} INFO - Filling up the DagBag from /home/vscode/.local/lib/python3.11/site-packages/airflow/example_dags/example_short_circuit_operator.py
[2026-05-09T11:41:45.813+0000] {processor.py:840} INFO - DAG(s) 'example_short_circuit_operator' retrieved from /home/vscode/.local/lib/python3.11/site-packages/airflow/example_dags/example_short_circuit_operator.py
[2026-05-09T11:41:45.848+0000] {logging_mixin.py:188} INFO - [2026-05-09T11:41:45.848+0000] {dag.py:3096} INFO - Sync 1 DAGs
[2026-05-09T11:41:45.873+0000] {logging_mixin.py:188} INFO - [2026-05-09T11:41:45.873+0000] {dag.py:3954} INFO - Setting next_dagrun for example_short_circuit_operator to 2026-05-08 00:00:00+00:00, run_after=2026-05-09 00:00:00+00:00
[2026-05-09T11:41:45.911+0000] {processor.py:183} INFO - Processing /home/vscode/.local/lib/python3.11/site-packages/airflow/example_dags/example_short_circuit_operator.py took 0.143 seconds
[2026-05-09T11:42:29.970+0000] {processor.py:161} INFO - Started process (PID=21824) to work on /home/vscode/.local/lib/python3.11/site-packages/airflow/example_dags/example_short_circuit_operator.py
[2026-05-09T11:42:29.970+0000] {processor.py:830} INFO - Processing file /home/vscode/.local/lib/python3.11/site-packages/airflow/example_dags/example_short_circuit_operator.py for tasks to queue
[2026-05-09T11:42:29.971+0000] {logging_mixin.py:188} INFO - [2026-05-09T11:42:29.970+0000] {dagbag.py:545} INFO - Filling up the DagBag from /home/vscode/.local/lib/python3.11/site-packages/airflow/example_dags/example_short_circuit_operator.py
[2026-05-09T11:42:29.977+0000] {processor.py:840} INFO - DAG(s) 'example_short_circuit_operator' retrieved from /home/vscode/.local/lib/python3.11/site-packages/airflow/example_dags/example_short_circuit_operator.py
[2026-05-09T11:42:29.990+0000] {logging_mixin.py:188} INFO - [2026-05-09T11:42:29.990+0000] {dag.py:3096} INFO - Sync 1 DAGs
[2026-05-09T11:42:30.004+0000] {logging_mixin.py:188} INFO - [2026-05-09T11:42:30.004+0000] {dag.py:3954} INFO - Setting next_dagrun for example_short_circuit_operator to 2026-05-08 00:00:00+00:00, run_after=2026-05-09 00:00:00+00:00
[2026-05-09T11:42:30.019+0000] {processor.py:183} INFO - Processing /home/vscode/.local/lib/python3.11/site-packages/airflow/example_dags/example_short_circuit_operator.py took 0.057 seconds
[2026-05-09T11:43:14.334+0000] {processor.py:161} INFO - Started process (PID=22207) to work on /home/vscode/.local/lib/python3.11/site-packages/airflow/example_dags/example_short_circuit_operator.py
[2026-05-09T11:43:14.335+0000] {processor.py:830} INFO - Processing file /home/vscode/.local/lib/python3.11/site-packages/airflow/example_dags/example_short_circuit_operator.py for tasks to queue
[2026-05-09T11:43:14.335+0000] {logging_mixin.py:188} INFO - [2026-05-09T11:43:14.335+0000] {dagbag.py:545} INFO - Filling up the DagBag from /home/vscode/.local/lib/python3.11/site-packages/airflow/example_dags/example_short_circuit_operator.py
[2026-05-09T11:43:14.341+0000] {processor.py:840} INFO - DAG(s) 'example_short_circuit_operator' retrieved from /home/vscode/.local/lib/python3.11/site-packages/airflow/example_dags/example_short_circuit_operator.py
[2026-05-09T11:43:14.355+0000] {logging_mixin.py:188} INFO - [2026-05-09T11:43:14.355+0000] {dag.py:3096} INFO - Sync 1 DAGs
[2026-05-09T11:43:14.369+0000] {logging_mixin.py:188} INFO - [2026-05-09T11:43:14.369+0000] {dag.py:3954} INFO - Setting next_dagrun for example_short_circuit_operator to 2026-05-08 00:00:00+00:00, run_after=2026-05-09 00:00:00+00:00
[2026-05-09T11:43:14.387+0000] {processor.py:183} INFO - Processing /home/vscode/.local/lib/python3.11/site-packages/airflow/example_dags/example_short_circuit_operator.py took 0.059 seconds
[2026-05-09T11:43:58.697+0000] {processor.py:161} INFO - Started process (PID=22658) to work on /home/vscode/.local/lib/python3.11/site-packages/airflow/example_dags/example_short_circuit_operator.py
[2026-05-09T11:43:58.697+0000] {processor.py:830} INFO - Processing file /home/vscode/.local/lib/python3.11/site-packages/airflow/example_dags/example_short_circuit_operator.py for tasks to queue
[2026-05-09T11:43:58.698+0000] {logging_mixin.py:188} INFO - [2026-05-09T11:43:58.698+0000] {dagbag.py:545} INFO - Filling up the DagBag from /home/vscode/.local/lib/python3.11/site-packages/airflow/example_dags/example_short_circuit_operator.py
[2026-05-09T11:43:58.706+0000] {processor.py:840} INFO - DAG(s) 'example_short_circuit_operator' retrieved from /home/vscode/.local/lib/python3.11/site-packages/airflow/example_dags/example_short_circuit_operator.py
[2026-05-09T11:43:58.737+0000] {logging_mixin.py:188} INFO - [2026-05-09T11:43:58.736+0000] {dag.py:3096} INFO - Sync 1 DAGs
[2026-05-09T11:43:58.752+0000] {logging_mixin.py:188} INFO - [2026-05-09T11:43:58.752+0000] {dag.py:3954} INFO - Setting next_dagrun for example_short_circuit_operator to 2026-05-08 00:00:00+00:00, run_after=2026-05-09 00:00:00+00:00
[2026-05-09T11:43:58.767+0000] {processor.py:183} INFO - Processing /home/vscode/.local/lib/python3.11/site-packages/airflow/example_dags/example_short_circuit_operator.py took 0.080 seconds
[2026-05-09T11:44:38.424+0000] {processor.py:161} INFO - Started process (PID=23013) to work on /home/vscode/.local/lib/python3.11/site-packages/airflow/example_dags/example_short_circuit_operator.py
[2026-05-09T11:44:38.424+0000] {processor.py:830} INFO - Processing file /home/vscode/.local/lib/python3.11/site-packages/airflow/example_dags/example_short_circuit_operator.py for tasks to queue
[2026-05-09T11:44:38.425+0000] {logging_mixin.py:188} INFO - [2026-05-09T11:44:38.425+0000] {dagbag.py:545} INFO - Filling up the DagBag from /home/vscode/.local/lib/python3.11/site-packages/airflow/example_dags/example_short_circuit_operator.py
[2026-05-09T11:44:38.431+0000] {processor.py:840} INFO - DAG(s) 'example_short_circuit_operator' retrieved from /home/vscode/.local/lib/python3.11/site-packages/airflow/example_dags/example_short_circuit_operator.py
[2026-05-09T11:44:38.444+0000] {logging_mixin.py:188} INFO - [2026-05-09T11:44:38.444+0000] {dag.py:3096} INFO - Sync 1 DAGs
[2026-05-09T11:44:38.458+0000] {logging_mixin.py:188} INFO - [2026-05-09T11:44:38.458+0000] {dag.py:3954} INFO - Setting next_dagrun for example_short_circuit_operator to 2026-05-08 00:00:00+00:00, run_after=2026-05-09 00:00:00+00:00
[2026-05-09T11:44:38.481+0000] {processor.py:183} INFO - Processing /home/vscode/.local/lib/python3.11/site-packages/airflow/example_dags/example_short_circuit_operator.py took 0.064 seconds
[2026-05-09T11:45:21.905+0000] {processor.py:161} INFO - Started process (PID=23332) to work on /home/vscode/.local/lib/python3.11/site-packages/airflow/example_dags/example_short_circuit_operator.py
[2026-05-09T11:45:21.910+0000] {processor.py:830} INFO - Processing file /home/vscode/.local/lib/python3.11/site-packages/airflow/example_dags/example_short_circuit_operator.py for tasks to queue
[2026-05-09T11:45:21.910+0000] {logging_mixin.py:188} INFO - [2026-05-09T11:45:21.910+0000] {dagbag.py:545} INFO - Filling up the DagBag from /home/vscode/.local/lib/python3.11/site-packages/airflow/example_dags/example_short_circuit_operator.py
[2026-05-09T11:45:21.920+0000] {processor.py:840} INFO - DAG(s) 'example_short_circuit_operator' retrieved from /home/vscode/.local/lib/python3.11/site-packages/airflow/example_dags/example_short_circuit_operator.py
[2026-05-09T11:45:21.934+0000] {logging_mixin.py:188} INFO - [2026-05-09T11:45:21.934+0000] {dag.py:3096} INFO - Sync 1 DAGs
[2026-05-09T11:45:21.948+0000] {logging_mixin.py:188} INFO - [2026-05-09T11:45:21.948+0000] {dag.py:3954} INFO - Setting next_dagrun for example_short_circuit_operator to 2026-05-08 00:00:00+00:00, run_after=2026-05-09 00:00:00+00:00
[2026-05-09T11:45:21.964+0000] {processor.py:183} INFO - Processing /home/vscode/.local/lib/python3.11/site-packages/airflow/example_dags/example_short_circuit_operator.py took 0.072 seconds
[2026-05-09T11:46:05.901+0000] {processor.py:161} INFO - Started process (PID=23715) to work on /home/vscode/.local/lib/python3.11/site-packages/airflow/example_dags/example_short_circuit_operator.py
[2026-05-09T11:46:05.904+0000] {processor.py:830} INFO - Processing file /home/vscode/.local/lib/python3.11/site-packages/airflow/example_dags/example_short_circuit_operator.py for tasks to queue
[2026-05-09T11:46:05.905+0000] {logging_mixin.py:188} INFO - [2026-05-09T11:46:05.905+0000] {dagbag.py:545} INFO - Filling up the DagBag from /home/vscode/.local/lib/python3.11/site-packages/airflow/example_dags/example_short_circuit_operator.py
[2026-05-09T11:46:05.912+0000] {processor.py:840} INFO - DAG(s) 'example_short_circuit_operator' retrieved from /home/vscode/.local/lib/python3.11/site-packages/airflow/example_dags/example_short_circuit_operator.py
[2026-05-09T11:46:05.934+0000] {logging_mixin.py:188} INFO - [2026-05-09T11:46:05.934+0000] {dag.py:3096} INFO - Sync 1 DAGs
[2026-05-09T11:46:05.958+0000] {logging_mixin.py:188} INFO - [2026-05-09T11:46:05.957+0000] {dag.py:3954} INFO - Setting next_dagrun for example_short_circuit_operator to 2026-05-08 00:00:00+00:00, run_after=2026-05-09 00:00:00+00:00
[2026-05-09T11:46:05.983+0000] {processor.py:183} INFO - Processing /home/vscode/.local/lib/python3.11/site-packages/airflow/example_dags/example_short_circuit_operator.py took 0.094 seconds
[2026-05-09T11:46:49.643+0000] {processor.py:161} INFO - Started process (PID=24099) to work on /home/vscode/.local/lib/python3.11/site-packages/airflow/example_dags/example_short_circuit_operator.py
[2026-05-09T11:46:49.643+0000] {processor.py:830} INFO - Processing file /home/vscode/.local/lib/python3.11/site-packages/airflow/example_dags/example_short_circuit_operator.py for tasks to queue
[2026-05-09T11:46:49.644+0000] {logging_mixin.py:188} INFO - [2026-05-09T11:46:49.644+0000] {dagbag.py:545} INFO - Filling up the DagBag from /home/vscode/.local/lib/python3.11/site-packages/airflow/example_dags/example_short_circuit_operator.py
[2026-05-09T11:46:49.653+0000] {processor.py:840} INFO - DAG(s) 'example_short_circuit_operator' retrieved from /home/vscode/.local/lib/python3.11/site-packages/airflow/example_dags/example_short_circuit_operator.py
[2026-05-09T11:46:49.673+0000] {logging_mixin.py:188} INFO - [2026-05-09T11:46:49.673+0000] {dag.py:3096} INFO - Sync 1 DAGs
[2026-05-09T11:46:49.688+0000] {logging_mixin.py:188} INFO - [2026-05-09T11:46:49.688+0000] {dag.py:3954} INFO - Setting next_dagrun for example_short_circuit_operator to 2026-05-08 00:00:00+00:00, run_after=2026-05-09 00:00:00+00:00
[2026-05-09T11:46:49.703+0000] {processor.py:183} INFO - Processing /home/vscode/.local/lib/python3.11/site-packages/airflow/example_dags/example_short_circuit_operator.py took 0.068 seconds
[2026-05-09T11:47:34.692+0000] {processor.py:161} INFO - Started process (PID=24636) to work on /home/vscode/.local/lib/python3.11/site-packages/airflow/example_dags/example_short_circuit_operator.py
[2026-05-09T11:47:34.693+0000] {processor.py:830} INFO - Processing file /home/vscode/.local/lib/python3.11/site-packages/airflow/example_dags/example_short_circuit_operator.py for tasks to queue
[2026-05-09T11:47:34.694+0000] {logging_mixin.py:188} INFO - [2026-05-09T11:47:34.693+0000] {dagbag.py:545} INFO - Filling up the DagBag from /home/vscode/.local/lib/python3.11/site-packages/airflow/example_dags/example_short_circuit_operator.py
[2026-05-09T11:47:34.699+0000] {processor.py:840} INFO - DAG(s) 'example_short_circuit_operator' retrieved from /home/vscode/.local/lib/python3.11/site-packages/airflow/example_dags/example_short_circuit_operator.py
[2026-05-09T11:47:34.713+0000] {logging_mixin.py:188} INFO - [2026-05-09T11:47:34.712+0000] {dag.py:3096} INFO - Sync 1 DAGs
[2026-05-09T11:47:34.727+0000] {logging_mixin.py:188} INFO - [2026-05-09T11:47:34.727+0000] {dag.py:3954} INFO - Setting next_dagrun for example_short_circuit_operator to 2026-05-08 00:00:00+00:00, run_after=2026-05-09 00:00:00+00:00
[2026-05-09T11:47:34.743+0000] {processor.py:183} INFO - Processing /home/vscode/.local/lib/python3.11/site-packages/airflow/example_dags/example_short_circuit_operator.py took 0.057 seconds
[2026-05-09T11:48:18.459+0000] {processor.py:161} INFO - Started process (PID=24938) to work on /home/vscode/.local/lib/python3.11/site-packages/airflow/example_dags/example_short_circuit_operator.py
[2026-05-09T11:48:18.460+0000] {processor.py:830} INFO - Processing file /home/vscode/.local/lib/python3.11/site-packages/airflow/example_dags/example_short_circuit_operator.py for tasks to queue
[2026-05-09T11:48:18.460+0000] {logging_mixin.py:188} INFO - [2026-05-09T11:48:18.460+0000] {dagbag.py:545} INFO - Filling up the DagBag from /home/vscode/.local/lib/python3.11/site-packages/airflow/example_dags/example_short_circuit_operator.py
[2026-05-09T11:48:18.466+0000] {processor.py:840} INFO - DAG(s) 'example_short_circuit_operator' retrieved from /home/vscode/.local/lib/python3.11/site-packages/airflow/example_dags/example_short_circuit_operator.py
[2026-05-09T11:48:18.482+0000] {logging_mixin.py:188} INFO - [2026-05-09T11:48:18.482+0000] {dag.py:3096} INFO - Sync 1 DAGs
[2026-05-09T11:48:18.509+0000] {logging_mixin.py:188} INFO - [2026-05-09T11:48:18.509+0000] {dag.py:3954} INFO - Setting next_dagrun for example_short_circuit_operator to 2026-05-08 00:00:00+00:00, run_after=2026-05-09 00:00:00+00:00
[2026-05-09T11:48:18.542+0000] {processor.py:183} INFO - Processing /home/vscode/.local/lib/python3.11/site-packages/airflow/example_dags/example_short_circuit_operator.py took 0.089 seconds
[2026-05-09T11:49:00.678+0000] {processor.py:161} INFO - Started process (PID=25379) to work on /home/vscode/.local/lib/python3.11/site-packages/airflow/example_dags/example_short_circuit_operator.py
[2026-05-09T11:49:00.679+0000] {processor.py:830} INFO - Processing file /home/vscode/.local/lib/python3.11/site-packages/airflow/example_dags/example_short_circuit_operator.py for tasks to queue
[2026-05-09T11:49:00.680+0000] {logging_mixin.py:188} INFO - [2026-05-09T11:49:00.680+0000] {dagbag.py:545} INFO - Filling up the DagBag from /home/vscode/.local/lib/python3.11/site-packages/airflow/example_dags/example_short_circuit_operator.py
[2026-05-09T11:49:00.689+0000] {processor.py:840} INFO - DAG(s) 'example_short_circuit_operator' retrieved from /home/vscode/.local/lib/python3.11/site-packages/airflow/example_dags/example_short_circuit_operator.py
[2026-05-09T11:49:00.711+0000] {logging_mixin.py:188} INFO - [2026-05-09T11:49:00.711+0000] {dag.py:3096} INFO - Sync 1 DAGs
[2026-05-09T11:49:00.734+0000] {logging_mixin.py:188} INFO - [2026-05-09T11:49:00.734+0000] {dag.py:3954} INFO - Setting next_dagrun for example_short_circuit_operator to 2026-05-08 00:00:00+00:00, run_after=2026-05-09 00:00:00+00:00
[2026-05-09T11:49:00.750+0000] {processor.py:183} INFO - Processing /home/vscode/.local/lib/python3.11/site-packages/airflow/example_dags/example_short_circuit_operator.py took 0.085 seconds
[2026-05-09T11:50:01.278+0000] {processor.py:161} INFO - Started process (PID=25942) to work on /home/vscode/.local/lib/python3.11/site-packages/airflow/example_dags/example_short_circuit_operator.py
[2026-05-09T11:50:01.279+0000] {processor.py:830} INFO - Processing file /home/vscode/.local/lib/python3.11/site-packages/airflow/example_dags/example_short_circuit_operator.py for tasks to queue
[2026-05-09T11:50:01.279+0000] {logging_mixin.py:188} INFO - [2026-05-09T11:50:01.279+0000] {dagbag.py:545} INFO - Filling up the DagBag from /home/vscode/.local/lib/python3.11/site-packages/airflow/example_dags/example_short_circuit_operator.py
[2026-05-09T11:50:01.286+0000] {processor.py:840} INFO - DAG(s) 'example_short_circuit_operator' retrieved from /home/vscode/.local/lib/python3.11/site-packages/airflow/example_dags/example_short_circuit_operator.py
[2026-05-09T11:50:01.299+0000] {logging_mixin.py:188} INFO - [2026-05-09T11:50:01.299+0000] {dag.py:3096} INFO - Sync 1 DAGs
[2026-05-09T11:50:01.312+0000] {logging_mixin.py:188} INFO - [2026-05-09T11:50:01.312+0000] {dag.py:3954} INFO - Setting next_dagrun for example_short_circuit_operator to 2026-05-08 00:00:00+00:00, run_after=2026-05-09 00:00:00+00:00
[2026-05-09T11:50:01.327+0000] {processor.py:183} INFO - Processing /home/vscode/.local/lib/python3.11/site-packages/airflow/example_dags/example_short_circuit_operator.py took 0.056 seconds
[2026-05-09T11:50:44.660+0000] {processor.py:161} INFO - Started process (PID=26382) to work on /home/vscode/.local/lib/python3.11/site-packages/airflow/example_dags/example_short_circuit_operator.py
[2026-05-09T11:50:44.660+0000] {processor.py:830} INFO - Processing file /home/vscode/.local/lib/python3.11/site-packages/airflow/example_dags/example_short_circuit_operator.py for tasks to queue
[2026-05-09T11:50:44.661+0000] {logging_mixin.py:188} INFO - [2026-05-09T11:50:44.661+0000] {dagbag.py:545} INFO - Filling up the DagBag from /home/vscode/.local/lib/python3.11/site-packages/airflow/example_dags/example_short_circuit_operator.py
[2026-05-09T11:50:44.667+0000] {processor.py:840} INFO - DAG(s) 'example_short_circuit_operator' retrieved from /home/vscode/.local/lib/python3.11/site-packages/airflow/example_dags/example_short_circuit_operator.py
[2026-05-09T11:50:44.680+0000] {logging_mixin.py:188} INFO - [2026-05-09T11:50:44.680+0000] {dag.py:3096} INFO - Sync 1 DAGs
[2026-05-09T11:50:44.694+0000] {logging_mixin.py:188} INFO - [2026-05-09T11:50:44.694+0000] {dag.py:3954} INFO - Setting next_dagrun for example_short_circuit_operator to 2026-05-08 00:00:00+00:00, run_after=2026-05-09 00:00:00+00:00
[2026-05-09T11:50:44.711+0000] {processor.py:183} INFO - Processing /home/vscode/.local/lib/python3.11/site-packages/airflow/example_dags/example_short_circuit_operator.py took 0.057 seconds
[2026-05-09T11:51:27.363+0000] {processor.py:161} INFO - Started process (PID=26885) to work on /home/vscode/.local/lib/python3.11/site-packages/airflow/example_dags/example_short_circuit_operator.py
[2026-05-09T11:51:27.364+0000] {processor.py:830} INFO - Processing file /home/vscode/.local/lib/python3.11/site-packages/airflow/example_dags/example_short_circuit_operator.py for tasks to queue
[2026-05-09T11:51:27.364+0000] {logging_mixin.py:188} INFO - [2026-05-09T11:51:27.364+0000] {dagbag.py:545} INFO - Filling up the DagBag from /home/vscode/.local/lib/python3.11/site-packages/airflow/example_dags/example_short_circuit_operator.py
[2026-05-09T11:51:27.370+0000] {processor.py:840} INFO - DAG(s) 'example_short_circuit_operator' retrieved from /home/vscode/.local/lib/python3.11/site-packages/airflow/example_dags/example_short_circuit_operator.py
[2026-05-09T11:51:27.383+0000] {logging_mixin.py:188} INFO - [2026-05-09T11:51:27.383+0000] {dag.py:3096} INFO - Sync 1 DAGs
[2026-05-09T11:51:27.397+0000] {logging_mixin.py:188} INFO - [2026-05-09T11:51:27.397+0000] {dag.py:3954} INFO - Setting next_dagrun for example_short_circuit_operator to 2026-05-08 00:00:00+00:00, run_after=2026-05-09 00:00:00+00:00
[2026-05-09T11:51:27.412+0000] {processor.py:183} INFO - Processing /home/vscode/.local/lib/python3.11/site-packages/airflow/example_dags/example_short_circuit_operator.py took 0.056 seconds
[2026-05-09T11:52:09.441+0000] {processor.py:161} INFO - Started process (PID=27300) to work on /home/vscode/.local/lib/python3.11/site-packages/airflow/example_dags/example_short_circuit_operator.py
[2026-05-09T11:52:09.442+0000] {processor.py:830} INFO - Processing file /home/vscode/.local/lib/python3.11/site-packages/airflow/example_dags/example_short_circuit_operator.py for tasks to queue
[2026-05-09T11:52:09.443+0000] {logging_mixin.py:188} INFO - [2026-05-09T11:52:09.442+0000] {dagbag.py:545} INFO - Filling up the DagBag from /home/vscode/.local/lib/python3.11/site-packages/airflow/example_dags/example_short_circuit_operator.py
[2026-05-09T11:52:09.449+0000] {processor.py:840} INFO - DAG(s) 'example_short_circuit_operator' retrieved from /home/vscode/.local/lib/python3.11/site-packages/airflow/example_dags/example_short_circuit_operator.py
[2026-05-09T11:52:09.462+0000] {logging_mixin.py:188} INFO - [2026-05-09T11:52:09.462+0000] {dag.py:3096} INFO - Sync 1 DAGs
[2026-05-09T11:52:09.476+0000] {logging_mixin.py:188} INFO - [2026-05-09T11:52:09.476+0000] {dag.py:3954} INFO - Setting next_dagrun for example_short_circuit_operator to 2026-05-08 00:00:00+00:00, run_after=2026-05-09 00:00:00+00:00
[2026-05-09T11:52:09.492+0000] {processor.py:183} INFO - Processing /home/vscode/.local/lib/python3.11/site-packages/airflow/example_dags/example_short_circuit_operator.py took 0.057 seconds
[2026-05-09T11:52:49.535+0000] {processor.py:161} INFO - Started process (PID=27669) to work on /home/vscode/.local/lib/python3.11/site-packages/airflow/example_dags/example_short_circuit_operator.py
[2026-05-09T11:52:49.535+0000] {processor.py:830} INFO - Processing file /home/vscode/.local/lib/python3.11/site-packages/airflow/example_dags/example_short_circuit_operator.py for tasks to queue
[2026-05-09T11:52:49.536+0000] {logging_mixin.py:188} INFO - [2026-05-09T11:52:49.535+0000] {dagbag.py:545} INFO - Filling up the DagBag from /home/vscode/.local/lib/python3.11/site-packages/airflow/example_dags/example_short_circuit_operator.py
[2026-05-09T11:52:49.542+0000] {processor.py:840} INFO - DAG(s) 'example_short_circuit_operator' retrieved from /home/vscode/.local/lib/python3.11/site-packages/airflow/example_dags/example_short_circuit_operator.py
[2026-05-09T11:52:49.556+0000] {logging_mixin.py:188} INFO - [2026-05-09T11:52:49.555+0000] {dag.py:3096} INFO - Sync 1 DAGs
[2026-05-09T11:52:49.570+0000] {logging_mixin.py:188} INFO - [2026-05-09T11:52:49.570+0000] {dag.py:3954} INFO - Setting next_dagrun for example_short_circuit_operator to 2026-05-08 00:00:00+00:00, run_after=2026-05-09 00:00:00+00:00
[2026-05-09T11:52:49.586+0000] {processor.py:183} INFO - Processing /home/vscode/.local/lib/python3.11/site-packages/airflow/example_dags/example_short_circuit_operator.py took 0.058 seconds
[2026-05-09T11:53:29.149+0000] {processor.py:161} INFO - Started process (PID=27955) to work on /home/vscode/.local/lib/python3.11/site-packages/airflow/example_dags/example_short_circuit_operator.py
[2026-05-09T11:53:29.150+0000] {processor.py:830} INFO - Processing file /home/vscode/.local/lib/python3.11/site-packages/airflow/example_dags/example_short_circuit_operator.py for tasks to queue
[2026-05-09T11:53:29.150+0000] {logging_mixin.py:188} INFO - [2026-05-09T11:53:29.150+0000] {dagbag.py:545} INFO - Filling up the DagBag from /home/vscode/.local/lib/python3.11/site-packages/airflow/example_dags/example_short_circuit_operator.py
[2026-05-09T11:53:29.156+0000] {processor.py:840} INFO - DAG(s) 'example_short_circuit_operator' retrieved from /home/vscode/.local/lib/python3.11/site-packages/airflow/example_dags/example_short_circuit_operator.py
[2026-05-09T11:53:29.169+0000] {logging_mixin.py:188} INFO - [2026-05-09T11:53:29.169+0000] {dag.py:3096} INFO - Sync 1 DAGs
[2026-05-09T11:53:29.183+0000] {logging_mixin.py:188} INFO - [2026-05-09T11:53:29.183+0000] {dag.py:3954} INFO - Setting next_dagrun for example_short_circuit_operator to 2026-05-08 00:00:00+00:00, run_after=2026-05-09 00:00:00+00:00
[2026-05-09T11:53:29.199+0000] {processor.py:183} INFO - Processing /home/vscode/.local/lib/python3.11/site-packages/airflow/example_dags/example_short_circuit_operator.py took 0.056 seconds
[2026-05-09T11:54:09.126+0000] {processor.py:161} INFO - Started process (PID=28358) to work on /home/vscode/.local/lib/python3.11/site-packages/airflow/example_dags/example_short_circuit_operator.py
[2026-05-09T11:54:09.127+0000] {processor.py:830} INFO - Processing file /home/vscode/.local/lib/python3.11/site-packages/airflow/example_dags/example_short_circuit_operator.py for tasks to queue
[2026-05-09T11:54:09.127+0000] {logging_mixin.py:188} INFO - [2026-05-09T11:54:09.127+0000] {dagbag.py:545} INFO - Filling up the DagBag from /home/vscode/.local/lib/python3.11/site-packages/airflow/example_dags/example_short_circuit_operator.py
[2026-05-09T11:54:09.133+0000] {processor.py:840} INFO - DAG(s) 'example_short_circuit_operator' retrieved from /home/vscode/.local/lib/python3.11/site-packages/airflow/example_dags/example_short_circuit_operator.py
[2026-05-09T11:54:09.147+0000] {logging_mixin.py:188} INFO - [2026-05-09T11:54:09.147+0000] {dag.py:3096} INFO - Sync 1 DAGs
[2026-05-09T11:54:09.162+0000] {logging_mixin.py:188} INFO - [2026-05-09T11:54:09.162+0000] {dag.py:3954} INFO - Setting next_dagrun for example_short_circuit_operator to 2026-05-08 00:00:00+00:00, run_after=2026-05-09 00:00:00+00:00
[2026-05-09T11:54:09.178+0000] {processor.py:183} INFO - Processing /home/vscode/.local/lib/python3.11/site-packages/airflow/example_dags/example_short_circuit_operator.py took 0.058 seconds
[2026-05-09T11:54:50.681+0000] {processor.py:161} INFO - Started process (PID=28714) to work on /home/vscode/.local/lib/python3.11/site-packages/airflow/example_dags/example_short_circuit_operator.py
[2026-05-09T11:54:50.681+0000] {processor.py:830} INFO - Processing file /home/vscode/.local/lib/python3.11/site-packages/airflow/example_dags/example_short_circuit_operator.py for tasks to queue
[2026-05-09T11:54:50.682+0000] {logging_mixin.py:188} INFO - [2026-05-09T11:54:50.682+0000] {dagbag.py:545} INFO - Filling up the DagBag from /home/vscode/.local/lib/python3.11/site-packages/airflow/example_dags/example_short_circuit_operator.py
[2026-05-09T11:54:50.688+0000] {processor.py:840} INFO - DAG(s) 'example_short_circuit_operator' retrieved from /home/vscode/.local/lib/python3.11/site-packages/airflow/example_dags/example_short_circuit_operator.py
[2026-05-09T11:54:50.702+0000] {logging_mixin.py:188} INFO - [2026-05-09T11:54:50.702+0000] {dag.py:3096} INFO - Sync 1 DAGs
[2026-05-09T11:54:50.716+0000] {logging_mixin.py:188} INFO - [2026-05-09T11:54:50.716+0000] {dag.py:3954} INFO - Setting next_dagrun for example_short_circuit_operator to 2026-05-08 00:00:00+00:00, run_after=2026-05-09 00:00:00+00:00
[2026-05-09T11:54:50.731+0000] {processor.py:183} INFO - Processing /home/vscode/.local/lib/python3.11/site-packages/airflow/example_dags/example_short_circuit_operator.py took 0.056 seconds
[2026-05-09T11:55:31.907+0000] {processor.py:161} INFO - Started process (PID=29009) to work on /home/vscode/.local/lib/python3.11/site-packages/airflow/example_dags/example_short_circuit_operator.py
[2026-05-09T11:55:31.908+0000] {processor.py:830} INFO - Processing file /home/vscode/.local/lib/python3.11/site-packages/airflow/example_dags/example_short_circuit_operator.py for tasks to queue
[2026-05-09T11:55:31.909+0000] {logging_mixin.py:188} INFO - [2026-05-09T11:55:31.908+0000] {dagbag.py:545} INFO - Filling up the DagBag from /home/vscode/.local/lib/python3.11/site-packages/airflow/example_dags/example_short_circuit_operator.py
[2026-05-09T11:55:31.915+0000] {processor.py:840} INFO - DAG(s) 'example_short_circuit_operator' retrieved from /home/vscode/.local/lib/python3.11/site-packages/airflow/example_dags/example_short_circuit_operator.py
[2026-05-09T11:55:31.928+0000] {logging_mixin.py:188} INFO - [2026-05-09T11:55:31.928+0000] {dag.py:3096} INFO - Sync 1 DAGs
[2026-05-09T11:55:31.942+0000] {logging_mixin.py:188} INFO - [2026-05-09T11:55:31.941+0000] {dag.py:3954} INFO - Setting next_dagrun for example_short_circuit_operator to 2026-05-08 00:00:00+00:00, run_after=2026-05-09 00:00:00+00:00
[2026-05-09T11:55:31.956+0000] {processor.py:183} INFO - Processing /home/vscode/.local/lib/python3.11/site-packages/airflow/example_dags/example_short_circuit_operator.py took 0.056 seconds
[2026-05-09T11:56:13.504+0000] {processor.py:161} INFO - Started process (PID=29360) to work on /home/vscode/.local/lib/python3.11/site-packages/airflow/example_dags/example_short_circuit_operator.py
[2026-05-09T11:56:13.504+0000] {processor.py:830} INFO - Processing file /home/vscode/.local/lib/python3.11/site-packages/airflow/example_dags/example_short_circuit_operator.py for tasks to queue
[2026-05-09T11:56:13.505+0000] {logging_mixin.py:188} INFO - [2026-05-09T11:56:13.505+0000] {dagbag.py:545} INFO - Filling up the DagBag from /home/vscode/.local/lib/python3.11/site-packages/airflow/example_dags/example_short_circuit_operator.py
[2026-05-09T11:56:13.511+0000] {processor.py:840} INFO - DAG(s) 'example_short_circuit_operator' retrieved from /home/vscode/.local/lib/python3.11/site-packages/airflow/example_dags/example_short_circuit_operator.py
[2026-05-09T11:56:13.526+0000] {logging_mixin.py:188} INFO - [2026-05-09T11:56:13.526+0000] {dag.py:3096} INFO - Sync 1 DAGs
[2026-05-09T11:56:13.542+0000] {logging_mixin.py:188} INFO - [2026-05-09T11:56:13.542+0000] {dag.py:3954} INFO - Setting next_dagrun for example_short_circuit_operator to 2026-05-08 00:00:00+00:00, run_after=2026-05-09 00:00:00+00:00
[2026-05-09T11:56:13.560+0000] {processor.py:183} INFO - Processing /home/vscode/.local/lib/python3.11/site-packages/airflow/example_dags/example_short_circuit_operator.py took 0.064 seconds
[2026-05-09T11:56:55.076+0000] {processor.py:161} INFO - Started process (PID=29711) to work on /home/vscode/.local/lib/python3.11/site-packages/airflow/example_dags/example_short_circuit_operator.py
[2026-05-09T11:56:55.077+0000] {processor.py:830} INFO - Processing file /home/vscode/.local/lib/python3.11/site-packages/airflow/example_dags/example_short_circuit_operator.py for tasks to queue
[2026-05-09T11:56:55.077+0000] {logging_mixin.py:188} INFO - [2026-05-09T11:56:55.077+0000] {dagbag.py:545} INFO - Filling up the DagBag from /home/vscode/.local/lib/python3.11/site-packages/airflow/example_dags/example_short_circuit_operator.py
[2026-05-09T11:56:55.083+0000] {processor.py:840} INFO - DAG(s) 'example_short_circuit_operator' retrieved from /home/vscode/.local/lib/python3.11/site-packages/airflow/example_dags/example_short_circuit_operator.py
[2026-05-09T11:56:55.097+0000] {logging_mixin.py:188} INFO - [2026-05-09T11:56:55.097+0000] {dag.py:3096} INFO - Sync 1 DAGs
[2026-05-09T11:56:55.111+0000] {logging_mixin.py:188} INFO - [2026-05-09T11:56:55.111+0000] {dag.py:3954} INFO - Setting next_dagrun for example_short_circuit_operator to 2026-05-08 00:00:00+00:00, run_after=2026-05-09 00:00:00+00:00
[2026-05-09T11:56:55.126+0000] {processor.py:183} INFO - Processing /home/vscode/.local/lib/python3.11/site-packages/airflow/example_dags/example_short_circuit_operator.py took 0.057 seconds
[2026-05-09T11:57:34.344+0000] {processor.py:161} INFO - Started process (PID=30020) to work on /home/vscode/.local/lib/python3.11/site-packages/airflow/example_dags/example_short_circuit_operator.py
[2026-05-09T11:57:34.345+0000] {processor.py:830} INFO - Processing file /home/vscode/.local/lib/python3.11/site-packages/airflow/example_dags/example_short_circuit_operator.py for tasks to queue
[2026-05-09T11:57:34.345+0000] {logging_mixin.py:188} INFO - [2026-05-09T11:57:34.345+0000] {dagbag.py:545} INFO - Filling up the DagBag from /home/vscode/.local/lib/python3.11/site-packages/airflow/example_dags/example_short_circuit_operator.py
[2026-05-09T11:57:34.351+0000] {processor.py:840} INFO - DAG(s) 'example_short_circuit_operator' retrieved from /home/vscode/.local/lib/python3.11/site-packages/airflow/example_dags/example_short_circuit_operator.py
[2026-05-09T11:57:34.364+0000] {logging_mixin.py:188} INFO - [2026-05-09T11:57:34.364+0000] {dag.py:3096} INFO - Sync 1 DAGs
[2026-05-09T11:57:34.379+0000] {logging_mixin.py:188} INFO - [2026-05-09T11:57:34.379+0000] {dag.py:3954} INFO - Setting next_dagrun for example_short_circuit_operator to 2026-05-08 00:00:00+00:00, run_after=2026-05-09 00:00:00+00:00
[2026-05-09T11:57:34.396+0000] {processor.py:183} INFO - Processing /home/vscode/.local/lib/python3.11/site-packages/airflow/example_dags/example_short_circuit_operator.py took 0.058 seconds
[2026-05-09T11:58:18.201+0000] {processor.py:161} INFO - Started process (PID=30356) to work on /home/vscode/.local/lib/python3.11/site-packages/airflow/example_dags/example_short_circuit_operator.py
[2026-05-09T11:58:18.201+0000] {processor.py:830} INFO - Processing file /home/vscode/.local/lib/python3.11/site-packages/airflow/example_dags/example_short_circuit_operator.py for tasks to queue
[2026-05-09T11:58:18.202+0000] {logging_mixin.py:188} INFO - [2026-05-09T11:58:18.201+0000] {dagbag.py:545} INFO - Filling up the DagBag from /home/vscode/.local/lib/python3.11/site-packages/airflow/example_dags/example_short_circuit_operator.py
[2026-05-09T11:58:18.208+0000] {processor.py:840} INFO - DAG(s) 'example_short_circuit_operator' retrieved from /home/vscode/.local/lib/python3.11/site-packages/airflow/example_dags/example_short_circuit_operator.py
[2026-05-09T11:58:18.221+0000] {logging_mixin.py:188} INFO - [2026-05-09T11:58:18.220+0000] {dag.py:3096} INFO - Sync 1 DAGs
[2026-05-09T11:58:18.234+0000] {logging_mixin.py:188} INFO - [2026-05-09T11:58:18.234+0000] {dag.py:3954} INFO - Setting next_dagrun for example_short_circuit_operator to 2026-05-08 00:00:00+00:00, run_after=2026-05-09 00:00:00+00:00
[2026-05-09T11:58:18.251+0000] {processor.py:183} INFO - Processing /home/vscode/.local/lib/python3.11/site-packages/airflow/example_dags/example_short_circuit_operator.py took 0.057 seconds
[2026-05-09T11:59:01.578+0000] {processor.py:161} INFO - Started process (PID=30727) to work on /home/vscode/.local/lib/python3.11/site-packages/airflow/example_dags/example_short_circuit_operator.py
[2026-05-09T11:59:01.578+0000] {processor.py:830} INFO - Processing file /home/vscode/.local/lib/python3.11/site-packages/airflow/example_dags/example_short_circuit_operator.py for tasks to queue
[2026-05-09T11:59:01.579+0000] {logging_mixin.py:188} INFO - [2026-05-09T11:59:01.579+0000] {dagbag.py:545} INFO - Filling up the DagBag from /home/vscode/.local/lib/python3.11/site-packages/airflow/example_dags/example_short_circuit_operator.py
[2026-05-09T11:59:01.585+0000] {processor.py:840} INFO - DAG(s) 'example_short_circuit_operator' retrieved from /home/vscode/.local/lib/python3.11/site-packages/airflow/example_dags/example_short_circuit_operator.py
[2026-05-09T11:59:01.597+0000] {logging_mixin.py:188} INFO - [2026-05-09T11:59:01.597+0000] {dag.py:3096} INFO - Sync 1 DAGs
[2026-05-09T11:59:01.611+0000] {logging_mixin.py:188} INFO - [2026-05-09T11:59:01.611+0000] {dag.py:3954} INFO - Setting next_dagrun for example_short_circuit_operator to 2026-05-08 00:00:00+00:00, run_after=2026-05-09 00:00:00+00:00
[2026-05-09T11:59:01.626+0000] {processor.py:183} INFO - Processing /home/vscode/.local/lib/python3.11/site-packages/airflow/example_dags/example_short_circuit_operator.py took 0.055 seconds
[2026-05-09T11:59:42.759+0000] {processor.py:161} INFO - Started process (PID=31085) to work on /home/vscode/.local/lib/python3.11/site-packages/airflow/example_dags/example_short_circuit_operator.py
[2026-05-09T11:59:42.760+0000] {processor.py:830} INFO - Processing file /home/vscode/.local/lib/python3.11/site-packages/airflow/example_dags/example_short_circuit_operator.py for tasks to queue
[2026-05-09T11:59:42.760+0000] {logging_mixin.py:188} INFO - [2026-05-09T11:59:42.760+0000] {dagbag.py:545} INFO - Filling up the DagBag from /home/vscode/.local/lib/python3.11/site-packages/airflow/example_dags/example_short_circuit_operator.py
[2026-05-09T11:59:42.766+0000] {processor.py:840} INFO - DAG(s) 'example_short_circuit_operator' retrieved from /home/vscode/.local/lib/python3.11/site-packages/airflow/example_dags/example_short_circuit_operator.py
[2026-05-09T11:59:42.780+0000] {logging_mixin.py:188} INFO - [2026-05-09T11:59:42.780+0000] {dag.py:3096} INFO - Sync 1 DAGs
[2026-05-09T11:59:42.794+0000] {logging_mixin.py:188} INFO - [2026-05-09T11:59:42.794+0000] {dag.py:3954} INFO - Setting next_dagrun for example_short_circuit_operator to 2026-05-08 00:00:00+00:00, run_after=2026-05-09 00:00:00+00:00
[2026-05-09T11:59:42.810+0000] {processor.py:183} INFO - Processing /home/vscode/.local/lib/python3.11/site-packages/airflow/example_dags/example_short_circuit_operator.py took 0.058 seconds
[2026-05-09T12:00:23.529+0000] {processor.py:161} INFO - Started process (PID=31375) to work on /home/vscode/.local/lib/python3.11/site-packages/airflow/example_dags/example_short_circuit_operator.py
[2026-05-09T12:00:23.530+0000] {processor.py:830} INFO - Processing file /home/vscode/.local/lib/python3.11/site-packages/airflow/example_dags/example_short_circuit_operator.py for tasks to queue
[2026-05-09T12:00:23.530+0000] {logging_mixin.py:188} INFO - [2026-05-09T12:00:23.530+0000] {dagbag.py:545} INFO - Filling up the DagBag from /home/vscode/.local/lib/python3.11/site-packages/airflow/example_dags/example_short_circuit_operator.py
[2026-05-09T12:00:23.537+0000] {processor.py:840} INFO - DAG(s) 'example_short_circuit_operator' retrieved from /home/vscode/.local/lib/python3.11/site-packages/airflow/example_dags/example_short_circuit_operator.py
[2026-05-09T12:00:23.551+0000] {logging_mixin.py:188} INFO - [2026-05-09T12:00:23.551+0000] {dag.py:3096} INFO - Sync 1 DAGs
[2026-05-09T12:00:23.566+0000] {logging_mixin.py:188} INFO - [2026-05-09T12:00:23.566+0000] {dag.py:3954} INFO - Setting next_dagrun for example_short_circuit_operator to 2026-05-08 00:00:00+00:00, run_after=2026-05-09 00:00:00+00:00
[2026-05-09T12:00:23.583+0000] {processor.py:183} INFO - Processing /home/vscode/.local/lib/python3.11/site-packages/airflow/example_dags/example_short_circuit_operator.py took 0.060 seconds
[2026-05-09T12:01:05.483+0000] {processor.py:161} INFO - Started process (PID=31725) to work on /home/vscode/.local/lib/python3.11/site-packages/airflow/example_dags/example_short_circuit_operator.py
[2026-05-09T12:01:05.484+0000] {processor.py:830} INFO - Processing file /home/vscode/.local/lib/python3.11/site-packages/airflow/example_dags/example_short_circuit_operator.py for tasks to queue
[2026-05-09T12:01:05.484+0000] {logging_mixin.py:188} INFO - [2026-05-09T12:01:05.484+0000] {dagbag.py:545} INFO - Filling up the DagBag from /home/vscode/.local/lib/python3.11/site-packages/airflow/example_dags/example_short_circuit_operator.py
[2026-05-09T12:01:05.491+0000] {processor.py:840} INFO - DAG(s) 'example_short_circuit_operator' retrieved from /home/vscode/.local/lib/python3.11/site-packages/airflow/example_dags/example_short_circuit_operator.py
[2026-05-09T12:01:05.504+0000] {logging_mixin.py:188} INFO - [2026-05-09T12:01:05.504+0000] {dag.py:3096} INFO - Sync 1 DAGs
[2026-05-09T12:01:05.518+0000] {logging_mixin.py:188} INFO - [2026-05-09T12:01:05.518+0000] {dag.py:3954} INFO - Setting next_dagrun for example_short_circuit_operator to 2026-05-08 00:00:00+00:00, run_after=2026-05-09 00:00:00+00:00
[2026-05-09T12:01:05.534+0000] {processor.py:183} INFO - Processing /home/vscode/.local/lib/python3.11/site-packages/airflow/example_dags/example_short_circuit_operator.py took 0.058 seconds
[2026-05-09T12:01:49.464+0000] {processor.py:161} INFO - Started process (PID=32091) to work on /home/vscode/.local/lib/python3.11/site-packages/airflow/example_dags/example_short_circuit_operator.py
[2026-05-09T12:01:49.465+0000] {processor.py:830} INFO - Processing file /home/vscode/.local/lib/python3.11/site-packages/airflow/example_dags/example_short_circuit_operator.py for tasks to queue
[2026-05-09T12:01:49.465+0000] {logging_mixin.py:188} INFO - [2026-05-09T12:01:49.465+0000] {dagbag.py:545} INFO - Filling up the DagBag from /home/vscode/.local/lib/python3.11/site-packages/airflow/example_dags/example_short_circuit_operator.py
[2026-05-09T12:01:49.471+0000] {processor.py:840} INFO - DAG(s) 'example_short_circuit_operator' retrieved from /home/vscode/.local/lib/python3.11/site-packages/airflow/example_dags/example_short_circuit_operator.py
[2026-05-09T12:01:49.484+0000] {logging_mixin.py:188} INFO - [2026-05-09T12:01:49.484+0000] {dag.py:3096} INFO - Sync 1 DAGs
[2026-05-09T12:01:49.498+0000] {logging_mixin.py:188} INFO - [2026-05-09T12:01:49.498+0000] {dag.py:3954} INFO - Setting next_dagrun for example_short_circuit_operator to 2026-05-08 00:00:00+00:00, run_after=2026-05-09 00:00:00+00:00
[2026-05-09T12:01:49.514+0000] {processor.py:183} INFO - Processing /home/vscode/.local/lib/python3.11/site-packages/airflow/example_dags/example_short_circuit_operator.py took 0.056 seconds
[2026-05-09T12:02:31.672+0000] {processor.py:161} INFO - Started process (PID=32400) to work on /home/vscode/.local/lib/python3.11/site-packages/airflow/example_dags/example_short_circuit_operator.py
[2026-05-09T12:02:31.672+0000] {processor.py:830} INFO - Processing file /home/vscode/.local/lib/python3.11/site-packages/airflow/example_dags/example_short_circuit_operator.py for tasks to queue
[2026-05-09T12:02:31.673+0000] {logging_mixin.py:188} INFO - [2026-05-09T12:02:31.673+0000] {dagbag.py:545} INFO - Filling up the DagBag from /home/vscode/.local/lib/python3.11/site-packages/airflow/example_dags/example_short_circuit_operator.py
[2026-05-09T12:02:31.679+0000] {processor.py:840} INFO - DAG(s) 'example_short_circuit_operator' retrieved from /home/vscode/.local/lib/python3.11/site-packages/airflow/example_dags/example_short_circuit_operator.py
[2026-05-09T12:02:31.692+0000] {logging_mixin.py:188} INFO - [2026-05-09T12:02:31.692+0000] {dag.py:3096} INFO - Sync 1 DAGs
[2026-05-09T12:02:31.706+0000] {logging_mixin.py:188} INFO - [2026-05-09T12:02:31.706+0000] {dag.py:3954} INFO - Setting next_dagrun for example_short_circuit_operator to 2026-05-08 00:00:00+00:00, run_after=2026-05-09 00:00:00+00:00
[2026-05-09T12:02:31.721+0000] {processor.py:183} INFO - Processing /home/vscode/.local/lib/python3.11/site-packages/airflow/example_dags/example_short_circuit_operator.py took 0.056 seconds
[2026-05-09T12:03:12.725+0000] {processor.py:161} INFO - Started process (PID=32746) to work on /home/vscode/.local/lib/python3.11/site-packages/airflow/example_dags/example_short_circuit_operator.py
[2026-05-09T12:03:12.725+0000] {processor.py:830} INFO - Processing file /home/vscode/.local/lib/python3.11/site-packages/airflow/example_dags/example_short_circuit_operator.py for tasks to queue
[2026-05-09T12:03:12.726+0000] {logging_mixin.py:188} INFO - [2026-05-09T12:03:12.726+0000] {dagbag.py:545} INFO - Filling up the DagBag from /home/vscode/.local/lib/python3.11/site-packages/airflow/example_dags/example_short_circuit_operator.py
[2026-05-09T12:03:12.731+0000] {processor.py:840} INFO - DAG(s) 'example_short_circuit_operator' retrieved from /home/vscode/.local/lib/python3.11/site-packages/airflow/example_dags/example_short_circuit_operator.py
[2026-05-09T12:03:12.744+0000] {logging_mixin.py:188} INFO - [2026-05-09T12:03:12.744+0000] {dag.py:3096} INFO - Sync 1 DAGs
[2026-05-09T12:03:12.757+0000] {logging_mixin.py:188} INFO - [2026-05-09T12:03:12.757+0000] {dag.py:3954} INFO - Setting next_dagrun for example_short_circuit_operator to 2026-05-08 00:00:00+00:00, run_after=2026-05-09 00:00:00+00:00
[2026-05-09T12:03:12.772+0000] {processor.py:183} INFO - Processing /home/vscode/.local/lib/python3.11/site-packages/airflow/example_dags/example_short_circuit_operator.py took 0.054 seconds
[2026-05-09T12:03:54.961+0000] {processor.py:161} INFO - Started process (PID=33162) to work on /home/vscode/.local/lib/python3.11/site-packages/airflow/example_dags/example_short_circuit_operator.py
[2026-05-09T12:03:54.962+0000] {processor.py:830} INFO - Processing file /home/vscode/.local/lib/python3.11/site-packages/airflow/example_dags/example_short_circuit_operator.py for tasks to queue
[2026-05-09T12:03:54.962+0000] {logging_mixin.py:188} INFO - [2026-05-09T12:03:54.962+0000] {dagbag.py:545} INFO - Filling up the DagBag from /home/vscode/.local/lib/python3.11/site-packages/airflow/example_dags/example_short_circuit_operator.py
[2026-05-09T12:03:54.968+0000] {processor.py:840} INFO - DAG(s) 'example_short_circuit_operator' retrieved from /home/vscode/.local/lib/python3.11/site-packages/airflow/example_dags/example_short_circuit_operator.py
[2026-05-09T12:03:54.981+0000] {logging_mixin.py:188} INFO - [2026-05-09T12:03:54.981+0000] {dag.py:3096} INFO - Sync 1 DAGs
[2026-05-09T12:03:54.995+0000] {logging_mixin.py:188} INFO - [2026-05-09T12:03:54.995+0000] {dag.py:3954} INFO - Setting next_dagrun for example_short_circuit_operator to 2026-05-08 00:00:00+00:00, run_after=2026-05-09 00:00:00+00:00
[2026-05-09T12:03:55.010+0000] {processor.py:183} INFO - Processing /home/vscode/.local/lib/python3.11/site-packages/airflow/example_dags/example_short_circuit_operator.py took 0.056 seconds
[2026-05-09T12:04:36.496+0000] {processor.py:161} INFO - Started process (PID=33520) to work on /home/vscode/.local/lib/python3.11/site-packages/airflow/example_dags/example_short_circuit_operator.py
[2026-05-09T12:04:36.496+0000] {processor.py:830} INFO - Processing file /home/vscode/.local/lib/python3.11/site-packages/airflow/example_dags/example_short_circuit_operator.py for tasks to queue
[2026-05-09T12:04:36.497+0000] {logging_mixin.py:188} INFO - [2026-05-09T12:04:36.496+0000] {dagbag.py:545} INFO - Filling up the DagBag from /home/vscode/.local/lib/python3.11/site-packages/airflow/example_dags/example_short_circuit_operator.py
[2026-05-09T12:04:36.503+0000] {processor.py:840} INFO - DAG(s) 'example_short_circuit_operator' retrieved from /home/vscode/.local/lib/python3.11/site-packages/airflow/example_dags/example_short_circuit_operator.py
[2026-05-09T12:04:36.515+0000] {logging_mixin.py:188} INFO - [2026-05-09T12:04:36.515+0000] {dag.py:3096} INFO - Sync 1 DAGs
[2026-05-09T12:04:36.531+0000] {logging_mixin.py:188} INFO - [2026-05-09T12:04:36.531+0000] {dag.py:3954} INFO - Setting next_dagrun for example_short_circuit_operator to 2026-05-08 00:00:00+00:00, run_after=2026-05-09 00:00:00+00:00
[2026-05-09T12:04:36.549+0000] {processor.py:183} INFO - Processing /home/vscode/.local/lib/python3.11/site-packages/airflow/example_dags/example_short_circuit_operator.py took 0.060 seconds
[2026-05-09T12:05:18.931+0000] {processor.py:161} INFO - Started process (PID=33815) to work on /home/vscode/.local/lib/python3.11/site-packages/airflow/example_dags/example_short_circuit_operator.py
[2026-05-09T12:05:18.932+0000] {processor.py:830} INFO - Processing file /home/vscode/.local/lib/python3.11/site-packages/airflow/example_dags/example_short_circuit_operator.py for tasks to queue
[2026-05-09T12:05:18.933+0000] {logging_mixin.py:188} INFO - [2026-05-09T12:05:18.932+0000] {dagbag.py:545} INFO - Filling up the DagBag from /home/vscode/.local/lib/python3.11/site-packages/airflow/example_dags/example_short_circuit_operator.py
[2026-05-09T12:05:18.946+0000] {processor.py:840} INFO - DAG(s) 'example_short_circuit_operator' retrieved from /home/vscode/.local/lib/python3.11/site-packages/airflow/example_dags/example_short_circuit_operator.py
[2026-05-09T12:05:18.973+0000] {logging_mixin.py:188} INFO - [2026-05-09T12:05:18.973+0000] {dag.py:3096} INFO - Sync 1 DAGs
[2026-05-09T12:05:18.988+0000] {logging_mixin.py:188} INFO - [2026-05-09T12:05:18.988+0000] {dag.py:3954} INFO - Setting next_dagrun for example_short_circuit_operator to 2026-05-08 00:00:00+00:00, run_after=2026-05-09 00:00:00+00:00
[2026-05-09T12:05:19.003+0000] {processor.py:183} INFO - Processing /home/vscode/.local/lib/python3.11/site-packages/airflow/example_dags/example_short_circuit_operator.py took 0.081 seconds
[2026-05-09T12:05:59.903+0000] {processor.py:161} INFO - Started process (PID=34169) to work on /home/vscode/.local/lib/python3.11/site-packages/airflow/example_dags/example_short_circuit_operator.py
[2026-05-09T12:05:59.903+0000] {processor.py:830} INFO - Processing file /home/vscode/.local/lib/python3.11/site-packages/airflow/example_dags/example_short_circuit_operator.py for tasks to queue
[2026-05-09T12:05:59.904+0000] {logging_mixin.py:188} INFO - [2026-05-09T12:05:59.904+0000] {dagbag.py:545} INFO - Filling up the DagBag from /home/vscode/.local/lib/python3.11/site-packages/airflow/example_dags/example_short_circuit_operator.py
[2026-05-09T12:05:59.909+0000] {processor.py:840} INFO - DAG(s) 'example_short_circuit_operator' retrieved from /home/vscode/.local/lib/python3.11/site-packages/airflow/example_dags/example_short_circuit_operator.py
[2026-05-09T12:05:59.922+0000] {logging_mixin.py:188} INFO - [2026-05-09T12:05:59.922+0000] {dag.py:3096} INFO - Sync 1 DAGs
[2026-05-09T12:05:59.944+0000] {logging_mixin.py:188} INFO - [2026-05-09T12:05:59.943+0000] {dag.py:3954} INFO - Setting next_dagrun for example_short_circuit_operator to 2026-05-08 00:00:00+00:00, run_after=2026-05-09 00:00:00+00:00
[2026-05-09T12:05:59.960+0000] {processor.py:183} INFO - Processing /home/vscode/.local/lib/python3.11/site-packages/airflow/example_dags/example_short_circuit_operator.py took 0.064 seconds
[2026-05-09T12:06:43.044+0000] {processor.py:161} INFO - Started process (PID=34536) to work on /home/vscode/.local/lib/python3.11/site-packages/airflow/example_dags/example_short_circuit_operator.py
[2026-05-09T12:06:43.044+0000] {processor.py:830} INFO - Processing file /home/vscode/.local/lib/python3.11/site-packages/airflow/example_dags/example_short_circuit_operator.py for tasks to queue
[2026-05-09T12:06:43.045+0000] {logging_mixin.py:188} INFO - [2026-05-09T12:06:43.045+0000] {dagbag.py:545} INFO - Filling up the DagBag from /home/vscode/.local/lib/python3.11/site-packages/airflow/example_dags/example_short_circuit_operator.py
[2026-05-09T12:06:43.051+0000] {processor.py:840} INFO - DAG(s) 'example_short_circuit_operator' retrieved from /home/vscode/.local/lib/python3.11/site-packages/airflow/example_dags/example_short_circuit_operator.py
[2026-05-09T12:06:43.064+0000] {logging_mixin.py:188} INFO - [2026-05-09T12:06:43.064+0000] {dag.py:3096} INFO - Sync 1 DAGs
[2026-05-09T12:06:43.079+0000] {logging_mixin.py:188} INFO - [2026-05-09T12:06:43.079+0000] {dag.py:3954} INFO - Setting next_dagrun for example_short_circuit_operator to 2026-05-08 00:00:00+00:00, run_after=2026-05-09 00:00:00+00:00
[2026-05-09T12:06:43.095+0000] {processor.py:183} INFO - Processing /home/vscode/.local/lib/python3.11/site-packages/airflow/example_dags/example_short_circuit_operator.py took 0.060 seconds
[2026-05-09T12:07:27.314+0000] {processor.py:161} INFO - Started process (PID=34849) to work on /home/vscode/.local/lib/python3.11/site-packages/airflow/example_dags/example_short_circuit_operator.py
[2026-05-09T12:07:27.315+0000] {processor.py:830} INFO - Processing file /home/vscode/.local/lib/python3.11/site-packages/airflow/example_dags/example_short_circuit_operator.py for tasks to queue
[2026-05-09T12:07:27.315+0000] {logging_mixin.py:188} INFO - [2026-05-09T12:07:27.315+0000] {dagbag.py:545} INFO - Filling up the DagBag from /home/vscode/.local/lib/python3.11/site-packages/airflow/example_dags/example_short_circuit_operator.py
[2026-05-09T12:07:27.321+0000] {processor.py:840} INFO - DAG(s) 'example_short_circuit_operator' retrieved from /home/vscode/.local/lib/python3.11/site-packages/airflow/example_dags/example_short_circuit_operator.py
[2026-05-09T12:07:27.338+0000] {logging_mixin.py:188} INFO - [2026-05-09T12:07:27.338+0000] {dag.py:3096} INFO - Sync 1 DAGs
[2026-05-09T12:07:27.353+0000] {logging_mixin.py:188} INFO - [2026-05-09T12:07:27.353+0000] {dag.py:3954} INFO - Setting next_dagrun for example_short_circuit_operator to 2026-05-08 00:00:00+00:00, run_after=2026-05-09 00:00:00+00:00
[2026-05-09T12:07:27.369+0000] {processor.py:183} INFO - Processing /home/vscode/.local/lib/python3.11/site-packages/airflow/example_dags/example_short_circuit_operator.py took 0.062 seconds
[2026-05-09T12:08:09.399+0000] {processor.py:161} INFO - Started process (PID=35201) to work on /home/vscode/.local/lib/python3.11/site-packages/airflow/example_dags/example_short_circuit_operator.py
[2026-05-09T12:08:09.400+0000] {processor.py:830} INFO - Processing file /home/vscode/.local/lib/python3.11/site-packages/airflow/example_dags/example_short_circuit_operator.py for tasks to queue
[2026-05-09T12:08:09.400+0000] {logging_mixin.py:188} INFO - [2026-05-09T12:08:09.400+0000] {dagbag.py:545} INFO - Filling up the DagBag from /home/vscode/.local/lib/python3.11/site-packages/airflow/example_dags/example_short_circuit_operator.py
[2026-05-09T12:08:09.406+0000] {processor.py:840} INFO - DAG(s) 'example_short_circuit_operator' retrieved from /home/vscode/.local/lib/python3.11/site-packages/airflow/example_dags/example_short_circuit_operator.py
[2026-05-09T12:08:09.419+0000] {logging_mixin.py:188} INFO - [2026-05-09T12:08:09.419+0000] {dag.py:3096} INFO - Sync 1 DAGs
[2026-05-09T12:08:09.436+0000] {logging_mixin.py:188} INFO - [2026-05-09T12:08:09.436+0000] {dag.py:3954} INFO - Setting next_dagrun for example_short_circuit_operator to 2026-05-08 00:00:00+00:00, run_after=2026-05-09 00:00:00+00:00
[2026-05-09T12:08:09.453+0000] {processor.py:183} INFO - Processing /home/vscode/.local/lib/python3.11/site-packages/airflow/example_dags/example_short_circuit_operator.py took 0.060 seconds
[2026-05-09T12:08:50.745+0000] {processor.py:161} INFO - Started process (PID=35613) to work on /home/vscode/.local/lib/python3.11/site-packages/airflow/example_dags/example_short_circuit_operator.py
[2026-05-09T12:08:50.745+0000] {processor.py:830} INFO - Processing file /home/vscode/.local/lib/python3.11/site-packages/airflow/example_dags/example_short_circuit_operator.py for tasks to queue
[2026-05-09T12:08:50.746+0000] {logging_mixin.py:188} INFO - [2026-05-09T12:08:50.746+0000] {dagbag.py:545} INFO - Filling up the DagBag from /home/vscode/.local/lib/python3.11/site-packages/airflow/example_dags/example_short_circuit_operator.py
[2026-05-09T12:08:50.752+0000] {processor.py:840} INFO - DAG(s) 'example_short_circuit_operator' retrieved from /home/vscode/.local/lib/python3.11/site-packages/airflow/example_dags/example_short_circuit_operator.py
[2026-05-09T12:08:50.767+0000] {logging_mixin.py:188} INFO - [2026-05-09T12:08:50.767+0000] {dag.py:3096} INFO - Sync 1 DAGs
[2026-05-09T12:08:50.785+0000] {logging_mixin.py:188} INFO - [2026-05-09T12:08:50.785+0000] {dag.py:3954} INFO - Setting next_dagrun for example_short_circuit_operator to 2026-05-08 00:00:00+00:00, run_after=2026-05-09 00:00:00+00:00
[2026-05-09T12:08:50.843+0000] {processor.py:183} INFO - Processing /home/vscode/.local/lib/python3.11/site-packages/airflow/example_dags/example_short_circuit_operator.py took 0.106 seconds
[2026-05-09T12:09:28.663+0000] {processor.py:161} INFO - Started process (PID=35898) to work on /home/vscode/.local/lib/python3.11/site-packages/airflow/example_dags/example_short_circuit_operator.py
[2026-05-09T12:09:28.664+0000] {processor.py:830} INFO - Processing file /home/vscode/.local/lib/python3.11/site-packages/airflow/example_dags/example_short_circuit_operator.py for tasks to queue
[2026-05-09T12:09:28.664+0000] {logging_mixin.py:188} INFO - [2026-05-09T12:09:28.664+0000] {dagbag.py:545} INFO - Filling up the DagBag from /home/vscode/.local/lib/python3.11/site-packages/airflow/example_dags/example_short_circuit_operator.py
[2026-05-09T12:09:28.670+0000] {processor.py:840} INFO - DAG(s) 'example_short_circuit_operator' retrieved from /home/vscode/.local/lib/python3.11/site-packages/airflow/example_dags/example_short_circuit_operator.py
[2026-05-09T12:09:28.683+0000] {logging_mixin.py:188} INFO - [2026-05-09T12:09:28.683+0000] {dag.py:3096} INFO - Sync 1 DAGs
[2026-05-09T12:09:28.699+0000] {logging_mixin.py:188} INFO - [2026-05-09T12:09:28.699+0000] {dag.py:3954} INFO - Setting next_dagrun for example_short_circuit_operator to 2026-05-08 00:00:00+00:00, run_after=2026-05-09 00:00:00+00:00
[2026-05-09T12:09:28.715+0000] {processor.py:183} INFO - Processing /home/vscode/.local/lib/python3.11/site-packages/airflow/example_dags/example_short_circuit_operator.py took 0.059 seconds
[2026-05-09T12:10:10.970+0000] {processor.py:161} INFO - Started process (PID=36249) to work on /home/vscode/.local/lib/python3.11/site-packages/airflow/example_dags/example_short_circuit_operator.py
[2026-05-09T12:10:10.971+0000] {processor.py:830} INFO - Processing file /home/vscode/.local/lib/python3.11/site-packages/airflow/example_dags/example_short_circuit_operator.py for tasks to queue
[2026-05-09T12:10:10.971+0000] {logging_mixin.py:188} INFO - [2026-05-09T12:10:10.971+0000] {dagbag.py:545} INFO - Filling up the DagBag from /home/vscode/.local/lib/python3.11/site-packages/airflow/example_dags/example_short_circuit_operator.py
[2026-05-09T12:10:10.977+0000] {processor.py:840} INFO - DAG(s) 'example_short_circuit_operator' retrieved from /home/vscode/.local/lib/python3.11/site-packages/airflow/example_dags/example_short_circuit_operator.py
[2026-05-09T12:10:10.990+0000] {logging_mixin.py:188} INFO - [2026-05-09T12:10:10.990+0000] {dag.py:3096} INFO - Sync 1 DAGs
[2026-05-09T12:10:11.004+0000] {logging_mixin.py:188} INFO - [2026-05-09T12:10:11.004+0000] {dag.py:3954} INFO - Setting next_dagrun for example_short_circuit_operator to 2026-05-08 00:00:00+00:00, run_after=2026-05-09 00:00:00+00:00
[2026-05-09T12:10:11.019+0000] {processor.py:183} INFO - Processing /home/vscode/.local/lib/python3.11/site-packages/airflow/example_dags/example_short_circuit_operator.py took 0.055 seconds
[2026-05-09T12:10:53.249+0000] {processor.py:161} INFO - Started process (PID=36612) to work on /home/vscode/.local/lib/python3.11/site-packages/airflow/example_dags/example_short_circuit_operator.py
[2026-05-09T12:10:53.250+0000] {processor.py:830} INFO - Processing file /home/vscode/.local/lib/python3.11/site-packages/airflow/example_dags/example_short_circuit_operator.py for tasks to queue
[2026-05-09T12:10:53.250+0000] {logging_mixin.py:188} INFO - [2026-05-09T12:10:53.250+0000] {dagbag.py:545} INFO - Filling up the DagBag from /home/vscode/.local/lib/python3.11/site-packages/airflow/example_dags/example_short_circuit_operator.py
[2026-05-09T12:10:53.256+0000] {processor.py:840} INFO - DAG(s) 'example_short_circuit_operator' retrieved from /home/vscode/.local/lib/python3.11/site-packages/airflow/example_dags/example_short_circuit_operator.py
[2026-05-09T12:10:53.270+0000] {logging_mixin.py:188} INFO - [2026-05-09T12:10:53.270+0000] {dag.py:3096} INFO - Sync 1 DAGs
[2026-05-09T12:10:53.284+0000] {logging_mixin.py:188} INFO - [2026-05-09T12:10:53.283+0000] {dag.py:3954} INFO - Setting next_dagrun for example_short_circuit_operator to 2026-05-08 00:00:00+00:00, run_after=2026-05-09 00:00:00+00:00
[2026-05-09T12:10:53.299+0000] {processor.py:183} INFO - Processing /home/vscode/.local/lib/python3.11/site-packages/airflow/example_dags/example_short_circuit_operator.py took 0.057 seconds
[2026-05-09T12:11:50.909+0000] {processor.py:161} INFO - Started process (PID=37118) to work on /home/vscode/.local/lib/python3.11/site-packages/airflow/example_dags/example_short_circuit_operator.py
[2026-05-09T12:11:50.910+0000] {processor.py:830} INFO - Processing file /home/vscode/.local/lib/python3.11/site-packages/airflow/example_dags/example_short_circuit_operator.py for tasks to queue
[2026-05-09T12:11:50.910+0000] {logging_mixin.py:188} INFO - [2026-05-09T12:11:50.910+0000] {dagbag.py:545} INFO - Filling up the DagBag from /home/vscode/.local/lib/python3.11/site-packages/airflow/example_dags/example_short_circuit_operator.py
[2026-05-09T12:11:50.916+0000] {processor.py:840} INFO - DAG(s) 'example_short_circuit_operator' retrieved from /home/vscode/.local/lib/python3.11/site-packages/airflow/example_dags/example_short_circuit_operator.py
[2026-05-09T12:11:50.931+0000] {logging_mixin.py:188} INFO - [2026-05-09T12:11:50.931+0000] {dag.py:3096} INFO - Sync 1 DAGs
[2026-05-09T12:11:50.948+0000] {logging_mixin.py:188} INFO - [2026-05-09T12:11:50.948+0000] {dag.py:3954} INFO - Setting next_dagrun for example_short_circuit_operator to 2026-05-08 00:00:00+00:00, run_after=2026-05-09 00:00:00+00:00
[2026-05-09T12:11:50.964+0000] {processor.py:183} INFO - Processing /home/vscode/.local/lib/python3.11/site-packages/airflow/example_dags/example_short_circuit_operator.py took 0.062 seconds
[2026-05-09T12:12:32.085+0000] {processor.py:161} INFO - Started process (PID=37407) to work on /home/vscode/.local/lib/python3.11/site-packages/airflow/example_dags/example_short_circuit_operator.py
[2026-05-09T12:12:32.085+0000] {processor.py:830} INFO - Processing file /home/vscode/.local/lib/python3.11/site-packages/airflow/example_dags/example_short_circuit_operator.py for tasks to queue
[2026-05-09T12:12:32.086+0000] {logging_mixin.py:188} INFO - [2026-05-09T12:12:32.085+0000] {dagbag.py:545} INFO - Filling up the DagBag from /home/vscode/.local/lib/python3.11/site-packages/airflow/example_dags/example_short_circuit_operator.py
[2026-05-09T12:12:32.091+0000] {processor.py:840} INFO - DAG(s) 'example_short_circuit_operator' retrieved from /home/vscode/.local/lib/python3.11/site-packages/airflow/example_dags/example_short_circuit_operator.py
[2026-05-09T12:12:32.105+0000] {logging_mixin.py:188} INFO - [2026-05-09T12:12:32.105+0000] {dag.py:3096} INFO - Sync 1 DAGs
[2026-05-09T12:12:32.119+0000] {logging_mixin.py:188} INFO - [2026-05-09T12:12:32.119+0000] {dag.py:3954} INFO - Setting next_dagrun for example_short_circuit_operator to 2026-05-08 00:00:00+00:00, run_after=2026-05-09 00:00:00+00:00
[2026-05-09T12:12:32.136+0000] {processor.py:183} INFO - Processing /home/vscode/.local/lib/python3.11/site-packages/airflow/example_dags/example_short_circuit_operator.py took 0.058 seconds
[2026-05-09T12:13:11.354+0000] {processor.py:161} INFO - Started process (PID=37749) to work on /home/vscode/.local/lib/python3.11/site-packages/airflow/example_dags/example_short_circuit_operator.py
[2026-05-09T12:13:11.355+0000] {processor.py:830} INFO - Processing file /home/vscode/.local/lib/python3.11/site-packages/airflow/example_dags/example_short_circuit_operator.py for tasks to queue
[2026-05-09T12:13:11.355+0000] {logging_mixin.py:188} INFO - [2026-05-09T12:13:11.355+0000] {dagbag.py:545} INFO - Filling up the DagBag from /home/vscode/.local/lib/python3.11/site-packages/airflow/example_dags/example_short_circuit_operator.py
[2026-05-09T12:13:11.361+0000] {processor.py:840} INFO - DAG(s) 'example_short_circuit_operator' retrieved from /home/vscode/.local/lib/python3.11/site-packages/airflow/example_dags/example_short_circuit_operator.py
[2026-05-09T12:13:11.377+0000] {logging_mixin.py:188} INFO - [2026-05-09T12:13:11.377+0000] {dag.py:3096} INFO - Sync 1 DAGs
[2026-05-09T12:13:11.391+0000] {logging_mixin.py:188} INFO - [2026-05-09T12:13:11.391+0000] {dag.py:3954} INFO - Setting next_dagrun for example_short_circuit_operator to 2026-05-08 00:00:00+00:00, run_after=2026-05-09 00:00:00+00:00
[2026-05-09T12:13:11.406+0000] {processor.py:183} INFO - Processing /home/vscode/.local/lib/python3.11/site-packages/airflow/example_dags/example_short_circuit_operator.py took 0.059 seconds
[2026-05-09T12:13:54.578+0000] {processor.py:161} INFO - Started process (PID=38178) to work on /home/vscode/.local/lib/python3.11/site-packages/airflow/example_dags/example_short_circuit_operator.py
[2026-05-09T12:13:54.578+0000] {processor.py:830} INFO - Processing file /home/vscode/.local/lib/python3.11/site-packages/airflow/example_dags/example_short_circuit_operator.py for tasks to queue
[2026-05-09T12:13:54.579+0000] {logging_mixin.py:188} INFO - [2026-05-09T12:13:54.579+0000] {dagbag.py:545} INFO - Filling up the DagBag from /home/vscode/.local/lib/python3.11/site-packages/airflow/example_dags/example_short_circuit_operator.py
[2026-05-09T12:13:54.585+0000] {processor.py:840} INFO - DAG(s) 'example_short_circuit_operator' retrieved from /home/vscode/.local/lib/python3.11/site-packages/airflow/example_dags/example_short_circuit_operator.py
[2026-05-09T12:13:54.598+0000] {logging_mixin.py:188} INFO - [2026-05-09T12:13:54.598+0000] {dag.py:3096} INFO - Sync 1 DAGs
[2026-05-09T12:13:54.611+0000] {logging_mixin.py:188} INFO - [2026-05-09T12:13:54.611+0000] {dag.py:3954} INFO - Setting next_dagrun for example_short_circuit_operator to 2026-05-08 00:00:00+00:00, run_after=2026-05-09 00:00:00+00:00
[2026-05-09T12:13:54.628+0000] {processor.py:183} INFO - Processing /home/vscode/.local/lib/python3.11/site-packages/airflow/example_dags/example_short_circuit_operator.py took 0.056 seconds
[2026-05-09T12:14:38.946+0000] {processor.py:161} INFO - Started process (PID=38512) to work on /home/vscode/.local/lib/python3.11/site-packages/airflow/example_dags/example_short_circuit_operator.py
[2026-05-09T12:14:38.947+0000] {processor.py:830} INFO - Processing file /home/vscode/.local/lib/python3.11/site-packages/airflow/example_dags/example_short_circuit_operator.py for tasks to queue
[2026-05-09T12:14:38.947+0000] {logging_mixin.py:188} INFO - [2026-05-09T12:14:38.947+0000] {dagbag.py:545} INFO - Filling up the DagBag from /home/vscode/.local/lib/python3.11/site-packages/airflow/example_dags/example_short_circuit_operator.py
[2026-05-09T12:14:38.953+0000] {processor.py:840} INFO - DAG(s) 'example_short_circuit_operator' retrieved from /home/vscode/.local/lib/python3.11/site-packages/airflow/example_dags/example_short_circuit_operator.py
[2026-05-09T12:14:38.967+0000] {logging_mixin.py:188} INFO - [2026-05-09T12:14:38.967+0000] {dag.py:3096} INFO - Sync 1 DAGs
[2026-05-09T12:14:38.980+0000] {logging_mixin.py:188} INFO - [2026-05-09T12:14:38.980+0000] {dag.py:3954} INFO - Setting next_dagrun for example_short_circuit_operator to 2026-05-08 00:00:00+00:00, run_after=2026-05-09 00:00:00+00:00
[2026-05-09T12:14:38.996+0000] {processor.py:183} INFO - Processing /home/vscode/.local/lib/python3.11/site-packages/airflow/example_dags/example_short_circuit_operator.py took 0.057 seconds
[2026-05-09T12:15:19.882+0000] {processor.py:161} INFO - Started process (PID=38836) to work on /home/vscode/.local/lib/python3.11/site-packages/airflow/example_dags/example_short_circuit_operator.py
[2026-05-09T12:15:19.882+0000] {processor.py:830} INFO - Processing file /home/vscode/.local/lib/python3.11/site-packages/airflow/example_dags/example_short_circuit_operator.py for tasks to queue
[2026-05-09T12:15:19.883+0000] {logging_mixin.py:188} INFO - [2026-05-09T12:15:19.883+0000] {dagbag.py:545} INFO - Filling up the DagBag from /home/vscode/.local/lib/python3.11/site-packages/airflow/example_dags/example_short_circuit_operator.py
[2026-05-09T12:15:19.889+0000] {processor.py:840} INFO - DAG(s) 'example_short_circuit_operator' retrieved from /home/vscode/.local/lib/python3.11/site-packages/airflow/example_dags/example_short_circuit_operator.py
[2026-05-09T12:15:19.902+0000] {logging_mixin.py:188} INFO - [2026-05-09T12:15:19.902+0000] {dag.py:3096} INFO - Sync 1 DAGs
[2026-05-09T12:15:19.915+0000] {logging_mixin.py:188} INFO - [2026-05-09T12:15:19.915+0000] {dag.py:3954} INFO - Setting next_dagrun for example_short_circuit_operator to 2026-05-08 00:00:00+00:00, run_after=2026-05-09 00:00:00+00:00
[2026-05-09T12:15:19.932+0000] {processor.py:183} INFO - Processing /home/vscode/.local/lib/python3.11/site-packages/airflow/example_dags/example_short_circuit_operator.py took 0.057 seconds
[2026-05-09T12:16:02.705+0000] {processor.py:161} INFO - Started process (PID=39195) to work on /home/vscode/.local/lib/python3.11/site-packages/airflow/example_dags/example_short_circuit_operator.py
[2026-05-09T12:16:02.706+0000] {processor.py:830} INFO - Processing file /home/vscode/.local/lib/python3.11/site-packages/airflow/example_dags/example_short_circuit_operator.py for tasks to queue
[2026-05-09T12:16:02.706+0000] {logging_mixin.py:188} INFO - [2026-05-09T12:16:02.706+0000] {dagbag.py:545} INFO - Filling up the DagBag from /home/vscode/.local/lib/python3.11/site-packages/airflow/example_dags/example_short_circuit_operator.py
[2026-05-09T12:16:02.712+0000] {processor.py:840} INFO - DAG(s) 'example_short_circuit_operator' retrieved from /home/vscode/.local/lib/python3.11/site-packages/airflow/example_dags/example_short_circuit_operator.py
[2026-05-09T12:16:02.726+0000] {logging_mixin.py:188} INFO - [2026-05-09T12:16:02.726+0000] {dag.py:3096} INFO - Sync 1 DAGs
[2026-05-09T12:16:02.745+0000] {logging_mixin.py:188} INFO - [2026-05-09T12:16:02.745+0000] {dag.py:3954} INFO - Setting next_dagrun for example_short_circuit_operator to 2026-05-08 00:00:00+00:00, run_after=2026-05-09 00:00:00+00:00
[2026-05-09T12:16:02.761+0000] {processor.py:183} INFO - Processing /home/vscode/.local/lib/python3.11/site-packages/airflow/example_dags/example_short_circuit_operator.py took 0.062 seconds
[2026-05-09T12:16:46.976+0000] {processor.py:161} INFO - Started process (PID=39569) to work on /home/vscode/.local/lib/python3.11/site-packages/airflow/example_dags/example_short_circuit_operator.py
[2026-05-09T12:16:46.977+0000] {processor.py:830} INFO - Processing file /home/vscode/.local/lib/python3.11/site-packages/airflow/example_dags/example_short_circuit_operator.py for tasks to queue
[2026-05-09T12:16:46.977+0000] {logging_mixin.py:188} INFO - [2026-05-09T12:16:46.977+0000] {dagbag.py:545} INFO - Filling up the DagBag from /home/vscode/.local/lib/python3.11/site-packages/airflow/example_dags/example_short_circuit_operator.py
[2026-05-09T12:16:46.983+0000] {processor.py:840} INFO - DAG(s) 'example_short_circuit_operator' retrieved from /home/vscode/.local/lib/python3.11/site-packages/airflow/example_dags/example_short_circuit_operator.py
[2026-05-09T12:16:46.996+0000] {logging_mixin.py:188} INFO - [2026-05-09T12:16:46.996+0000] {dag.py:3096} INFO - Sync 1 DAGs
[2026-05-09T12:16:47.011+0000] {logging_mixin.py:188} INFO - [2026-05-09T12:16:47.011+0000] {dag.py:3954} INFO - Setting next_dagrun for example_short_circuit_operator to 2026-05-08 00:00:00+00:00, run_after=2026-05-09 00:00:00+00:00
[2026-05-09T12:16:47.028+0000] {processor.py:183} INFO - Processing /home/vscode/.local/lib/python3.11/site-packages/airflow/example_dags/example_short_circuit_operator.py took 0.058 seconds
[2026-05-09T12:17:32.303+0000] {processor.py:161} INFO - Started process (PID=39884) to work on /home/vscode/.local/lib/python3.11/site-packages/airflow/example_dags/example_short_circuit_operator.py
[2026-05-09T12:17:32.303+0000] {processor.py:830} INFO - Processing file /home/vscode/.local/lib/python3.11/site-packages/airflow/example_dags/example_short_circuit_operator.py for tasks to queue
[2026-05-09T12:17:32.304+0000] {logging_mixin.py:188} INFO - [2026-05-09T12:17:32.304+0000] {dagbag.py:545} INFO - Filling up the DagBag from /home/vscode/.local/lib/python3.11/site-packages/airflow/example_dags/example_short_circuit_operator.py
[2026-05-09T12:17:32.310+0000] {processor.py:840} INFO - DAG(s) 'example_short_circuit_operator' retrieved from /home/vscode/.local/lib/python3.11/site-packages/airflow/example_dags/example_short_circuit_operator.py
[2026-05-09T12:17:32.323+0000] {logging_mixin.py:188} INFO - [2026-05-09T12:17:32.323+0000] {dag.py:3096} INFO - Sync 1 DAGs
[2026-05-09T12:17:32.342+0000] {logging_mixin.py:188} INFO - [2026-05-09T12:17:32.342+0000] {dag.py:3954} INFO - Setting next_dagrun for example_short_circuit_operator to 2026-05-08 00:00:00+00:00, run_after=2026-05-09 00:00:00+00:00
[2026-05-09T12:17:32.359+0000] {processor.py:183} INFO - Processing /home/vscode/.local/lib/python3.11/site-packages/airflow/example_dags/example_short_circuit_operator.py took 0.063 seconds
[2026-05-09T12:18:15.953+0000] {processor.py:161} INFO - Started process (PID=40251) to work on /home/vscode/.local/lib/python3.11/site-packages/airflow/example_dags/example_short_circuit_operator.py
[2026-05-09T12:18:15.954+0000] {processor.py:830} INFO - Processing file /home/vscode/.local/lib/python3.11/site-packages/airflow/example_dags/example_short_circuit_operator.py for tasks to queue
[2026-05-09T12:18:15.955+0000] {logging_mixin.py:188} INFO - [2026-05-09T12:18:15.954+0000] {dagbag.py:545} INFO - Filling up the DagBag from /home/vscode/.local/lib/python3.11/site-packages/airflow/example_dags/example_short_circuit_operator.py
[2026-05-09T12:18:15.963+0000] {processor.py:840} INFO - DAG(s) 'example_short_circuit_operator' retrieved from /home/vscode/.local/lib/python3.11/site-packages/airflow/example_dags/example_short_circuit_operator.py
[2026-05-09T12:18:15.976+0000] {logging_mixin.py:188} INFO - [2026-05-09T12:18:15.976+0000] {dag.py:3096} INFO - Sync 1 DAGs
[2026-05-09T12:18:15.990+0000] {logging_mixin.py:188} INFO - [2026-05-09T12:18:15.990+0000] {dag.py:3954} INFO - Setting next_dagrun for example_short_circuit_operator to 2026-05-08 00:00:00+00:00, run_after=2026-05-09 00:00:00+00:00
[2026-05-09T12:18:16.005+0000] {processor.py:183} INFO - Processing /home/vscode/.local/lib/python3.11/site-packages/airflow/example_dags/example_short_circuit_operator.py took 0.061 seconds
[2026-05-09T12:18:55.795+0000] {processor.py:161} INFO - Started process (PID=40660) to work on /home/vscode/.local/lib/python3.11/site-packages/airflow/example_dags/example_short_circuit_operator.py
[2026-05-09T12:18:55.796+0000] {processor.py:830} INFO - Processing file /home/vscode/.local/lib/python3.11/site-packages/airflow/example_dags/example_short_circuit_operator.py for tasks to queue
[2026-05-09T12:18:55.797+0000] {logging_mixin.py:188} INFO - [2026-05-09T12:18:55.796+0000] {dagbag.py:545} INFO - Filling up the DagBag from /home/vscode/.local/lib/python3.11/site-packages/airflow/example_dags/example_short_circuit_operator.py
[2026-05-09T12:18:55.803+0000] {processor.py:840} INFO - DAG(s) 'example_short_circuit_operator' retrieved from /home/vscode/.local/lib/python3.11/site-packages/airflow/example_dags/example_short_circuit_operator.py
[2026-05-09T12:18:55.816+0000] {logging_mixin.py:188} INFO - [2026-05-09T12:18:55.816+0000] {dag.py:3096} INFO - Sync 1 DAGs
[2026-05-09T12:18:55.833+0000] {logging_mixin.py:188} INFO - [2026-05-09T12:18:55.832+0000] {dag.py:3954} INFO - Setting next_dagrun for example_short_circuit_operator to 2026-05-08 00:00:00+00:00, run_after=2026-05-09 00:00:00+00:00
[2026-05-09T12:18:55.850+0000] {processor.py:183} INFO - Processing /home/vscode/.local/lib/python3.11/site-packages/airflow/example_dags/example_short_circuit_operator.py took 0.061 seconds
[2026-05-09T12:19:37.337+0000] {processor.py:161} INFO - Started process (PID=41014) to work on /home/vscode/.local/lib/python3.11/site-packages/airflow/example_dags/example_short_circuit_operator.py
[2026-05-09T12:19:37.338+0000] {processor.py:830} INFO - Processing file /home/vscode/.local/lib/python3.11/site-packages/airflow/example_dags/example_short_circuit_operator.py for tasks to queue
[2026-05-09T12:19:37.338+0000] {logging_mixin.py:188} INFO - [2026-05-09T12:19:37.338+0000] {dagbag.py:545} INFO - Filling up the DagBag from /home/vscode/.local/lib/python3.11/site-packages/airflow/example_dags/example_short_circuit_operator.py
[2026-05-09T12:19:37.346+0000] {processor.py:840} INFO - DAG(s) 'example_short_circuit_operator' retrieved from /home/vscode/.local/lib/python3.11/site-packages/airflow/example_dags/example_short_circuit_operator.py
[2026-05-09T12:19:37.359+0000] {logging_mixin.py:188} INFO - [2026-05-09T12:19:37.359+0000] {dag.py:3096} INFO - Sync 1 DAGs
[2026-05-09T12:19:37.373+0000] {logging_mixin.py:188} INFO - [2026-05-09T12:19:37.372+0000] {dag.py:3954} INFO - Setting next_dagrun for example_short_circuit_operator to 2026-05-08 00:00:00+00:00, run_after=2026-05-09 00:00:00+00:00
[2026-05-09T12:19:37.388+0000] {processor.py:183} INFO - Processing /home/vscode/.local/lib/python3.11/site-packages/airflow/example_dags/example_short_circuit_operator.py took 0.060 seconds
[2026-05-09T12:20:23.633+0000] {processor.py:161} INFO - Started process (PID=41327) to work on /home/vscode/.local/lib/python3.11/site-packages/airflow/example_dags/example_short_circuit_operator.py
[2026-05-09T12:20:23.634+0000] {processor.py:830} INFO - Processing file /home/vscode/.local/lib/python3.11/site-packages/airflow/example_dags/example_short_circuit_operator.py for tasks to queue
[2026-05-09T12:20:23.634+0000] {logging_mixin.py:188} INFO - [2026-05-09T12:20:23.634+0000] {dagbag.py:545} INFO - Filling up the DagBag from /home/vscode/.local/lib/python3.11/site-packages/airflow/example_dags/example_short_circuit_operator.py
[2026-05-09T12:20:23.642+0000] {processor.py:840} INFO - DAG(s) 'example_short_circuit_operator' retrieved from /home/vscode/.local/lib/python3.11/site-packages/airflow/example_dags/example_short_circuit_operator.py
[2026-05-09T12:20:23.656+0000] {logging_mixin.py:188} INFO - [2026-05-09T12:20:23.656+0000] {dag.py:3096} INFO - Sync 1 DAGs
[2026-05-09T12:20:23.670+0000] {logging_mixin.py:188} INFO - [2026-05-09T12:20:23.670+0000] {dag.py:3954} INFO - Setting next_dagrun for example_short_circuit_operator to 2026-05-08 00:00:00+00:00, run_after=2026-05-09 00:00:00+00:00
[2026-05-09T12:20:23.688+0000] {processor.py:183} INFO - Processing /home/vscode/.local/lib/python3.11/site-packages/airflow/example_dags/example_short_circuit_operator.py took 0.064 seconds
[2026-05-09T12:21:04.391+0000] {processor.py:161} INFO - Started process (PID=41677) to work on /home/vscode/.local/lib/python3.11/site-packages/airflow/example_dags/example_short_circuit_operator.py
[2026-05-09T12:21:04.391+0000] {processor.py:830} INFO - Processing file /home/vscode/.local/lib/python3.11/site-packages/airflow/example_dags/example_short_circuit_operator.py for tasks to queue
[2026-05-09T12:21:04.392+0000] {logging_mixin.py:188} INFO - [2026-05-09T12:21:04.391+0000] {dagbag.py:545} INFO - Filling up the DagBag from /home/vscode/.local/lib/python3.11/site-packages/airflow/example_dags/example_short_circuit_operator.py
[2026-05-09T12:21:04.397+0000] {processor.py:840} INFO - DAG(s) 'example_short_circuit_operator' retrieved from /home/vscode/.local/lib/python3.11/site-packages/airflow/example_dags/example_short_circuit_operator.py
[2026-05-09T12:21:04.411+0000] {logging_mixin.py:188} INFO - [2026-05-09T12:21:04.410+0000] {dag.py:3096} INFO - Sync 1 DAGs
[2026-05-09T12:21:04.425+0000] {logging_mixin.py:188} INFO - [2026-05-09T12:21:04.425+0000] {dag.py:3954} INFO - Setting next_dagrun for example_short_circuit_operator to 2026-05-08 00:00:00+00:00, run_after=2026-05-09 00:00:00+00:00
[2026-05-09T12:21:04.442+0000] {processor.py:183} INFO - Processing /home/vscode/.local/lib/python3.11/site-packages/airflow/example_dags/example_short_circuit_operator.py took 0.058 seconds
