[2026-05-09T11:18:39.018+0000] {processor.py:161} INFO - Started process (PID=7025) to work on /home/vscode/.local/lib/python3.11/site-packages/airflow/example_dags/example_xcomargs.py
[2026-05-09T11:18:39.019+0000] {processor.py:830} INFO - Processing file /home/vscode/.local/lib/python3.11/site-packages/airflow/example_dags/example_xcomargs.py for tasks to queue
[2026-05-09T11:18:39.020+0000] {logging_mixin.py:188} INFO - [2026-05-09T11:18:39.020+0000] {dagbag.py:545} INFO - Filling up the DagBag from /home/vscode/.local/lib/python3.11/site-packages/airflow/example_dags/example_xcomargs.py
[2026-05-09T11:18:39.030+0000] {processor.py:840} INFO - DAG(s) 'example_xcom_args', 'example_xcom_args_with_operators' retrieved from /home/vscode/.local/lib/python3.11/site-packages/airflow/example_dags/example_xcomargs.py
[2026-05-09T11:18:39.039+0000] {logging_mixin.py:188} INFO - [2026-05-09T11:18:39.039+0000] {dag.py:3096} INFO - Sync 2 DAGs
[2026-05-09T11:18:39.053+0000] {logging_mixin.py:188} INFO - [2026-05-09T11:18:39.052+0000] {dag.py:3954} INFO - Setting next_dagrun for example_xcom_args to None, run_after=None
[2026-05-09T11:18:39.056+0000] {logging_mixin.py:188} INFO - [2026-05-09T11:18:39.056+0000] {dag.py:3954} INFO - Setting next_dagrun for example_xcom_args_with_operators to None, run_after=None
[2026-05-09T11:18:39.078+0000] {processor.py:183} INFO - Processing /home/vscode/.local/lib/python3.11/site-packages/airflow/example_dags/example_xcomargs.py took 0.076 seconds
[2026-05-09T11:19:35.803+0000] {processor.py:161} INFO - Started process (PID=7554) to work on /home/vscode/.local/lib/python3.11/site-packages/airflow/example_dags/example_xcomargs.py
[2026-05-09T11:19:35.804+0000] {processor.py:830} INFO - Processing file /home/vscode/.local/lib/python3.11/site-packages/airflow/example_dags/example_xcomargs.py for tasks to queue
[2026-05-09T11:19:35.805+0000] {logging_mixin.py:188} INFO - [2026-05-09T11:19:35.804+0000] {dagbag.py:545} INFO - Filling up the DagBag from /home/vscode/.local/lib/python3.11/site-packages/airflow/example_dags/example_xcomargs.py
[2026-05-09T11:19:35.811+0000] {processor.py:840} INFO - DAG(s) 'example_xcom_args_with_operators', 'example_xcom_args' retrieved from /home/vscode/.local/lib/python3.11/site-packages/airflow/example_dags/example_xcomargs.py
[2026-05-09T11:19:35.977+0000] {logging_mixin.py:188} INFO - [2026-05-09T11:19:35.977+0000] {dag.py:3096} INFO - Sync 2 DAGs
[2026-05-09T11:19:35.985+0000] {logging_mixin.py:188} INFO - [2026-05-09T11:19:35.985+0000] {dag.py:3954} INFO - Setting next_dagrun for example_xcom_args to None, run_after=None
[2026-05-09T11:19:35.986+0000] {logging_mixin.py:188} INFO - [2026-05-09T11:19:35.986+0000] {dag.py:3954} INFO - Setting next_dagrun for example_xcom_args_with_operators to None, run_after=None
[2026-05-09T11:19:36.001+0000] {processor.py:183} INFO - Processing /home/vscode/.local/lib/python3.11/site-packages/airflow/example_dags/example_xcomargs.py took 0.204 seconds
[2026-05-09T11:20:30.567+0000] {processor.py:161} INFO - Started process (PID=7968) to work on /home/vscode/.local/lib/python3.11/site-packages/airflow/example_dags/example_xcomargs.py
[2026-05-09T11:20:30.568+0000] {processor.py:830} INFO - Processing file /home/vscode/.local/lib/python3.11/site-packages/airflow/example_dags/example_xcomargs.py for tasks to queue
[2026-05-09T11:20:30.568+0000] {logging_mixin.py:188} INFO - [2026-05-09T11:20:30.568+0000] {dagbag.py:545} INFO - Filling up the DagBag from /home/vscode/.local/lib/python3.11/site-packages/airflow/example_dags/example_xcomargs.py
[2026-05-09T11:20:30.575+0000] {processor.py:840} INFO - DAG(s) 'example_xcom_args', 'example_xcom_args_with_operators' retrieved from /home/vscode/.local/lib/python3.11/site-packages/airflow/example_dags/example_xcomargs.py
[2026-05-09T11:20:30.589+0000] {logging_mixin.py:188} INFO - [2026-05-09T11:20:30.589+0000] {dag.py:3096} INFO - Sync 2 DAGs
[2026-05-09T11:20:30.598+0000] {logging_mixin.py:188} INFO - [2026-05-09T11:20:30.598+0000] {dag.py:3954} INFO - Setting next_dagrun for example_xcom_args to None, run_after=None
[2026-05-09T11:20:30.600+0000] {logging_mixin.py:188} INFO - [2026-05-09T11:20:30.600+0000] {dag.py:3954} INFO - Setting next_dagrun for example_xcom_args_with_operators to None, run_after=None
[2026-05-09T11:20:30.617+0000] {processor.py:183} INFO - Processing /home/vscode/.local/lib/python3.11/site-packages/airflow/example_dags/example_xcomargs.py took 0.057 seconds
[2026-05-09T11:21:14.557+0000] {processor.py:161} INFO - Started process (PID=8357) to work on /home/vscode/.local/lib/python3.11/site-packages/airflow/example_dags/example_xcomargs.py
[2026-05-09T11:21:14.557+0000] {processor.py:830} INFO - Processing file /home/vscode/.local/lib/python3.11/site-packages/airflow/example_dags/example_xcomargs.py for tasks to queue
[2026-05-09T11:21:14.558+0000] {logging_mixin.py:188} INFO - [2026-05-09T11:21:14.558+0000] {dagbag.py:545} INFO - Filling up the DagBag from /home/vscode/.local/lib/python3.11/site-packages/airflow/example_dags/example_xcomargs.py
[2026-05-09T11:21:14.564+0000] {processor.py:840} INFO - DAG(s) 'example_xcom_args', 'example_xcom_args_with_operators' retrieved from /home/vscode/.local/lib/python3.11/site-packages/airflow/example_dags/example_xcomargs.py
[2026-05-09T11:21:14.577+0000] {logging_mixin.py:188} INFO - [2026-05-09T11:21:14.577+0000] {dag.py:3096} INFO - Sync 2 DAGs
[2026-05-09T11:21:14.585+0000] {logging_mixin.py:188} INFO - [2026-05-09T11:21:14.585+0000] {dag.py:3954} INFO - Setting next_dagrun for example_xcom_args to None, run_after=None
[2026-05-09T11:21:14.588+0000] {logging_mixin.py:188} INFO - [2026-05-09T11:21:14.588+0000] {dag.py:3954} INFO - Setting next_dagrun for example_xcom_args_with_operators to None, run_after=None
[2026-05-09T11:21:14.602+0000] {processor.py:183} INFO - Processing /home/vscode/.local/lib/python3.11/site-packages/airflow/example_dags/example_xcomargs.py took 0.053 seconds
[2026-05-09T11:21:54.982+0000] {processor.py:161} INFO - Started process (PID=8831) to work on /home/vscode/.local/lib/python3.11/site-packages/airflow/example_dags/example_xcomargs.py
[2026-05-09T11:21:54.983+0000] {processor.py:830} INFO - Processing file /home/vscode/.local/lib/python3.11/site-packages/airflow/example_dags/example_xcomargs.py for tasks to queue
[2026-05-09T11:21:54.983+0000] {logging_mixin.py:188} INFO - [2026-05-09T11:21:54.983+0000] {dagbag.py:545} INFO - Filling up the DagBag from /home/vscode/.local/lib/python3.11/site-packages/airflow/example_dags/example_xcomargs.py
[2026-05-09T11:21:54.989+0000] {processor.py:840} INFO - DAG(s) 'example_xcom_args', 'example_xcom_args_with_operators' retrieved from /home/vscode/.local/lib/python3.11/site-packages/airflow/example_dags/example_xcomargs.py
[2026-05-09T11:21:55.002+0000] {logging_mixin.py:188} INFO - [2026-05-09T11:21:55.002+0000] {dag.py:3096} INFO - Sync 2 DAGs
[2026-05-09T11:21:55.010+0000] {logging_mixin.py:188} INFO - [2026-05-09T11:21:55.010+0000] {dag.py:3954} INFO - Setting next_dagrun for example_xcom_args to None, run_after=None
[2026-05-09T11:21:55.012+0000] {logging_mixin.py:188} INFO - [2026-05-09T11:21:55.012+0000] {dag.py:3954} INFO - Setting next_dagrun for example_xcom_args_with_operators to None, run_after=None
[2026-05-09T11:21:55.026+0000] {processor.py:183} INFO - Processing /home/vscode/.local/lib/python3.11/site-packages/airflow/example_dags/example_xcomargs.py took 0.050 seconds
[2026-05-09T11:22:34.441+0000] {processor.py:161} INFO - Started process (PID=9294) to work on /home/vscode/.local/lib/python3.11/site-packages/airflow/example_dags/example_xcomargs.py
[2026-05-09T11:22:34.442+0000] {processor.py:830} INFO - Processing file /home/vscode/.local/lib/python3.11/site-packages/airflow/example_dags/example_xcomargs.py for tasks to queue
[2026-05-09T11:22:34.443+0000] {logging_mixin.py:188} INFO - [2026-05-09T11:22:34.443+0000] {dagbag.py:545} INFO - Filling up the DagBag from /home/vscode/.local/lib/python3.11/site-packages/airflow/example_dags/example_xcomargs.py
[2026-05-09T11:22:34.449+0000] {processor.py:840} INFO - DAG(s) 'example_xcom_args_with_operators', 'example_xcom_args' retrieved from /home/vscode/.local/lib/python3.11/site-packages/airflow/example_dags/example_xcomargs.py
[2026-05-09T11:22:34.463+0000] {logging_mixin.py:188} INFO - [2026-05-09T11:22:34.463+0000] {dag.py:3096} INFO - Sync 2 DAGs
[2026-05-09T11:22:34.472+0000] {logging_mixin.py:188} INFO - [2026-05-09T11:22:34.471+0000] {dag.py:3954} INFO - Setting next_dagrun for example_xcom_args to None, run_after=None
[2026-05-09T11:22:34.474+0000] {logging_mixin.py:188} INFO - [2026-05-09T11:22:34.474+0000] {dag.py:3954} INFO - Setting next_dagrun for example_xcom_args_with_operators to None, run_after=None
[2026-05-09T11:22:34.488+0000] {processor.py:183} INFO - Processing /home/vscode/.local/lib/python3.11/site-packages/airflow/example_dags/example_xcomargs.py took 0.054 seconds
[2026-05-09T11:23:11.424+0000] {processor.py:161} INFO - Started process (PID=9700) to work on /home/vscode/.local/lib/python3.11/site-packages/airflow/example_dags/example_xcomargs.py
[2026-05-09T11:23:11.424+0000] {processor.py:830} INFO - Processing file /home/vscode/.local/lib/python3.11/site-packages/airflow/example_dags/example_xcomargs.py for tasks to queue
[2026-05-09T11:23:11.425+0000] {logging_mixin.py:188} INFO - [2026-05-09T11:23:11.425+0000] {dagbag.py:545} INFO - Filling up the DagBag from /home/vscode/.local/lib/python3.11/site-packages/airflow/example_dags/example_xcomargs.py
[2026-05-09T11:23:11.431+0000] {processor.py:840} INFO - DAG(s) 'example_xcom_args_with_operators', 'example_xcom_args' retrieved from /home/vscode/.local/lib/python3.11/site-packages/airflow/example_dags/example_xcomargs.py
[2026-05-09T11:23:11.445+0000] {logging_mixin.py:188} INFO - [2026-05-09T11:23:11.445+0000] {dag.py:3096} INFO - Sync 2 DAGs
[2026-05-09T11:23:11.453+0000] {logging_mixin.py:188} INFO - [2026-05-09T11:23:11.453+0000] {dag.py:3954} INFO - Setting next_dagrun for example_xcom_args to None, run_after=None
[2026-05-09T11:23:11.455+0000] {logging_mixin.py:188} INFO - [2026-05-09T11:23:11.455+0000] {dag.py:3954} INFO - Setting next_dagrun for example_xcom_args_with_operators to None, run_after=None
[2026-05-09T11:23:11.469+0000] {processor.py:183} INFO - Processing /home/vscode/.local/lib/python3.11/site-packages/airflow/example_dags/example_xcomargs.py took 0.052 seconds
[2026-05-09T11:23:51.489+0000] {processor.py:161} INFO - Started process (PID=10265) to work on /home/vscode/.local/lib/python3.11/site-packages/airflow/example_dags/example_xcomargs.py
[2026-05-09T11:23:51.489+0000] {processor.py:830} INFO - Processing file /home/vscode/.local/lib/python3.11/site-packages/airflow/example_dags/example_xcomargs.py for tasks to queue
[2026-05-09T11:23:51.490+0000] {logging_mixin.py:188} INFO - [2026-05-09T11:23:51.489+0000] {dagbag.py:545} INFO - Filling up the DagBag from /home/vscode/.local/lib/python3.11/site-packages/airflow/example_dags/example_xcomargs.py
[2026-05-09T11:23:51.497+0000] {processor.py:840} INFO - DAG(s) 'example_xcom_args_with_operators', 'example_xcom_args' retrieved from /home/vscode/.local/lib/python3.11/site-packages/airflow/example_dags/example_xcomargs.py
[2026-05-09T11:23:51.510+0000] {logging_mixin.py:188} INFO - [2026-05-09T11:23:51.509+0000] {dag.py:3096} INFO - Sync 2 DAGs
[2026-05-09T11:23:51.518+0000] {logging_mixin.py:188} INFO - [2026-05-09T11:23:51.518+0000] {dag.py:3954} INFO - Setting next_dagrun for example_xcom_args to None, run_after=None
[2026-05-09T11:23:51.520+0000] {logging_mixin.py:188} INFO - [2026-05-09T11:23:51.520+0000] {dag.py:3954} INFO - Setting next_dagrun for example_xcom_args_with_operators to None, run_after=None
[2026-05-09T11:23:51.534+0000] {processor.py:183} INFO - Processing /home/vscode/.local/lib/python3.11/site-packages/airflow/example_dags/example_xcomargs.py took 0.052 seconds
[2026-05-09T11:24:32.109+0000] {processor.py:161} INFO - Started process (PID=10802) to work on /home/vscode/.local/lib/python3.11/site-packages/airflow/example_dags/example_xcomargs.py
[2026-05-09T11:24:32.110+0000] {processor.py:830} INFO - Processing file /home/vscode/.local/lib/python3.11/site-packages/airflow/example_dags/example_xcomargs.py for tasks to queue
[2026-05-09T11:24:32.110+0000] {logging_mixin.py:188} INFO - [2026-05-09T11:24:32.110+0000] {dagbag.py:545} INFO - Filling up the DagBag from /home/vscode/.local/lib/python3.11/site-packages/airflow/example_dags/example_xcomargs.py
[2026-05-09T11:24:32.116+0000] {processor.py:840} INFO - DAG(s) 'example_xcom_args', 'example_xcom_args_with_operators' retrieved from /home/vscode/.local/lib/python3.11/site-packages/airflow/example_dags/example_xcomargs.py
[2026-05-09T11:24:32.129+0000] {logging_mixin.py:188} INFO - [2026-05-09T11:24:32.129+0000] {dag.py:3096} INFO - Sync 2 DAGs
[2026-05-09T11:24:32.137+0000] {logging_mixin.py:188} INFO - [2026-05-09T11:24:32.137+0000] {dag.py:3954} INFO - Setting next_dagrun for example_xcom_args to None, run_after=None
[2026-05-09T11:24:32.140+0000] {logging_mixin.py:188} INFO - [2026-05-09T11:24:32.140+0000] {dag.py:3954} INFO - Setting next_dagrun for example_xcom_args_with_operators to None, run_after=None
[2026-05-09T11:24:32.155+0000] {processor.py:183} INFO - Processing /home/vscode/.local/lib/python3.11/site-packages/airflow/example_dags/example_xcomargs.py took 0.052 seconds
[2026-05-09T11:25:13.330+0000] {processor.py:161} INFO - Started process (PID=11263) to work on /home/vscode/.local/lib/python3.11/site-packages/airflow/example_dags/example_xcomargs.py
[2026-05-09T11:25:13.330+0000] {processor.py:830} INFO - Processing file /home/vscode/.local/lib/python3.11/site-packages/airflow/example_dags/example_xcomargs.py for tasks to queue
[2026-05-09T11:25:13.331+0000] {logging_mixin.py:188} INFO - [2026-05-09T11:25:13.331+0000] {dagbag.py:545} INFO - Filling up the DagBag from /home/vscode/.local/lib/python3.11/site-packages/airflow/example_dags/example_xcomargs.py
[2026-05-09T11:25:13.337+0000] {processor.py:840} INFO - DAG(s) 'example_xcom_args_with_operators', 'example_xcom_args' retrieved from /home/vscode/.local/lib/python3.11/site-packages/airflow/example_dags/example_xcomargs.py
[2026-05-09T11:25:13.350+0000] {logging_mixin.py:188} INFO - [2026-05-09T11:25:13.350+0000] {dag.py:3096} INFO - Sync 2 DAGs
[2026-05-09T11:25:13.358+0000] {logging_mixin.py:188} INFO - [2026-05-09T11:25:13.358+0000] {dag.py:3954} INFO - Setting next_dagrun for example_xcom_args to None, run_after=None
[2026-05-09T11:25:13.360+0000] {logging_mixin.py:188} INFO - [2026-05-09T11:25:13.360+0000] {dag.py:3954} INFO - Setting next_dagrun for example_xcom_args_with_operators to None, run_after=None
[2026-05-09T11:25:13.375+0000] {processor.py:183} INFO - Processing /home/vscode/.local/lib/python3.11/site-packages/airflow/example_dags/example_xcomargs.py took 0.052 seconds
[2026-05-09T11:25:54.274+0000] {processor.py:161} INFO - Started process (PID=11600) to work on /home/vscode/.local/lib/python3.11/site-packages/airflow/example_dags/example_xcomargs.py
[2026-05-09T11:25:54.274+0000] {processor.py:830} INFO - Processing file /home/vscode/.local/lib/python3.11/site-packages/airflow/example_dags/example_xcomargs.py for tasks to queue
[2026-05-09T11:25:54.275+0000] {logging_mixin.py:188} INFO - [2026-05-09T11:25:54.275+0000] {dagbag.py:545} INFO - Filling up the DagBag from /home/vscode/.local/lib/python3.11/site-packages/airflow/example_dags/example_xcomargs.py
[2026-05-09T11:25:54.281+0000] {processor.py:840} INFO - DAG(s) 'example_xcom_args_with_operators', 'example_xcom_args' retrieved from /home/vscode/.local/lib/python3.11/site-packages/airflow/example_dags/example_xcomargs.py
[2026-05-09T11:25:54.294+0000] {logging_mixin.py:188} INFO - [2026-05-09T11:25:54.294+0000] {dag.py:3096} INFO - Sync 2 DAGs
[2026-05-09T11:25:54.302+0000] {logging_mixin.py:188} INFO - [2026-05-09T11:25:54.302+0000] {dag.py:3954} INFO - Setting next_dagrun for example_xcom_args to None, run_after=None
[2026-05-09T11:25:54.304+0000] {logging_mixin.py:188} INFO - [2026-05-09T11:25:54.304+0000] {dag.py:3954} INFO - Setting next_dagrun for example_xcom_args_with_operators to None, run_after=None
[2026-05-09T11:25:54.318+0000] {processor.py:183} INFO - Processing /home/vscode/.local/lib/python3.11/site-packages/airflow/example_dags/example_xcomargs.py took 0.051 seconds
[2026-05-09T11:26:33.530+0000] {processor.py:161} INFO - Started process (PID=12037) to work on /home/vscode/.local/lib/python3.11/site-packages/airflow/example_dags/example_xcomargs.py
[2026-05-09T11:26:33.531+0000] {processor.py:830} INFO - Processing file /home/vscode/.local/lib/python3.11/site-packages/airflow/example_dags/example_xcomargs.py for tasks to queue
[2026-05-09T11:26:33.531+0000] {logging_mixin.py:188} INFO - [2026-05-09T11:26:33.531+0000] {dagbag.py:545} INFO - Filling up the DagBag from /home/vscode/.local/lib/python3.11/site-packages/airflow/example_dags/example_xcomargs.py
[2026-05-09T11:26:33.537+0000] {processor.py:840} INFO - DAG(s) 'example_xcom_args_with_operators', 'example_xcom_args' retrieved from /home/vscode/.local/lib/python3.11/site-packages/airflow/example_dags/example_xcomargs.py
[2026-05-09T11:26:33.558+0000] {logging_mixin.py:188} INFO - [2026-05-09T11:26:33.558+0000] {dag.py:3096} INFO - Sync 2 DAGs
[2026-05-09T11:26:33.566+0000] {logging_mixin.py:188} INFO - [2026-05-09T11:26:33.566+0000] {dag.py:3954} INFO - Setting next_dagrun for example_xcom_args to None, run_after=None
[2026-05-09T11:26:33.568+0000] {logging_mixin.py:188} INFO - [2026-05-09T11:26:33.568+0000] {dag.py:3954} INFO - Setting next_dagrun for example_xcom_args_with_operators to None, run_after=None
[2026-05-09T11:26:33.583+0000] {processor.py:183} INFO - Processing /home/vscode/.local/lib/python3.11/site-packages/airflow/example_dags/example_xcomargs.py took 0.059 seconds
[2026-05-09T11:27:13.399+0000] {processor.py:161} INFO - Started process (PID=12462) to work on /home/vscode/.local/lib/python3.11/site-packages/airflow/example_dags/example_xcomargs.py
[2026-05-09T11:27:13.400+0000] {processor.py:830} INFO - Processing file /home/vscode/.local/lib/python3.11/site-packages/airflow/example_dags/example_xcomargs.py for tasks to queue
[2026-05-09T11:27:13.401+0000] {logging_mixin.py:188} INFO - [2026-05-09T11:27:13.400+0000] {dagbag.py:545} INFO - Filling up the DagBag from /home/vscode/.local/lib/python3.11/site-packages/airflow/example_dags/example_xcomargs.py
[2026-05-09T11:27:13.407+0000] {processor.py:840} INFO - DAG(s) 'example_xcom_args', 'example_xcom_args_with_operators' retrieved from /home/vscode/.local/lib/python3.11/site-packages/airflow/example_dags/example_xcomargs.py
[2026-05-09T11:27:13.422+0000] {logging_mixin.py:188} INFO - [2026-05-09T11:27:13.422+0000] {dag.py:3096} INFO - Sync 2 DAGs
[2026-05-09T11:27:13.434+0000] {logging_mixin.py:188} INFO - [2026-05-09T11:27:13.434+0000] {dag.py:3954} INFO - Setting next_dagrun for example_xcom_args to None, run_after=None
[2026-05-09T11:27:13.437+0000] {logging_mixin.py:188} INFO - [2026-05-09T11:27:13.437+0000] {dag.py:3954} INFO - Setting next_dagrun for example_xcom_args_with_operators to None, run_after=None
[2026-05-09T11:27:13.455+0000] {processor.py:183} INFO - Processing /home/vscode/.local/lib/python3.11/site-packages/airflow/example_dags/example_xcomargs.py took 0.062 seconds
[2026-05-09T11:27:53.079+0000] {processor.py:161} INFO - Started process (PID=12967) to work on /home/vscode/.local/lib/python3.11/site-packages/airflow/example_dags/example_xcomargs.py
[2026-05-09T11:27:53.079+0000] {processor.py:830} INFO - Processing file /home/vscode/.local/lib/python3.11/site-packages/airflow/example_dags/example_xcomargs.py for tasks to queue
[2026-05-09T11:27:53.080+0000] {logging_mixin.py:188} INFO - [2026-05-09T11:27:53.080+0000] {dagbag.py:545} INFO - Filling up the DagBag from /home/vscode/.local/lib/python3.11/site-packages/airflow/example_dags/example_xcomargs.py
[2026-05-09T11:27:53.086+0000] {processor.py:840} INFO - DAG(s) 'example_xcom_args', 'example_xcom_args_with_operators' retrieved from /home/vscode/.local/lib/python3.11/site-packages/airflow/example_dags/example_xcomargs.py
[2026-05-09T11:27:53.100+0000] {logging_mixin.py:188} INFO - [2026-05-09T11:27:53.099+0000] {dag.py:3096} INFO - Sync 2 DAGs
[2026-05-09T11:27:53.108+0000] {logging_mixin.py:188} INFO - [2026-05-09T11:27:53.108+0000] {dag.py:3954} INFO - Setting next_dagrun for example_xcom_args to None, run_after=None
[2026-05-09T11:27:53.110+0000] {logging_mixin.py:188} INFO - [2026-05-09T11:27:53.110+0000] {dag.py:3954} INFO - Setting next_dagrun for example_xcom_args_with_operators to None, run_after=None
[2026-05-09T11:27:53.126+0000] {processor.py:183} INFO - Processing /home/vscode/.local/lib/python3.11/site-packages/airflow/example_dags/example_xcomargs.py took 0.053 seconds
[2026-05-09T11:28:32.663+0000] {processor.py:161} INFO - Started process (PID=13444) to work on /home/vscode/.local/lib/python3.11/site-packages/airflow/example_dags/example_xcomargs.py
[2026-05-09T11:28:32.663+0000] {processor.py:830} INFO - Processing file /home/vscode/.local/lib/python3.11/site-packages/airflow/example_dags/example_xcomargs.py for tasks to queue
[2026-05-09T11:28:32.664+0000] {logging_mixin.py:188} INFO - [2026-05-09T11:28:32.664+0000] {dagbag.py:545} INFO - Filling up the DagBag from /home/vscode/.local/lib/python3.11/site-packages/airflow/example_dags/example_xcomargs.py
[2026-05-09T11:28:32.670+0000] {processor.py:840} INFO - DAG(s) 'example_xcom_args_with_operators', 'example_xcom_args' retrieved from /home/vscode/.local/lib/python3.11/site-packages/airflow/example_dags/example_xcomargs.py
[2026-05-09T11:28:32.684+0000] {logging_mixin.py:188} INFO - [2026-05-09T11:28:32.684+0000] {dag.py:3096} INFO - Sync 2 DAGs
[2026-05-09T11:28:32.692+0000] {logging_mixin.py:188} INFO - [2026-05-09T11:28:32.692+0000] {dag.py:3954} INFO - Setting next_dagrun for example_xcom_args to None, run_after=None
[2026-05-09T11:28:32.695+0000] {logging_mixin.py:188} INFO - [2026-05-09T11:28:32.695+0000] {dag.py:3954} INFO - Setting next_dagrun for example_xcom_args_with_operators to None, run_after=None
[2026-05-09T11:28:32.709+0000] {processor.py:183} INFO - Processing /home/vscode/.local/lib/python3.11/site-packages/airflow/example_dags/example_xcomargs.py took 0.053 seconds
[2026-05-09T11:29:12.931+0000] {processor.py:161} INFO - Started process (PID=13841) to work on /home/vscode/.local/lib/python3.11/site-packages/airflow/example_dags/example_xcomargs.py
[2026-05-09T11:29:12.932+0000] {processor.py:830} INFO - Processing file /home/vscode/.local/lib/python3.11/site-packages/airflow/example_dags/example_xcomargs.py for tasks to queue
[2026-05-09T11:29:12.932+0000] {logging_mixin.py:188} INFO - [2026-05-09T11:29:12.932+0000] {dagbag.py:545} INFO - Filling up the DagBag from /home/vscode/.local/lib/python3.11/site-packages/airflow/example_dags/example_xcomargs.py
[2026-05-09T11:29:12.939+0000] {processor.py:840} INFO - DAG(s) 'example_xcom_args_with_operators', 'example_xcom_args' retrieved from /home/vscode/.local/lib/python3.11/site-packages/airflow/example_dags/example_xcomargs.py
[2026-05-09T11:29:12.952+0000] {logging_mixin.py:188} INFO - [2026-05-09T11:29:12.952+0000] {dag.py:3096} INFO - Sync 2 DAGs
[2026-05-09T11:29:12.960+0000] {logging_mixin.py:188} INFO - [2026-05-09T11:29:12.960+0000] {dag.py:3954} INFO - Setting next_dagrun for example_xcom_args to None, run_after=None
[2026-05-09T11:29:12.963+0000] {logging_mixin.py:188} INFO - [2026-05-09T11:29:12.962+0000] {dag.py:3954} INFO - Setting next_dagrun for example_xcom_args_with_operators to None, run_after=None
[2026-05-09T11:29:12.978+0000] {processor.py:183} INFO - Processing /home/vscode/.local/lib/python3.11/site-packages/airflow/example_dags/example_xcomargs.py took 0.053 seconds
[2026-05-09T11:29:56.985+0000] {processor.py:161} INFO - Started process (PID=14234) to work on /home/vscode/.local/lib/python3.11/site-packages/airflow/example_dags/example_xcomargs.py
[2026-05-09T11:29:56.985+0000] {processor.py:830} INFO - Processing file /home/vscode/.local/lib/python3.11/site-packages/airflow/example_dags/example_xcomargs.py for tasks to queue
[2026-05-09T11:29:56.986+0000] {logging_mixin.py:188} INFO - [2026-05-09T11:29:56.986+0000] {dagbag.py:545} INFO - Filling up the DagBag from /home/vscode/.local/lib/python3.11/site-packages/airflow/example_dags/example_xcomargs.py
[2026-05-09T11:29:56.992+0000] {processor.py:840} INFO - DAG(s) 'example_xcom_args_with_operators', 'example_xcom_args' retrieved from /home/vscode/.local/lib/python3.11/site-packages/airflow/example_dags/example_xcomargs.py
[2026-05-09T11:29:57.005+0000] {logging_mixin.py:188} INFO - [2026-05-09T11:29:57.005+0000] {dag.py:3096} INFO - Sync 2 DAGs
[2026-05-09T11:29:57.014+0000] {logging_mixin.py:188} INFO - [2026-05-09T11:29:57.014+0000] {dag.py:3954} INFO - Setting next_dagrun for example_xcom_args to None, run_after=None
[2026-05-09T11:29:57.016+0000] {logging_mixin.py:188} INFO - [2026-05-09T11:29:57.016+0000] {dag.py:3954} INFO - Setting next_dagrun for example_xcom_args_with_operators to None, run_after=None
[2026-05-09T11:29:57.030+0000] {processor.py:183} INFO - Processing /home/vscode/.local/lib/python3.11/site-packages/airflow/example_dags/example_xcomargs.py took 0.052 seconds
[2026-05-09T11:30:39.429+0000] {processor.py:161} INFO - Started process (PID=14766) to work on /home/vscode/.local/lib/python3.11/site-packages/airflow/example_dags/example_xcomargs.py
[2026-05-09T11:30:39.430+0000] {processor.py:830} INFO - Processing file /home/vscode/.local/lib/python3.11/site-packages/airflow/example_dags/example_xcomargs.py for tasks to queue
[2026-05-09T11:30:39.431+0000] {logging_mixin.py:188} INFO - [2026-05-09T11:30:39.430+0000] {dagbag.py:545} INFO - Filling up the DagBag from /home/vscode/.local/lib/python3.11/site-packages/airflow/example_dags/example_xcomargs.py
[2026-05-09T11:30:39.439+0000] {processor.py:840} INFO - DAG(s) 'example_xcom_args', 'example_xcom_args_with_operators' retrieved from /home/vscode/.local/lib/python3.11/site-packages/airflow/example_dags/example_xcomargs.py
[2026-05-09T11:30:39.453+0000] {logging_mixin.py:188} INFO - [2026-05-09T11:30:39.453+0000] {dag.py:3096} INFO - Sync 2 DAGs
[2026-05-09T11:30:39.462+0000] {logging_mixin.py:188} INFO - [2026-05-09T11:30:39.462+0000] {dag.py:3954} INFO - Setting next_dagrun for example_xcom_args to None, run_after=None
[2026-05-09T11:30:39.465+0000] {logging_mixin.py:188} INFO - [2026-05-09T11:30:39.465+0000] {dag.py:3954} INFO - Setting next_dagrun for example_xcom_args_with_operators to None, run_after=None
[2026-05-09T11:30:39.482+0000] {processor.py:183} INFO - Processing /home/vscode/.local/lib/python3.11/site-packages/airflow/example_dags/example_xcomargs.py took 0.059 seconds
[2026-05-09T11:31:17.986+0000] {processor.py:161} INFO - Started process (PID=15232) to work on /home/vscode/.local/lib/python3.11/site-packages/airflow/example_dags/example_xcomargs.py
[2026-05-09T11:31:17.987+0000] {processor.py:830} INFO - Processing file /home/vscode/.local/lib/python3.11/site-packages/airflow/example_dags/example_xcomargs.py for tasks to queue
[2026-05-09T11:31:17.988+0000] {logging_mixin.py:188} INFO - [2026-05-09T11:31:17.988+0000] {dagbag.py:545} INFO - Filling up the DagBag from /home/vscode/.local/lib/python3.11/site-packages/airflow/example_dags/example_xcomargs.py
[2026-05-09T11:31:17.994+0000] {processor.py:840} INFO - DAG(s) 'example_xcom_args_with_operators', 'example_xcom_args' retrieved from /home/vscode/.local/lib/python3.11/site-packages/airflow/example_dags/example_xcomargs.py
[2026-05-09T11:31:18.008+0000] {logging_mixin.py:188} INFO - [2026-05-09T11:31:18.007+0000] {dag.py:3096} INFO - Sync 2 DAGs
[2026-05-09T11:31:18.016+0000] {logging_mixin.py:188} INFO - [2026-05-09T11:31:18.016+0000] {dag.py:3954} INFO - Setting next_dagrun for example_xcom_args to None, run_after=None
[2026-05-09T11:31:18.018+0000] {logging_mixin.py:188} INFO - [2026-05-09T11:31:18.018+0000] {dag.py:3954} INFO - Setting next_dagrun for example_xcom_args_with_operators to None, run_after=None
[2026-05-09T11:31:18.032+0000] {processor.py:183} INFO - Processing /home/vscode/.local/lib/python3.11/site-packages/airflow/example_dags/example_xcomargs.py took 0.060 seconds
[2026-05-09T11:32:02.059+0000] {processor.py:161} INFO - Started process (PID=15701) to work on /home/vscode/.local/lib/python3.11/site-packages/airflow/example_dags/example_xcomargs.py
[2026-05-09T11:32:02.059+0000] {processor.py:830} INFO - Processing file /home/vscode/.local/lib/python3.11/site-packages/airflow/example_dags/example_xcomargs.py for tasks to queue
[2026-05-09T11:32:02.060+0000] {logging_mixin.py:188} INFO - [2026-05-09T11:32:02.060+0000] {dagbag.py:545} INFO - Filling up the DagBag from /home/vscode/.local/lib/python3.11/site-packages/airflow/example_dags/example_xcomargs.py
[2026-05-09T11:32:02.067+0000] {processor.py:840} INFO - DAG(s) 'example_xcom_args_with_operators', 'example_xcom_args' retrieved from /home/vscode/.local/lib/python3.11/site-packages/airflow/example_dags/example_xcomargs.py
[2026-05-09T11:32:02.081+0000] {logging_mixin.py:188} INFO - [2026-05-09T11:32:02.081+0000] {dag.py:3096} INFO - Sync 2 DAGs
[2026-05-09T11:32:02.092+0000] {logging_mixin.py:188} INFO - [2026-05-09T11:32:02.091+0000] {dag.py:3954} INFO - Setting next_dagrun for example_xcom_args to None, run_after=None
[2026-05-09T11:32:02.094+0000] {logging_mixin.py:188} INFO - [2026-05-09T11:32:02.094+0000] {dag.py:3954} INFO - Setting next_dagrun for example_xcom_args_with_operators to None, run_after=None
[2026-05-09T11:32:02.109+0000] {processor.py:183} INFO - Processing /home/vscode/.local/lib/python3.11/site-packages/airflow/example_dags/example_xcomargs.py took 0.057 seconds
[2026-05-09T11:32:46.152+0000] {processor.py:161} INFO - Started process (PID=16077) to work on /home/vscode/.local/lib/python3.11/site-packages/airflow/example_dags/example_xcomargs.py
[2026-05-09T11:32:46.152+0000] {processor.py:830} INFO - Processing file /home/vscode/.local/lib/python3.11/site-packages/airflow/example_dags/example_xcomargs.py for tasks to queue
[2026-05-09T11:32:46.153+0000] {logging_mixin.py:188} INFO - [2026-05-09T11:32:46.153+0000] {dagbag.py:545} INFO - Filling up the DagBag from /home/vscode/.local/lib/python3.11/site-packages/airflow/example_dags/example_xcomargs.py
[2026-05-09T11:32:46.162+0000] {processor.py:840} INFO - DAG(s) 'example_xcom_args_with_operators', 'example_xcom_args' retrieved from /home/vscode/.local/lib/python3.11/site-packages/airflow/example_dags/example_xcomargs.py
[2026-05-09T11:32:46.181+0000] {logging_mixin.py:188} INFO - [2026-05-09T11:32:46.181+0000] {dag.py:3096} INFO - Sync 2 DAGs
[2026-05-09T11:32:46.247+0000] {logging_mixin.py:188} INFO - [2026-05-09T11:32:46.247+0000] {dag.py:3954} INFO - Setting next_dagrun for example_xcom_args to None, run_after=None
[2026-05-09T11:32:46.253+0000] {logging_mixin.py:188} INFO - [2026-05-09T11:32:46.253+0000] {dag.py:3954} INFO - Setting next_dagrun for example_xcom_args_with_operators to None, run_after=None
[2026-05-09T11:32:46.291+0000] {processor.py:183} INFO - Processing /home/vscode/.local/lib/python3.11/site-packages/airflow/example_dags/example_xcomargs.py took 0.149 seconds
[2026-05-09T11:33:29.854+0000] {processor.py:161} INFO - Started process (PID=16400) to work on /home/vscode/.local/lib/python3.11/site-packages/airflow/example_dags/example_xcomargs.py
[2026-05-09T11:33:29.855+0000] {processor.py:830} INFO - Processing file /home/vscode/.local/lib/python3.11/site-packages/airflow/example_dags/example_xcomargs.py for tasks to queue
[2026-05-09T11:33:29.856+0000] {logging_mixin.py:188} INFO - [2026-05-09T11:33:29.855+0000] {dagbag.py:545} INFO - Filling up the DagBag from /home/vscode/.local/lib/python3.11/site-packages/airflow/example_dags/example_xcomargs.py
[2026-05-09T11:33:29.865+0000] {processor.py:840} INFO - DAG(s) 'example_xcom_args', 'example_xcom_args_with_operators' retrieved from /home/vscode/.local/lib/python3.11/site-packages/airflow/example_dags/example_xcomargs.py
[2026-05-09T11:33:29.885+0000] {logging_mixin.py:188} INFO - [2026-05-09T11:33:29.885+0000] {dag.py:3096} INFO - Sync 2 DAGs
[2026-05-09T11:33:29.898+0000] {logging_mixin.py:188} INFO - [2026-05-09T11:33:29.898+0000] {dag.py:3954} INFO - Setting next_dagrun for example_xcom_args to None, run_after=None
[2026-05-09T11:33:29.901+0000] {logging_mixin.py:188} INFO - [2026-05-09T11:33:29.901+0000] {dag.py:3954} INFO - Setting next_dagrun for example_xcom_args_with_operators to None, run_after=None
[2026-05-09T11:33:29.916+0000] {processor.py:183} INFO - Processing /home/vscode/.local/lib/python3.11/site-packages/airflow/example_dags/example_xcomargs.py took 0.072 seconds
[2026-05-09T11:34:11.309+0000] {processor.py:161} INFO - Started process (PID=16836) to work on /home/vscode/.local/lib/python3.11/site-packages/airflow/example_dags/example_xcomargs.py
[2026-05-09T11:34:11.309+0000] {processor.py:830} INFO - Processing file /home/vscode/.local/lib/python3.11/site-packages/airflow/example_dags/example_xcomargs.py for tasks to queue
[2026-05-09T11:34:11.310+0000] {logging_mixin.py:188} INFO - [2026-05-09T11:34:11.310+0000] {dagbag.py:545} INFO - Filling up the DagBag from /home/vscode/.local/lib/python3.11/site-packages/airflow/example_dags/example_xcomargs.py
[2026-05-09T11:34:11.316+0000] {processor.py:840} INFO - DAG(s) 'example_xcom_args', 'example_xcom_args_with_operators' retrieved from /home/vscode/.local/lib/python3.11/site-packages/airflow/example_dags/example_xcomargs.py
[2026-05-09T11:34:11.330+0000] {logging_mixin.py:188} INFO - [2026-05-09T11:34:11.330+0000] {dag.py:3096} INFO - Sync 2 DAGs
[2026-05-09T11:34:11.339+0000] {logging_mixin.py:188} INFO - [2026-05-09T11:34:11.339+0000] {dag.py:3954} INFO - Setting next_dagrun for example_xcom_args to None, run_after=None
[2026-05-09T11:34:11.341+0000] {logging_mixin.py:188} INFO - [2026-05-09T11:34:11.341+0000] {dag.py:3954} INFO - Setting next_dagrun for example_xcom_args_with_operators to None, run_after=None
[2026-05-09T11:34:11.356+0000] {processor.py:183} INFO - Processing /home/vscode/.local/lib/python3.11/site-packages/airflow/example_dags/example_xcomargs.py took 0.058 seconds
[2026-05-09T11:34:52.884+0000] {processor.py:161} INFO - Started process (PID=17204) to work on /home/vscode/.local/lib/python3.11/site-packages/airflow/example_dags/example_xcomargs.py
[2026-05-09T11:34:52.885+0000] {processor.py:830} INFO - Processing file /home/vscode/.local/lib/python3.11/site-packages/airflow/example_dags/example_xcomargs.py for tasks to queue
[2026-05-09T11:34:52.886+0000] {logging_mixin.py:188} INFO - [2026-05-09T11:34:52.885+0000] {dagbag.py:545} INFO - Filling up the DagBag from /home/vscode/.local/lib/python3.11/site-packages/airflow/example_dags/example_xcomargs.py
[2026-05-09T11:34:52.893+0000] {processor.py:840} INFO - DAG(s) 'example_xcom_args', 'example_xcom_args_with_operators' retrieved from /home/vscode/.local/lib/python3.11/site-packages/airflow/example_dags/example_xcomargs.py
[2026-05-09T11:34:52.906+0000] {logging_mixin.py:188} INFO - [2026-05-09T11:34:52.906+0000] {dag.py:3096} INFO - Sync 2 DAGs
[2026-05-09T11:34:52.914+0000] {logging_mixin.py:188} INFO - [2026-05-09T11:34:52.914+0000] {dag.py:3954} INFO - Setting next_dagrun for example_xcom_args to None, run_after=None
[2026-05-09T11:34:52.917+0000] {logging_mixin.py:188} INFO - [2026-05-09T11:34:52.917+0000] {dag.py:3954} INFO - Setting next_dagrun for example_xcom_args_with_operators to None, run_after=None
[2026-05-09T11:34:52.931+0000] {processor.py:183} INFO - Processing /home/vscode/.local/lib/python3.11/site-packages/airflow/example_dags/example_xcomargs.py took 0.054 seconds
[2026-05-09T11:35:32.576+0000] {processor.py:161} INFO - Started process (PID=17526) to work on /home/vscode/.local/lib/python3.11/site-packages/airflow/example_dags/example_xcomargs.py
[2026-05-09T11:35:32.577+0000] {processor.py:830} INFO - Processing file /home/vscode/.local/lib/python3.11/site-packages/airflow/example_dags/example_xcomargs.py for tasks to queue
[2026-05-09T11:35:32.578+0000] {logging_mixin.py:188} INFO - [2026-05-09T11:35:32.577+0000] {dagbag.py:545} INFO - Filling up the DagBag from /home/vscode/.local/lib/python3.11/site-packages/airflow/example_dags/example_xcomargs.py
[2026-05-09T11:35:32.584+0000] {processor.py:840} INFO - DAG(s) 'example_xcom_args', 'example_xcom_args_with_operators' retrieved from /home/vscode/.local/lib/python3.11/site-packages/airflow/example_dags/example_xcomargs.py
[2026-05-09T11:35:32.598+0000] {logging_mixin.py:188} INFO - [2026-05-09T11:35:32.598+0000] {dag.py:3096} INFO - Sync 2 DAGs
[2026-05-09T11:35:32.607+0000] {logging_mixin.py:188} INFO - [2026-05-09T11:35:32.606+0000] {dag.py:3954} INFO - Setting next_dagrun for example_xcom_args to None, run_after=None
[2026-05-09T11:35:32.609+0000] {logging_mixin.py:188} INFO - [2026-05-09T11:35:32.609+0000] {dag.py:3954} INFO - Setting next_dagrun for example_xcom_args_with_operators to None, run_after=None
[2026-05-09T11:35:32.624+0000] {processor.py:183} INFO - Processing /home/vscode/.local/lib/python3.11/site-packages/airflow/example_dags/example_xcomargs.py took 0.054 seconds
[2026-05-09T11:36:10.690+0000] {processor.py:161} INFO - Started process (PID=17838) to work on /home/vscode/.local/lib/python3.11/site-packages/airflow/example_dags/example_xcomargs.py
[2026-05-09T11:36:10.691+0000] {processor.py:830} INFO - Processing file /home/vscode/.local/lib/python3.11/site-packages/airflow/example_dags/example_xcomargs.py for tasks to queue
[2026-05-09T11:36:10.691+0000] {logging_mixin.py:188} INFO - [2026-05-09T11:36:10.691+0000] {dagbag.py:545} INFO - Filling up the DagBag from /home/vscode/.local/lib/python3.11/site-packages/airflow/example_dags/example_xcomargs.py
[2026-05-09T11:36:10.699+0000] {processor.py:840} INFO - DAG(s) 'example_xcom_args_with_operators', 'example_xcom_args' retrieved from /home/vscode/.local/lib/python3.11/site-packages/airflow/example_dags/example_xcomargs.py
[2026-05-09T11:36:10.713+0000] {logging_mixin.py:188} INFO - [2026-05-09T11:36:10.713+0000] {dag.py:3096} INFO - Sync 2 DAGs
[2026-05-09T11:36:10.721+0000] {logging_mixin.py:188} INFO - [2026-05-09T11:36:10.721+0000] {dag.py:3954} INFO - Setting next_dagrun for example_xcom_args to None, run_after=None
[2026-05-09T11:36:10.724+0000] {logging_mixin.py:188} INFO - [2026-05-09T11:36:10.724+0000] {dag.py:3954} INFO - Setting next_dagrun for example_xcom_args_with_operators to None, run_after=None
[2026-05-09T11:36:10.741+0000] {processor.py:183} INFO - Processing /home/vscode/.local/lib/python3.11/site-packages/airflow/example_dags/example_xcomargs.py took 0.057 seconds
[2026-05-09T11:36:52.366+0000] {processor.py:161} INFO - Started process (PID=18203) to work on /home/vscode/.local/lib/python3.11/site-packages/airflow/example_dags/example_xcomargs.py
[2026-05-09T11:36:52.367+0000] {processor.py:830} INFO - Processing file /home/vscode/.local/lib/python3.11/site-packages/airflow/example_dags/example_xcomargs.py for tasks to queue
[2026-05-09T11:36:52.368+0000] {logging_mixin.py:188} INFO - [2026-05-09T11:36:52.367+0000] {dagbag.py:545} INFO - Filling up the DagBag from /home/vscode/.local/lib/python3.11/site-packages/airflow/example_dags/example_xcomargs.py
[2026-05-09T11:36:52.374+0000] {processor.py:840} INFO - DAG(s) 'example_xcom_args', 'example_xcom_args_with_operators' retrieved from /home/vscode/.local/lib/python3.11/site-packages/airflow/example_dags/example_xcomargs.py
[2026-05-09T11:36:52.388+0000] {logging_mixin.py:188} INFO - [2026-05-09T11:36:52.388+0000] {dag.py:3096} INFO - Sync 2 DAGs
[2026-05-09T11:36:52.397+0000] {logging_mixin.py:188} INFO - [2026-05-09T11:36:52.397+0000] {dag.py:3954} INFO - Setting next_dagrun for example_xcom_args to None, run_after=None
[2026-05-09T11:36:52.399+0000] {logging_mixin.py:188} INFO - [2026-05-09T11:36:52.399+0000] {dag.py:3954} INFO - Setting next_dagrun for example_xcom_args_with_operators to None, run_after=None
[2026-05-09T11:36:52.414+0000] {processor.py:183} INFO - Processing /home/vscode/.local/lib/python3.11/site-packages/airflow/example_dags/example_xcomargs.py took 0.060 seconds
[2026-05-09T11:37:32.976+0000] {processor.py:161} INFO - Started process (PID=18701) to work on /home/vscode/.local/lib/python3.11/site-packages/airflow/example_dags/example_xcomargs.py
[2026-05-09T11:37:32.977+0000] {processor.py:830} INFO - Processing file /home/vscode/.local/lib/python3.11/site-packages/airflow/example_dags/example_xcomargs.py for tasks to queue
[2026-05-09T11:37:32.977+0000] {logging_mixin.py:188} INFO - [2026-05-09T11:37:32.977+0000] {dagbag.py:545} INFO - Filling up the DagBag from /home/vscode/.local/lib/python3.11/site-packages/airflow/example_dags/example_xcomargs.py
[2026-05-09T11:37:32.984+0000] {processor.py:840} INFO - DAG(s) 'example_xcom_args_with_operators', 'example_xcom_args' retrieved from /home/vscode/.local/lib/python3.11/site-packages/airflow/example_dags/example_xcomargs.py
[2026-05-09T11:37:32.998+0000] {logging_mixin.py:188} INFO - [2026-05-09T11:37:32.998+0000] {dag.py:3096} INFO - Sync 2 DAGs
[2026-05-09T11:37:33.008+0000] {logging_mixin.py:188} INFO - [2026-05-09T11:37:33.007+0000] {dag.py:3954} INFO - Setting next_dagrun for example_xcom_args to None, run_after=None
[2026-05-09T11:37:33.010+0000] {logging_mixin.py:188} INFO - [2026-05-09T11:37:33.010+0000] {dag.py:3954} INFO - Setting next_dagrun for example_xcom_args_with_operators to None, run_after=None
[2026-05-09T11:37:33.025+0000] {processor.py:183} INFO - Processing /home/vscode/.local/lib/python3.11/site-packages/airflow/example_dags/example_xcomargs.py took 0.055 seconds
[2026-05-09T11:38:14.599+0000] {processor.py:161} INFO - Started process (PID=19258) to work on /home/vscode/.local/lib/python3.11/site-packages/airflow/example_dags/example_xcomargs.py
[2026-05-09T11:38:14.599+0000] {processor.py:830} INFO - Processing file /home/vscode/.local/lib/python3.11/site-packages/airflow/example_dags/example_xcomargs.py for tasks to queue
[2026-05-09T11:38:14.600+0000] {logging_mixin.py:188} INFO - [2026-05-09T11:38:14.600+0000] {dagbag.py:545} INFO - Filling up the DagBag from /home/vscode/.local/lib/python3.11/site-packages/airflow/example_dags/example_xcomargs.py
[2026-05-09T11:38:14.606+0000] {processor.py:840} INFO - DAG(s) 'example_xcom_args', 'example_xcom_args_with_operators' retrieved from /home/vscode/.local/lib/python3.11/site-packages/airflow/example_dags/example_xcomargs.py
[2026-05-09T11:38:14.620+0000] {logging_mixin.py:188} INFO - [2026-05-09T11:38:14.620+0000] {dag.py:3096} INFO - Sync 2 DAGs
[2026-05-09T11:38:14.628+0000] {logging_mixin.py:188} INFO - [2026-05-09T11:38:14.628+0000] {dag.py:3954} INFO - Setting next_dagrun for example_xcom_args to None, run_after=None
[2026-05-09T11:38:14.630+0000] {logging_mixin.py:188} INFO - [2026-05-09T11:38:14.630+0000] {dag.py:3954} INFO - Setting next_dagrun for example_xcom_args_with_operators to None, run_after=None
[2026-05-09T11:38:14.644+0000] {processor.py:183} INFO - Processing /home/vscode/.local/lib/python3.11/site-packages/airflow/example_dags/example_xcomargs.py took 0.052 seconds
[2026-05-09T11:38:55.700+0000] {processor.py:161} INFO - Started process (PID=19671) to work on /home/vscode/.local/lib/python3.11/site-packages/airflow/example_dags/example_xcomargs.py
[2026-05-09T11:38:55.701+0000] {processor.py:830} INFO - Processing file /home/vscode/.local/lib/python3.11/site-packages/airflow/example_dags/example_xcomargs.py for tasks to queue
[2026-05-09T11:38:55.702+0000] {logging_mixin.py:188} INFO - [2026-05-09T11:38:55.702+0000] {dagbag.py:545} INFO - Filling up the DagBag from /home/vscode/.local/lib/python3.11/site-packages/airflow/example_dags/example_xcomargs.py
[2026-05-09T11:38:55.712+0000] {processor.py:840} INFO - DAG(s) 'example_xcom_args_with_operators', 'example_xcom_args' retrieved from /home/vscode/.local/lib/python3.11/site-packages/airflow/example_dags/example_xcomargs.py
[2026-05-09T11:38:55.725+0000] {logging_mixin.py:188} INFO - [2026-05-09T11:38:55.725+0000] {dag.py:3096} INFO - Sync 2 DAGs
[2026-05-09T11:38:55.734+0000] {logging_mixin.py:188} INFO - [2026-05-09T11:38:55.734+0000] {dag.py:3954} INFO - Setting next_dagrun for example_xcom_args to None, run_after=None
[2026-05-09T11:38:55.736+0000] {logging_mixin.py:188} INFO - [2026-05-09T11:38:55.736+0000] {dag.py:3954} INFO - Setting next_dagrun for example_xcom_args_with_operators to None, run_after=None
[2026-05-09T11:38:55.751+0000] {processor.py:183} INFO - Processing /home/vscode/.local/lib/python3.11/site-packages/airflow/example_dags/example_xcomargs.py took 0.061 seconds
[2026-05-09T11:39:34.757+0000] {processor.py:161} INFO - Started process (PID=20309) to work on /home/vscode/.local/lib/python3.11/site-packages/airflow/example_dags/example_xcomargs.py
[2026-05-09T11:39:34.757+0000] {processor.py:830} INFO - Processing file /home/vscode/.local/lib/python3.11/site-packages/airflow/example_dags/example_xcomargs.py for tasks to queue
[2026-05-09T11:39:34.758+0000] {logging_mixin.py:188} INFO - [2026-05-09T11:39:34.758+0000] {dagbag.py:545} INFO - Filling up the DagBag from /home/vscode/.local/lib/python3.11/site-packages/airflow/example_dags/example_xcomargs.py
[2026-05-09T11:39:34.764+0000] {processor.py:840} INFO - DAG(s) 'example_xcom_args', 'example_xcom_args_with_operators' retrieved from /home/vscode/.local/lib/python3.11/site-packages/airflow/example_dags/example_xcomargs.py
[2026-05-09T11:39:34.778+0000] {logging_mixin.py:188} INFO - [2026-05-09T11:39:34.778+0000] {dag.py:3096} INFO - Sync 2 DAGs
[2026-05-09T11:39:34.787+0000] {logging_mixin.py:188} INFO - [2026-05-09T11:39:34.787+0000] {dag.py:3954} INFO - Setting next_dagrun for example_xcom_args to None, run_after=None
[2026-05-09T11:39:34.790+0000] {logging_mixin.py:188} INFO - [2026-05-09T11:39:34.789+0000] {dag.py:3954} INFO - Setting next_dagrun for example_xcom_args_with_operators to None, run_after=None
[2026-05-09T11:39:34.805+0000] {processor.py:183} INFO - Processing /home/vscode/.local/lib/python3.11/site-packages/airflow/example_dags/example_xcomargs.py took 0.055 seconds
[2026-05-09T11:40:16.787+0000] {processor.py:161} INFO - Started process (PID=20583) to work on /home/vscode/.local/lib/python3.11/site-packages/airflow/example_dags/example_xcomargs.py
[2026-05-09T11:40:16.787+0000] {processor.py:830} INFO - Processing file /home/vscode/.local/lib/python3.11/site-packages/airflow/example_dags/example_xcomargs.py for tasks to queue
[2026-05-09T11:40:16.788+0000] {logging_mixin.py:188} INFO - [2026-05-09T11:40:16.787+0000] {dagbag.py:545} INFO - Filling up the DagBag from /home/vscode/.local/lib/python3.11/site-packages/airflow/example_dags/example_xcomargs.py
[2026-05-09T11:40:16.794+0000] {processor.py:840} INFO - DAG(s) 'example_xcom_args', 'example_xcom_args_with_operators' retrieved from /home/vscode/.local/lib/python3.11/site-packages/airflow/example_dags/example_xcomargs.py
[2026-05-09T11:40:16.807+0000] {logging_mixin.py:188} INFO - [2026-05-09T11:40:16.807+0000] {dag.py:3096} INFO - Sync 2 DAGs
[2026-05-09T11:40:16.815+0000] {logging_mixin.py:188} INFO - [2026-05-09T11:40:16.815+0000] {dag.py:3954} INFO - Setting next_dagrun for example_xcom_args to None, run_after=None
[2026-05-09T11:40:16.817+0000] {logging_mixin.py:188} INFO - [2026-05-09T11:40:16.817+0000] {dag.py:3954} INFO - Setting next_dagrun for example_xcom_args_with_operators to None, run_after=None
[2026-05-09T11:40:16.832+0000] {processor.py:183} INFO - Processing /home/vscode/.local/lib/python3.11/site-packages/airflow/example_dags/example_xcomargs.py took 0.052 seconds
[2026-05-09T11:40:58.203+0000] {processor.py:161} INFO - Started process (PID=20924) to work on /home/vscode/.local/lib/python3.11/site-packages/airflow/example_dags/example_xcomargs.py
[2026-05-09T11:40:58.204+0000] {processor.py:830} INFO - Processing file /home/vscode/.local/lib/python3.11/site-packages/airflow/example_dags/example_xcomargs.py for tasks to queue
[2026-05-09T11:40:58.204+0000] {logging_mixin.py:188} INFO - [2026-05-09T11:40:58.204+0000] {dagbag.py:545} INFO - Filling up the DagBag from /home/vscode/.local/lib/python3.11/site-packages/airflow/example_dags/example_xcomargs.py
[2026-05-09T11:40:58.211+0000] {processor.py:840} INFO - DAG(s) 'example_xcom_args_with_operators', 'example_xcom_args' retrieved from /home/vscode/.local/lib/python3.11/site-packages/airflow/example_dags/example_xcomargs.py
[2026-05-09T11:40:58.231+0000] {logging_mixin.py:188} INFO - [2026-05-09T11:40:58.231+0000] {dag.py:3096} INFO - Sync 2 DAGs
[2026-05-09T11:40:58.240+0000] {logging_mixin.py:188} INFO - [2026-05-09T11:40:58.240+0000] {dag.py:3954} INFO - Setting next_dagrun for example_xcom_args to None, run_after=None
[2026-05-09T11:40:58.242+0000] {logging_mixin.py:188} INFO - [2026-05-09T11:40:58.242+0000] {dag.py:3954} INFO - Setting next_dagrun for example_xcom_args_with_operators to None, run_after=None
[2026-05-09T11:40:58.256+0000] {processor.py:183} INFO - Processing /home/vscode/.local/lib/python3.11/site-packages/airflow/example_dags/example_xcomargs.py took 0.064 seconds
[2026-05-09T11:41:42.676+0000] {processor.py:161} INFO - Started process (PID=21470) to work on /home/vscode/.local/lib/python3.11/site-packages/airflow/example_dags/example_xcomargs.py
[2026-05-09T11:41:42.677+0000] {processor.py:830} INFO - Processing file /home/vscode/.local/lib/python3.11/site-packages/airflow/example_dags/example_xcomargs.py for tasks to queue
[2026-05-09T11:41:42.678+0000] {logging_mixin.py:188} INFO - [2026-05-09T11:41:42.677+0000] {dagbag.py:545} INFO - Filling up the DagBag from /home/vscode/.local/lib/python3.11/site-packages/airflow/example_dags/example_xcomargs.py
[2026-05-09T11:41:42.684+0000] {processor.py:840} INFO - DAG(s) 'example_xcom_args_with_operators', 'example_xcom_args' retrieved from /home/vscode/.local/lib/python3.11/site-packages/airflow/example_dags/example_xcomargs.py
[2026-05-09T11:41:42.697+0000] {logging_mixin.py:188} INFO - [2026-05-09T11:41:42.697+0000] {dag.py:3096} INFO - Sync 2 DAGs
[2026-05-09T11:41:42.706+0000] {logging_mixin.py:188} INFO - [2026-05-09T11:41:42.706+0000] {dag.py:3954} INFO - Setting next_dagrun for example_xcom_args to None, run_after=None
[2026-05-09T11:41:42.708+0000] {logging_mixin.py:188} INFO - [2026-05-09T11:41:42.708+0000] {dag.py:3954} INFO - Setting next_dagrun for example_xcom_args_with_operators to None, run_after=None
[2026-05-09T11:41:42.722+0000] {processor.py:183} INFO - Processing /home/vscode/.local/lib/python3.11/site-packages/airflow/example_dags/example_xcomargs.py took 0.052 seconds
[2026-05-09T11:42:27.104+0000] {processor.py:161} INFO - Started process (PID=21796) to work on /home/vscode/.local/lib/python3.11/site-packages/airflow/example_dags/example_xcomargs.py
[2026-05-09T11:42:27.104+0000] {processor.py:830} INFO - Processing file /home/vscode/.local/lib/python3.11/site-packages/airflow/example_dags/example_xcomargs.py for tasks to queue
[2026-05-09T11:42:27.105+0000] {logging_mixin.py:188} INFO - [2026-05-09T11:42:27.104+0000] {dagbag.py:545} INFO - Filling up the DagBag from /home/vscode/.local/lib/python3.11/site-packages/airflow/example_dags/example_xcomargs.py
[2026-05-09T11:42:27.111+0000] {processor.py:840} INFO - DAG(s) 'example_xcom_args', 'example_xcom_args_with_operators' retrieved from /home/vscode/.local/lib/python3.11/site-packages/airflow/example_dags/example_xcomargs.py
[2026-05-09T11:42:27.124+0000] {logging_mixin.py:188} INFO - [2026-05-09T11:42:27.124+0000] {dag.py:3096} INFO - Sync 2 DAGs
[2026-05-09T11:42:27.132+0000] {logging_mixin.py:188} INFO - [2026-05-09T11:42:27.132+0000] {dag.py:3954} INFO - Setting next_dagrun for example_xcom_args to None, run_after=None
[2026-05-09T11:42:27.135+0000] {logging_mixin.py:188} INFO - [2026-05-09T11:42:27.134+0000] {dag.py:3954} INFO - Setting next_dagrun for example_xcom_args_with_operators to None, run_after=None
[2026-05-09T11:42:27.149+0000] {processor.py:183} INFO - Processing /home/vscode/.local/lib/python3.11/site-packages/airflow/example_dags/example_xcomargs.py took 0.052 seconds
[2026-05-09T11:43:11.280+0000] {processor.py:161} INFO - Started process (PID=22183) to work on /home/vscode/.local/lib/python3.11/site-packages/airflow/example_dags/example_xcomargs.py
[2026-05-09T11:43:11.281+0000] {processor.py:830} INFO - Processing file /home/vscode/.local/lib/python3.11/site-packages/airflow/example_dags/example_xcomargs.py for tasks to queue
[2026-05-09T11:43:11.281+0000] {logging_mixin.py:188} INFO - [2026-05-09T11:43:11.281+0000] {dagbag.py:545} INFO - Filling up the DagBag from /home/vscode/.local/lib/python3.11/site-packages/airflow/example_dags/example_xcomargs.py
[2026-05-09T11:43:11.288+0000] {processor.py:840} INFO - DAG(s) 'example_xcom_args_with_operators', 'example_xcom_args' retrieved from /home/vscode/.local/lib/python3.11/site-packages/airflow/example_dags/example_xcomargs.py
[2026-05-09T11:43:11.301+0000] {logging_mixin.py:188} INFO - [2026-05-09T11:43:11.301+0000] {dag.py:3096} INFO - Sync 2 DAGs
[2026-05-09T11:43:11.310+0000] {logging_mixin.py:188} INFO - [2026-05-09T11:43:11.310+0000] {dag.py:3954} INFO - Setting next_dagrun for example_xcom_args to None, run_after=None
[2026-05-09T11:43:11.312+0000] {logging_mixin.py:188} INFO - [2026-05-09T11:43:11.312+0000] {dag.py:3954} INFO - Setting next_dagrun for example_xcom_args_with_operators to None, run_after=None
[2026-05-09T11:43:11.326+0000] {processor.py:183} INFO - Processing /home/vscode/.local/lib/python3.11/site-packages/airflow/example_dags/example_xcomargs.py took 0.053 seconds
[2026-05-09T11:43:56.000+0000] {processor.py:161} INFO - Started process (PID=22638) to work on /home/vscode/.local/lib/python3.11/site-packages/airflow/example_dags/example_xcomargs.py
[2026-05-09T11:43:56.001+0000] {processor.py:830} INFO - Processing file /home/vscode/.local/lib/python3.11/site-packages/airflow/example_dags/example_xcomargs.py for tasks to queue
[2026-05-09T11:43:56.002+0000] {logging_mixin.py:188} INFO - [2026-05-09T11:43:56.001+0000] {dagbag.py:545} INFO - Filling up the DagBag from /home/vscode/.local/lib/python3.11/site-packages/airflow/example_dags/example_xcomargs.py
[2026-05-09T11:43:56.008+0000] {processor.py:840} INFO - DAG(s) 'example_xcom_args', 'example_xcom_args_with_operators' retrieved from /home/vscode/.local/lib/python3.11/site-packages/airflow/example_dags/example_xcomargs.py
[2026-05-09T11:43:56.021+0000] {logging_mixin.py:188} INFO - [2026-05-09T11:43:56.021+0000] {dag.py:3096} INFO - Sync 2 DAGs
[2026-05-09T11:43:56.030+0000] {logging_mixin.py:188} INFO - [2026-05-09T11:43:56.030+0000] {dag.py:3954} INFO - Setting next_dagrun for example_xcom_args to None, run_after=None
[2026-05-09T11:43:56.033+0000] {logging_mixin.py:188} INFO - [2026-05-09T11:43:56.032+0000] {dag.py:3954} INFO - Setting next_dagrun for example_xcom_args_with_operators to None, run_after=None
[2026-05-09T11:43:56.049+0000] {processor.py:183} INFO - Processing /home/vscode/.local/lib/python3.11/site-packages/airflow/example_dags/example_xcomargs.py took 0.055 seconds
[2026-05-09T11:44:34.996+0000] {processor.py:161} INFO - Started process (PID=22978) to work on /home/vscode/.local/lib/python3.11/site-packages/airflow/example_dags/example_xcomargs.py
[2026-05-09T11:44:34.997+0000] {processor.py:830} INFO - Processing file /home/vscode/.local/lib/python3.11/site-packages/airflow/example_dags/example_xcomargs.py for tasks to queue
[2026-05-09T11:44:34.998+0000] {logging_mixin.py:188} INFO - [2026-05-09T11:44:34.997+0000] {dagbag.py:545} INFO - Filling up the DagBag from /home/vscode/.local/lib/python3.11/site-packages/airflow/example_dags/example_xcomargs.py
[2026-05-09T11:44:35.004+0000] {processor.py:840} INFO - DAG(s) 'example_xcom_args', 'example_xcom_args_with_operators' retrieved from /home/vscode/.local/lib/python3.11/site-packages/airflow/example_dags/example_xcomargs.py
[2026-05-09T11:44:35.022+0000] {logging_mixin.py:188} INFO - [2026-05-09T11:44:35.021+0000] {dag.py:3096} INFO - Sync 2 DAGs
[2026-05-09T11:44:35.036+0000] {logging_mixin.py:188} INFO - [2026-05-09T11:44:35.036+0000] {dag.py:3954} INFO - Setting next_dagrun for example_xcom_args to None, run_after=None
[2026-05-09T11:44:35.048+0000] {logging_mixin.py:188} INFO - [2026-05-09T11:44:35.048+0000] {dag.py:3954} INFO - Setting next_dagrun for example_xcom_args_with_operators to None, run_after=None
[2026-05-09T11:44:35.086+0000] {processor.py:183} INFO - Processing /home/vscode/.local/lib/python3.11/site-packages/airflow/example_dags/example_xcomargs.py took 0.096 seconds
[2026-05-09T11:45:19.073+0000] {processor.py:161} INFO - Started process (PID=23311) to work on /home/vscode/.local/lib/python3.11/site-packages/airflow/example_dags/example_xcomargs.py
[2026-05-09T11:45:19.074+0000] {processor.py:830} INFO - Processing file /home/vscode/.local/lib/python3.11/site-packages/airflow/example_dags/example_xcomargs.py for tasks to queue
[2026-05-09T11:45:19.074+0000] {logging_mixin.py:188} INFO - [2026-05-09T11:45:19.074+0000] {dagbag.py:545} INFO - Filling up the DagBag from /home/vscode/.local/lib/python3.11/site-packages/airflow/example_dags/example_xcomargs.py
[2026-05-09T11:45:19.081+0000] {processor.py:840} INFO - DAG(s) 'example_xcom_args', 'example_xcom_args_with_operators' retrieved from /home/vscode/.local/lib/python3.11/site-packages/airflow/example_dags/example_xcomargs.py
[2026-05-09T11:45:19.094+0000] {logging_mixin.py:188} INFO - [2026-05-09T11:45:19.094+0000] {dag.py:3096} INFO - Sync 2 DAGs
[2026-05-09T11:45:19.103+0000] {logging_mixin.py:188} INFO - [2026-05-09T11:45:19.103+0000] {dag.py:3954} INFO - Setting next_dagrun for example_xcom_args to None, run_after=None
[2026-05-09T11:45:19.105+0000] {logging_mixin.py:188} INFO - [2026-05-09T11:45:19.105+0000] {dag.py:3954} INFO - Setting next_dagrun for example_xcom_args_with_operators to None, run_after=None
[2026-05-09T11:45:19.120+0000] {processor.py:183} INFO - Processing /home/vscode/.local/lib/python3.11/site-packages/airflow/example_dags/example_xcomargs.py took 0.053 seconds
[2026-05-09T11:46:03.333+0000] {processor.py:161} INFO - Started process (PID=23694) to work on /home/vscode/.local/lib/python3.11/site-packages/airflow/example_dags/example_xcomargs.py
[2026-05-09T11:46:03.334+0000] {processor.py:830} INFO - Processing file /home/vscode/.local/lib/python3.11/site-packages/airflow/example_dags/example_xcomargs.py for tasks to queue
[2026-05-09T11:46:03.334+0000] {logging_mixin.py:188} INFO - [2026-05-09T11:46:03.334+0000] {dagbag.py:545} INFO - Filling up the DagBag from /home/vscode/.local/lib/python3.11/site-packages/airflow/example_dags/example_xcomargs.py
[2026-05-09T11:46:03.340+0000] {processor.py:840} INFO - DAG(s) 'example_xcom_args', 'example_xcom_args_with_operators' retrieved from /home/vscode/.local/lib/python3.11/site-packages/airflow/example_dags/example_xcomargs.py
[2026-05-09T11:46:03.353+0000] {logging_mixin.py:188} INFO - [2026-05-09T11:46:03.353+0000] {dag.py:3096} INFO - Sync 2 DAGs
[2026-05-09T11:46:03.361+0000] {logging_mixin.py:188} INFO - [2026-05-09T11:46:03.361+0000] {dag.py:3954} INFO - Setting next_dagrun for example_xcom_args to None, run_after=None
[2026-05-09T11:46:03.364+0000] {logging_mixin.py:188} INFO - [2026-05-09T11:46:03.363+0000] {dag.py:3954} INFO - Setting next_dagrun for example_xcom_args_with_operators to None, run_after=None
[2026-05-09T11:46:03.378+0000] {processor.py:183} INFO - Processing /home/vscode/.local/lib/python3.11/site-packages/airflow/example_dags/example_xcomargs.py took 0.051 seconds
[2026-05-09T11:46:46.481+0000] {processor.py:161} INFO - Started process (PID=24081) to work on /home/vscode/.local/lib/python3.11/site-packages/airflow/example_dags/example_xcomargs.py
[2026-05-09T11:46:46.481+0000] {processor.py:830} INFO - Processing file /home/vscode/.local/lib/python3.11/site-packages/airflow/example_dags/example_xcomargs.py for tasks to queue
[2026-05-09T11:46:46.482+0000] {logging_mixin.py:188} INFO - [2026-05-09T11:46:46.482+0000] {dagbag.py:545} INFO - Filling up the DagBag from /home/vscode/.local/lib/python3.11/site-packages/airflow/example_dags/example_xcomargs.py
[2026-05-09T11:46:46.490+0000] {processor.py:840} INFO - DAG(s) 'example_xcom_args_with_operators', 'example_xcom_args' retrieved from /home/vscode/.local/lib/python3.11/site-packages/airflow/example_dags/example_xcomargs.py
[2026-05-09T11:46:46.508+0000] {logging_mixin.py:188} INFO - [2026-05-09T11:46:46.508+0000] {dag.py:3096} INFO - Sync 2 DAGs
[2026-05-09T11:46:46.520+0000] {logging_mixin.py:188} INFO - [2026-05-09T11:46:46.520+0000] {dag.py:3954} INFO - Setting next_dagrun for example_xcom_args to None, run_after=None
[2026-05-09T11:46:46.523+0000] {logging_mixin.py:188} INFO - [2026-05-09T11:46:46.523+0000] {dag.py:3954} INFO - Setting next_dagrun for example_xcom_args_with_operators to None, run_after=None
[2026-05-09T11:46:46.540+0000] {processor.py:183} INFO - Processing /home/vscode/.local/lib/python3.11/site-packages/airflow/example_dags/example_xcomargs.py took 0.068 seconds
[2026-05-09T11:47:31.824+0000] {processor.py:161} INFO - Started process (PID=24557) to work on /home/vscode/.local/lib/python3.11/site-packages/airflow/example_dags/example_xcomargs.py
[2026-05-09T11:47:31.824+0000] {processor.py:830} INFO - Processing file /home/vscode/.local/lib/python3.11/site-packages/airflow/example_dags/example_xcomargs.py for tasks to queue
[2026-05-09T11:47:31.825+0000] {logging_mixin.py:188} INFO - [2026-05-09T11:47:31.825+0000] {dagbag.py:545} INFO - Filling up the DagBag from /home/vscode/.local/lib/python3.11/site-packages/airflow/example_dags/example_xcomargs.py
[2026-05-09T11:47:31.831+0000] {processor.py:840} INFO - DAG(s) 'example_xcom_args_with_operators', 'example_xcom_args' retrieved from /home/vscode/.local/lib/python3.11/site-packages/airflow/example_dags/example_xcomargs.py
[2026-05-09T11:47:31.850+0000] {logging_mixin.py:188} INFO - [2026-05-09T11:47:31.850+0000] {dag.py:3096} INFO - Sync 2 DAGs
[2026-05-09T11:47:31.859+0000] {logging_mixin.py:188} INFO - [2026-05-09T11:47:31.859+0000] {dag.py:3954} INFO - Setting next_dagrun for example_xcom_args to None, run_after=None
[2026-05-09T11:47:31.861+0000] {logging_mixin.py:188} INFO - [2026-05-09T11:47:31.861+0000] {dag.py:3954} INFO - Setting next_dagrun for example_xcom_args_with_operators to None, run_after=None
[2026-05-09T11:47:31.876+0000] {processor.py:183} INFO - Processing /home/vscode/.local/lib/python3.11/site-packages/airflow/example_dags/example_xcomargs.py took 0.061 seconds
[2026-05-09T11:48:15.820+0000] {processor.py:161} INFO - Started process (PID=24920) to work on /home/vscode/.local/lib/python3.11/site-packages/airflow/example_dags/example_xcomargs.py
[2026-05-09T11:48:15.821+0000] {processor.py:830} INFO - Processing file /home/vscode/.local/lib/python3.11/site-packages/airflow/example_dags/example_xcomargs.py for tasks to queue
[2026-05-09T11:48:15.821+0000] {logging_mixin.py:188} INFO - [2026-05-09T11:48:15.821+0000] {dagbag.py:545} INFO - Filling up the DagBag from /home/vscode/.local/lib/python3.11/site-packages/airflow/example_dags/example_xcomargs.py
[2026-05-09T11:48:15.827+0000] {processor.py:840} INFO - DAG(s) 'example_xcom_args', 'example_xcom_args_with_operators' retrieved from /home/vscode/.local/lib/python3.11/site-packages/airflow/example_dags/example_xcomargs.py
[2026-05-09T11:48:15.840+0000] {logging_mixin.py:188} INFO - [2026-05-09T11:48:15.840+0000] {dag.py:3096} INFO - Sync 2 DAGs
[2026-05-09T11:48:15.848+0000] {logging_mixin.py:188} INFO - [2026-05-09T11:48:15.848+0000] {dag.py:3954} INFO - Setting next_dagrun for example_xcom_args to None, run_after=None
[2026-05-09T11:48:15.850+0000] {logging_mixin.py:188} INFO - [2026-05-09T11:48:15.850+0000] {dag.py:3954} INFO - Setting next_dagrun for example_xcom_args_with_operators to None, run_after=None
[2026-05-09T11:48:15.864+0000] {processor.py:183} INFO - Processing /home/vscode/.local/lib/python3.11/site-packages/airflow/example_dags/example_xcomargs.py took 0.050 seconds
[2026-05-09T11:48:57.240+0000] {processor.py:161} INFO - Started process (PID=25353) to work on /home/vscode/.local/lib/python3.11/site-packages/airflow/example_dags/example_xcomargs.py
[2026-05-09T11:48:57.240+0000] {processor.py:830} INFO - Processing file /home/vscode/.local/lib/python3.11/site-packages/airflow/example_dags/example_xcomargs.py for tasks to queue
[2026-05-09T11:48:57.241+0000] {logging_mixin.py:188} INFO - [2026-05-09T11:48:57.241+0000] {dagbag.py:545} INFO - Filling up the DagBag from /home/vscode/.local/lib/python3.11/site-packages/airflow/example_dags/example_xcomargs.py
[2026-05-09T11:48:57.247+0000] {processor.py:840} INFO - DAG(s) 'example_xcom_args', 'example_xcom_args_with_operators' retrieved from /home/vscode/.local/lib/python3.11/site-packages/airflow/example_dags/example_xcomargs.py
[2026-05-09T11:48:57.261+0000] {logging_mixin.py:188} INFO - [2026-05-09T11:48:57.261+0000] {dag.py:3096} INFO - Sync 2 DAGs
[2026-05-09T11:48:57.269+0000] {logging_mixin.py:188} INFO - [2026-05-09T11:48:57.269+0000] {dag.py:3954} INFO - Setting next_dagrun for example_xcom_args to None, run_after=None
[2026-05-09T11:48:57.271+0000] {logging_mixin.py:188} INFO - [2026-05-09T11:48:57.271+0000] {dag.py:3954} INFO - Setting next_dagrun for example_xcom_args_with_operators to None, run_after=None
[2026-05-09T11:48:57.287+0000] {processor.py:183} INFO - Processing /home/vscode/.local/lib/python3.11/site-packages/airflow/example_dags/example_xcomargs.py took 0.054 seconds
[2026-05-09T11:49:37.570+0000] {processor.py:161} INFO - Started process (PID=25772) to work on /home/vscode/.local/lib/python3.11/site-packages/airflow/example_dags/example_xcomargs.py
[2026-05-09T11:49:37.571+0000] {processor.py:830} INFO - Processing file /home/vscode/.local/lib/python3.11/site-packages/airflow/example_dags/example_xcomargs.py for tasks to queue
[2026-05-09T11:49:37.572+0000] {logging_mixin.py:188} INFO - [2026-05-09T11:49:37.571+0000] {dagbag.py:545} INFO - Filling up the DagBag from /home/vscode/.local/lib/python3.11/site-packages/airflow/example_dags/example_xcomargs.py
[2026-05-09T11:49:37.578+0000] {processor.py:840} INFO - DAG(s) 'example_xcom_args_with_operators', 'example_xcom_args' retrieved from /home/vscode/.local/lib/python3.11/site-packages/airflow/example_dags/example_xcomargs.py
[2026-05-09T11:49:37.591+0000] {logging_mixin.py:188} INFO - [2026-05-09T11:49:37.591+0000] {dag.py:3096} INFO - Sync 2 DAGs
[2026-05-09T11:49:37.600+0000] {logging_mixin.py:188} INFO - [2026-05-09T11:49:37.600+0000] {dag.py:3954} INFO - Setting next_dagrun for example_xcom_args to None, run_after=None
[2026-05-09T11:49:37.603+0000] {logging_mixin.py:188} INFO - [2026-05-09T11:49:37.602+0000] {dag.py:3954} INFO - Setting next_dagrun for example_xcom_args_with_operators to None, run_after=None
[2026-05-09T11:49:37.617+0000] {processor.py:183} INFO - Processing /home/vscode/.local/lib/python3.11/site-packages/airflow/example_dags/example_xcomargs.py took 0.055 seconds
[2026-05-09T11:50:21.772+0000] {processor.py:161} INFO - Started process (PID=26157) to work on /home/vscode/.local/lib/python3.11/site-packages/airflow/example_dags/example_xcomargs.py
[2026-05-09T11:50:21.772+0000] {processor.py:830} INFO - Processing file /home/vscode/.local/lib/python3.11/site-packages/airflow/example_dags/example_xcomargs.py for tasks to queue
[2026-05-09T11:50:21.773+0000] {logging_mixin.py:188} INFO - [2026-05-09T11:50:21.772+0000] {dagbag.py:545} INFO - Filling up the DagBag from /home/vscode/.local/lib/python3.11/site-packages/airflow/example_dags/example_xcomargs.py
[2026-05-09T11:50:21.779+0000] {processor.py:840} INFO - DAG(s) 'example_xcom_args', 'example_xcom_args_with_operators' retrieved from /home/vscode/.local/lib/python3.11/site-packages/airflow/example_dags/example_xcomargs.py
[2026-05-09T11:50:21.792+0000] {logging_mixin.py:188} INFO - [2026-05-09T11:50:21.792+0000] {dag.py:3096} INFO - Sync 2 DAGs
[2026-05-09T11:50:21.800+0000] {logging_mixin.py:188} INFO - [2026-05-09T11:50:21.800+0000] {dag.py:3954} INFO - Setting next_dagrun for example_xcom_args to None, run_after=None
[2026-05-09T11:50:21.802+0000] {logging_mixin.py:188} INFO - [2026-05-09T11:50:21.802+0000] {dag.py:3954} INFO - Setting next_dagrun for example_xcom_args_with_operators to None, run_after=None
[2026-05-09T11:50:21.816+0000] {processor.py:183} INFO - Processing /home/vscode/.local/lib/python3.11/site-packages/airflow/example_dags/example_xcomargs.py took 0.051 seconds
[2026-05-09T11:51:03.687+0000] {processor.py:161} INFO - Started process (PID=26702) to work on /home/vscode/.local/lib/python3.11/site-packages/airflow/example_dags/example_xcomargs.py
[2026-05-09T11:51:03.688+0000] {processor.py:830} INFO - Processing file /home/vscode/.local/lib/python3.11/site-packages/airflow/example_dags/example_xcomargs.py for tasks to queue
[2026-05-09T11:51:03.689+0000] {logging_mixin.py:188} INFO - [2026-05-09T11:51:03.688+0000] {dagbag.py:545} INFO - Filling up the DagBag from /home/vscode/.local/lib/python3.11/site-packages/airflow/example_dags/example_xcomargs.py
[2026-05-09T11:51:03.694+0000] {processor.py:840} INFO - DAG(s) 'example_xcom_args', 'example_xcom_args_with_operators' retrieved from /home/vscode/.local/lib/python3.11/site-packages/airflow/example_dags/example_xcomargs.py
[2026-05-09T11:51:03.707+0000] {logging_mixin.py:188} INFO - [2026-05-09T11:51:03.707+0000] {dag.py:3096} INFO - Sync 2 DAGs
[2026-05-09T11:51:03.716+0000] {logging_mixin.py:188} INFO - [2026-05-09T11:51:03.715+0000] {dag.py:3954} INFO - Setting next_dagrun for example_xcom_args to None, run_after=None
[2026-05-09T11:51:03.718+0000] {logging_mixin.py:188} INFO - [2026-05-09T11:51:03.718+0000] {dag.py:3954} INFO - Setting next_dagrun for example_xcom_args_with_operators to None, run_after=None
[2026-05-09T11:51:03.731+0000] {processor.py:183} INFO - Processing /home/vscode/.local/lib/python3.11/site-packages/airflow/example_dags/example_xcomargs.py took 0.050 seconds
[2026-05-09T11:51:46.769+0000] {processor.py:161} INFO - Started process (PID=27142) to work on /home/vscode/.local/lib/python3.11/site-packages/airflow/example_dags/example_xcomargs.py
[2026-05-09T11:51:46.770+0000] {processor.py:830} INFO - Processing file /home/vscode/.local/lib/python3.11/site-packages/airflow/example_dags/example_xcomargs.py for tasks to queue
[2026-05-09T11:51:46.770+0000] {logging_mixin.py:188} INFO - [2026-05-09T11:51:46.770+0000] {dagbag.py:545} INFO - Filling up the DagBag from /home/vscode/.local/lib/python3.11/site-packages/airflow/example_dags/example_xcomargs.py
[2026-05-09T11:51:46.777+0000] {processor.py:840} INFO - DAG(s) 'example_xcom_args', 'example_xcom_args_with_operators' retrieved from /home/vscode/.local/lib/python3.11/site-packages/airflow/example_dags/example_xcomargs.py
[2026-05-09T11:51:46.789+0000] {logging_mixin.py:188} INFO - [2026-05-09T11:51:46.789+0000] {dag.py:3096} INFO - Sync 2 DAGs
[2026-05-09T11:51:46.798+0000] {logging_mixin.py:188} INFO - [2026-05-09T11:51:46.798+0000] {dag.py:3954} INFO - Setting next_dagrun for example_xcom_args to None, run_after=None
[2026-05-09T11:51:46.800+0000] {logging_mixin.py:188} INFO - [2026-05-09T11:51:46.800+0000] {dag.py:3954} INFO - Setting next_dagrun for example_xcom_args_with_operators to None, run_after=None
[2026-05-09T11:51:46.814+0000] {processor.py:183} INFO - Processing /home/vscode/.local/lib/python3.11/site-packages/airflow/example_dags/example_xcomargs.py took 0.051 seconds
[2026-05-09T11:52:28.001+0000] {processor.py:161} INFO - Started process (PID=27483) to work on /home/vscode/.local/lib/python3.11/site-packages/airflow/example_dags/example_xcomargs.py
[2026-05-09T11:52:28.002+0000] {processor.py:830} INFO - Processing file /home/vscode/.local/lib/python3.11/site-packages/airflow/example_dags/example_xcomargs.py for tasks to queue
[2026-05-09T11:52:28.002+0000] {logging_mixin.py:188} INFO - [2026-05-09T11:52:28.002+0000] {dagbag.py:545} INFO - Filling up the DagBag from /home/vscode/.local/lib/python3.11/site-packages/airflow/example_dags/example_xcomargs.py
[2026-05-09T11:52:28.008+0000] {processor.py:840} INFO - DAG(s) 'example_xcom_args_with_operators', 'example_xcom_args' retrieved from /home/vscode/.local/lib/python3.11/site-packages/airflow/example_dags/example_xcomargs.py
[2026-05-09T11:52:28.021+0000] {logging_mixin.py:188} INFO - [2026-05-09T11:52:28.021+0000] {dag.py:3096} INFO - Sync 2 DAGs
[2026-05-09T11:52:28.029+0000] {logging_mixin.py:188} INFO - [2026-05-09T11:52:28.029+0000] {dag.py:3954} INFO - Setting next_dagrun for example_xcom_args to None, run_after=None
[2026-05-09T11:52:28.031+0000] {logging_mixin.py:188} INFO - [2026-05-09T11:52:28.031+0000] {dag.py:3954} INFO - Setting next_dagrun for example_xcom_args_with_operators to None, run_after=None
[2026-05-09T11:52:28.046+0000] {processor.py:183} INFO - Processing /home/vscode/.local/lib/python3.11/site-packages/airflow/example_dags/example_xcomargs.py took 0.051 seconds
[2026-05-09T11:53:06.942+0000] {processor.py:161} INFO - Started process (PID=27819) to work on /home/vscode/.local/lib/python3.11/site-packages/airflow/example_dags/example_xcomargs.py
[2026-05-09T11:53:06.943+0000] {processor.py:830} INFO - Processing file /home/vscode/.local/lib/python3.11/site-packages/airflow/example_dags/example_xcomargs.py for tasks to queue
[2026-05-09T11:53:06.943+0000] {logging_mixin.py:188} INFO - [2026-05-09T11:53:06.943+0000] {dagbag.py:545} INFO - Filling up the DagBag from /home/vscode/.local/lib/python3.11/site-packages/airflow/example_dags/example_xcomargs.py
[2026-05-09T11:53:06.949+0000] {processor.py:840} INFO - DAG(s) 'example_xcom_args', 'example_xcom_args_with_operators' retrieved from /home/vscode/.local/lib/python3.11/site-packages/airflow/example_dags/example_xcomargs.py
[2026-05-09T11:53:06.962+0000] {logging_mixin.py:188} INFO - [2026-05-09T11:53:06.962+0000] {dag.py:3096} INFO - Sync 2 DAGs
[2026-05-09T11:53:06.971+0000] {logging_mixin.py:188} INFO - [2026-05-09T11:53:06.971+0000] {dag.py:3954} INFO - Setting next_dagrun for example_xcom_args to None, run_after=None
[2026-05-09T11:53:06.973+0000] {logging_mixin.py:188} INFO - [2026-05-09T11:53:06.973+0000] {dag.py:3954} INFO - Setting next_dagrun for example_xcom_args_with_operators to None, run_after=None
[2026-05-09T11:53:06.987+0000] {processor.py:183} INFO - Processing /home/vscode/.local/lib/python3.11/site-packages/airflow/example_dags/example_xcomargs.py took 0.051 seconds
[2026-05-09T11:53:48.601+0000] {processor.py:161} INFO - Started process (PID=28243) to work on /home/vscode/.local/lib/python3.11/site-packages/airflow/example_dags/example_xcomargs.py
[2026-05-09T11:53:48.601+0000] {processor.py:830} INFO - Processing file /home/vscode/.local/lib/python3.11/site-packages/airflow/example_dags/example_xcomargs.py for tasks to queue
[2026-05-09T11:53:48.602+0000] {logging_mixin.py:188} INFO - [2026-05-09T11:53:48.601+0000] {dagbag.py:545} INFO - Filling up the DagBag from /home/vscode/.local/lib/python3.11/site-packages/airflow/example_dags/example_xcomargs.py
[2026-05-09T11:53:48.610+0000] {processor.py:840} INFO - DAG(s) 'example_xcom_args', 'example_xcom_args_with_operators' retrieved from /home/vscode/.local/lib/python3.11/site-packages/airflow/example_dags/example_xcomargs.py
[2026-05-09T11:53:48.624+0000] {logging_mixin.py:188} INFO - [2026-05-09T11:53:48.624+0000] {dag.py:3096} INFO - Sync 2 DAGs
[2026-05-09T11:53:48.632+0000] {logging_mixin.py:188} INFO - [2026-05-09T11:53:48.632+0000] {dag.py:3954} INFO - Setting next_dagrun for example_xcom_args to None, run_after=None
[2026-05-09T11:53:48.634+0000] {logging_mixin.py:188} INFO - [2026-05-09T11:53:48.634+0000] {dag.py:3954} INFO - Setting next_dagrun for example_xcom_args_with_operators to None, run_after=None
[2026-05-09T11:53:48.648+0000] {processor.py:183} INFO - Processing /home/vscode/.local/lib/python3.11/site-packages/airflow/example_dags/example_xcomargs.py took 0.054 seconds
[2026-05-09T11:54:27.720+0000] {processor.py:161} INFO - Started process (PID=28523) to work on /home/vscode/.local/lib/python3.11/site-packages/airflow/example_dags/example_xcomargs.py
[2026-05-09T11:54:27.720+0000] {processor.py:830} INFO - Processing file /home/vscode/.local/lib/python3.11/site-packages/airflow/example_dags/example_xcomargs.py for tasks to queue
[2026-05-09T11:54:27.721+0000] {logging_mixin.py:188} INFO - [2026-05-09T11:54:27.721+0000] {dagbag.py:545} INFO - Filling up the DagBag from /home/vscode/.local/lib/python3.11/site-packages/airflow/example_dags/example_xcomargs.py
[2026-05-09T11:54:27.727+0000] {processor.py:840} INFO - DAG(s) 'example_xcom_args_with_operators', 'example_xcom_args' retrieved from /home/vscode/.local/lib/python3.11/site-packages/airflow/example_dags/example_xcomargs.py
[2026-05-09T11:54:27.745+0000] {logging_mixin.py:188} INFO - [2026-05-09T11:54:27.745+0000] {dag.py:3096} INFO - Sync 2 DAGs
[2026-05-09T11:54:27.754+0000] {logging_mixin.py:188} INFO - [2026-05-09T11:54:27.754+0000] {dag.py:3954} INFO - Setting next_dagrun for example_xcom_args to None, run_after=None
[2026-05-09T11:54:27.756+0000] {logging_mixin.py:188} INFO - [2026-05-09T11:54:27.756+0000] {dag.py:3954} INFO - Setting next_dagrun for example_xcom_args_with_operators to None, run_after=None
[2026-05-09T11:54:27.770+0000] {processor.py:183} INFO - Processing /home/vscode/.local/lib/python3.11/site-packages/airflow/example_dags/example_xcomargs.py took 0.057 seconds
[2026-05-09T11:55:09.986+0000] {processor.py:161} INFO - Started process (PID=28880) to work on /home/vscode/.local/lib/python3.11/site-packages/airflow/example_dags/example_xcomargs.py
[2026-05-09T11:55:09.986+0000] {processor.py:830} INFO - Processing file /home/vscode/.local/lib/python3.11/site-packages/airflow/example_dags/example_xcomargs.py for tasks to queue
[2026-05-09T11:55:09.987+0000] {logging_mixin.py:188} INFO - [2026-05-09T11:55:09.987+0000] {dagbag.py:545} INFO - Filling up the DagBag from /home/vscode/.local/lib/python3.11/site-packages/airflow/example_dags/example_xcomargs.py
[2026-05-09T11:55:09.993+0000] {processor.py:840} INFO - DAG(s) 'example_xcom_args_with_operators', 'example_xcom_args' retrieved from /home/vscode/.local/lib/python3.11/site-packages/airflow/example_dags/example_xcomargs.py
[2026-05-09T11:55:10.007+0000] {logging_mixin.py:188} INFO - [2026-05-09T11:55:10.007+0000] {dag.py:3096} INFO - Sync 2 DAGs
[2026-05-09T11:55:10.016+0000] {logging_mixin.py:188} INFO - [2026-05-09T11:55:10.016+0000] {dag.py:3954} INFO - Setting next_dagrun for example_xcom_args to None, run_after=None
[2026-05-09T11:55:10.019+0000] {logging_mixin.py:188} INFO - [2026-05-09T11:55:10.019+0000] {dag.py:3954} INFO - Setting next_dagrun for example_xcom_args_with_operators to None, run_after=None
[2026-05-09T11:55:10.034+0000] {processor.py:183} INFO - Processing /home/vscode/.local/lib/python3.11/site-packages/airflow/example_dags/example_xcomargs.py took 0.054 seconds
[2026-05-09T11:55:51.124+0000] {processor.py:161} INFO - Started process (PID=29236) to work on /home/vscode/.local/lib/python3.11/site-packages/airflow/example_dags/example_xcomargs.py
[2026-05-09T11:55:51.124+0000] {processor.py:830} INFO - Processing file /home/vscode/.local/lib/python3.11/site-packages/airflow/example_dags/example_xcomargs.py for tasks to queue
[2026-05-09T11:55:51.125+0000] {logging_mixin.py:188} INFO - [2026-05-09T11:55:51.125+0000] {dagbag.py:545} INFO - Filling up the DagBag from /home/vscode/.local/lib/python3.11/site-packages/airflow/example_dags/example_xcomargs.py
[2026-05-09T11:55:51.131+0000] {processor.py:840} INFO - DAG(s) 'example_xcom_args_with_operators', 'example_xcom_args' retrieved from /home/vscode/.local/lib/python3.11/site-packages/airflow/example_dags/example_xcomargs.py
[2026-05-09T11:55:51.144+0000] {logging_mixin.py:188} INFO - [2026-05-09T11:55:51.144+0000] {dag.py:3096} INFO - Sync 2 DAGs
[2026-05-09T11:55:51.152+0000] {logging_mixin.py:188} INFO - [2026-05-09T11:55:51.152+0000] {dag.py:3954} INFO - Setting next_dagrun for example_xcom_args to None, run_after=None
[2026-05-09T11:55:51.154+0000] {logging_mixin.py:188} INFO - [2026-05-09T11:55:51.154+0000] {dag.py:3954} INFO - Setting next_dagrun for example_xcom_args_with_operators to None, run_after=None
[2026-05-09T11:55:51.169+0000] {processor.py:183} INFO - Processing /home/vscode/.local/lib/python3.11/site-packages/airflow/example_dags/example_xcomargs.py took 0.052 seconds
[2026-05-09T11:56:32.636+0000] {processor.py:161} INFO - Started process (PID=29532) to work on /home/vscode/.local/lib/python3.11/site-packages/airflow/example_dags/example_xcomargs.py
[2026-05-09T11:56:32.637+0000] {processor.py:830} INFO - Processing file /home/vscode/.local/lib/python3.11/site-packages/airflow/example_dags/example_xcomargs.py for tasks to queue
[2026-05-09T11:56:32.637+0000] {logging_mixin.py:188} INFO - [2026-05-09T11:56:32.637+0000] {dagbag.py:545} INFO - Filling up the DagBag from /home/vscode/.local/lib/python3.11/site-packages/airflow/example_dags/example_xcomargs.py
[2026-05-09T11:56:32.644+0000] {processor.py:840} INFO - DAG(s) 'example_xcom_args_with_operators', 'example_xcom_args' retrieved from /home/vscode/.local/lib/python3.11/site-packages/airflow/example_dags/example_xcomargs.py
[2026-05-09T11:56:32.657+0000] {logging_mixin.py:188} INFO - [2026-05-09T11:56:32.657+0000] {dag.py:3096} INFO - Sync 2 DAGs
[2026-05-09T11:56:32.666+0000] {logging_mixin.py:188} INFO - [2026-05-09T11:56:32.666+0000] {dag.py:3954} INFO - Setting next_dagrun for example_xcom_args to None, run_after=None
[2026-05-09T11:56:32.669+0000] {logging_mixin.py:188} INFO - [2026-05-09T11:56:32.668+0000] {dag.py:3954} INFO - Setting next_dagrun for example_xcom_args_with_operators to None, run_after=None
[2026-05-09T11:56:32.683+0000] {processor.py:183} INFO - Processing /home/vscode/.local/lib/python3.11/site-packages/airflow/example_dags/example_xcomargs.py took 0.053 seconds
[2026-05-09T11:57:12.499+0000] {processor.py:161} INFO - Started process (PID=29872) to work on /home/vscode/.local/lib/python3.11/site-packages/airflow/example_dags/example_xcomargs.py
[2026-05-09T11:57:12.500+0000] {processor.py:830} INFO - Processing file /home/vscode/.local/lib/python3.11/site-packages/airflow/example_dags/example_xcomargs.py for tasks to queue
[2026-05-09T11:57:12.500+0000] {logging_mixin.py:188} INFO - [2026-05-09T11:57:12.500+0000] {dagbag.py:545} INFO - Filling up the DagBag from /home/vscode/.local/lib/python3.11/site-packages/airflow/example_dags/example_xcomargs.py
[2026-05-09T11:57:12.506+0000] {processor.py:840} INFO - DAG(s) 'example_xcom_args_with_operators', 'example_xcom_args' retrieved from /home/vscode/.local/lib/python3.11/site-packages/airflow/example_dags/example_xcomargs.py
[2026-05-09T11:57:12.519+0000] {logging_mixin.py:188} INFO - [2026-05-09T11:57:12.519+0000] {dag.py:3096} INFO - Sync 2 DAGs
[2026-05-09T11:57:12.528+0000] {logging_mixin.py:188} INFO - [2026-05-09T11:57:12.528+0000] {dag.py:3954} INFO - Setting next_dagrun for example_xcom_args to None, run_after=None
[2026-05-09T11:57:12.531+0000] {logging_mixin.py:188} INFO - [2026-05-09T11:57:12.531+0000] {dag.py:3954} INFO - Setting next_dagrun for example_xcom_args_with_operators to None, run_after=None
[2026-05-09T11:57:12.544+0000] {processor.py:183} INFO - Processing /home/vscode/.local/lib/python3.11/site-packages/airflow/example_dags/example_xcomargs.py took 0.051 seconds
[2026-05-09T11:57:55.744+0000] {processor.py:161} INFO - Started process (PID=30232) to work on /home/vscode/.local/lib/python3.11/site-packages/airflow/example_dags/example_xcomargs.py
[2026-05-09T11:57:55.745+0000] {processor.py:830} INFO - Processing file /home/vscode/.local/lib/python3.11/site-packages/airflow/example_dags/example_xcomargs.py for tasks to queue
[2026-05-09T11:57:55.745+0000] {logging_mixin.py:188} INFO - [2026-05-09T11:57:55.745+0000] {dagbag.py:545} INFO - Filling up the DagBag from /home/vscode/.local/lib/python3.11/site-packages/airflow/example_dags/example_xcomargs.py
[2026-05-09T11:57:55.751+0000] {processor.py:840} INFO - DAG(s) 'example_xcom_args_with_operators', 'example_xcom_args' retrieved from /home/vscode/.local/lib/python3.11/site-packages/airflow/example_dags/example_xcomargs.py
[2026-05-09T11:57:55.764+0000] {logging_mixin.py:188} INFO - [2026-05-09T11:57:55.764+0000] {dag.py:3096} INFO - Sync 2 DAGs
[2026-05-09T11:57:55.772+0000] {logging_mixin.py:188} INFO - [2026-05-09T11:57:55.772+0000] {dag.py:3954} INFO - Setting next_dagrun for example_xcom_args to None, run_after=None
[2026-05-09T11:57:55.775+0000] {logging_mixin.py:188} INFO - [2026-05-09T11:57:55.775+0000] {dag.py:3954} INFO - Setting next_dagrun for example_xcom_args_with_operators to None, run_after=None
[2026-05-09T11:57:55.789+0000] {processor.py:183} INFO - Processing /home/vscode/.local/lib/python3.11/site-packages/airflow/example_dags/example_xcomargs.py took 0.050 seconds
[2026-05-09T11:58:37.639+0000] {processor.py:161} INFO - Started process (PID=30529) to work on /home/vscode/.local/lib/python3.11/site-packages/airflow/example_dags/example_xcomargs.py
[2026-05-09T11:58:37.639+0000] {processor.py:830} INFO - Processing file /home/vscode/.local/lib/python3.11/site-packages/airflow/example_dags/example_xcomargs.py for tasks to queue
[2026-05-09T11:58:37.640+0000] {logging_mixin.py:188} INFO - [2026-05-09T11:58:37.639+0000] {dagbag.py:545} INFO - Filling up the DagBag from /home/vscode/.local/lib/python3.11/site-packages/airflow/example_dags/example_xcomargs.py
[2026-05-09T11:58:37.646+0000] {processor.py:840} INFO - DAG(s) 'example_xcom_args', 'example_xcom_args_with_operators' retrieved from /home/vscode/.local/lib/python3.11/site-packages/airflow/example_dags/example_xcomargs.py
[2026-05-09T11:58:37.659+0000] {logging_mixin.py:188} INFO - [2026-05-09T11:58:37.659+0000] {dag.py:3096} INFO - Sync 2 DAGs
[2026-05-09T11:58:37.667+0000] {logging_mixin.py:188} INFO - [2026-05-09T11:58:37.667+0000] {dag.py:3954} INFO - Setting next_dagrun for example_xcom_args to None, run_after=None
[2026-05-09T11:58:37.669+0000] {logging_mixin.py:188} INFO - [2026-05-09T11:58:37.669+0000] {dag.py:3954} INFO - Setting next_dagrun for example_xcom_args_with_operators to None, run_after=None
[2026-05-09T11:58:37.683+0000] {processor.py:183} INFO - Processing /home/vscode/.local/lib/python3.11/site-packages/airflow/example_dags/example_xcomargs.py took 0.050 seconds
[2026-05-09T11:59:21.020+0000] {processor.py:161} INFO - Started process (PID=30901) to work on /home/vscode/.local/lib/python3.11/site-packages/airflow/example_dags/example_xcomargs.py
[2026-05-09T11:59:21.021+0000] {processor.py:830} INFO - Processing file /home/vscode/.local/lib/python3.11/site-packages/airflow/example_dags/example_xcomargs.py for tasks to queue
[2026-05-09T11:59:21.021+0000] {logging_mixin.py:188} INFO - [2026-05-09T11:59:21.021+0000] {dagbag.py:545} INFO - Filling up the DagBag from /home/vscode/.local/lib/python3.11/site-packages/airflow/example_dags/example_xcomargs.py
[2026-05-09T11:59:21.027+0000] {processor.py:840} INFO - DAG(s) 'example_xcom_args', 'example_xcom_args_with_operators' retrieved from /home/vscode/.local/lib/python3.11/site-packages/airflow/example_dags/example_xcomargs.py
[2026-05-09T11:59:21.041+0000] {logging_mixin.py:188} INFO - [2026-05-09T11:59:21.041+0000] {dag.py:3096} INFO - Sync 2 DAGs
[2026-05-09T11:59:21.049+0000] {logging_mixin.py:188} INFO - [2026-05-09T11:59:21.049+0000] {dag.py:3954} INFO - Setting next_dagrun for example_xcom_args to None, run_after=None
[2026-05-09T11:59:21.051+0000] {logging_mixin.py:188} INFO - [2026-05-09T11:59:21.051+0000] {dag.py:3954} INFO - Setting next_dagrun for example_xcom_args_with_operators to None, run_after=None
[2026-05-09T11:59:21.066+0000] {processor.py:183} INFO - Processing /home/vscode/.local/lib/python3.11/site-packages/airflow/example_dags/example_xcomargs.py took 0.052 seconds
[2026-05-09T12:00:02.602+0000] {processor.py:161} INFO - Started process (PID=31252) to work on /home/vscode/.local/lib/python3.11/site-packages/airflow/example_dags/example_xcomargs.py
[2026-05-09T12:00:02.603+0000] {processor.py:830} INFO - Processing file /home/vscode/.local/lib/python3.11/site-packages/airflow/example_dags/example_xcomargs.py for tasks to queue
[2026-05-09T12:00:02.603+0000] {logging_mixin.py:188} INFO - [2026-05-09T12:00:02.603+0000] {dagbag.py:545} INFO - Filling up the DagBag from /home/vscode/.local/lib/python3.11/site-packages/airflow/example_dags/example_xcomargs.py
[2026-05-09T12:00:02.609+0000] {processor.py:840} INFO - DAG(s) 'example_xcom_args', 'example_xcom_args_with_operators' retrieved from /home/vscode/.local/lib/python3.11/site-packages/airflow/example_dags/example_xcomargs.py
[2026-05-09T12:00:02.622+0000] {logging_mixin.py:188} INFO - [2026-05-09T12:00:02.622+0000] {dag.py:3096} INFO - Sync 2 DAGs
[2026-05-09T12:00:02.630+0000] {logging_mixin.py:188} INFO - [2026-05-09T12:00:02.630+0000] {dag.py:3954} INFO - Setting next_dagrun for example_xcom_args to None, run_after=None
[2026-05-09T12:00:02.633+0000] {logging_mixin.py:188} INFO - [2026-05-09T12:00:02.633+0000] {dag.py:3954} INFO - Setting next_dagrun for example_xcom_args_with_operators to None, run_after=None
[2026-05-09T12:00:02.648+0000] {processor.py:183} INFO - Processing /home/vscode/.local/lib/python3.11/site-packages/airflow/example_dags/example_xcomargs.py took 0.051 seconds
[2026-05-09T12:00:42.090+0000] {processor.py:161} INFO - Started process (PID=31601) to work on /home/vscode/.local/lib/python3.11/site-packages/airflow/example_dags/example_xcomargs.py
[2026-05-09T12:00:42.090+0000] {processor.py:830} INFO - Processing file /home/vscode/.local/lib/python3.11/site-packages/airflow/example_dags/example_xcomargs.py for tasks to queue
[2026-05-09T12:00:42.091+0000] {logging_mixin.py:188} INFO - [2026-05-09T12:00:42.091+0000] {dagbag.py:545} INFO - Filling up the DagBag from /home/vscode/.local/lib/python3.11/site-packages/airflow/example_dags/example_xcomargs.py
[2026-05-09T12:00:42.097+0000] {processor.py:840} INFO - DAG(s) 'example_xcom_args_with_operators', 'example_xcom_args' retrieved from /home/vscode/.local/lib/python3.11/site-packages/airflow/example_dags/example_xcomargs.py
[2026-05-09T12:00:42.110+0000] {logging_mixin.py:188} INFO - [2026-05-09T12:00:42.110+0000] {dag.py:3096} INFO - Sync 2 DAGs
[2026-05-09T12:00:42.119+0000] {logging_mixin.py:188} INFO - [2026-05-09T12:00:42.118+0000] {dag.py:3954} INFO - Setting next_dagrun for example_xcom_args to None, run_after=None
[2026-05-09T12:00:42.121+0000] {logging_mixin.py:188} INFO - [2026-05-09T12:00:42.121+0000] {dag.py:3954} INFO - Setting next_dagrun for example_xcom_args_with_operators to None, run_after=None
[2026-05-09T12:00:42.135+0000] {processor.py:183} INFO - Processing /home/vscode/.local/lib/python3.11/site-packages/airflow/example_dags/example_xcomargs.py took 0.051 seconds
[2026-05-09T12:01:25.213+0000] {processor.py:161} INFO - Started process (PID=31904) to work on /home/vscode/.local/lib/python3.11/site-packages/airflow/example_dags/example_xcomargs.py
[2026-05-09T12:01:25.213+0000] {processor.py:830} INFO - Processing file /home/vscode/.local/lib/python3.11/site-packages/airflow/example_dags/example_xcomargs.py for tasks to queue
[2026-05-09T12:01:25.214+0000] {logging_mixin.py:188} INFO - [2026-05-09T12:01:25.214+0000] {dagbag.py:545} INFO - Filling up the DagBag from /home/vscode/.local/lib/python3.11/site-packages/airflow/example_dags/example_xcomargs.py
[2026-05-09T12:01:25.220+0000] {processor.py:840} INFO - DAG(s) 'example_xcom_args', 'example_xcom_args_with_operators' retrieved from /home/vscode/.local/lib/python3.11/site-packages/airflow/example_dags/example_xcomargs.py
[2026-05-09T12:01:25.233+0000] {logging_mixin.py:188} INFO - [2026-05-09T12:01:25.232+0000] {dag.py:3096} INFO - Sync 2 DAGs
[2026-05-09T12:01:25.241+0000] {logging_mixin.py:188} INFO - [2026-05-09T12:01:25.241+0000] {dag.py:3954} INFO - Setting next_dagrun for example_xcom_args to None, run_after=None
[2026-05-09T12:01:25.243+0000] {logging_mixin.py:188} INFO - [2026-05-09T12:01:25.243+0000] {dag.py:3954} INFO - Setting next_dagrun for example_xcom_args_with_operators to None, run_after=None
[2026-05-09T12:01:25.257+0000] {processor.py:183} INFO - Processing /home/vscode/.local/lib/python3.11/site-packages/airflow/example_dags/example_xcomargs.py took 0.051 seconds
[2026-05-09T12:02:09.113+0000] {processor.py:161} INFO - Started process (PID=32264) to work on /home/vscode/.local/lib/python3.11/site-packages/airflow/example_dags/example_xcomargs.py
[2026-05-09T12:02:09.114+0000] {processor.py:830} INFO - Processing file /home/vscode/.local/lib/python3.11/site-packages/airflow/example_dags/example_xcomargs.py for tasks to queue
[2026-05-09T12:02:09.114+0000] {logging_mixin.py:188} INFO - [2026-05-09T12:02:09.114+0000] {dagbag.py:545} INFO - Filling up the DagBag from /home/vscode/.local/lib/python3.11/site-packages/airflow/example_dags/example_xcomargs.py
[2026-05-09T12:02:09.120+0000] {processor.py:840} INFO - DAG(s) 'example_xcom_args_with_operators', 'example_xcom_args' retrieved from /home/vscode/.local/lib/python3.11/site-packages/airflow/example_dags/example_xcomargs.py
[2026-05-09T12:02:09.133+0000] {logging_mixin.py:188} INFO - [2026-05-09T12:02:09.133+0000] {dag.py:3096} INFO - Sync 2 DAGs
[2026-05-09T12:02:09.142+0000] {logging_mixin.py:188} INFO - [2026-05-09T12:02:09.142+0000] {dag.py:3954} INFO - Setting next_dagrun for example_xcom_args to None, run_after=None
[2026-05-09T12:02:09.144+0000] {logging_mixin.py:188} INFO - [2026-05-09T12:02:09.144+0000] {dag.py:3954} INFO - Setting next_dagrun for example_xcom_args_with_operators to None, run_after=None
[2026-05-09T12:02:09.160+0000] {processor.py:183} INFO - Processing /home/vscode/.local/lib/python3.11/site-packages/airflow/example_dags/example_xcomargs.py took 0.053 seconds
[2026-05-09T12:02:50.885+0000] {processor.py:161} INFO - Started process (PID=32626) to work on /home/vscode/.local/lib/python3.11/site-packages/airflow/example_dags/example_xcomargs.py
[2026-05-09T12:02:50.886+0000] {processor.py:830} INFO - Processing file /home/vscode/.local/lib/python3.11/site-packages/airflow/example_dags/example_xcomargs.py for tasks to queue
[2026-05-09T12:02:50.886+0000] {logging_mixin.py:188} INFO - [2026-05-09T12:02:50.886+0000] {dagbag.py:545} INFO - Filling up the DagBag from /home/vscode/.local/lib/python3.11/site-packages/airflow/example_dags/example_xcomargs.py
[2026-05-09T12:02:50.893+0000] {processor.py:840} INFO - DAG(s) 'example_xcom_args', 'example_xcom_args_with_operators' retrieved from /home/vscode/.local/lib/python3.11/site-packages/airflow/example_dags/example_xcomargs.py
[2026-05-09T12:02:50.906+0000] {logging_mixin.py:188} INFO - [2026-05-09T12:02:50.906+0000] {dag.py:3096} INFO - Sync 2 DAGs
[2026-05-09T12:02:50.915+0000] {logging_mixin.py:188} INFO - [2026-05-09T12:02:50.915+0000] {dag.py:3954} INFO - Setting next_dagrun for example_xcom_args to None, run_after=None
[2026-05-09T12:02:50.918+0000] {logging_mixin.py:188} INFO - [2026-05-09T12:02:50.918+0000] {dag.py:3954} INFO - Setting next_dagrun for example_xcom_args_with_operators to None, run_after=None
[2026-05-09T12:02:50.933+0000] {processor.py:183} INFO - Processing /home/vscode/.local/lib/python3.11/site-packages/airflow/example_dags/example_xcomargs.py took 0.054 seconds
[2026-05-09T12:03:31.853+0000] {processor.py:161} INFO - Started process (PID=32917) to work on /home/vscode/.local/lib/python3.11/site-packages/airflow/example_dags/example_xcomargs.py
[2026-05-09T12:03:31.854+0000] {processor.py:830} INFO - Processing file /home/vscode/.local/lib/python3.11/site-packages/airflow/example_dags/example_xcomargs.py for tasks to queue
[2026-05-09T12:03:31.855+0000] {logging_mixin.py:188} INFO - [2026-05-09T12:03:31.855+0000] {dagbag.py:545} INFO - Filling up the DagBag from /home/vscode/.local/lib/python3.11/site-packages/airflow/example_dags/example_xcomargs.py
[2026-05-09T12:03:31.863+0000] {processor.py:840} INFO - DAG(s) 'example_xcom_args', 'example_xcom_args_with_operators' retrieved from /home/vscode/.local/lib/python3.11/site-packages/airflow/example_dags/example_xcomargs.py
[2026-05-09T12:03:31.876+0000] {logging_mixin.py:188} INFO - [2026-05-09T12:03:31.876+0000] {dag.py:3096} INFO - Sync 2 DAGs
[2026-05-09T12:03:31.885+0000] {logging_mixin.py:188} INFO - [2026-05-09T12:03:31.885+0000] {dag.py:3954} INFO - Setting next_dagrun for example_xcom_args to None, run_after=None
[2026-05-09T12:03:31.887+0000] {logging_mixin.py:188} INFO - [2026-05-09T12:03:31.887+0000] {dag.py:3954} INFO - Setting next_dagrun for example_xcom_args_with_operators to None, run_after=None
[2026-05-09T12:03:31.902+0000] {processor.py:183} INFO - Processing /home/vscode/.local/lib/python3.11/site-packages/airflow/example_dags/example_xcomargs.py took 0.058 seconds
[2026-05-09T12:04:13.498+0000] {processor.py:161} INFO - Started process (PID=33329) to work on /home/vscode/.local/lib/python3.11/site-packages/airflow/example_dags/example_xcomargs.py
[2026-05-09T12:04:13.498+0000] {processor.py:830} INFO - Processing file /home/vscode/.local/lib/python3.11/site-packages/airflow/example_dags/example_xcomargs.py for tasks to queue
[2026-05-09T12:04:13.499+0000] {logging_mixin.py:188} INFO - [2026-05-09T12:04:13.499+0000] {dagbag.py:545} INFO - Filling up the DagBag from /home/vscode/.local/lib/python3.11/site-packages/airflow/example_dags/example_xcomargs.py
[2026-05-09T12:04:13.505+0000] {processor.py:840} INFO - DAG(s) 'example_xcom_args_with_operators', 'example_xcom_args' retrieved from /home/vscode/.local/lib/python3.11/site-packages/airflow/example_dags/example_xcomargs.py
[2026-05-09T12:04:13.518+0000] {logging_mixin.py:188} INFO - [2026-05-09T12:04:13.518+0000] {dag.py:3096} INFO - Sync 2 DAGs
[2026-05-09T12:04:13.527+0000] {logging_mixin.py:188} INFO - [2026-05-09T12:04:13.526+0000] {dag.py:3954} INFO - Setting next_dagrun for example_xcom_args to None, run_after=None
[2026-05-09T12:04:13.529+0000] {logging_mixin.py:188} INFO - [2026-05-09T12:04:13.529+0000] {dag.py:3954} INFO - Setting next_dagrun for example_xcom_args_with_operators to None, run_after=None
[2026-05-09T12:04:13.543+0000] {processor.py:183} INFO - Processing /home/vscode/.local/lib/python3.11/site-packages/airflow/example_dags/example_xcomargs.py took 0.052 seconds
[2026-05-09T12:04:55.836+0000] {processor.py:161} INFO - Started process (PID=33688) to work on /home/vscode/.local/lib/python3.11/site-packages/airflow/example_dags/example_xcomargs.py
[2026-05-09T12:04:55.837+0000] {processor.py:830} INFO - Processing file /home/vscode/.local/lib/python3.11/site-packages/airflow/example_dags/example_xcomargs.py for tasks to queue
[2026-05-09T12:04:55.838+0000] {logging_mixin.py:188} INFO - [2026-05-09T12:04:55.837+0000] {dagbag.py:545} INFO - Filling up the DagBag from /home/vscode/.local/lib/python3.11/site-packages/airflow/example_dags/example_xcomargs.py
[2026-05-09T12:04:55.846+0000] {processor.py:840} INFO - DAG(s) 'example_xcom_args_with_operators', 'example_xcom_args' retrieved from /home/vscode/.local/lib/python3.11/site-packages/airflow/example_dags/example_xcomargs.py
[2026-05-09T12:04:55.863+0000] {logging_mixin.py:188} INFO - [2026-05-09T12:04:55.863+0000] {dag.py:3096} INFO - Sync 2 DAGs
[2026-05-09T12:04:55.879+0000] {logging_mixin.py:188} INFO - [2026-05-09T12:04:55.879+0000] {dag.py:3954} INFO - Setting next_dagrun for example_xcom_args to None, run_after=None
[2026-05-09T12:04:55.883+0000] {logging_mixin.py:188} INFO - [2026-05-09T12:04:55.883+0000] {dag.py:3954} INFO - Setting next_dagrun for example_xcom_args_with_operators to None, run_after=None
[2026-05-09T12:04:55.917+0000] {processor.py:183} INFO - Processing /home/vscode/.local/lib/python3.11/site-packages/airflow/example_dags/example_xcomargs.py took 0.094 seconds
[2026-05-09T12:05:36.629+0000] {processor.py:161} INFO - Started process (PID=33982) to work on /home/vscode/.local/lib/python3.11/site-packages/airflow/example_dags/example_xcomargs.py
[2026-05-09T12:05:36.629+0000] {processor.py:830} INFO - Processing file /home/vscode/.local/lib/python3.11/site-packages/airflow/example_dags/example_xcomargs.py for tasks to queue
[2026-05-09T12:05:36.630+0000] {logging_mixin.py:188} INFO - [2026-05-09T12:05:36.630+0000] {dagbag.py:545} INFO - Filling up the DagBag from /home/vscode/.local/lib/python3.11/site-packages/airflow/example_dags/example_xcomargs.py
[2026-05-09T12:05:36.639+0000] {processor.py:840} INFO - DAG(s) 'example_xcom_args', 'example_xcom_args_with_operators' retrieved from /home/vscode/.local/lib/python3.11/site-packages/airflow/example_dags/example_xcomargs.py
[2026-05-09T12:05:36.653+0000] {logging_mixin.py:188} INFO - [2026-05-09T12:05:36.653+0000] {dag.py:3096} INFO - Sync 2 DAGs
[2026-05-09T12:05:36.661+0000] {logging_mixin.py:188} INFO - [2026-05-09T12:05:36.661+0000] {dag.py:3954} INFO - Setting next_dagrun for example_xcom_args to None, run_after=None
[2026-05-09T12:05:36.664+0000] {logging_mixin.py:188} INFO - [2026-05-09T12:05:36.664+0000] {dag.py:3954} INFO - Setting next_dagrun for example_xcom_args_with_operators to None, run_after=None
[2026-05-09T12:05:36.677+0000] {processor.py:183} INFO - Processing /home/vscode/.local/lib/python3.11/site-packages/airflow/example_dags/example_xcomargs.py took 0.057 seconds
[2026-05-09T12:06:19.371+0000] {processor.py:161} INFO - Started process (PID=34337) to work on /home/vscode/.local/lib/python3.11/site-packages/airflow/example_dags/example_xcomargs.py
[2026-05-09T12:06:19.372+0000] {processor.py:830} INFO - Processing file /home/vscode/.local/lib/python3.11/site-packages/airflow/example_dags/example_xcomargs.py for tasks to queue
[2026-05-09T12:06:19.372+0000] {logging_mixin.py:188} INFO - [2026-05-09T12:06:19.372+0000] {dagbag.py:545} INFO - Filling up the DagBag from /home/vscode/.local/lib/python3.11/site-packages/airflow/example_dags/example_xcomargs.py
[2026-05-09T12:06:19.378+0000] {processor.py:840} INFO - DAG(s) 'example_xcom_args', 'example_xcom_args_with_operators' retrieved from /home/vscode/.local/lib/python3.11/site-packages/airflow/example_dags/example_xcomargs.py
[2026-05-09T12:06:19.393+0000] {logging_mixin.py:188} INFO - [2026-05-09T12:06:19.393+0000] {dag.py:3096} INFO - Sync 2 DAGs
[2026-05-09T12:06:19.402+0000] {logging_mixin.py:188} INFO - [2026-05-09T12:06:19.402+0000] {dag.py:3954} INFO - Setting next_dagrun for example_xcom_args to None, run_after=None
[2026-05-09T12:06:19.405+0000] {logging_mixin.py:188} INFO - [2026-05-09T12:06:19.405+0000] {dag.py:3954} INFO - Setting next_dagrun for example_xcom_args_with_operators to None, run_after=None
[2026-05-09T12:06:19.419+0000] {processor.py:183} INFO - Processing /home/vscode/.local/lib/python3.11/site-packages/airflow/example_dags/example_xcomargs.py took 0.055 seconds
[2026-05-09T12:07:04.327+0000] {processor.py:161} INFO - Started process (PID=34717) to work on /home/vscode/.local/lib/python3.11/site-packages/airflow/example_dags/example_xcomargs.py
[2026-05-09T12:07:04.328+0000] {processor.py:830} INFO - Processing file /home/vscode/.local/lib/python3.11/site-packages/airflow/example_dags/example_xcomargs.py for tasks to queue
[2026-05-09T12:07:04.329+0000] {logging_mixin.py:188} INFO - [2026-05-09T12:07:04.328+0000] {dagbag.py:545} INFO - Filling up the DagBag from /home/vscode/.local/lib/python3.11/site-packages/airflow/example_dags/example_xcomargs.py
[2026-05-09T12:07:04.337+0000] {processor.py:840} INFO - DAG(s) 'example_xcom_args', 'example_xcom_args_with_operators' retrieved from /home/vscode/.local/lib/python3.11/site-packages/airflow/example_dags/example_xcomargs.py
[2026-05-09T12:07:04.352+0000] {logging_mixin.py:188} INFO - [2026-05-09T12:07:04.351+0000] {dag.py:3096} INFO - Sync 2 DAGs
[2026-05-09T12:07:04.360+0000] {logging_mixin.py:188} INFO - [2026-05-09T12:07:04.360+0000] {dag.py:3954} INFO - Setting next_dagrun for example_xcom_args to None, run_after=None
[2026-05-09T12:07:04.362+0000] {logging_mixin.py:188} INFO - [2026-05-09T12:07:04.362+0000] {dag.py:3954} INFO - Setting next_dagrun for example_xcom_args_with_operators to None, run_after=None
[2026-05-09T12:07:04.377+0000] {processor.py:183} INFO - Processing /home/vscode/.local/lib/python3.11/site-packages/airflow/example_dags/example_xcomargs.py took 0.057 seconds
[2026-05-09T12:07:47.613+0000] {processor.py:161} INFO - Started process (PID=35078) to work on /home/vscode/.local/lib/python3.11/site-packages/airflow/example_dags/example_xcomargs.py
[2026-05-09T12:07:47.614+0000] {processor.py:830} INFO - Processing file /home/vscode/.local/lib/python3.11/site-packages/airflow/example_dags/example_xcomargs.py for tasks to queue
[2026-05-09T12:07:47.615+0000] {logging_mixin.py:188} INFO - [2026-05-09T12:07:47.614+0000] {dagbag.py:545} INFO - Filling up the DagBag from /home/vscode/.local/lib/python3.11/site-packages/airflow/example_dags/example_xcomargs.py
[2026-05-09T12:07:47.622+0000] {processor.py:840} INFO - DAG(s) 'example_xcom_args', 'example_xcom_args_with_operators' retrieved from /home/vscode/.local/lib/python3.11/site-packages/airflow/example_dags/example_xcomargs.py
[2026-05-09T12:07:47.638+0000] {logging_mixin.py:188} INFO - [2026-05-09T12:07:47.637+0000] {dag.py:3096} INFO - Sync 2 DAGs
[2026-05-09T12:07:47.647+0000] {logging_mixin.py:188} INFO - [2026-05-09T12:07:47.647+0000] {dag.py:3954} INFO - Setting next_dagrun for example_xcom_args to None, run_after=None
[2026-05-09T12:07:47.650+0000] {logging_mixin.py:188} INFO - [2026-05-09T12:07:47.650+0000] {dag.py:3954} INFO - Setting next_dagrun for example_xcom_args_with_operators to None, run_after=None
[2026-05-09T12:07:47.665+0000] {processor.py:183} INFO - Processing /home/vscode/.local/lib/python3.11/site-packages/airflow/example_dags/example_xcomargs.py took 0.059 seconds
[2026-05-09T12:08:27.856+0000] {processor.py:161} INFO - Started process (PID=35371) to work on /home/vscode/.local/lib/python3.11/site-packages/airflow/example_dags/example_xcomargs.py
[2026-05-09T12:08:27.857+0000] {processor.py:830} INFO - Processing file /home/vscode/.local/lib/python3.11/site-packages/airflow/example_dags/example_xcomargs.py for tasks to queue
[2026-05-09T12:08:27.857+0000] {logging_mixin.py:188} INFO - [2026-05-09T12:08:27.857+0000] {dagbag.py:545} INFO - Filling up the DagBag from /home/vscode/.local/lib/python3.11/site-packages/airflow/example_dags/example_xcomargs.py
[2026-05-09T12:08:27.863+0000] {processor.py:840} INFO - DAG(s) 'example_xcom_args_with_operators', 'example_xcom_args' retrieved from /home/vscode/.local/lib/python3.11/site-packages/airflow/example_dags/example_xcomargs.py
[2026-05-09T12:08:27.877+0000] {logging_mixin.py:188} INFO - [2026-05-09T12:08:27.877+0000] {dag.py:3096} INFO - Sync 2 DAGs
[2026-05-09T12:08:27.886+0000] {logging_mixin.py:188} INFO - [2026-05-09T12:08:27.885+0000] {dag.py:3954} INFO - Setting next_dagrun for example_xcom_args to None, run_after=None
[2026-05-09T12:08:27.888+0000] {logging_mixin.py:188} INFO - [2026-05-09T12:08:27.888+0000] {dag.py:3954} INFO - Setting next_dagrun for example_xcom_args_with_operators to None, run_after=None
[2026-05-09T12:08:27.905+0000] {processor.py:183} INFO - Processing /home/vscode/.local/lib/python3.11/site-packages/airflow/example_dags/example_xcomargs.py took 0.055 seconds
[2026-05-09T12:09:09.253+0000] {processor.py:161} INFO - Started process (PID=35779) to work on /home/vscode/.local/lib/python3.11/site-packages/airflow/example_dags/example_xcomargs.py
[2026-05-09T12:09:09.253+0000] {processor.py:830} INFO - Processing file /home/vscode/.local/lib/python3.11/site-packages/airflow/example_dags/example_xcomargs.py for tasks to queue
[2026-05-09T12:09:09.254+0000] {logging_mixin.py:188} INFO - [2026-05-09T12:09:09.253+0000] {dagbag.py:545} INFO - Filling up the DagBag from /home/vscode/.local/lib/python3.11/site-packages/airflow/example_dags/example_xcomargs.py
[2026-05-09T12:09:09.260+0000] {processor.py:840} INFO - DAG(s) 'example_xcom_args', 'example_xcom_args_with_operators' retrieved from /home/vscode/.local/lib/python3.11/site-packages/airflow/example_dags/example_xcomargs.py
[2026-05-09T12:09:09.274+0000] {logging_mixin.py:188} INFO - [2026-05-09T12:09:09.274+0000] {dag.py:3096} INFO - Sync 2 DAGs
[2026-05-09T12:09:09.282+0000] {logging_mixin.py:188} INFO - [2026-05-09T12:09:09.282+0000] {dag.py:3954} INFO - Setting next_dagrun for example_xcom_args to None, run_after=None
[2026-05-09T12:09:09.285+0000] {logging_mixin.py:188} INFO - [2026-05-09T12:09:09.285+0000] {dag.py:3954} INFO - Setting next_dagrun for example_xcom_args_with_operators to None, run_after=None
[2026-05-09T12:09:09.298+0000] {processor.py:183} INFO - Processing /home/vscode/.local/lib/python3.11/site-packages/airflow/example_dags/example_xcomargs.py took 0.053 seconds
[2026-05-09T12:09:47.493+0000] {processor.py:161} INFO - Started process (PID=36124) to work on /home/vscode/.local/lib/python3.11/site-packages/airflow/example_dags/example_xcomargs.py
[2026-05-09T12:09:47.494+0000] {processor.py:830} INFO - Processing file /home/vscode/.local/lib/python3.11/site-packages/airflow/example_dags/example_xcomargs.py for tasks to queue
[2026-05-09T12:09:47.495+0000] {logging_mixin.py:188} INFO - [2026-05-09T12:09:47.495+0000] {dagbag.py:545} INFO - Filling up the DagBag from /home/vscode/.local/lib/python3.11/site-packages/airflow/example_dags/example_xcomargs.py
[2026-05-09T12:09:47.502+0000] {processor.py:840} INFO - DAG(s) 'example_xcom_args', 'example_xcom_args_with_operators' retrieved from /home/vscode/.local/lib/python3.11/site-packages/airflow/example_dags/example_xcomargs.py
[2026-05-09T12:09:47.516+0000] {logging_mixin.py:188} INFO - [2026-05-09T12:09:47.516+0000] {dag.py:3096} INFO - Sync 2 DAGs
[2026-05-09T12:09:47.526+0000] {logging_mixin.py:188} INFO - [2026-05-09T12:09:47.526+0000] {dag.py:3954} INFO - Setting next_dagrun for example_xcom_args to None, run_after=None
[2026-05-09T12:09:47.529+0000] {logging_mixin.py:188} INFO - [2026-05-09T12:09:47.529+0000] {dag.py:3954} INFO - Setting next_dagrun for example_xcom_args_with_operators to None, run_after=None
[2026-05-09T12:09:47.546+0000] {processor.py:183} INFO - Processing /home/vscode/.local/lib/python3.11/site-packages/airflow/example_dags/example_xcomargs.py took 0.064 seconds
[2026-05-09T12:10:28.685+0000] {processor.py:161} INFO - Started process (PID=36412) to work on /home/vscode/.local/lib/python3.11/site-packages/airflow/example_dags/example_xcomargs.py
[2026-05-09T12:10:28.685+0000] {processor.py:830} INFO - Processing file /home/vscode/.local/lib/python3.11/site-packages/airflow/example_dags/example_xcomargs.py for tasks to queue
[2026-05-09T12:10:28.686+0000] {logging_mixin.py:188} INFO - [2026-05-09T12:10:28.685+0000] {dagbag.py:545} INFO - Filling up the DagBag from /home/vscode/.local/lib/python3.11/site-packages/airflow/example_dags/example_xcomargs.py
[2026-05-09T12:10:28.692+0000] {processor.py:840} INFO - DAG(s) 'example_xcom_args', 'example_xcom_args_with_operators' retrieved from /home/vscode/.local/lib/python3.11/site-packages/airflow/example_dags/example_xcomargs.py
[2026-05-09T12:10:28.706+0000] {logging_mixin.py:188} INFO - [2026-05-09T12:10:28.706+0000] {dag.py:3096} INFO - Sync 2 DAGs
[2026-05-09T12:10:28.714+0000] {logging_mixin.py:188} INFO - [2026-05-09T12:10:28.714+0000] {dag.py:3954} INFO - Setting next_dagrun for example_xcom_args to None, run_after=None
[2026-05-09T12:10:28.717+0000] {logging_mixin.py:188} INFO - [2026-05-09T12:10:28.717+0000] {dag.py:3954} INFO - Setting next_dagrun for example_xcom_args_with_operators to None, run_after=None
[2026-05-09T12:10:28.733+0000] {processor.py:183} INFO - Processing /home/vscode/.local/lib/python3.11/site-packages/airflow/example_dags/example_xcomargs.py took 0.055 seconds
[2026-05-09T12:11:09.796+0000] {processor.py:161} INFO - Started process (PID=36762) to work on /home/vscode/.local/lib/python3.11/site-packages/airflow/example_dags/example_xcomargs.py
[2026-05-09T12:11:09.797+0000] {processor.py:830} INFO - Processing file /home/vscode/.local/lib/python3.11/site-packages/airflow/example_dags/example_xcomargs.py for tasks to queue
[2026-05-09T12:11:09.797+0000] {logging_mixin.py:188} INFO - [2026-05-09T12:11:09.797+0000] {dagbag.py:545} INFO - Filling up the DagBag from /home/vscode/.local/lib/python3.11/site-packages/airflow/example_dags/example_xcomargs.py
[2026-05-09T12:11:09.803+0000] {processor.py:840} INFO - DAG(s) 'example_xcom_args', 'example_xcom_args_with_operators' retrieved from /home/vscode/.local/lib/python3.11/site-packages/airflow/example_dags/example_xcomargs.py
[2026-05-09T12:11:09.817+0000] {logging_mixin.py:188} INFO - [2026-05-09T12:11:09.817+0000] {dag.py:3096} INFO - Sync 2 DAGs
[2026-05-09T12:11:09.827+0000] {logging_mixin.py:188} INFO - [2026-05-09T12:11:09.827+0000] {dag.py:3954} INFO - Setting next_dagrun for example_xcom_args to None, run_after=None
[2026-05-09T12:11:09.830+0000] {logging_mixin.py:188} INFO - [2026-05-09T12:11:09.830+0000] {dag.py:3954} INFO - Setting next_dagrun for example_xcom_args_with_operators to None, run_after=None
[2026-05-09T12:11:09.856+0000] {processor.py:183} INFO - Processing /home/vscode/.local/lib/python3.11/site-packages/airflow/example_dags/example_xcomargs.py took 0.066 seconds
[2026-05-09T12:11:49.779+0000] {processor.py:161} INFO - Started process (PID=37110) to work on /home/vscode/.local/lib/python3.11/site-packages/airflow/example_dags/example_xcomargs.py
[2026-05-09T12:11:49.780+0000] {processor.py:830} INFO - Processing file /home/vscode/.local/lib/python3.11/site-packages/airflow/example_dags/example_xcomargs.py for tasks to queue
[2026-05-09T12:11:49.780+0000] {logging_mixin.py:188} INFO - [2026-05-09T12:11:49.780+0000] {dagbag.py:545} INFO - Filling up the DagBag from /home/vscode/.local/lib/python3.11/site-packages/airflow/example_dags/example_xcomargs.py
[2026-05-09T12:11:49.786+0000] {processor.py:840} INFO - DAG(s) 'example_xcom_args', 'example_xcom_args_with_operators' retrieved from /home/vscode/.local/lib/python3.11/site-packages/airflow/example_dags/example_xcomargs.py
[2026-05-09T12:11:49.800+0000] {logging_mixin.py:188} INFO - [2026-05-09T12:11:49.800+0000] {dag.py:3096} INFO - Sync 2 DAGs
[2026-05-09T12:11:49.808+0000] {logging_mixin.py:188} INFO - [2026-05-09T12:11:49.808+0000] {dag.py:3954} INFO - Setting next_dagrun for example_xcom_args to None, run_after=None
[2026-05-09T12:11:49.811+0000] {logging_mixin.py:188} INFO - [2026-05-09T12:11:49.811+0000] {dag.py:3954} INFO - Setting next_dagrun for example_xcom_args_with_operators to None, run_after=None
[2026-05-09T12:11:49.825+0000] {processor.py:183} INFO - Processing /home/vscode/.local/lib/python3.11/site-packages/airflow/example_dags/example_xcomargs.py took 0.052 seconds
[2026-05-09T12:12:30.955+0000] {processor.py:161} INFO - Started process (PID=37405) to work on /home/vscode/.local/lib/python3.11/site-packages/airflow/example_dags/example_xcomargs.py
[2026-05-09T12:12:30.955+0000] {processor.py:830} INFO - Processing file /home/vscode/.local/lib/python3.11/site-packages/airflow/example_dags/example_xcomargs.py for tasks to queue
[2026-05-09T12:12:30.956+0000] {logging_mixin.py:188} INFO - [2026-05-09T12:12:30.956+0000] {dagbag.py:545} INFO - Filling up the DagBag from /home/vscode/.local/lib/python3.11/site-packages/airflow/example_dags/example_xcomargs.py
[2026-05-09T12:12:30.962+0000] {processor.py:840} INFO - DAG(s) 'example_xcom_args_with_operators', 'example_xcom_args' retrieved from /home/vscode/.local/lib/python3.11/site-packages/airflow/example_dags/example_xcomargs.py
[2026-05-09T12:12:30.976+0000] {logging_mixin.py:188} INFO - [2026-05-09T12:12:30.976+0000] {dag.py:3096} INFO - Sync 2 DAGs
[2026-05-09T12:12:30.984+0000] {logging_mixin.py:188} INFO - [2026-05-09T12:12:30.984+0000] {dag.py:3954} INFO - Setting next_dagrun for example_xcom_args to None, run_after=None
[2026-05-09T12:12:30.987+0000] {logging_mixin.py:188} INFO - [2026-05-09T12:12:30.986+0000] {dag.py:3954} INFO - Setting next_dagrun for example_xcom_args_with_operators to None, run_after=None
[2026-05-09T12:12:31.001+0000] {processor.py:183} INFO - Processing /home/vscode/.local/lib/python3.11/site-packages/airflow/example_dags/example_xcomargs.py took 0.053 seconds
[2026-05-09T12:13:10.214+0000] {processor.py:161} INFO - Started process (PID=37747) to work on /home/vscode/.local/lib/python3.11/site-packages/airflow/example_dags/example_xcomargs.py
[2026-05-09T12:13:10.215+0000] {processor.py:830} INFO - Processing file /home/vscode/.local/lib/python3.11/site-packages/airflow/example_dags/example_xcomargs.py for tasks to queue
[2026-05-09T12:13:10.215+0000] {logging_mixin.py:188} INFO - [2026-05-09T12:13:10.215+0000] {dagbag.py:545} INFO - Filling up the DagBag from /home/vscode/.local/lib/python3.11/site-packages/airflow/example_dags/example_xcomargs.py
[2026-05-09T12:13:10.221+0000] {processor.py:840} INFO - DAG(s) 'example_xcom_args', 'example_xcom_args_with_operators' retrieved from /home/vscode/.local/lib/python3.11/site-packages/airflow/example_dags/example_xcomargs.py
[2026-05-09T12:13:10.238+0000] {logging_mixin.py:188} INFO - [2026-05-09T12:13:10.238+0000] {dag.py:3096} INFO - Sync 2 DAGs
[2026-05-09T12:13:10.248+0000] {logging_mixin.py:188} INFO - [2026-05-09T12:13:10.248+0000] {dag.py:3954} INFO - Setting next_dagrun for example_xcom_args to None, run_after=None
[2026-05-09T12:13:10.251+0000] {logging_mixin.py:188} INFO - [2026-05-09T12:13:10.251+0000] {dag.py:3954} INFO - Setting next_dagrun for example_xcom_args_with_operators to None, run_after=None
[2026-05-09T12:13:10.265+0000] {processor.py:183} INFO - Processing /home/vscode/.local/lib/python3.11/site-packages/airflow/example_dags/example_xcomargs.py took 0.057 seconds
[2026-05-09T12:13:53.448+0000] {processor.py:161} INFO - Started process (PID=38164) to work on /home/vscode/.local/lib/python3.11/site-packages/airflow/example_dags/example_xcomargs.py
[2026-05-09T12:13:53.448+0000] {processor.py:830} INFO - Processing file /home/vscode/.local/lib/python3.11/site-packages/airflow/example_dags/example_xcomargs.py for tasks to queue
[2026-05-09T12:13:53.449+0000] {logging_mixin.py:188} INFO - [2026-05-09T12:13:53.449+0000] {dagbag.py:545} INFO - Filling up the DagBag from /home/vscode/.local/lib/python3.11/site-packages/airflow/example_dags/example_xcomargs.py
[2026-05-09T12:13:53.455+0000] {processor.py:840} INFO - DAG(s) 'example_xcom_args', 'example_xcom_args_with_operators' retrieved from /home/vscode/.local/lib/python3.11/site-packages/airflow/example_dags/example_xcomargs.py
[2026-05-09T12:13:53.468+0000] {logging_mixin.py:188} INFO - [2026-05-09T12:13:53.468+0000] {dag.py:3096} INFO - Sync 2 DAGs
[2026-05-09T12:13:53.478+0000] {logging_mixin.py:188} INFO - [2026-05-09T12:13:53.478+0000] {dag.py:3954} INFO - Setting next_dagrun for example_xcom_args to None, run_after=None
[2026-05-09T12:13:53.480+0000] {logging_mixin.py:188} INFO - [2026-05-09T12:13:53.480+0000] {dag.py:3954} INFO - Setting next_dagrun for example_xcom_args_with_operators to None, run_after=None
[2026-05-09T12:13:53.494+0000] {processor.py:183} INFO - Processing /home/vscode/.local/lib/python3.11/site-packages/airflow/example_dags/example_xcomargs.py took 0.053 seconds
[2026-05-09T12:14:37.802+0000] {processor.py:161} INFO - Started process (PID=38484) to work on /home/vscode/.local/lib/python3.11/site-packages/airflow/example_dags/example_xcomargs.py
[2026-05-09T12:14:37.803+0000] {processor.py:830} INFO - Processing file /home/vscode/.local/lib/python3.11/site-packages/airflow/example_dags/example_xcomargs.py for tasks to queue
[2026-05-09T12:14:37.803+0000] {logging_mixin.py:188} INFO - [2026-05-09T12:14:37.803+0000] {dagbag.py:545} INFO - Filling up the DagBag from /home/vscode/.local/lib/python3.11/site-packages/airflow/example_dags/example_xcomargs.py
[2026-05-09T12:14:37.810+0000] {processor.py:840} INFO - DAG(s) 'example_xcom_args_with_operators', 'example_xcom_args' retrieved from /home/vscode/.local/lib/python3.11/site-packages/airflow/example_dags/example_xcomargs.py
[2026-05-09T12:14:37.823+0000] {logging_mixin.py:188} INFO - [2026-05-09T12:14:37.823+0000] {dag.py:3096} INFO - Sync 2 DAGs
[2026-05-09T12:14:37.835+0000] {logging_mixin.py:188} INFO - [2026-05-09T12:14:37.835+0000] {dag.py:3954} INFO - Setting next_dagrun for example_xcom_args to None, run_after=None
[2026-05-09T12:14:37.838+0000] {logging_mixin.py:188} INFO - [2026-05-09T12:14:37.838+0000] {dag.py:3954} INFO - Setting next_dagrun for example_xcom_args_with_operators to None, run_after=None
[2026-05-09T12:14:37.852+0000] {processor.py:183} INFO - Processing /home/vscode/.local/lib/python3.11/site-packages/airflow/example_dags/example_xcomargs.py took 0.058 seconds
[2026-05-09T12:15:18.741+0000] {processor.py:161} INFO - Started process (PID=38828) to work on /home/vscode/.local/lib/python3.11/site-packages/airflow/example_dags/example_xcomargs.py
[2026-05-09T12:15:18.742+0000] {processor.py:830} INFO - Processing file /home/vscode/.local/lib/python3.11/site-packages/airflow/example_dags/example_xcomargs.py for tasks to queue
[2026-05-09T12:15:18.743+0000] {logging_mixin.py:188} INFO - [2026-05-09T12:15:18.742+0000] {dagbag.py:545} INFO - Filling up the DagBag from /home/vscode/.local/lib/python3.11/site-packages/airflow/example_dags/example_xcomargs.py
[2026-05-09T12:15:18.750+0000] {processor.py:840} INFO - DAG(s) 'example_xcom_args_with_operators', 'example_xcom_args' retrieved from /home/vscode/.local/lib/python3.11/site-packages/airflow/example_dags/example_xcomargs.py
[2026-05-09T12:15:18.764+0000] {logging_mixin.py:188} INFO - [2026-05-09T12:15:18.764+0000] {dag.py:3096} INFO - Sync 2 DAGs
[2026-05-09T12:15:18.773+0000] {logging_mixin.py:188} INFO - [2026-05-09T12:15:18.773+0000] {dag.py:3954} INFO - Setting next_dagrun for example_xcom_args to None, run_after=None
[2026-05-09T12:15:18.775+0000] {logging_mixin.py:188} INFO - [2026-05-09T12:15:18.775+0000] {dag.py:3954} INFO - Setting next_dagrun for example_xcom_args_with_operators to None, run_after=None
[2026-05-09T12:15:18.790+0000] {processor.py:183} INFO - Processing /home/vscode/.local/lib/python3.11/site-packages/airflow/example_dags/example_xcomargs.py took 0.056 seconds
[2026-05-09T12:16:01.571+0000] {processor.py:161} INFO - Started process (PID=39193) to work on /home/vscode/.local/lib/python3.11/site-packages/airflow/example_dags/example_xcomargs.py
[2026-05-09T12:16:01.572+0000] {processor.py:830} INFO - Processing file /home/vscode/.local/lib/python3.11/site-packages/airflow/example_dags/example_xcomargs.py for tasks to queue
[2026-05-09T12:16:01.572+0000] {logging_mixin.py:188} INFO - [2026-05-09T12:16:01.572+0000] {dagbag.py:545} INFO - Filling up the DagBag from /home/vscode/.local/lib/python3.11/site-packages/airflow/example_dags/example_xcomargs.py
[2026-05-09T12:16:01.578+0000] {processor.py:840} INFO - DAG(s) 'example_xcom_args', 'example_xcom_args_with_operators' retrieved from /home/vscode/.local/lib/python3.11/site-packages/airflow/example_dags/example_xcomargs.py
[2026-05-09T12:16:01.592+0000] {logging_mixin.py:188} INFO - [2026-05-09T12:16:01.591+0000] {dag.py:3096} INFO - Sync 2 DAGs
[2026-05-09T12:16:01.602+0000] {logging_mixin.py:188} INFO - [2026-05-09T12:16:01.602+0000] {dag.py:3954} INFO - Setting next_dagrun for example_xcom_args to None, run_after=None
[2026-05-09T12:16:01.605+0000] {logging_mixin.py:188} INFO - [2026-05-09T12:16:01.605+0000] {dag.py:3954} INFO - Setting next_dagrun for example_xcom_args_with_operators to None, run_after=None
[2026-05-09T12:16:01.620+0000] {processor.py:183} INFO - Processing /home/vscode/.local/lib/python3.11/site-packages/airflow/example_dags/example_xcomargs.py took 0.056 seconds
[2026-05-09T12:16:46.154+0000] {processor.py:161} INFO - Started process (PID=39568) to work on /home/vscode/.local/lib/python3.11/site-packages/airflow/example_dags/example_xcomargs.py
[2026-05-09T12:16:46.155+0000] {processor.py:830} INFO - Processing file /home/vscode/.local/lib/python3.11/site-packages/airflow/example_dags/example_xcomargs.py for tasks to queue
[2026-05-09T12:16:46.155+0000] {logging_mixin.py:188} INFO - [2026-05-09T12:16:46.155+0000] {dagbag.py:545} INFO - Filling up the DagBag from /home/vscode/.local/lib/python3.11/site-packages/airflow/example_dags/example_xcomargs.py
[2026-05-09T12:16:46.161+0000] {processor.py:840} INFO - DAG(s) 'example_xcom_args', 'example_xcom_args_with_operators' retrieved from /home/vscode/.local/lib/python3.11/site-packages/airflow/example_dags/example_xcomargs.py
[2026-05-09T12:16:46.175+0000] {logging_mixin.py:188} INFO - [2026-05-09T12:16:46.175+0000] {dag.py:3096} INFO - Sync 2 DAGs
[2026-05-09T12:16:46.184+0000] {logging_mixin.py:188} INFO - [2026-05-09T12:16:46.184+0000] {dag.py:3954} INFO - Setting next_dagrun for example_xcom_args to None, run_after=None
[2026-05-09T12:16:46.186+0000] {logging_mixin.py:188} INFO - [2026-05-09T12:16:46.186+0000] {dag.py:3954} INFO - Setting next_dagrun for example_xcom_args_with_operators to None, run_after=None
[2026-05-09T12:16:46.200+0000] {processor.py:183} INFO - Processing /home/vscode/.local/lib/python3.11/site-packages/airflow/example_dags/example_xcomargs.py took 0.052 seconds
[2026-05-09T12:17:32.039+0000] {processor.py:161} INFO - Started process (PID=39882) to work on /home/vscode/.local/lib/python3.11/site-packages/airflow/example_dags/example_xcomargs.py
[2026-05-09T12:17:32.040+0000] {processor.py:830} INFO - Processing file /home/vscode/.local/lib/python3.11/site-packages/airflow/example_dags/example_xcomargs.py for tasks to queue
[2026-05-09T12:17:32.040+0000] {logging_mixin.py:188} INFO - [2026-05-09T12:17:32.040+0000] {dagbag.py:545} INFO - Filling up the DagBag from /home/vscode/.local/lib/python3.11/site-packages/airflow/example_dags/example_xcomargs.py
[2026-05-09T12:17:32.047+0000] {processor.py:840} INFO - DAG(s) 'example_xcom_args_with_operators', 'example_xcom_args' retrieved from /home/vscode/.local/lib/python3.11/site-packages/airflow/example_dags/example_xcomargs.py
[2026-05-09T12:17:32.061+0000] {logging_mixin.py:188} INFO - [2026-05-09T12:17:32.061+0000] {dag.py:3096} INFO - Sync 2 DAGs
[2026-05-09T12:17:32.069+0000] {logging_mixin.py:188} INFO - [2026-05-09T12:17:32.069+0000] {dag.py:3954} INFO - Setting next_dagrun for example_xcom_args to None, run_after=None
[2026-05-09T12:17:32.072+0000] {logging_mixin.py:188} INFO - [2026-05-09T12:17:32.072+0000] {dag.py:3954} INFO - Setting next_dagrun for example_xcom_args_with_operators to None, run_after=None
[2026-05-09T12:17:32.086+0000] {processor.py:183} INFO - Processing /home/vscode/.local/lib/python3.11/site-packages/airflow/example_dags/example_xcomargs.py took 0.056 seconds
[2026-05-09T12:18:14.816+0000] {processor.py:161} INFO - Started process (PID=40237) to work on /home/vscode/.local/lib/python3.11/site-packages/airflow/example_dags/example_xcomargs.py
[2026-05-09T12:18:14.816+0000] {processor.py:830} INFO - Processing file /home/vscode/.local/lib/python3.11/site-packages/airflow/example_dags/example_xcomargs.py for tasks to queue
[2026-05-09T12:18:14.817+0000] {logging_mixin.py:188} INFO - [2026-05-09T12:18:14.817+0000] {dagbag.py:545} INFO - Filling up the DagBag from /home/vscode/.local/lib/python3.11/site-packages/airflow/example_dags/example_xcomargs.py
[2026-05-09T12:18:14.823+0000] {processor.py:840} INFO - DAG(s) 'example_xcom_args', 'example_xcom_args_with_operators' retrieved from /home/vscode/.local/lib/python3.11/site-packages/airflow/example_dags/example_xcomargs.py
[2026-05-09T12:18:14.840+0000] {logging_mixin.py:188} INFO - [2026-05-09T12:18:14.840+0000] {dag.py:3096} INFO - Sync 2 DAGs
[2026-05-09T12:18:14.857+0000] {logging_mixin.py:188} INFO - [2026-05-09T12:18:14.857+0000] {dag.py:3954} INFO - Setting next_dagrun for example_xcom_args to None, run_after=None
[2026-05-09T12:18:14.860+0000] {logging_mixin.py:188} INFO - [2026-05-09T12:18:14.860+0000] {dag.py:3954} INFO - Setting next_dagrun for example_xcom_args_with_operators to None, run_after=None
[2026-05-09T12:18:14.882+0000] {processor.py:183} INFO - Processing /home/vscode/.local/lib/python3.11/site-packages/airflow/example_dags/example_xcomargs.py took 0.072 seconds
[2026-05-09T12:18:54.659+0000] {processor.py:161} INFO - Started process (PID=40646) to work on /home/vscode/.local/lib/python3.11/site-packages/airflow/example_dags/example_xcomargs.py
[2026-05-09T12:18:54.660+0000] {processor.py:830} INFO - Processing file /home/vscode/.local/lib/python3.11/site-packages/airflow/example_dags/example_xcomargs.py for tasks to queue
[2026-05-09T12:18:54.661+0000] {logging_mixin.py:188} INFO - [2026-05-09T12:18:54.661+0000] {dagbag.py:545} INFO - Filling up the DagBag from /home/vscode/.local/lib/python3.11/site-packages/airflow/example_dags/example_xcomargs.py
[2026-05-09T12:18:54.667+0000] {processor.py:840} INFO - DAG(s) 'example_xcom_args', 'example_xcom_args_with_operators' retrieved from /home/vscode/.local/lib/python3.11/site-packages/airflow/example_dags/example_xcomargs.py
[2026-05-09T12:18:54.680+0000] {logging_mixin.py:188} INFO - [2026-05-09T12:18:54.680+0000] {dag.py:3096} INFO - Sync 2 DAGs
[2026-05-09T12:18:54.689+0000] {logging_mixin.py:188} INFO - [2026-05-09T12:18:54.689+0000] {dag.py:3954} INFO - Setting next_dagrun for example_xcom_args to None, run_after=None
[2026-05-09T12:18:54.691+0000] {logging_mixin.py:188} INFO - [2026-05-09T12:18:54.691+0000] {dag.py:3954} INFO - Setting next_dagrun for example_xcom_args_with_operators to None, run_after=None
[2026-05-09T12:18:54.706+0000] {processor.py:183} INFO - Processing /home/vscode/.local/lib/python3.11/site-packages/airflow/example_dags/example_xcomargs.py took 0.054 seconds
[2026-05-09T12:19:36.104+0000] {processor.py:161} INFO - Started process (PID=40956) to work on /home/vscode/.local/lib/python3.11/site-packages/airflow/example_dags/example_xcomargs.py
[2026-05-09T12:19:36.105+0000] {processor.py:830} INFO - Processing file /home/vscode/.local/lib/python3.11/site-packages/airflow/example_dags/example_xcomargs.py for tasks to queue
[2026-05-09T12:19:36.105+0000] {logging_mixin.py:188} INFO - [2026-05-09T12:19:36.105+0000] {dagbag.py:545} INFO - Filling up the DagBag from /home/vscode/.local/lib/python3.11/site-packages/airflow/example_dags/example_xcomargs.py
[2026-05-09T12:19:36.115+0000] {processor.py:840} INFO - DAG(s) 'example_xcom_args_with_operators', 'example_xcom_args' retrieved from /home/vscode/.local/lib/python3.11/site-packages/airflow/example_dags/example_xcomargs.py
[2026-05-09T12:19:36.153+0000] {logging_mixin.py:188} INFO - [2026-05-09T12:19:36.153+0000] {dag.py:3096} INFO - Sync 2 DAGs
[2026-05-09T12:19:36.170+0000] {logging_mixin.py:188} INFO - [2026-05-09T12:19:36.170+0000] {dag.py:3954} INFO - Setting next_dagrun for example_xcom_args to None, run_after=None
[2026-05-09T12:19:36.173+0000] {logging_mixin.py:188} INFO - [2026-05-09T12:19:36.173+0000] {dag.py:3954} INFO - Setting next_dagrun for example_xcom_args_with_operators to None, run_after=None
[2026-05-09T12:19:36.189+0000] {processor.py:183} INFO - Processing /home/vscode/.local/lib/python3.11/site-packages/airflow/example_dags/example_xcomargs.py took 0.097 seconds
[2026-05-09T12:20:22.492+0000] {processor.py:161} INFO - Started process (PID=41318) to work on /home/vscode/.local/lib/python3.11/site-packages/airflow/example_dags/example_xcomargs.py
[2026-05-09T12:20:22.493+0000] {processor.py:830} INFO - Processing file /home/vscode/.local/lib/python3.11/site-packages/airflow/example_dags/example_xcomargs.py for tasks to queue
[2026-05-09T12:20:22.493+0000] {logging_mixin.py:188} INFO - [2026-05-09T12:20:22.493+0000] {dagbag.py:545} INFO - Filling up the DagBag from /home/vscode/.local/lib/python3.11/site-packages/airflow/example_dags/example_xcomargs.py
[2026-05-09T12:20:22.499+0000] {processor.py:840} INFO - DAG(s) 'example_xcom_args_with_operators', 'example_xcom_args' retrieved from /home/vscode/.local/lib/python3.11/site-packages/airflow/example_dags/example_xcomargs.py
[2026-05-09T12:20:22.513+0000] {logging_mixin.py:188} INFO - [2026-05-09T12:20:22.512+0000] {dag.py:3096} INFO - Sync 2 DAGs
[2026-05-09T12:20:22.521+0000] {logging_mixin.py:188} INFO - [2026-05-09T12:20:22.521+0000] {dag.py:3954} INFO - Setting next_dagrun for example_xcom_args to None, run_after=None
[2026-05-09T12:20:22.524+0000] {logging_mixin.py:188} INFO - [2026-05-09T12:20:22.523+0000] {dag.py:3954} INFO - Setting next_dagrun for example_xcom_args_with_operators to None, run_after=None
[2026-05-09T12:20:22.538+0000] {processor.py:183} INFO - Processing /home/vscode/.local/lib/python3.11/site-packages/airflow/example_dags/example_xcomargs.py took 0.053 seconds
[2026-05-09T12:21:03.576+0000] {processor.py:161} INFO - Started process (PID=41675) to work on /home/vscode/.local/lib/python3.11/site-packages/airflow/example_dags/example_xcomargs.py
[2026-05-09T12:21:03.577+0000] {processor.py:830} INFO - Processing file /home/vscode/.local/lib/python3.11/site-packages/airflow/example_dags/example_xcomargs.py for tasks to queue
[2026-05-09T12:21:03.577+0000] {logging_mixin.py:188} INFO - [2026-05-09T12:21:03.577+0000] {dagbag.py:545} INFO - Filling up the DagBag from /home/vscode/.local/lib/python3.11/site-packages/airflow/example_dags/example_xcomargs.py
[2026-05-09T12:21:03.584+0000] {processor.py:840} INFO - DAG(s) 'example_xcom_args_with_operators', 'example_xcom_args' retrieved from /home/vscode/.local/lib/python3.11/site-packages/airflow/example_dags/example_xcomargs.py
[2026-05-09T12:21:03.597+0000] {logging_mixin.py:188} INFO - [2026-05-09T12:21:03.597+0000] {dag.py:3096} INFO - Sync 2 DAGs
[2026-05-09T12:21:03.605+0000] {logging_mixin.py:188} INFO - [2026-05-09T12:21:03.605+0000] {dag.py:3954} INFO - Setting next_dagrun for example_xcom_args to None, run_after=None
[2026-05-09T12:21:03.607+0000] {logging_mixin.py:188} INFO - [2026-05-09T12:21:03.607+0000] {dag.py:3954} INFO - Setting next_dagrun for example_xcom_args_with_operators to None, run_after=None
[2026-05-09T12:21:03.621+0000] {processor.py:183} INFO - Processing /home/vscode/.local/lib/python3.11/site-packages/airflow/example_dags/example_xcomargs.py took 0.052 seconds
