[2026-05-09T11:19:17.005+0000] {processor.py:161} INFO - Started process (PID=7348) to work on /home/vscode/.local/lib/python3.11/site-packages/airflow/example_dags/example_datasets.py
[2026-05-09T11:19:17.005+0000] {processor.py:830} INFO - Processing file /home/vscode/.local/lib/python3.11/site-packages/airflow/example_dags/example_datasets.py for tasks to queue
[2026-05-09T11:19:17.006+0000] {logging_mixin.py:188} INFO - [2026-05-09T11:19:17.006+0000] {dagbag.py:545} INFO - Filling up the DagBag from /home/vscode/.local/lib/python3.11/site-packages/airflow/example_dags/example_datasets.py
[2026-05-09T11:19:17.017+0000] {processor.py:840} INFO - DAG(s) 'dataset_consumes_1_never_scheduled', 'dataset_produces_1', 'consume_1_and_2_with_dataset_expressions', 'dataset_produces_2', 'dataset_consumes_1', 'dataset_consumes_1_and_2', 'conditional_dataset_and_time_based_timetable', 'dataset_consumes_unknown_never_scheduled', 'consume_1_or_2_with_dataset_expressions', 'consume_1_or_both_2_and_3_with_dataset_expressions' retrieved from /home/vscode/.local/lib/python3.11/site-packages/airflow/example_dags/example_datasets.py
[2026-05-09T11:19:17.244+0000] {logging_mixin.py:188} INFO - [2026-05-09T11:19:17.243+0000] {dag.py:3096} INFO - Sync 10 DAGs
[2026-05-09T11:19:17.257+0000] {logging_mixin.py:188} INFO - [2026-05-09T11:19:17.257+0000] {dag.py:3954} INFO - Setting next_dagrun for conditional_dataset_and_time_based_timetable to 2026-05-06 01:00:00+00:00, run_after=2026-05-06 01:00:00+00:00
[2026-05-09T11:19:17.259+0000] {logging_mixin.py:188} INFO - [2026-05-09T11:19:17.259+0000] {dag.py:3954} INFO - Setting next_dagrun for consume_1_and_2_with_dataset_expressions to None, run_after=None
[2026-05-09T11:19:17.260+0000] {logging_mixin.py:188} INFO - [2026-05-09T11:19:17.259+0000] {dag.py:3954} INFO - Setting next_dagrun for consume_1_or_2_with_dataset_expressions to None, run_after=None
[2026-05-09T11:19:17.260+0000] {logging_mixin.py:188} INFO - [2026-05-09T11:19:17.260+0000] {dag.py:3954} INFO - Setting next_dagrun for consume_1_or_both_2_and_3_with_dataset_expressions to None, run_after=None
[2026-05-09T11:19:17.261+0000] {logging_mixin.py:188} INFO - [2026-05-09T11:19:17.261+0000] {dag.py:3954} INFO - Setting next_dagrun for dataset_consumes_1 to None, run_after=None
[2026-05-09T11:19:17.261+0000] {logging_mixin.py:188} INFO - [2026-05-09T11:19:17.261+0000] {dag.py:3954} INFO - Setting next_dagrun for dataset_consumes_1_and_2 to None, run_after=None
[2026-05-09T11:19:17.262+0000] {logging_mixin.py:188} INFO - [2026-05-09T11:19:17.262+0000] {dag.py:3954} INFO - Setting next_dagrun for dataset_consumes_1_never_scheduled to None, run_after=None
[2026-05-09T11:19:17.263+0000] {logging_mixin.py:188} INFO - [2026-05-09T11:19:17.262+0000] {dag.py:3954} INFO - Setting next_dagrun for dataset_consumes_unknown_never_scheduled to None, run_after=None
[2026-05-09T11:19:17.264+0000] {logging_mixin.py:188} INFO - [2026-05-09T11:19:17.264+0000] {dag.py:3954} INFO - Setting next_dagrun for dataset_produces_1 to 2026-05-08 00:00:00+00:00, run_after=2026-05-09 00:00:00+00:00
[2026-05-09T11:19:17.265+0000] {logging_mixin.py:188} INFO - [2026-05-09T11:19:17.264+0000] {dag.py:3954} INFO - Setting next_dagrun for dataset_produces_2 to None, run_after=None
[2026-05-09T11:19:17.290+0000] {processor.py:183} INFO - Processing /home/vscode/.local/lib/python3.11/site-packages/airflow/example_dags/example_datasets.py took 0.291 seconds
[2026-05-09T11:20:16.463+0000] {processor.py:161} INFO - Started process (PID=7852) to work on /home/vscode/.local/lib/python3.11/site-packages/airflow/example_dags/example_datasets.py
[2026-05-09T11:20:16.463+0000] {processor.py:830} INFO - Processing file /home/vscode/.local/lib/python3.11/site-packages/airflow/example_dags/example_datasets.py for tasks to queue
[2026-05-09T11:20:16.464+0000] {logging_mixin.py:188} INFO - [2026-05-09T11:20:16.464+0000] {dagbag.py:545} INFO - Filling up the DagBag from /home/vscode/.local/lib/python3.11/site-packages/airflow/example_dags/example_datasets.py
[2026-05-09T11:20:16.475+0000] {processor.py:840} INFO - DAG(s) 'dataset_consumes_1_never_scheduled', 'dataset_produces_1', 'consume_1_or_both_2_and_3_with_dataset_expressions', 'conditional_dataset_and_time_based_timetable', 'consume_1_and_2_with_dataset_expressions', 'dataset_consumes_1_and_2', 'dataset_consumes_unknown_never_scheduled', 'dataset_produces_2', 'dataset_consumes_1', 'consume_1_or_2_with_dataset_expressions' retrieved from /home/vscode/.local/lib/python3.11/site-packages/airflow/example_dags/example_datasets.py
[2026-05-09T11:20:16.503+0000] {logging_mixin.py:188} INFO - [2026-05-09T11:20:16.503+0000] {dag.py:3096} INFO - Sync 10 DAGs
[2026-05-09T11:20:16.521+0000] {logging_mixin.py:188} INFO - [2026-05-09T11:20:16.521+0000] {dag.py:3954} INFO - Setting next_dagrun for conditional_dataset_and_time_based_timetable to 2026-05-06 01:00:00+00:00, run_after=2026-05-06 01:00:00+00:00
[2026-05-09T11:20:16.524+0000] {logging_mixin.py:188} INFO - [2026-05-09T11:20:16.524+0000] {dag.py:3954} INFO - Setting next_dagrun for consume_1_and_2_with_dataset_expressions to None, run_after=None
[2026-05-09T11:20:16.525+0000] {logging_mixin.py:188} INFO - [2026-05-09T11:20:16.525+0000] {dag.py:3954} INFO - Setting next_dagrun for consume_1_or_2_with_dataset_expressions to None, run_after=None
[2026-05-09T11:20:16.525+0000] {logging_mixin.py:188} INFO - [2026-05-09T11:20:16.525+0000] {dag.py:3954} INFO - Setting next_dagrun for consume_1_or_both_2_and_3_with_dataset_expressions to None, run_after=None
[2026-05-09T11:20:16.526+0000] {logging_mixin.py:188} INFO - [2026-05-09T11:20:16.526+0000] {dag.py:3954} INFO - Setting next_dagrun for dataset_consumes_1 to None, run_after=None
[2026-05-09T11:20:16.526+0000] {logging_mixin.py:188} INFO - [2026-05-09T11:20:16.526+0000] {dag.py:3954} INFO - Setting next_dagrun for dataset_consumes_1_and_2 to None, run_after=None
[2026-05-09T11:20:16.527+0000] {logging_mixin.py:188} INFO - [2026-05-09T11:20:16.527+0000] {dag.py:3954} INFO - Setting next_dagrun for dataset_consumes_1_never_scheduled to None, run_after=None
[2026-05-09T11:20:16.528+0000] {logging_mixin.py:188} INFO - [2026-05-09T11:20:16.528+0000] {dag.py:3954} INFO - Setting next_dagrun for dataset_consumes_unknown_never_scheduled to None, run_after=None
[2026-05-09T11:20:16.529+0000] {logging_mixin.py:188} INFO - [2026-05-09T11:20:16.529+0000] {dag.py:3954} INFO - Setting next_dagrun for dataset_produces_1 to 2026-05-08 00:00:00+00:00, run_after=2026-05-09 00:00:00+00:00
[2026-05-09T11:20:16.530+0000] {logging_mixin.py:188} INFO - [2026-05-09T11:20:16.530+0000] {dag.py:3954} INFO - Setting next_dagrun for dataset_produces_2 to None, run_after=None
[2026-05-09T11:20:16.557+0000] {processor.py:183} INFO - Processing /home/vscode/.local/lib/python3.11/site-packages/airflow/example_dags/example_datasets.py took 0.100 seconds
[2026-05-09T11:21:06.825+0000] {processor.py:161} INFO - Started process (PID=8290) to work on /home/vscode/.local/lib/python3.11/site-packages/airflow/example_dags/example_datasets.py
[2026-05-09T11:21:06.826+0000] {processor.py:830} INFO - Processing file /home/vscode/.local/lib/python3.11/site-packages/airflow/example_dags/example_datasets.py for tasks to queue
[2026-05-09T11:21:06.827+0000] {logging_mixin.py:188} INFO - [2026-05-09T11:21:06.827+0000] {dagbag.py:545} INFO - Filling up the DagBag from /home/vscode/.local/lib/python3.11/site-packages/airflow/example_dags/example_datasets.py
[2026-05-09T11:21:06.864+0000] {processor.py:840} INFO - DAG(s) 'dataset_produces_1', 'consume_1_or_2_with_dataset_expressions', 'dataset_consumes_1', 'consume_1_or_both_2_and_3_with_dataset_expressions', 'dataset_consumes_1_never_scheduled', 'dataset_consumes_1_and_2', 'consume_1_and_2_with_dataset_expressions', 'dataset_produces_2', 'conditional_dataset_and_time_based_timetable', 'dataset_consumes_unknown_never_scheduled' retrieved from /home/vscode/.local/lib/python3.11/site-packages/airflow/example_dags/example_datasets.py
[2026-05-09T11:21:06.896+0000] {logging_mixin.py:188} INFO - [2026-05-09T11:21:06.895+0000] {dag.py:3096} INFO - Sync 10 DAGs
[2026-05-09T11:21:06.913+0000] {logging_mixin.py:188} INFO - [2026-05-09T11:21:06.913+0000] {dag.py:3954} INFO - Setting next_dagrun for conditional_dataset_and_time_based_timetable to 2026-05-06 01:00:00+00:00, run_after=2026-05-06 01:00:00+00:00
[2026-05-09T11:21:06.915+0000] {logging_mixin.py:188} INFO - [2026-05-09T11:21:06.915+0000] {dag.py:3954} INFO - Setting next_dagrun for consume_1_and_2_with_dataset_expressions to None, run_after=None
[2026-05-09T11:21:06.916+0000] {logging_mixin.py:188} INFO - [2026-05-09T11:21:06.916+0000] {dag.py:3954} INFO - Setting next_dagrun for consume_1_or_2_with_dataset_expressions to None, run_after=None
[2026-05-09T11:21:06.917+0000] {logging_mixin.py:188} INFO - [2026-05-09T11:21:06.916+0000] {dag.py:3954} INFO - Setting next_dagrun for consume_1_or_both_2_and_3_with_dataset_expressions to None, run_after=None
[2026-05-09T11:21:06.917+0000] {logging_mixin.py:188} INFO - [2026-05-09T11:21:06.917+0000] {dag.py:3954} INFO - Setting next_dagrun for dataset_consumes_1 to None, run_after=None
[2026-05-09T11:21:06.918+0000] {logging_mixin.py:188} INFO - [2026-05-09T11:21:06.918+0000] {dag.py:3954} INFO - Setting next_dagrun for dataset_consumes_1_and_2 to None, run_after=None
[2026-05-09T11:21:06.918+0000] {logging_mixin.py:188} INFO - [2026-05-09T11:21:06.918+0000] {dag.py:3954} INFO - Setting next_dagrun for dataset_consumes_1_never_scheduled to None, run_after=None
[2026-05-09T11:21:06.919+0000] {logging_mixin.py:188} INFO - [2026-05-09T11:21:06.919+0000] {dag.py:3954} INFO - Setting next_dagrun for dataset_consumes_unknown_never_scheduled to None, run_after=None
[2026-05-09T11:21:06.920+0000] {logging_mixin.py:188} INFO - [2026-05-09T11:21:06.920+0000] {dag.py:3954} INFO - Setting next_dagrun for dataset_produces_1 to 2026-05-08 00:00:00+00:00, run_after=2026-05-09 00:00:00+00:00
[2026-05-09T11:21:06.921+0000] {logging_mixin.py:188} INFO - [2026-05-09T11:21:06.921+0000] {dag.py:3954} INFO - Setting next_dagrun for dataset_produces_2 to None, run_after=None
[2026-05-09T11:21:06.949+0000] {processor.py:183} INFO - Processing /home/vscode/.local/lib/python3.11/site-packages/airflow/example_dags/example_datasets.py took 0.150 seconds
[2026-05-09T11:22:08.441+0000] {processor.py:161} INFO - Started process (PID=8940) to work on /home/vscode/.local/lib/python3.11/site-packages/airflow/example_dags/example_datasets.py
[2026-05-09T11:22:08.442+0000] {processor.py:830} INFO - Processing file /home/vscode/.local/lib/python3.11/site-packages/airflow/example_dags/example_datasets.py for tasks to queue
[2026-05-09T11:22:08.442+0000] {logging_mixin.py:188} INFO - [2026-05-09T11:22:08.442+0000] {dagbag.py:545} INFO - Filling up the DagBag from /home/vscode/.local/lib/python3.11/site-packages/airflow/example_dags/example_datasets.py
[2026-05-09T11:22:08.455+0000] {processor.py:840} INFO - DAG(s) 'dataset_produces_1', 'dataset_consumes_1_and_2', 'consume_1_and_2_with_dataset_expressions', 'dataset_produces_2', 'consume_1_or_2_with_dataset_expressions', 'dataset_consumes_1', 'consume_1_or_both_2_and_3_with_dataset_expressions', 'conditional_dataset_and_time_based_timetable', 'dataset_consumes_unknown_never_scheduled', 'dataset_consumes_1_never_scheduled' retrieved from /home/vscode/.local/lib/python3.11/site-packages/airflow/example_dags/example_datasets.py
[2026-05-09T11:22:08.482+0000] {logging_mixin.py:188} INFO - [2026-05-09T11:22:08.481+0000] {dag.py:3096} INFO - Sync 10 DAGs
[2026-05-09T11:22:08.498+0000] {logging_mixin.py:188} INFO - [2026-05-09T11:22:08.498+0000] {dag.py:3954} INFO - Setting next_dagrun for conditional_dataset_and_time_based_timetable to 2026-05-06 01:00:00+00:00, run_after=2026-05-06 01:00:00+00:00
[2026-05-09T11:22:08.500+0000] {logging_mixin.py:188} INFO - [2026-05-09T11:22:08.500+0000] {dag.py:3954} INFO - Setting next_dagrun for consume_1_and_2_with_dataset_expressions to None, run_after=None
[2026-05-09T11:22:08.501+0000] {logging_mixin.py:188} INFO - [2026-05-09T11:22:08.501+0000] {dag.py:3954} INFO - Setting next_dagrun for consume_1_or_2_with_dataset_expressions to None, run_after=None
[2026-05-09T11:22:08.501+0000] {logging_mixin.py:188} INFO - [2026-05-09T11:22:08.501+0000] {dag.py:3954} INFO - Setting next_dagrun for consume_1_or_both_2_and_3_with_dataset_expressions to None, run_after=None
[2026-05-09T11:22:08.502+0000] {logging_mixin.py:188} INFO - [2026-05-09T11:22:08.502+0000] {dag.py:3954} INFO - Setting next_dagrun for dataset_consumes_1 to None, run_after=None
[2026-05-09T11:22:08.502+0000] {logging_mixin.py:188} INFO - [2026-05-09T11:22:08.502+0000] {dag.py:3954} INFO - Setting next_dagrun for dataset_consumes_1_and_2 to None, run_after=None
[2026-05-09T11:22:08.503+0000] {logging_mixin.py:188} INFO - [2026-05-09T11:22:08.503+0000] {dag.py:3954} INFO - Setting next_dagrun for dataset_consumes_1_never_scheduled to None, run_after=None
[2026-05-09T11:22:08.504+0000] {logging_mixin.py:188} INFO - [2026-05-09T11:22:08.504+0000] {dag.py:3954} INFO - Setting next_dagrun for dataset_consumes_unknown_never_scheduled to None, run_after=None
[2026-05-09T11:22:08.505+0000] {logging_mixin.py:188} INFO - [2026-05-09T11:22:08.505+0000] {dag.py:3954} INFO - Setting next_dagrun for dataset_produces_1 to 2026-05-08 00:00:00+00:00, run_after=2026-05-09 00:00:00+00:00
[2026-05-09T11:22:08.506+0000] {logging_mixin.py:188} INFO - [2026-05-09T11:22:08.506+0000] {dag.py:3954} INFO - Setting next_dagrun for dataset_produces_2 to None, run_after=None
[2026-05-09T11:22:08.529+0000] {processor.py:183} INFO - Processing /home/vscode/.local/lib/python3.11/site-packages/airflow/example_dags/example_datasets.py took 0.095 seconds
[2026-05-09T11:23:04.381+0000] {processor.py:161} INFO - Started process (PID=9641) to work on /home/vscode/.local/lib/python3.11/site-packages/airflow/example_dags/example_datasets.py
[2026-05-09T11:23:04.382+0000] {processor.py:830} INFO - Processing file /home/vscode/.local/lib/python3.11/site-packages/airflow/example_dags/example_datasets.py for tasks to queue
[2026-05-09T11:23:04.382+0000] {logging_mixin.py:188} INFO - [2026-05-09T11:23:04.382+0000] {dagbag.py:545} INFO - Filling up the DagBag from /home/vscode/.local/lib/python3.11/site-packages/airflow/example_dags/example_datasets.py
[2026-05-09T11:23:04.393+0000] {processor.py:840} INFO - DAG(s) 'dataset_produces_1', 'consume_1_or_both_2_and_3_with_dataset_expressions', 'consume_1_and_2_with_dataset_expressions', 'dataset_consumes_1_never_scheduled', 'dataset_consumes_1', 'dataset_consumes_1_and_2', 'dataset_consumes_unknown_never_scheduled', 'dataset_produces_2', 'conditional_dataset_and_time_based_timetable', 'consume_1_or_2_with_dataset_expressions' retrieved from /home/vscode/.local/lib/python3.11/site-packages/airflow/example_dags/example_datasets.py
[2026-05-09T11:23:04.418+0000] {logging_mixin.py:188} INFO - [2026-05-09T11:23:04.418+0000] {dag.py:3096} INFO - Sync 10 DAGs
[2026-05-09T11:23:04.434+0000] {logging_mixin.py:188} INFO - [2026-05-09T11:23:04.434+0000] {dag.py:3954} INFO - Setting next_dagrun for conditional_dataset_and_time_based_timetable to 2026-05-06 01:00:00+00:00, run_after=2026-05-06 01:00:00+00:00
[2026-05-09T11:23:04.436+0000] {logging_mixin.py:188} INFO - [2026-05-09T11:23:04.436+0000] {dag.py:3954} INFO - Setting next_dagrun for consume_1_and_2_with_dataset_expressions to None, run_after=None
[2026-05-09T11:23:04.437+0000] {logging_mixin.py:188} INFO - [2026-05-09T11:23:04.436+0000] {dag.py:3954} INFO - Setting next_dagrun for consume_1_or_2_with_dataset_expressions to None, run_after=None
[2026-05-09T11:23:04.437+0000] {logging_mixin.py:188} INFO - [2026-05-09T11:23:04.437+0000] {dag.py:3954} INFO - Setting next_dagrun for consume_1_or_both_2_and_3_with_dataset_expressions to None, run_after=None
[2026-05-09T11:23:04.438+0000] {logging_mixin.py:188} INFO - [2026-05-09T11:23:04.438+0000] {dag.py:3954} INFO - Setting next_dagrun for dataset_consumes_1 to None, run_after=None
[2026-05-09T11:23:04.438+0000] {logging_mixin.py:188} INFO - [2026-05-09T11:23:04.438+0000] {dag.py:3954} INFO - Setting next_dagrun for dataset_consumes_1_and_2 to None, run_after=None
[2026-05-09T11:23:04.439+0000] {logging_mixin.py:188} INFO - [2026-05-09T11:23:04.439+0000] {dag.py:3954} INFO - Setting next_dagrun for dataset_consumes_1_never_scheduled to None, run_after=None
[2026-05-09T11:23:04.439+0000] {logging_mixin.py:188} INFO - [2026-05-09T11:23:04.439+0000] {dag.py:3954} INFO - Setting next_dagrun for dataset_consumes_unknown_never_scheduled to None, run_after=None
[2026-05-09T11:23:04.441+0000] {logging_mixin.py:188} INFO - [2026-05-09T11:23:04.441+0000] {dag.py:3954} INFO - Setting next_dagrun for dataset_produces_1 to 2026-05-08 00:00:00+00:00, run_after=2026-05-09 00:00:00+00:00
[2026-05-09T11:23:04.442+0000] {logging_mixin.py:188} INFO - [2026-05-09T11:23:04.441+0000] {dag.py:3954} INFO - Setting next_dagrun for dataset_produces_2 to None, run_after=None
[2026-05-09T11:23:04.495+0000] {processor.py:183} INFO - Processing /home/vscode/.local/lib/python3.11/site-packages/airflow/example_dags/example_datasets.py took 0.120 seconds
[2026-05-09T11:24:03.795+0000] {processor.py:161} INFO - Started process (PID=10405) to work on /home/vscode/.local/lib/python3.11/site-packages/airflow/example_dags/example_datasets.py
[2026-05-09T11:24:03.796+0000] {processor.py:830} INFO - Processing file /home/vscode/.local/lib/python3.11/site-packages/airflow/example_dags/example_datasets.py for tasks to queue
[2026-05-09T11:24:03.796+0000] {logging_mixin.py:188} INFO - [2026-05-09T11:24:03.796+0000] {dagbag.py:545} INFO - Filling up the DagBag from /home/vscode/.local/lib/python3.11/site-packages/airflow/example_dags/example_datasets.py
[2026-05-09T11:24:03.807+0000] {processor.py:840} INFO - DAG(s) 'dataset_consumes_unknown_never_scheduled', 'consume_1_and_2_with_dataset_expressions', 'dataset_produces_1', 'dataset_produces_2', 'conditional_dataset_and_time_based_timetable', 'dataset_consumes_1', 'consume_1_or_both_2_and_3_with_dataset_expressions', 'dataset_consumes_1_never_scheduled', 'dataset_consumes_1_and_2', 'consume_1_or_2_with_dataset_expressions' retrieved from /home/vscode/.local/lib/python3.11/site-packages/airflow/example_dags/example_datasets.py
[2026-05-09T11:24:03.832+0000] {logging_mixin.py:188} INFO - [2026-05-09T11:24:03.832+0000] {dag.py:3096} INFO - Sync 10 DAGs
[2026-05-09T11:24:03.847+0000] {logging_mixin.py:188} INFO - [2026-05-09T11:24:03.847+0000] {dag.py:3954} INFO - Setting next_dagrun for conditional_dataset_and_time_based_timetable to 2026-05-06 01:00:00+00:00, run_after=2026-05-06 01:00:00+00:00
[2026-05-09T11:24:03.849+0000] {logging_mixin.py:188} INFO - [2026-05-09T11:24:03.849+0000] {dag.py:3954} INFO - Setting next_dagrun for consume_1_and_2_with_dataset_expressions to None, run_after=None
[2026-05-09T11:24:03.850+0000] {logging_mixin.py:188} INFO - [2026-05-09T11:24:03.850+0000] {dag.py:3954} INFO - Setting next_dagrun for consume_1_or_2_with_dataset_expressions to None, run_after=None
[2026-05-09T11:24:03.851+0000] {logging_mixin.py:188} INFO - [2026-05-09T11:24:03.851+0000] {dag.py:3954} INFO - Setting next_dagrun for consume_1_or_both_2_and_3_with_dataset_expressions to None, run_after=None
[2026-05-09T11:24:03.851+0000] {logging_mixin.py:188} INFO - [2026-05-09T11:24:03.851+0000] {dag.py:3954} INFO - Setting next_dagrun for dataset_consumes_1 to None, run_after=None
[2026-05-09T11:24:03.852+0000] {logging_mixin.py:188} INFO - [2026-05-09T11:24:03.852+0000] {dag.py:3954} INFO - Setting next_dagrun for dataset_consumes_1_and_2 to None, run_after=None
[2026-05-09T11:24:03.852+0000] {logging_mixin.py:188} INFO - [2026-05-09T11:24:03.852+0000] {dag.py:3954} INFO - Setting next_dagrun for dataset_consumes_1_never_scheduled to None, run_after=None
[2026-05-09T11:24:03.853+0000] {logging_mixin.py:188} INFO - [2026-05-09T11:24:03.853+0000] {dag.py:3954} INFO - Setting next_dagrun for dataset_consumes_unknown_never_scheduled to None, run_after=None
[2026-05-09T11:24:03.854+0000] {logging_mixin.py:188} INFO - [2026-05-09T11:24:03.854+0000] {dag.py:3954} INFO - Setting next_dagrun for dataset_produces_1 to 2026-05-08 00:00:00+00:00, run_after=2026-05-09 00:00:00+00:00
[2026-05-09T11:24:03.855+0000] {logging_mixin.py:188} INFO - [2026-05-09T11:24:03.855+0000] {dag.py:3954} INFO - Setting next_dagrun for dataset_produces_2 to None, run_after=None
[2026-05-09T11:24:03.877+0000] {processor.py:183} INFO - Processing /home/vscode/.local/lib/python3.11/site-packages/airflow/example_dags/example_datasets.py took 0.087 seconds
[2026-05-09T11:25:04.339+0000] {processor.py:161} INFO - Started process (PID=11208) to work on /home/vscode/.local/lib/python3.11/site-packages/airflow/example_dags/example_datasets.py
[2026-05-09T11:25:04.339+0000] {processor.py:830} INFO - Processing file /home/vscode/.local/lib/python3.11/site-packages/airflow/example_dags/example_datasets.py for tasks to queue
[2026-05-09T11:25:04.340+0000] {logging_mixin.py:188} INFO - [2026-05-09T11:25:04.340+0000] {dagbag.py:545} INFO - Filling up the DagBag from /home/vscode/.local/lib/python3.11/site-packages/airflow/example_dags/example_datasets.py
[2026-05-09T11:25:04.351+0000] {processor.py:840} INFO - DAG(s) 'consume_1_or_2_with_dataset_expressions', 'dataset_consumes_1_and_2', 'consume_1_and_2_with_dataset_expressions', 'dataset_consumes_1', 'consume_1_or_both_2_and_3_with_dataset_expressions', 'dataset_produces_2', 'dataset_produces_1', 'conditional_dataset_and_time_based_timetable', 'dataset_consumes_unknown_never_scheduled', 'dataset_consumes_1_never_scheduled' retrieved from /home/vscode/.local/lib/python3.11/site-packages/airflow/example_dags/example_datasets.py
[2026-05-09T11:25:04.378+0000] {logging_mixin.py:188} INFO - [2026-05-09T11:25:04.378+0000] {dag.py:3096} INFO - Sync 10 DAGs
[2026-05-09T11:25:04.395+0000] {logging_mixin.py:188} INFO - [2026-05-09T11:25:04.395+0000] {dag.py:3954} INFO - Setting next_dagrun for conditional_dataset_and_time_based_timetable to 2026-05-06 01:00:00+00:00, run_after=2026-05-06 01:00:00+00:00
[2026-05-09T11:25:04.397+0000] {logging_mixin.py:188} INFO - [2026-05-09T11:25:04.397+0000] {dag.py:3954} INFO - Setting next_dagrun for consume_1_and_2_with_dataset_expressions to None, run_after=None
[2026-05-09T11:25:04.398+0000] {logging_mixin.py:188} INFO - [2026-05-09T11:25:04.398+0000] {dag.py:3954} INFO - Setting next_dagrun for consume_1_or_2_with_dataset_expressions to None, run_after=None
[2026-05-09T11:25:04.398+0000] {logging_mixin.py:188} INFO - [2026-05-09T11:25:04.398+0000] {dag.py:3954} INFO - Setting next_dagrun for consume_1_or_both_2_and_3_with_dataset_expressions to None, run_after=None
[2026-05-09T11:25:04.399+0000] {logging_mixin.py:188} INFO - [2026-05-09T11:25:04.399+0000] {dag.py:3954} INFO - Setting next_dagrun for dataset_consumes_1 to None, run_after=None
[2026-05-09T11:25:04.399+0000] {logging_mixin.py:188} INFO - [2026-05-09T11:25:04.399+0000] {dag.py:3954} INFO - Setting next_dagrun for dataset_consumes_1_and_2 to None, run_after=None
[2026-05-09T11:25:04.400+0000] {logging_mixin.py:188} INFO - [2026-05-09T11:25:04.400+0000] {dag.py:3954} INFO - Setting next_dagrun for dataset_consumes_1_never_scheduled to None, run_after=None
[2026-05-09T11:25:04.401+0000] {logging_mixin.py:188} INFO - [2026-05-09T11:25:04.400+0000] {dag.py:3954} INFO - Setting next_dagrun for dataset_consumes_unknown_never_scheduled to None, run_after=None
[2026-05-09T11:25:04.402+0000] {logging_mixin.py:188} INFO - [2026-05-09T11:25:04.402+0000] {dag.py:3954} INFO - Setting next_dagrun for dataset_produces_1 to 2026-05-08 00:00:00+00:00, run_after=2026-05-09 00:00:00+00:00
[2026-05-09T11:25:04.403+0000] {logging_mixin.py:188} INFO - [2026-05-09T11:25:04.403+0000] {dag.py:3954} INFO - Setting next_dagrun for dataset_produces_2 to None, run_after=None
[2026-05-09T11:25:04.426+0000] {processor.py:183} INFO - Processing /home/vscode/.local/lib/python3.11/site-packages/airflow/example_dags/example_datasets.py took 0.093 seconds
[2026-05-09T11:26:05.173+0000] {processor.py:161} INFO - Started process (PID=11671) to work on /home/vscode/.local/lib/python3.11/site-packages/airflow/example_dags/example_datasets.py
[2026-05-09T11:26:05.174+0000] {processor.py:830} INFO - Processing file /home/vscode/.local/lib/python3.11/site-packages/airflow/example_dags/example_datasets.py for tasks to queue
[2026-05-09T11:26:05.174+0000] {logging_mixin.py:188} INFO - [2026-05-09T11:26:05.174+0000] {dagbag.py:545} INFO - Filling up the DagBag from /home/vscode/.local/lib/python3.11/site-packages/airflow/example_dags/example_datasets.py
[2026-05-09T11:26:05.185+0000] {processor.py:840} INFO - DAG(s) 'dataset_produces_1', 'consume_1_or_both_2_and_3_with_dataset_expressions', 'conditional_dataset_and_time_based_timetable', 'dataset_consumes_1_never_scheduled', 'dataset_consumes_1_and_2', 'dataset_consumes_1', 'consume_1_or_2_with_dataset_expressions', 'dataset_consumes_unknown_never_scheduled', 'consume_1_and_2_with_dataset_expressions', 'dataset_produces_2' retrieved from /home/vscode/.local/lib/python3.11/site-packages/airflow/example_dags/example_datasets.py
[2026-05-09T11:26:05.211+0000] {logging_mixin.py:188} INFO - [2026-05-09T11:26:05.211+0000] {dag.py:3096} INFO - Sync 10 DAGs
[2026-05-09T11:26:05.227+0000] {logging_mixin.py:188} INFO - [2026-05-09T11:26:05.227+0000] {dag.py:3954} INFO - Setting next_dagrun for conditional_dataset_and_time_based_timetable to 2026-05-06 01:00:00+00:00, run_after=2026-05-06 01:00:00+00:00
[2026-05-09T11:26:05.229+0000] {logging_mixin.py:188} INFO - [2026-05-09T11:26:05.229+0000] {dag.py:3954} INFO - Setting next_dagrun for consume_1_and_2_with_dataset_expressions to None, run_after=None
[2026-05-09T11:26:05.230+0000] {logging_mixin.py:188} INFO - [2026-05-09T11:26:05.230+0000] {dag.py:3954} INFO - Setting next_dagrun for consume_1_or_2_with_dataset_expressions to None, run_after=None
[2026-05-09T11:26:05.230+0000] {logging_mixin.py:188} INFO - [2026-05-09T11:26:05.230+0000] {dag.py:3954} INFO - Setting next_dagrun for consume_1_or_both_2_and_3_with_dataset_expressions to None, run_after=None
[2026-05-09T11:26:05.231+0000] {logging_mixin.py:188} INFO - [2026-05-09T11:26:05.231+0000] {dag.py:3954} INFO - Setting next_dagrun for dataset_consumes_1 to None, run_after=None
[2026-05-09T11:26:05.232+0000] {logging_mixin.py:188} INFO - [2026-05-09T11:26:05.232+0000] {dag.py:3954} INFO - Setting next_dagrun for dataset_consumes_1_and_2 to None, run_after=None
[2026-05-09T11:26:05.232+0000] {logging_mixin.py:188} INFO - [2026-05-09T11:26:05.232+0000] {dag.py:3954} INFO - Setting next_dagrun for dataset_consumes_1_never_scheduled to None, run_after=None
[2026-05-09T11:26:05.233+0000] {logging_mixin.py:188} INFO - [2026-05-09T11:26:05.233+0000] {dag.py:3954} INFO - Setting next_dagrun for dataset_consumes_unknown_never_scheduled to None, run_after=None
[2026-05-09T11:26:05.234+0000] {logging_mixin.py:188} INFO - [2026-05-09T11:26:05.234+0000] {dag.py:3954} INFO - Setting next_dagrun for dataset_produces_1 to 2026-05-08 00:00:00+00:00, run_after=2026-05-09 00:00:00+00:00
[2026-05-09T11:26:05.235+0000] {logging_mixin.py:188} INFO - [2026-05-09T11:26:05.235+0000] {dag.py:3954} INFO - Setting next_dagrun for dataset_produces_2 to None, run_after=None
[2026-05-09T11:26:05.257+0000] {processor.py:183} INFO - Processing /home/vscode/.local/lib/python3.11/site-packages/airflow/example_dags/example_datasets.py took 0.089 seconds
[2026-05-09T11:27:05.411+0000] {processor.py:161} INFO - Started process (PID=12377) to work on /home/vscode/.local/lib/python3.11/site-packages/airflow/example_dags/example_datasets.py
[2026-05-09T11:27:05.412+0000] {processor.py:830} INFO - Processing file /home/vscode/.local/lib/python3.11/site-packages/airflow/example_dags/example_datasets.py for tasks to queue
[2026-05-09T11:27:05.412+0000] {logging_mixin.py:188} INFO - [2026-05-09T11:27:05.412+0000] {dagbag.py:545} INFO - Filling up the DagBag from /home/vscode/.local/lib/python3.11/site-packages/airflow/example_dags/example_datasets.py
[2026-05-09T11:27:05.424+0000] {processor.py:840} INFO - DAG(s) 'conditional_dataset_and_time_based_timetable', 'dataset_consumes_1_and_2', 'dataset_consumes_1', 'consume_1_and_2_with_dataset_expressions', 'consume_1_or_both_2_and_3_with_dataset_expressions', 'dataset_produces_1', 'dataset_consumes_1_never_scheduled', 'dataset_consumes_unknown_never_scheduled', 'dataset_produces_2', 'consume_1_or_2_with_dataset_expressions' retrieved from /home/vscode/.local/lib/python3.11/site-packages/airflow/example_dags/example_datasets.py
[2026-05-09T11:27:05.450+0000] {logging_mixin.py:188} INFO - [2026-05-09T11:27:05.450+0000] {dag.py:3096} INFO - Sync 10 DAGs
[2026-05-09T11:27:05.469+0000] {logging_mixin.py:188} INFO - [2026-05-09T11:27:05.469+0000] {dag.py:3954} INFO - Setting next_dagrun for conditional_dataset_and_time_based_timetable to 2026-05-06 01:00:00+00:00, run_after=2026-05-06 01:00:00+00:00
[2026-05-09T11:27:05.471+0000] {logging_mixin.py:188} INFO - [2026-05-09T11:27:05.471+0000] {dag.py:3954} INFO - Setting next_dagrun for consume_1_and_2_with_dataset_expressions to None, run_after=None
[2026-05-09T11:27:05.472+0000] {logging_mixin.py:188} INFO - [2026-05-09T11:27:05.472+0000] {dag.py:3954} INFO - Setting next_dagrun for consume_1_or_2_with_dataset_expressions to None, run_after=None
[2026-05-09T11:27:05.473+0000] {logging_mixin.py:188} INFO - [2026-05-09T11:27:05.473+0000] {dag.py:3954} INFO - Setting next_dagrun for consume_1_or_both_2_and_3_with_dataset_expressions to None, run_after=None
[2026-05-09T11:27:05.473+0000] {logging_mixin.py:188} INFO - [2026-05-09T11:27:05.473+0000] {dag.py:3954} INFO - Setting next_dagrun for dataset_consumes_1 to None, run_after=None
[2026-05-09T11:27:05.474+0000] {logging_mixin.py:188} INFO - [2026-05-09T11:27:05.474+0000] {dag.py:3954} INFO - Setting next_dagrun for dataset_consumes_1_and_2 to None, run_after=None
[2026-05-09T11:27:05.475+0000] {logging_mixin.py:188} INFO - [2026-05-09T11:27:05.474+0000] {dag.py:3954} INFO - Setting next_dagrun for dataset_consumes_1_never_scheduled to None, run_after=None
[2026-05-09T11:27:05.475+0000] {logging_mixin.py:188} INFO - [2026-05-09T11:27:05.475+0000] {dag.py:3954} INFO - Setting next_dagrun for dataset_consumes_unknown_never_scheduled to None, run_after=None
[2026-05-09T11:27:05.477+0000] {logging_mixin.py:188} INFO - [2026-05-09T11:27:05.476+0000] {dag.py:3954} INFO - Setting next_dagrun for dataset_produces_1 to 2026-05-08 00:00:00+00:00, run_after=2026-05-09 00:00:00+00:00
[2026-05-09T11:27:05.477+0000] {logging_mixin.py:188} INFO - [2026-05-09T11:27:05.477+0000] {dag.py:3954} INFO - Setting next_dagrun for dataset_produces_2 to None, run_after=None
[2026-05-09T11:27:05.500+0000] {processor.py:183} INFO - Processing /home/vscode/.local/lib/python3.11/site-packages/airflow/example_dags/example_datasets.py took 0.095 seconds
[2026-05-09T11:28:05.949+0000] {processor.py:161} INFO - Started process (PID=13104) to work on /home/vscode/.local/lib/python3.11/site-packages/airflow/example_dags/example_datasets.py
[2026-05-09T11:28:05.950+0000] {processor.py:830} INFO - Processing file /home/vscode/.local/lib/python3.11/site-packages/airflow/example_dags/example_datasets.py for tasks to queue
[2026-05-09T11:28:05.950+0000] {logging_mixin.py:188} INFO - [2026-05-09T11:28:05.950+0000] {dagbag.py:545} INFO - Filling up the DagBag from /home/vscode/.local/lib/python3.11/site-packages/airflow/example_dags/example_datasets.py
[2026-05-09T11:28:05.961+0000] {processor.py:840} INFO - DAG(s) 'dataset_consumes_1', 'dataset_consumes_1_and_2', 'dataset_produces_1', 'dataset_consumes_1_never_scheduled', 'consume_1_or_2_with_dataset_expressions', 'consume_1_or_both_2_and_3_with_dataset_expressions', 'dataset_produces_2', 'consume_1_and_2_with_dataset_expressions', 'conditional_dataset_and_time_based_timetable', 'dataset_consumes_unknown_never_scheduled' retrieved from /home/vscode/.local/lib/python3.11/site-packages/airflow/example_dags/example_datasets.py
[2026-05-09T11:28:05.987+0000] {logging_mixin.py:188} INFO - [2026-05-09T11:28:05.987+0000] {dag.py:3096} INFO - Sync 10 DAGs
[2026-05-09T11:28:06.004+0000] {logging_mixin.py:188} INFO - [2026-05-09T11:28:06.004+0000] {dag.py:3954} INFO - Setting next_dagrun for conditional_dataset_and_time_based_timetable to 2026-05-06 01:00:00+00:00, run_after=2026-05-06 01:00:00+00:00
[2026-05-09T11:28:06.006+0000] {logging_mixin.py:188} INFO - [2026-05-09T11:28:06.006+0000] {dag.py:3954} INFO - Setting next_dagrun for consume_1_and_2_with_dataset_expressions to None, run_after=None
[2026-05-09T11:28:06.007+0000] {logging_mixin.py:188} INFO - [2026-05-09T11:28:06.007+0000] {dag.py:3954} INFO - Setting next_dagrun for consume_1_or_2_with_dataset_expressions to None, run_after=None
[2026-05-09T11:28:06.008+0000] {logging_mixin.py:188} INFO - [2026-05-09T11:28:06.008+0000] {dag.py:3954} INFO - Setting next_dagrun for consume_1_or_both_2_and_3_with_dataset_expressions to None, run_after=None
[2026-05-09T11:28:06.008+0000] {logging_mixin.py:188} INFO - [2026-05-09T11:28:06.008+0000] {dag.py:3954} INFO - Setting next_dagrun for dataset_consumes_1 to None, run_after=None
[2026-05-09T11:28:06.009+0000] {logging_mixin.py:188} INFO - [2026-05-09T11:28:06.009+0000] {dag.py:3954} INFO - Setting next_dagrun for dataset_consumes_1_and_2 to None, run_after=None
[2026-05-09T11:28:06.010+0000] {logging_mixin.py:188} INFO - [2026-05-09T11:28:06.009+0000] {dag.py:3954} INFO - Setting next_dagrun for dataset_consumes_1_never_scheduled to None, run_after=None
[2026-05-09T11:28:06.010+0000] {logging_mixin.py:188} INFO - [2026-05-09T11:28:06.010+0000] {dag.py:3954} INFO - Setting next_dagrun for dataset_consumes_unknown_never_scheduled to None, run_after=None
[2026-05-09T11:28:06.012+0000] {logging_mixin.py:188} INFO - [2026-05-09T11:28:06.012+0000] {dag.py:3954} INFO - Setting next_dagrun for dataset_produces_1 to 2026-05-08 00:00:00+00:00, run_after=2026-05-09 00:00:00+00:00
[2026-05-09T11:28:06.012+0000] {logging_mixin.py:188} INFO - [2026-05-09T11:28:06.012+0000] {dag.py:3954} INFO - Setting next_dagrun for dataset_produces_2 to None, run_after=None
[2026-05-09T11:28:06.035+0000] {processor.py:183} INFO - Processing /home/vscode/.local/lib/python3.11/site-packages/airflow/example_dags/example_datasets.py took 0.092 seconds
[2026-05-09T11:29:05.033+0000] {processor.py:161} INFO - Started process (PID=13778) to work on /home/vscode/.local/lib/python3.11/site-packages/airflow/example_dags/example_datasets.py
[2026-05-09T11:29:05.033+0000] {processor.py:830} INFO - Processing file /home/vscode/.local/lib/python3.11/site-packages/airflow/example_dags/example_datasets.py for tasks to queue
[2026-05-09T11:29:05.034+0000] {logging_mixin.py:188} INFO - [2026-05-09T11:29:05.033+0000] {dagbag.py:545} INFO - Filling up the DagBag from /home/vscode/.local/lib/python3.11/site-packages/airflow/example_dags/example_datasets.py
[2026-05-09T11:29:05.044+0000] {processor.py:840} INFO - DAG(s) 'dataset_consumes_1_never_scheduled', 'consume_1_and_2_with_dataset_expressions', 'consume_1_or_2_with_dataset_expressions', 'dataset_consumes_1', 'dataset_produces_2', 'conditional_dataset_and_time_based_timetable', 'dataset_consumes_1_and_2', 'dataset_produces_1', 'consume_1_or_both_2_and_3_with_dataset_expressions', 'dataset_consumes_unknown_never_scheduled' retrieved from /home/vscode/.local/lib/python3.11/site-packages/airflow/example_dags/example_datasets.py
[2026-05-09T11:29:05.071+0000] {logging_mixin.py:188} INFO - [2026-05-09T11:29:05.071+0000] {dag.py:3096} INFO - Sync 10 DAGs
[2026-05-09T11:29:05.087+0000] {logging_mixin.py:188} INFO - [2026-05-09T11:29:05.087+0000] {dag.py:3954} INFO - Setting next_dagrun for conditional_dataset_and_time_based_timetable to 2026-05-06 01:00:00+00:00, run_after=2026-05-06 01:00:00+00:00
[2026-05-09T11:29:05.089+0000] {logging_mixin.py:188} INFO - [2026-05-09T11:29:05.089+0000] {dag.py:3954} INFO - Setting next_dagrun for consume_1_and_2_with_dataset_expressions to None, run_after=None
[2026-05-09T11:29:05.091+0000] {logging_mixin.py:188} INFO - [2026-05-09T11:29:05.091+0000] {dag.py:3954} INFO - Setting next_dagrun for consume_1_or_2_with_dataset_expressions to None, run_after=None
[2026-05-09T11:29:05.092+0000] {logging_mixin.py:188} INFO - [2026-05-09T11:29:05.092+0000] {dag.py:3954} INFO - Setting next_dagrun for consume_1_or_both_2_and_3_with_dataset_expressions to None, run_after=None
[2026-05-09T11:29:05.092+0000] {logging_mixin.py:188} INFO - [2026-05-09T11:29:05.092+0000] {dag.py:3954} INFO - Setting next_dagrun for dataset_consumes_1 to None, run_after=None
[2026-05-09T11:29:05.093+0000] {logging_mixin.py:188} INFO - [2026-05-09T11:29:05.093+0000] {dag.py:3954} INFO - Setting next_dagrun for dataset_consumes_1_and_2 to None, run_after=None
[2026-05-09T11:29:05.093+0000] {logging_mixin.py:188} INFO - [2026-05-09T11:29:05.093+0000] {dag.py:3954} INFO - Setting next_dagrun for dataset_consumes_1_never_scheduled to None, run_after=None
[2026-05-09T11:29:05.094+0000] {logging_mixin.py:188} INFO - [2026-05-09T11:29:05.094+0000] {dag.py:3954} INFO - Setting next_dagrun for dataset_consumes_unknown_never_scheduled to None, run_after=None
[2026-05-09T11:29:05.095+0000] {logging_mixin.py:188} INFO - [2026-05-09T11:29:05.095+0000] {dag.py:3954} INFO - Setting next_dagrun for dataset_produces_1 to 2026-05-08 00:00:00+00:00, run_after=2026-05-09 00:00:00+00:00
[2026-05-09T11:29:05.096+0000] {logging_mixin.py:188} INFO - [2026-05-09T11:29:05.096+0000] {dag.py:3954} INFO - Setting next_dagrun for dataset_produces_2 to None, run_after=None
[2026-05-09T11:29:05.118+0000] {processor.py:183} INFO - Processing /home/vscode/.local/lib/python3.11/site-packages/airflow/example_dags/example_datasets.py took 0.092 seconds
[2026-05-09T11:30:11.789+0000] {processor.py:161} INFO - Started process (PID=14390) to work on /home/vscode/.local/lib/python3.11/site-packages/airflow/example_dags/example_datasets.py
[2026-05-09T11:30:11.789+0000] {processor.py:830} INFO - Processing file /home/vscode/.local/lib/python3.11/site-packages/airflow/example_dags/example_datasets.py for tasks to queue
[2026-05-09T11:30:11.790+0000] {logging_mixin.py:188} INFO - [2026-05-09T11:30:11.790+0000] {dagbag.py:545} INFO - Filling up the DagBag from /home/vscode/.local/lib/python3.11/site-packages/airflow/example_dags/example_datasets.py
[2026-05-09T11:30:11.801+0000] {processor.py:840} INFO - DAG(s) 'dataset_produces_2', 'dataset_consumes_1', 'dataset_consumes_1_and_2', 'dataset_consumes_1_never_scheduled', 'dataset_produces_1', 'consume_1_or_2_with_dataset_expressions', 'consume_1_or_both_2_and_3_with_dataset_expressions', 'dataset_consumes_unknown_never_scheduled', 'conditional_dataset_and_time_based_timetable', 'consume_1_and_2_with_dataset_expressions' retrieved from /home/vscode/.local/lib/python3.11/site-packages/airflow/example_dags/example_datasets.py
[2026-05-09T11:30:11.827+0000] {logging_mixin.py:188} INFO - [2026-05-09T11:30:11.827+0000] {dag.py:3096} INFO - Sync 10 DAGs
[2026-05-09T11:30:11.843+0000] {logging_mixin.py:188} INFO - [2026-05-09T11:30:11.843+0000] {dag.py:3954} INFO - Setting next_dagrun for conditional_dataset_and_time_based_timetable to 2026-05-06 01:00:00+00:00, run_after=2026-05-06 01:00:00+00:00
[2026-05-09T11:30:11.845+0000] {logging_mixin.py:188} INFO - [2026-05-09T11:30:11.845+0000] {dag.py:3954} INFO - Setting next_dagrun for consume_1_and_2_with_dataset_expressions to None, run_after=None
[2026-05-09T11:30:11.846+0000] {logging_mixin.py:188} INFO - [2026-05-09T11:30:11.846+0000] {dag.py:3954} INFO - Setting next_dagrun for consume_1_or_2_with_dataset_expressions to None, run_after=None
[2026-05-09T11:30:11.846+0000] {logging_mixin.py:188} INFO - [2026-05-09T11:30:11.846+0000] {dag.py:3954} INFO - Setting next_dagrun for consume_1_or_both_2_and_3_with_dataset_expressions to None, run_after=None
[2026-05-09T11:30:11.847+0000] {logging_mixin.py:188} INFO - [2026-05-09T11:30:11.847+0000] {dag.py:3954} INFO - Setting next_dagrun for dataset_consumes_1 to None, run_after=None
[2026-05-09T11:30:11.848+0000] {logging_mixin.py:188} INFO - [2026-05-09T11:30:11.848+0000] {dag.py:3954} INFO - Setting next_dagrun for dataset_consumes_1_and_2 to None, run_after=None
[2026-05-09T11:30:11.848+0000] {logging_mixin.py:188} INFO - [2026-05-09T11:30:11.848+0000] {dag.py:3954} INFO - Setting next_dagrun for dataset_consumes_1_never_scheduled to None, run_after=None
[2026-05-09T11:30:11.849+0000] {logging_mixin.py:188} INFO - [2026-05-09T11:30:11.849+0000] {dag.py:3954} INFO - Setting next_dagrun for dataset_consumes_unknown_never_scheduled to None, run_after=None
[2026-05-09T11:30:11.850+0000] {logging_mixin.py:188} INFO - [2026-05-09T11:30:11.850+0000] {dag.py:3954} INFO - Setting next_dagrun for dataset_produces_1 to 2026-05-08 00:00:00+00:00, run_after=2026-05-09 00:00:00+00:00
[2026-05-09T11:30:11.851+0000] {logging_mixin.py:188} INFO - [2026-05-09T11:30:11.851+0000] {dag.py:3954} INFO - Setting next_dagrun for dataset_produces_2 to None, run_after=None
[2026-05-09T11:30:11.874+0000] {processor.py:183} INFO - Processing /home/vscode/.local/lib/python3.11/site-packages/airflow/example_dags/example_datasets.py took 0.092 seconds
[2026-05-09T11:31:09.315+0000] {processor.py:161} INFO - Started process (PID=15138) to work on /home/vscode/.local/lib/python3.11/site-packages/airflow/example_dags/example_datasets.py
[2026-05-09T11:31:09.316+0000] {processor.py:830} INFO - Processing file /home/vscode/.local/lib/python3.11/site-packages/airflow/example_dags/example_datasets.py for tasks to queue
[2026-05-09T11:31:09.316+0000] {logging_mixin.py:188} INFO - [2026-05-09T11:31:09.316+0000] {dagbag.py:545} INFO - Filling up the DagBag from /home/vscode/.local/lib/python3.11/site-packages/airflow/example_dags/example_datasets.py
[2026-05-09T11:31:09.330+0000] {processor.py:840} INFO - DAG(s) 'dataset_consumes_1', 'consume_1_and_2_with_dataset_expressions', 'dataset_produces_1', 'consume_1_or_both_2_and_3_with_dataset_expressions', 'conditional_dataset_and_time_based_timetable', 'dataset_consumes_1_and_2', 'dataset_consumes_1_never_scheduled', 'dataset_produces_2', 'dataset_consumes_unknown_never_scheduled', 'consume_1_or_2_with_dataset_expressions' retrieved from /home/vscode/.local/lib/python3.11/site-packages/airflow/example_dags/example_datasets.py
[2026-05-09T11:31:09.365+0000] {logging_mixin.py:188} INFO - [2026-05-09T11:31:09.365+0000] {dag.py:3096} INFO - Sync 10 DAGs
[2026-05-09T11:31:09.390+0000] {logging_mixin.py:188} INFO - [2026-05-09T11:31:09.389+0000] {dag.py:3954} INFO - Setting next_dagrun for conditional_dataset_and_time_based_timetable to 2026-05-06 01:00:00+00:00, run_after=2026-05-06 01:00:00+00:00
[2026-05-09T11:31:09.393+0000] {logging_mixin.py:188} INFO - [2026-05-09T11:31:09.393+0000] {dag.py:3954} INFO - Setting next_dagrun for consume_1_and_2_with_dataset_expressions to None, run_after=None
[2026-05-09T11:31:09.394+0000] {logging_mixin.py:188} INFO - [2026-05-09T11:31:09.394+0000] {dag.py:3954} INFO - Setting next_dagrun for consume_1_or_2_with_dataset_expressions to None, run_after=None
[2026-05-09T11:31:09.395+0000] {logging_mixin.py:188} INFO - [2026-05-09T11:31:09.395+0000] {dag.py:3954} INFO - Setting next_dagrun for consume_1_or_both_2_and_3_with_dataset_expressions to None, run_after=None
[2026-05-09T11:31:09.396+0000] {logging_mixin.py:188} INFO - [2026-05-09T11:31:09.396+0000] {dag.py:3954} INFO - Setting next_dagrun for dataset_consumes_1 to None, run_after=None
[2026-05-09T11:31:09.396+0000] {logging_mixin.py:188} INFO - [2026-05-09T11:31:09.396+0000] {dag.py:3954} INFO - Setting next_dagrun for dataset_consumes_1_and_2 to None, run_after=None
[2026-05-09T11:31:09.397+0000] {logging_mixin.py:188} INFO - [2026-05-09T11:31:09.397+0000] {dag.py:3954} INFO - Setting next_dagrun for dataset_consumes_1_never_scheduled to None, run_after=None
[2026-05-09T11:31:09.398+0000] {logging_mixin.py:188} INFO - [2026-05-09T11:31:09.397+0000] {dag.py:3954} INFO - Setting next_dagrun for dataset_consumes_unknown_never_scheduled to None, run_after=None
[2026-05-09T11:31:09.399+0000] {logging_mixin.py:188} INFO - [2026-05-09T11:31:09.399+0000] {dag.py:3954} INFO - Setting next_dagrun for dataset_produces_1 to 2026-05-08 00:00:00+00:00, run_after=2026-05-09 00:00:00+00:00
[2026-05-09T11:31:09.400+0000] {logging_mixin.py:188} INFO - [2026-05-09T11:31:09.400+0000] {dag.py:3954} INFO - Setting next_dagrun for dataset_produces_2 to None, run_after=None
[2026-05-09T11:31:09.425+0000] {processor.py:183} INFO - Processing /home/vscode/.local/lib/python3.11/site-packages/airflow/example_dags/example_datasets.py took 0.120 seconds
[2026-05-09T11:32:15.861+0000] {processor.py:161} INFO - Started process (PID=15808) to work on /home/vscode/.local/lib/python3.11/site-packages/airflow/example_dags/example_datasets.py
[2026-05-09T11:32:15.861+0000] {processor.py:830} INFO - Processing file /home/vscode/.local/lib/python3.11/site-packages/airflow/example_dags/example_datasets.py for tasks to queue
[2026-05-09T11:32:15.862+0000] {logging_mixin.py:188} INFO - [2026-05-09T11:32:15.862+0000] {dagbag.py:545} INFO - Filling up the DagBag from /home/vscode/.local/lib/python3.11/site-packages/airflow/example_dags/example_datasets.py
[2026-05-09T11:32:15.873+0000] {processor.py:840} INFO - DAG(s) 'dataset_consumes_1_never_scheduled', 'conditional_dataset_and_time_based_timetable', 'consume_1_or_2_with_dataset_expressions', 'consume_1_and_2_with_dataset_expressions', 'dataset_produces_2', 'consume_1_or_both_2_and_3_with_dataset_expressions', 'dataset_consumes_unknown_never_scheduled', 'dataset_consumes_1', 'dataset_produces_1', 'dataset_consumes_1_and_2' retrieved from /home/vscode/.local/lib/python3.11/site-packages/airflow/example_dags/example_datasets.py
[2026-05-09T11:32:15.901+0000] {logging_mixin.py:188} INFO - [2026-05-09T11:32:15.900+0000] {dag.py:3096} INFO - Sync 10 DAGs
[2026-05-09T11:32:15.930+0000] {logging_mixin.py:188} INFO - [2026-05-09T11:32:15.930+0000] {dag.py:3954} INFO - Setting next_dagrun for conditional_dataset_and_time_based_timetable to 2026-05-06 01:00:00+00:00, run_after=2026-05-06 01:00:00+00:00
[2026-05-09T11:32:15.934+0000] {logging_mixin.py:188} INFO - [2026-05-09T11:32:15.934+0000] {dag.py:3954} INFO - Setting next_dagrun for consume_1_and_2_with_dataset_expressions to None, run_after=None
[2026-05-09T11:32:15.936+0000] {logging_mixin.py:188} INFO - [2026-05-09T11:32:15.936+0000] {dag.py:3954} INFO - Setting next_dagrun for consume_1_or_2_with_dataset_expressions to None, run_after=None
[2026-05-09T11:32:15.937+0000] {logging_mixin.py:188} INFO - [2026-05-09T11:32:15.937+0000] {dag.py:3954} INFO - Setting next_dagrun for consume_1_or_both_2_and_3_with_dataset_expressions to None, run_after=None
[2026-05-09T11:32:15.938+0000] {logging_mixin.py:188} INFO - [2026-05-09T11:32:15.938+0000] {dag.py:3954} INFO - Setting next_dagrun for dataset_consumes_1 to None, run_after=None
[2026-05-09T11:32:15.939+0000] {logging_mixin.py:188} INFO - [2026-05-09T11:32:15.939+0000] {dag.py:3954} INFO - Setting next_dagrun for dataset_consumes_1_and_2 to None, run_after=None
[2026-05-09T11:32:15.939+0000] {logging_mixin.py:188} INFO - [2026-05-09T11:32:15.939+0000] {dag.py:3954} INFO - Setting next_dagrun for dataset_consumes_1_never_scheduled to None, run_after=None
[2026-05-09T11:32:15.940+0000] {logging_mixin.py:188} INFO - [2026-05-09T11:32:15.940+0000] {dag.py:3954} INFO - Setting next_dagrun for dataset_consumes_unknown_never_scheduled to None, run_after=None
[2026-05-09T11:32:15.942+0000] {logging_mixin.py:188} INFO - [2026-05-09T11:32:15.942+0000] {dag.py:3954} INFO - Setting next_dagrun for dataset_produces_1 to 2026-05-08 00:00:00+00:00, run_after=2026-05-09 00:00:00+00:00
[2026-05-09T11:32:15.943+0000] {logging_mixin.py:188} INFO - [2026-05-09T11:32:15.943+0000] {dag.py:3954} INFO - Setting next_dagrun for dataset_produces_2 to None, run_after=None
[2026-05-09T11:32:15.966+0000] {processor.py:183} INFO - Processing /home/vscode/.local/lib/python3.11/site-packages/airflow/example_dags/example_datasets.py took 0.111 seconds
[2026-05-09T11:33:20.603+0000] {processor.py:161} INFO - Started process (PID=16331) to work on /home/vscode/.local/lib/python3.11/site-packages/airflow/example_dags/example_datasets.py
[2026-05-09T11:33:20.603+0000] {processor.py:830} INFO - Processing file /home/vscode/.local/lib/python3.11/site-packages/airflow/example_dags/example_datasets.py for tasks to queue
[2026-05-09T11:33:20.604+0000] {logging_mixin.py:188} INFO - [2026-05-09T11:33:20.604+0000] {dagbag.py:545} INFO - Filling up the DagBag from /home/vscode/.local/lib/python3.11/site-packages/airflow/example_dags/example_datasets.py
[2026-05-09T11:33:20.616+0000] {processor.py:840} INFO - DAG(s) 'dataset_consumes_1_never_scheduled', 'dataset_consumes_1', 'consume_1_or_both_2_and_3_with_dataset_expressions', 'dataset_consumes_unknown_never_scheduled', 'dataset_produces_2', 'dataset_consumes_1_and_2', 'consume_1_or_2_with_dataset_expressions', 'consume_1_and_2_with_dataset_expressions', 'conditional_dataset_and_time_based_timetable', 'dataset_produces_1' retrieved from /home/vscode/.local/lib/python3.11/site-packages/airflow/example_dags/example_datasets.py
[2026-05-09T11:33:20.644+0000] {logging_mixin.py:188} INFO - [2026-05-09T11:33:20.644+0000] {dag.py:3096} INFO - Sync 10 DAGs
[2026-05-09T11:33:20.661+0000] {logging_mixin.py:188} INFO - [2026-05-09T11:33:20.661+0000] {dag.py:3954} INFO - Setting next_dagrun for conditional_dataset_and_time_based_timetable to 2026-05-06 01:00:00+00:00, run_after=2026-05-06 01:00:00+00:00
[2026-05-09T11:33:20.663+0000] {logging_mixin.py:188} INFO - [2026-05-09T11:33:20.663+0000] {dag.py:3954} INFO - Setting next_dagrun for consume_1_and_2_with_dataset_expressions to None, run_after=None
[2026-05-09T11:33:20.664+0000] {logging_mixin.py:188} INFO - [2026-05-09T11:33:20.664+0000] {dag.py:3954} INFO - Setting next_dagrun for consume_1_or_2_with_dataset_expressions to None, run_after=None
[2026-05-09T11:33:20.665+0000] {logging_mixin.py:188} INFO - [2026-05-09T11:33:20.665+0000] {dag.py:3954} INFO - Setting next_dagrun for consume_1_or_both_2_and_3_with_dataset_expressions to None, run_after=None
[2026-05-09T11:33:20.665+0000] {logging_mixin.py:188} INFO - [2026-05-09T11:33:20.665+0000] {dag.py:3954} INFO - Setting next_dagrun for dataset_consumes_1 to None, run_after=None
[2026-05-09T11:33:20.666+0000] {logging_mixin.py:188} INFO - [2026-05-09T11:33:20.666+0000] {dag.py:3954} INFO - Setting next_dagrun for dataset_consumes_1_and_2 to None, run_after=None
[2026-05-09T11:33:20.666+0000] {logging_mixin.py:188} INFO - [2026-05-09T11:33:20.666+0000] {dag.py:3954} INFO - Setting next_dagrun for dataset_consumes_1_never_scheduled to None, run_after=None
[2026-05-09T11:33:20.667+0000] {logging_mixin.py:188} INFO - [2026-05-09T11:33:20.667+0000] {dag.py:3954} INFO - Setting next_dagrun for dataset_consumes_unknown_never_scheduled to None, run_after=None
[2026-05-09T11:33:20.669+0000] {logging_mixin.py:188} INFO - [2026-05-09T11:33:20.668+0000] {dag.py:3954} INFO - Setting next_dagrun for dataset_produces_1 to 2026-05-08 00:00:00+00:00, run_after=2026-05-09 00:00:00+00:00
[2026-05-09T11:33:20.669+0000] {logging_mixin.py:188} INFO - [2026-05-09T11:33:20.669+0000] {dag.py:3954} INFO - Setting next_dagrun for dataset_produces_2 to None, run_after=None
[2026-05-09T11:33:20.692+0000] {processor.py:183} INFO - Processing /home/vscode/.local/lib/python3.11/site-packages/airflow/example_dags/example_datasets.py took 0.096 seconds
[2026-05-09T11:34:23.922+0000] {processor.py:161} INFO - Started process (PID=16930) to work on /home/vscode/.local/lib/python3.11/site-packages/airflow/example_dags/example_datasets.py
[2026-05-09T11:34:23.923+0000] {processor.py:830} INFO - Processing file /home/vscode/.local/lib/python3.11/site-packages/airflow/example_dags/example_datasets.py for tasks to queue
[2026-05-09T11:34:23.923+0000] {logging_mixin.py:188} INFO - [2026-05-09T11:34:23.923+0000] {dagbag.py:545} INFO - Filling up the DagBag from /home/vscode/.local/lib/python3.11/site-packages/airflow/example_dags/example_datasets.py
[2026-05-09T11:34:23.934+0000] {processor.py:840} INFO - DAG(s) 'dataset_produces_1', 'dataset_consumes_1', 'dataset_consumes_unknown_never_scheduled', 'dataset_produces_2', 'consume_1_and_2_with_dataset_expressions', 'consume_1_or_both_2_and_3_with_dataset_expressions', 'conditional_dataset_and_time_based_timetable', 'consume_1_or_2_with_dataset_expressions', 'dataset_consumes_1_never_scheduled', 'dataset_consumes_1_and_2' retrieved from /home/vscode/.local/lib/python3.11/site-packages/airflow/example_dags/example_datasets.py
[2026-05-09T11:34:23.962+0000] {logging_mixin.py:188} INFO - [2026-05-09T11:34:23.962+0000] {dag.py:3096} INFO - Sync 10 DAGs
[2026-05-09T11:34:23.978+0000] {logging_mixin.py:188} INFO - [2026-05-09T11:34:23.978+0000] {dag.py:3954} INFO - Setting next_dagrun for conditional_dataset_and_time_based_timetable to 2026-05-06 01:00:00+00:00, run_after=2026-05-06 01:00:00+00:00
[2026-05-09T11:34:23.980+0000] {logging_mixin.py:188} INFO - [2026-05-09T11:34:23.980+0000] {dag.py:3954} INFO - Setting next_dagrun for consume_1_and_2_with_dataset_expressions to None, run_after=None
[2026-05-09T11:34:23.981+0000] {logging_mixin.py:188} INFO - [2026-05-09T11:34:23.981+0000] {dag.py:3954} INFO - Setting next_dagrun for consume_1_or_2_with_dataset_expressions to None, run_after=None
[2026-05-09T11:34:23.981+0000] {logging_mixin.py:188} INFO - [2026-05-09T11:34:23.981+0000] {dag.py:3954} INFO - Setting next_dagrun for consume_1_or_both_2_and_3_with_dataset_expressions to None, run_after=None
[2026-05-09T11:34:23.982+0000] {logging_mixin.py:188} INFO - [2026-05-09T11:34:23.982+0000] {dag.py:3954} INFO - Setting next_dagrun for dataset_consumes_1 to None, run_after=None
[2026-05-09T11:34:23.982+0000] {logging_mixin.py:188} INFO - [2026-05-09T11:34:23.982+0000] {dag.py:3954} INFO - Setting next_dagrun for dataset_consumes_1_and_2 to None, run_after=None
[2026-05-09T11:34:23.983+0000] {logging_mixin.py:188} INFO - [2026-05-09T11:34:23.983+0000] {dag.py:3954} INFO - Setting next_dagrun for dataset_consumes_1_never_scheduled to None, run_after=None
[2026-05-09T11:34:23.984+0000] {logging_mixin.py:188} INFO - [2026-05-09T11:34:23.984+0000] {dag.py:3954} INFO - Setting next_dagrun for dataset_consumes_unknown_never_scheduled to None, run_after=None
[2026-05-09T11:34:23.985+0000] {logging_mixin.py:188} INFO - [2026-05-09T11:34:23.985+0000] {dag.py:3954} INFO - Setting next_dagrun for dataset_produces_1 to 2026-05-08 00:00:00+00:00, run_after=2026-05-09 00:00:00+00:00
[2026-05-09T11:34:23.986+0000] {logging_mixin.py:188} INFO - [2026-05-09T11:34:23.986+0000] {dag.py:3954} INFO - Setting next_dagrun for dataset_produces_2 to None, run_after=None
[2026-05-09T11:34:24.014+0000] {processor.py:183} INFO - Processing /home/vscode/.local/lib/python3.11/site-packages/airflow/example_dags/example_datasets.py took 0.099 seconds
[2026-05-09T11:35:24.813+0000] {processor.py:161} INFO - Started process (PID=17440) to work on /home/vscode/.local/lib/python3.11/site-packages/airflow/example_dags/example_datasets.py
[2026-05-09T11:35:24.814+0000] {processor.py:830} INFO - Processing file /home/vscode/.local/lib/python3.11/site-packages/airflow/example_dags/example_datasets.py for tasks to queue
[2026-05-09T11:35:24.815+0000] {logging_mixin.py:188} INFO - [2026-05-09T11:35:24.814+0000] {dagbag.py:545} INFO - Filling up the DagBag from /home/vscode/.local/lib/python3.11/site-packages/airflow/example_dags/example_datasets.py
[2026-05-09T11:35:24.825+0000] {processor.py:840} INFO - DAG(s) 'dataset_consumes_1', 'consume_1_or_both_2_and_3_with_dataset_expressions', 'dataset_produces_2', 'consume_1_or_2_with_dataset_expressions', 'consume_1_and_2_with_dataset_expressions', 'dataset_consumes_1_never_scheduled', 'dataset_consumes_1_and_2', 'dataset_consumes_unknown_never_scheduled', 'conditional_dataset_and_time_based_timetable', 'dataset_produces_1' retrieved from /home/vscode/.local/lib/python3.11/site-packages/airflow/example_dags/example_datasets.py
[2026-05-09T11:35:24.851+0000] {logging_mixin.py:188} INFO - [2026-05-09T11:35:24.851+0000] {dag.py:3096} INFO - Sync 10 DAGs
[2026-05-09T11:35:24.866+0000] {logging_mixin.py:188} INFO - [2026-05-09T11:35:24.866+0000] {dag.py:3954} INFO - Setting next_dagrun for conditional_dataset_and_time_based_timetable to 2026-05-06 01:00:00+00:00, run_after=2026-05-06 01:00:00+00:00
[2026-05-09T11:35:24.869+0000] {logging_mixin.py:188} INFO - [2026-05-09T11:35:24.868+0000] {dag.py:3954} INFO - Setting next_dagrun for consume_1_and_2_with_dataset_expressions to None, run_after=None
[2026-05-09T11:35:24.869+0000] {logging_mixin.py:188} INFO - [2026-05-09T11:35:24.869+0000] {dag.py:3954} INFO - Setting next_dagrun for consume_1_or_2_with_dataset_expressions to None, run_after=None
[2026-05-09T11:35:24.870+0000] {logging_mixin.py:188} INFO - [2026-05-09T11:35:24.870+0000] {dag.py:3954} INFO - Setting next_dagrun for consume_1_or_both_2_and_3_with_dataset_expressions to None, run_after=None
[2026-05-09T11:35:24.870+0000] {logging_mixin.py:188} INFO - [2026-05-09T11:35:24.870+0000] {dag.py:3954} INFO - Setting next_dagrun for dataset_consumes_1 to None, run_after=None
[2026-05-09T11:35:24.871+0000] {logging_mixin.py:188} INFO - [2026-05-09T11:35:24.871+0000] {dag.py:3954} INFO - Setting next_dagrun for dataset_consumes_1_and_2 to None, run_after=None
[2026-05-09T11:35:24.872+0000] {logging_mixin.py:188} INFO - [2026-05-09T11:35:24.871+0000] {dag.py:3954} INFO - Setting next_dagrun for dataset_consumes_1_never_scheduled to None, run_after=None
[2026-05-09T11:35:24.872+0000] {logging_mixin.py:188} INFO - [2026-05-09T11:35:24.872+0000] {dag.py:3954} INFO - Setting next_dagrun for dataset_consumes_unknown_never_scheduled to None, run_after=None
[2026-05-09T11:35:24.874+0000] {logging_mixin.py:188} INFO - [2026-05-09T11:35:24.873+0000] {dag.py:3954} INFO - Setting next_dagrun for dataset_produces_1 to 2026-05-08 00:00:00+00:00, run_after=2026-05-09 00:00:00+00:00
[2026-05-09T11:35:24.874+0000] {logging_mixin.py:188} INFO - [2026-05-09T11:35:24.874+0000] {dag.py:3954} INFO - Setting next_dagrun for dataset_produces_2 to None, run_after=None
[2026-05-09T11:35:24.897+0000] {processor.py:183} INFO - Processing /home/vscode/.local/lib/python3.11/site-packages/airflow/example_dags/example_datasets.py took 0.089 seconds
[2026-05-09T11:36:22.677+0000] {processor.py:161} INFO - Started process (PID=17934) to work on /home/vscode/.local/lib/python3.11/site-packages/airflow/example_dags/example_datasets.py
[2026-05-09T11:36:22.678+0000] {processor.py:830} INFO - Processing file /home/vscode/.local/lib/python3.11/site-packages/airflow/example_dags/example_datasets.py for tasks to queue
[2026-05-09T11:36:22.679+0000] {logging_mixin.py:188} INFO - [2026-05-09T11:36:22.678+0000] {dagbag.py:545} INFO - Filling up the DagBag from /home/vscode/.local/lib/python3.11/site-packages/airflow/example_dags/example_datasets.py
[2026-05-09T11:36:22.692+0000] {processor.py:840} INFO - DAG(s) 'consume_1_and_2_with_dataset_expressions', 'dataset_produces_2', 'consume_1_or_2_with_dataset_expressions', 'dataset_consumes_1_and_2', 'dataset_consumes_unknown_never_scheduled', 'dataset_consumes_1', 'conditional_dataset_and_time_based_timetable', 'dataset_produces_1', 'consume_1_or_both_2_and_3_with_dataset_expressions', 'dataset_consumes_1_never_scheduled' retrieved from /home/vscode/.local/lib/python3.11/site-packages/airflow/example_dags/example_datasets.py
[2026-05-09T11:36:22.720+0000] {logging_mixin.py:188} INFO - [2026-05-09T11:36:22.720+0000] {dag.py:3096} INFO - Sync 10 DAGs
[2026-05-09T11:36:22.739+0000] {logging_mixin.py:188} INFO - [2026-05-09T11:36:22.738+0000] {dag.py:3954} INFO - Setting next_dagrun for conditional_dataset_and_time_based_timetable to 2026-05-06 01:00:00+00:00, run_after=2026-05-06 01:00:00+00:00
[2026-05-09T11:36:22.741+0000] {logging_mixin.py:188} INFO - [2026-05-09T11:36:22.741+0000] {dag.py:3954} INFO - Setting next_dagrun for consume_1_and_2_with_dataset_expressions to None, run_after=None
[2026-05-09T11:36:22.742+0000] {logging_mixin.py:188} INFO - [2026-05-09T11:36:22.742+0000] {dag.py:3954} INFO - Setting next_dagrun for consume_1_or_2_with_dataset_expressions to None, run_after=None
[2026-05-09T11:36:22.743+0000] {logging_mixin.py:188} INFO - [2026-05-09T11:36:22.743+0000] {dag.py:3954} INFO - Setting next_dagrun for consume_1_or_both_2_and_3_with_dataset_expressions to None, run_after=None
[2026-05-09T11:36:22.744+0000] {logging_mixin.py:188} INFO - [2026-05-09T11:36:22.744+0000] {dag.py:3954} INFO - Setting next_dagrun for dataset_consumes_1 to None, run_after=None
[2026-05-09T11:36:22.745+0000] {logging_mixin.py:188} INFO - [2026-05-09T11:36:22.745+0000] {dag.py:3954} INFO - Setting next_dagrun for dataset_consumes_1_and_2 to None, run_after=None
[2026-05-09T11:36:22.746+0000] {logging_mixin.py:188} INFO - [2026-05-09T11:36:22.745+0000] {dag.py:3954} INFO - Setting next_dagrun for dataset_consumes_1_never_scheduled to None, run_after=None
[2026-05-09T11:36:22.746+0000] {logging_mixin.py:188} INFO - [2026-05-09T11:36:22.746+0000] {dag.py:3954} INFO - Setting next_dagrun for dataset_consumes_unknown_never_scheduled to None, run_after=None
[2026-05-09T11:36:22.748+0000] {logging_mixin.py:188} INFO - [2026-05-09T11:36:22.748+0000] {dag.py:3954} INFO - Setting next_dagrun for dataset_produces_1 to 2026-05-08 00:00:00+00:00, run_after=2026-05-09 00:00:00+00:00
[2026-05-09T11:36:22.749+0000] {logging_mixin.py:188} INFO - [2026-05-09T11:36:22.749+0000] {dag.py:3954} INFO - Setting next_dagrun for dataset_produces_2 to None, run_after=None
[2026-05-09T11:36:22.789+0000] {processor.py:183} INFO - Processing /home/vscode/.local/lib/python3.11/site-packages/airflow/example_dags/example_datasets.py took 0.119 seconds
[2026-05-09T11:37:24.689+0000] {processor.py:161} INFO - Started process (PID=18621) to work on /home/vscode/.local/lib/python3.11/site-packages/airflow/example_dags/example_datasets.py
[2026-05-09T11:37:24.689+0000] {processor.py:830} INFO - Processing file /home/vscode/.local/lib/python3.11/site-packages/airflow/example_dags/example_datasets.py for tasks to queue
[2026-05-09T11:37:24.690+0000] {logging_mixin.py:188} INFO - [2026-05-09T11:37:24.690+0000] {dagbag.py:545} INFO - Filling up the DagBag from /home/vscode/.local/lib/python3.11/site-packages/airflow/example_dags/example_datasets.py
[2026-05-09T11:37:24.701+0000] {processor.py:840} INFO - DAG(s) 'conditional_dataset_and_time_based_timetable', 'dataset_produces_1', 'dataset_consumes_unknown_never_scheduled', 'consume_1_and_2_with_dataset_expressions', 'consume_1_or_2_with_dataset_expressions', 'consume_1_or_both_2_and_3_with_dataset_expressions', 'dataset_consumes_1', 'dataset_produces_2', 'dataset_consumes_1_and_2', 'dataset_consumes_1_never_scheduled' retrieved from /home/vscode/.local/lib/python3.11/site-packages/airflow/example_dags/example_datasets.py
[2026-05-09T11:37:24.728+0000] {logging_mixin.py:188} INFO - [2026-05-09T11:37:24.728+0000] {dag.py:3096} INFO - Sync 10 DAGs
[2026-05-09T11:37:24.745+0000] {logging_mixin.py:188} INFO - [2026-05-09T11:37:24.745+0000] {dag.py:3954} INFO - Setting next_dagrun for conditional_dataset_and_time_based_timetable to 2026-05-06 01:00:00+00:00, run_after=2026-05-06 01:00:00+00:00
[2026-05-09T11:37:24.747+0000] {logging_mixin.py:188} INFO - [2026-05-09T11:37:24.747+0000] {dag.py:3954} INFO - Setting next_dagrun for consume_1_and_2_with_dataset_expressions to None, run_after=None
[2026-05-09T11:37:24.748+0000] {logging_mixin.py:188} INFO - [2026-05-09T11:37:24.748+0000] {dag.py:3954} INFO - Setting next_dagrun for consume_1_or_2_with_dataset_expressions to None, run_after=None
[2026-05-09T11:37:24.748+0000] {logging_mixin.py:188} INFO - [2026-05-09T11:37:24.748+0000] {dag.py:3954} INFO - Setting next_dagrun for consume_1_or_both_2_and_3_with_dataset_expressions to None, run_after=None
[2026-05-09T11:37:24.749+0000] {logging_mixin.py:188} INFO - [2026-05-09T11:37:24.749+0000] {dag.py:3954} INFO - Setting next_dagrun for dataset_consumes_1 to None, run_after=None
[2026-05-09T11:37:24.750+0000] {logging_mixin.py:188} INFO - [2026-05-09T11:37:24.749+0000] {dag.py:3954} INFO - Setting next_dagrun for dataset_consumes_1_and_2 to None, run_after=None
[2026-05-09T11:37:24.750+0000] {logging_mixin.py:188} INFO - [2026-05-09T11:37:24.750+0000] {dag.py:3954} INFO - Setting next_dagrun for dataset_consumes_1_never_scheduled to None, run_after=None
[2026-05-09T11:37:24.751+0000] {logging_mixin.py:188} INFO - [2026-05-09T11:37:24.751+0000] {dag.py:3954} INFO - Setting next_dagrun for dataset_consumes_unknown_never_scheduled to None, run_after=None
[2026-05-09T11:37:24.752+0000] {logging_mixin.py:188} INFO - [2026-05-09T11:37:24.752+0000] {dag.py:3954} INFO - Setting next_dagrun for dataset_produces_1 to 2026-05-08 00:00:00+00:00, run_after=2026-05-09 00:00:00+00:00
[2026-05-09T11:37:24.753+0000] {logging_mixin.py:188} INFO - [2026-05-09T11:37:24.753+0000] {dag.py:3954} INFO - Setting next_dagrun for dataset_produces_2 to None, run_after=None
[2026-05-09T11:37:24.775+0000] {processor.py:183} INFO - Processing /home/vscode/.local/lib/python3.11/site-packages/airflow/example_dags/example_datasets.py took 0.093 seconds
[2026-05-09T11:38:26.210+0000] {processor.py:161} INFO - Started process (PID=19344) to work on /home/vscode/.local/lib/python3.11/site-packages/airflow/example_dags/example_datasets.py
[2026-05-09T11:38:26.210+0000] {processor.py:830} INFO - Processing file /home/vscode/.local/lib/python3.11/site-packages/airflow/example_dags/example_datasets.py for tasks to queue
[2026-05-09T11:38:26.211+0000] {logging_mixin.py:188} INFO - [2026-05-09T11:38:26.211+0000] {dagbag.py:545} INFO - Filling up the DagBag from /home/vscode/.local/lib/python3.11/site-packages/airflow/example_dags/example_datasets.py
[2026-05-09T11:38:26.222+0000] {processor.py:840} INFO - DAG(s) 'dataset_consumes_1', 'consume_1_and_2_with_dataset_expressions', 'consume_1_or_both_2_and_3_with_dataset_expressions', 'dataset_consumes_1_and_2', 'consume_1_or_2_with_dataset_expressions', 'conditional_dataset_and_time_based_timetable', 'dataset_consumes_unknown_never_scheduled', 'dataset_consumes_1_never_scheduled', 'dataset_produces_1', 'dataset_produces_2' retrieved from /home/vscode/.local/lib/python3.11/site-packages/airflow/example_dags/example_datasets.py
[2026-05-09T11:38:26.253+0000] {logging_mixin.py:188} INFO - [2026-05-09T11:38:26.253+0000] {dag.py:3096} INFO - Sync 10 DAGs
[2026-05-09T11:38:26.270+0000] {logging_mixin.py:188} INFO - [2026-05-09T11:38:26.270+0000] {dag.py:3954} INFO - Setting next_dagrun for conditional_dataset_and_time_based_timetable to 2026-05-06 01:00:00+00:00, run_after=2026-05-06 01:00:00+00:00
[2026-05-09T11:38:26.272+0000] {logging_mixin.py:188} INFO - [2026-05-09T11:38:26.272+0000] {dag.py:3954} INFO - Setting next_dagrun for consume_1_and_2_with_dataset_expressions to None, run_after=None
[2026-05-09T11:38:26.273+0000] {logging_mixin.py:188} INFO - [2026-05-09T11:38:26.273+0000] {dag.py:3954} INFO - Setting next_dagrun for consume_1_or_2_with_dataset_expressions to None, run_after=None
[2026-05-09T11:38:26.273+0000] {logging_mixin.py:188} INFO - [2026-05-09T11:38:26.273+0000] {dag.py:3954} INFO - Setting next_dagrun for consume_1_or_both_2_and_3_with_dataset_expressions to None, run_after=None
[2026-05-09T11:38:26.274+0000] {logging_mixin.py:188} INFO - [2026-05-09T11:38:26.274+0000] {dag.py:3954} INFO - Setting next_dagrun for dataset_consumes_1 to None, run_after=None
[2026-05-09T11:38:26.274+0000] {logging_mixin.py:188} INFO - [2026-05-09T11:38:26.274+0000] {dag.py:3954} INFO - Setting next_dagrun for dataset_consumes_1_and_2 to None, run_after=None
[2026-05-09T11:38:26.275+0000] {logging_mixin.py:188} INFO - [2026-05-09T11:38:26.275+0000] {dag.py:3954} INFO - Setting next_dagrun for dataset_consumes_1_never_scheduled to None, run_after=None
[2026-05-09T11:38:26.276+0000] {logging_mixin.py:188} INFO - [2026-05-09T11:38:26.276+0000] {dag.py:3954} INFO - Setting next_dagrun for dataset_consumes_unknown_never_scheduled to None, run_after=None
[2026-05-09T11:38:26.277+0000] {logging_mixin.py:188} INFO - [2026-05-09T11:38:26.277+0000] {dag.py:3954} INFO - Setting next_dagrun for dataset_produces_1 to 2026-05-08 00:00:00+00:00, run_after=2026-05-09 00:00:00+00:00
[2026-05-09T11:38:26.278+0000] {logging_mixin.py:188} INFO - [2026-05-09T11:38:26.278+0000] {dag.py:3954} INFO - Setting next_dagrun for dataset_produces_2 to None, run_after=None
[2026-05-09T11:38:26.301+0000] {processor.py:183} INFO - Processing /home/vscode/.local/lib/python3.11/site-packages/airflow/example_dags/example_datasets.py took 0.098 seconds
[2026-05-09T11:39:25.614+0000] {processor.py:161} INFO - Started process (PID=20122) to work on /home/vscode/.local/lib/python3.11/site-packages/airflow/example_dags/example_datasets.py
[2026-05-09T11:39:25.614+0000] {processor.py:830} INFO - Processing file /home/vscode/.local/lib/python3.11/site-packages/airflow/example_dags/example_datasets.py for tasks to queue
[2026-05-09T11:39:25.615+0000] {logging_mixin.py:188} INFO - [2026-05-09T11:39:25.615+0000] {dagbag.py:545} INFO - Filling up the DagBag from /home/vscode/.local/lib/python3.11/site-packages/airflow/example_dags/example_datasets.py
[2026-05-09T11:39:25.626+0000] {processor.py:840} INFO - DAG(s) 'dataset_produces_2', 'consume_1_and_2_with_dataset_expressions', 'dataset_consumes_unknown_never_scheduled', 'consume_1_or_2_with_dataset_expressions', 'dataset_produces_1', 'dataset_consumes_1_never_scheduled', 'dataset_consumes_1', 'conditional_dataset_and_time_based_timetable', 'dataset_consumes_1_and_2', 'consume_1_or_both_2_and_3_with_dataset_expressions' retrieved from /home/vscode/.local/lib/python3.11/site-packages/airflow/example_dags/example_datasets.py
[2026-05-09T11:39:25.652+0000] {logging_mixin.py:188} INFO - [2026-05-09T11:39:25.652+0000] {dag.py:3096} INFO - Sync 10 DAGs
[2026-05-09T11:39:25.668+0000] {logging_mixin.py:188} INFO - [2026-05-09T11:39:25.668+0000] {dag.py:3954} INFO - Setting next_dagrun for conditional_dataset_and_time_based_timetable to 2026-05-06 01:00:00+00:00, run_after=2026-05-06 01:00:00+00:00
[2026-05-09T11:39:25.670+0000] {logging_mixin.py:188} INFO - [2026-05-09T11:39:25.670+0000] {dag.py:3954} INFO - Setting next_dagrun for consume_1_and_2_with_dataset_expressions to None, run_after=None
[2026-05-09T11:39:25.671+0000] {logging_mixin.py:188} INFO - [2026-05-09T11:39:25.671+0000] {dag.py:3954} INFO - Setting next_dagrun for consume_1_or_2_with_dataset_expressions to None, run_after=None
[2026-05-09T11:39:25.671+0000] {logging_mixin.py:188} INFO - [2026-05-09T11:39:25.671+0000] {dag.py:3954} INFO - Setting next_dagrun for consume_1_or_both_2_and_3_with_dataset_expressions to None, run_after=None
[2026-05-09T11:39:25.672+0000] {logging_mixin.py:188} INFO - [2026-05-09T11:39:25.672+0000] {dag.py:3954} INFO - Setting next_dagrun for dataset_consumes_1 to None, run_after=None
[2026-05-09T11:39:25.673+0000] {logging_mixin.py:188} INFO - [2026-05-09T11:39:25.672+0000] {dag.py:3954} INFO - Setting next_dagrun for dataset_consumes_1_and_2 to None, run_after=None
[2026-05-09T11:39:25.673+0000] {logging_mixin.py:188} INFO - [2026-05-09T11:39:25.673+0000] {dag.py:3954} INFO - Setting next_dagrun for dataset_consumes_1_never_scheduled to None, run_after=None
[2026-05-09T11:39:25.674+0000] {logging_mixin.py:188} INFO - [2026-05-09T11:39:25.674+0000] {dag.py:3954} INFO - Setting next_dagrun for dataset_consumes_unknown_never_scheduled to None, run_after=None
[2026-05-09T11:39:25.675+0000] {logging_mixin.py:188} INFO - [2026-05-09T11:39:25.675+0000] {dag.py:3954} INFO - Setting next_dagrun for dataset_produces_1 to 2026-05-08 00:00:00+00:00, run_after=2026-05-09 00:00:00+00:00
[2026-05-09T11:39:25.676+0000] {logging_mixin.py:188} INFO - [2026-05-09T11:39:25.676+0000] {dag.py:3954} INFO - Setting next_dagrun for dataset_produces_2 to None, run_after=None
[2026-05-09T11:39:25.700+0000] {processor.py:183} INFO - Processing /home/vscode/.local/lib/python3.11/site-packages/airflow/example_dags/example_datasets.py took 0.093 seconds
[2026-05-09T11:40:27.821+0000] {processor.py:161} INFO - Started process (PID=20654) to work on /home/vscode/.local/lib/python3.11/site-packages/airflow/example_dags/example_datasets.py
[2026-05-09T11:40:27.821+0000] {processor.py:830} INFO - Processing file /home/vscode/.local/lib/python3.11/site-packages/airflow/example_dags/example_datasets.py for tasks to queue
[2026-05-09T11:40:27.822+0000] {logging_mixin.py:188} INFO - [2026-05-09T11:40:27.822+0000] {dagbag.py:545} INFO - Filling up the DagBag from /home/vscode/.local/lib/python3.11/site-packages/airflow/example_dags/example_datasets.py
[2026-05-09T11:40:27.833+0000] {processor.py:840} INFO - DAG(s) 'consume_1_or_both_2_and_3_with_dataset_expressions', 'dataset_consumes_1', 'consume_1_and_2_with_dataset_expressions', 'dataset_produces_2', 'dataset_consumes_unknown_never_scheduled', 'dataset_consumes_1_never_scheduled', 'dataset_consumes_1_and_2', 'conditional_dataset_and_time_based_timetable', 'dataset_produces_1', 'consume_1_or_2_with_dataset_expressions' retrieved from /home/vscode/.local/lib/python3.11/site-packages/airflow/example_dags/example_datasets.py
[2026-05-09T11:40:27.859+0000] {logging_mixin.py:188} INFO - [2026-05-09T11:40:27.859+0000] {dag.py:3096} INFO - Sync 10 DAGs
[2026-05-09T11:40:27.879+0000] {logging_mixin.py:188} INFO - [2026-05-09T11:40:27.879+0000] {dag.py:3954} INFO - Setting next_dagrun for conditional_dataset_and_time_based_timetable to 2026-05-06 01:00:00+00:00, run_after=2026-05-06 01:00:00+00:00
[2026-05-09T11:40:27.882+0000] {logging_mixin.py:188} INFO - [2026-05-09T11:40:27.882+0000] {dag.py:3954} INFO - Setting next_dagrun for consume_1_and_2_with_dataset_expressions to None, run_after=None
[2026-05-09T11:40:27.883+0000] {logging_mixin.py:188} INFO - [2026-05-09T11:40:27.883+0000] {dag.py:3954} INFO - Setting next_dagrun for consume_1_or_2_with_dataset_expressions to None, run_after=None
[2026-05-09T11:40:27.884+0000] {logging_mixin.py:188} INFO - [2026-05-09T11:40:27.884+0000] {dag.py:3954} INFO - Setting next_dagrun for consume_1_or_both_2_and_3_with_dataset_expressions to None, run_after=None
[2026-05-09T11:40:27.885+0000] {logging_mixin.py:188} INFO - [2026-05-09T11:40:27.885+0000] {dag.py:3954} INFO - Setting next_dagrun for dataset_consumes_1 to None, run_after=None
[2026-05-09T11:40:27.886+0000] {logging_mixin.py:188} INFO - [2026-05-09T11:40:27.886+0000] {dag.py:3954} INFO - Setting next_dagrun for dataset_consumes_1_and_2 to None, run_after=None
[2026-05-09T11:40:27.887+0000] {logging_mixin.py:188} INFO - [2026-05-09T11:40:27.887+0000] {dag.py:3954} INFO - Setting next_dagrun for dataset_consumes_1_never_scheduled to None, run_after=None
[2026-05-09T11:40:27.888+0000] {logging_mixin.py:188} INFO - [2026-05-09T11:40:27.888+0000] {dag.py:3954} INFO - Setting next_dagrun for dataset_consumes_unknown_never_scheduled to None, run_after=None
[2026-05-09T11:40:27.889+0000] {logging_mixin.py:188} INFO - [2026-05-09T11:40:27.889+0000] {dag.py:3954} INFO - Setting next_dagrun for dataset_produces_1 to 2026-05-08 00:00:00+00:00, run_after=2026-05-09 00:00:00+00:00
[2026-05-09T11:40:27.890+0000] {logging_mixin.py:188} INFO - [2026-05-09T11:40:27.890+0000] {dag.py:3954} INFO - Setting next_dagrun for dataset_produces_2 to None, run_after=None
[2026-05-09T11:40:27.913+0000] {processor.py:183} INFO - Processing /home/vscode/.local/lib/python3.11/site-packages/airflow/example_dags/example_datasets.py took 0.098 seconds
[2026-05-09T11:41:33.158+0000] {processor.py:161} INFO - Started process (PID=21362) to work on /home/vscode/.local/lib/python3.11/site-packages/airflow/example_dags/example_datasets.py
[2026-05-09T11:41:33.160+0000] {processor.py:830} INFO - Processing file /home/vscode/.local/lib/python3.11/site-packages/airflow/example_dags/example_datasets.py for tasks to queue
[2026-05-09T11:41:33.163+0000] {logging_mixin.py:188} INFO - [2026-05-09T11:41:33.160+0000] {dagbag.py:545} INFO - Filling up the DagBag from /home/vscode/.local/lib/python3.11/site-packages/airflow/example_dags/example_datasets.py
[2026-05-09T11:41:33.184+0000] {processor.py:840} INFO - DAG(s) 'dataset_consumes_1_and_2', 'dataset_consumes_1_never_scheduled', 'dataset_produces_1', 'dataset_consumes_unknown_never_scheduled', 'conditional_dataset_and_time_based_timetable', 'dataset_consumes_1', 'consume_1_or_2_with_dataset_expressions', 'dataset_produces_2', 'consume_1_or_both_2_and_3_with_dataset_expressions', 'consume_1_and_2_with_dataset_expressions' retrieved from /home/vscode/.local/lib/python3.11/site-packages/airflow/example_dags/example_datasets.py
[2026-05-09T11:41:33.236+0000] {logging_mixin.py:188} INFO - [2026-05-09T11:41:33.236+0000] {dag.py:3096} INFO - Sync 10 DAGs
[2026-05-09T11:41:33.257+0000] {logging_mixin.py:188} INFO - [2026-05-09T11:41:33.257+0000] {dag.py:3954} INFO - Setting next_dagrun for conditional_dataset_and_time_based_timetable to 2026-05-06 01:00:00+00:00, run_after=2026-05-06 01:00:00+00:00
[2026-05-09T11:41:33.260+0000] {logging_mixin.py:188} INFO - [2026-05-09T11:41:33.260+0000] {dag.py:3954} INFO - Setting next_dagrun for consume_1_and_2_with_dataset_expressions to None, run_after=None
[2026-05-09T11:41:33.260+0000] {logging_mixin.py:188} INFO - [2026-05-09T11:41:33.260+0000] {dag.py:3954} INFO - Setting next_dagrun for consume_1_or_2_with_dataset_expressions to None, run_after=None
[2026-05-09T11:41:33.261+0000] {logging_mixin.py:188} INFO - [2026-05-09T11:41:33.261+0000] {dag.py:3954} INFO - Setting next_dagrun for consume_1_or_both_2_and_3_with_dataset_expressions to None, run_after=None
[2026-05-09T11:41:33.262+0000] {logging_mixin.py:188} INFO - [2026-05-09T11:41:33.262+0000] {dag.py:3954} INFO - Setting next_dagrun for dataset_consumes_1 to None, run_after=None
[2026-05-09T11:41:33.262+0000] {logging_mixin.py:188} INFO - [2026-05-09T11:41:33.262+0000] {dag.py:3954} INFO - Setting next_dagrun for dataset_consumes_1_and_2 to None, run_after=None
[2026-05-09T11:41:33.263+0000] {logging_mixin.py:188} INFO - [2026-05-09T11:41:33.263+0000] {dag.py:3954} INFO - Setting next_dagrun for dataset_consumes_1_never_scheduled to None, run_after=None
[2026-05-09T11:41:33.264+0000] {logging_mixin.py:188} INFO - [2026-05-09T11:41:33.263+0000] {dag.py:3954} INFO - Setting next_dagrun for dataset_consumes_unknown_never_scheduled to None, run_after=None
[2026-05-09T11:41:33.265+0000] {logging_mixin.py:188} INFO - [2026-05-09T11:41:33.265+0000] {dag.py:3954} INFO - Setting next_dagrun for dataset_produces_1 to 2026-05-08 00:00:00+00:00, run_after=2026-05-09 00:00:00+00:00
[2026-05-09T11:41:33.266+0000] {logging_mixin.py:188} INFO - [2026-05-09T11:41:33.266+0000] {dag.py:3954} INFO - Setting next_dagrun for dataset_produces_2 to None, run_after=None
[2026-05-09T11:41:33.292+0000] {processor.py:183} INFO - Processing /home/vscode/.local/lib/python3.11/site-packages/airflow/example_dags/example_datasets.py took 0.172 seconds
[2026-05-09T11:42:39.645+0000] {processor.py:161} INFO - Started process (PID=21949) to work on /home/vscode/.local/lib/python3.11/site-packages/airflow/example_dags/example_datasets.py
[2026-05-09T11:42:39.646+0000] {processor.py:830} INFO - Processing file /home/vscode/.local/lib/python3.11/site-packages/airflow/example_dags/example_datasets.py for tasks to queue
[2026-05-09T11:42:39.646+0000] {logging_mixin.py:188} INFO - [2026-05-09T11:42:39.646+0000] {dagbag.py:545} INFO - Filling up the DagBag from /home/vscode/.local/lib/python3.11/site-packages/airflow/example_dags/example_datasets.py
[2026-05-09T11:42:39.658+0000] {processor.py:840} INFO - DAG(s) 'consume_1_and_2_with_dataset_expressions', 'consume_1_or_2_with_dataset_expressions', 'dataset_produces_2', 'dataset_consumes_1_and_2', 'dataset_consumes_1_never_scheduled', 'dataset_produces_1', 'dataset_consumes_1', 'conditional_dataset_and_time_based_timetable', 'dataset_consumes_unknown_never_scheduled', 'consume_1_or_both_2_and_3_with_dataset_expressions' retrieved from /home/vscode/.local/lib/python3.11/site-packages/airflow/example_dags/example_datasets.py
[2026-05-09T11:42:39.694+0000] {logging_mixin.py:188} INFO - [2026-05-09T11:42:39.694+0000] {dag.py:3096} INFO - Sync 10 DAGs
[2026-05-09T11:42:39.733+0000] {logging_mixin.py:188} INFO - [2026-05-09T11:42:39.733+0000] {dag.py:3954} INFO - Setting next_dagrun for conditional_dataset_and_time_based_timetable to 2026-05-06 01:00:00+00:00, run_after=2026-05-06 01:00:00+00:00
[2026-05-09T11:42:39.737+0000] {logging_mixin.py:188} INFO - [2026-05-09T11:42:39.737+0000] {dag.py:3954} INFO - Setting next_dagrun for consume_1_and_2_with_dataset_expressions to None, run_after=None
[2026-05-09T11:42:39.738+0000] {logging_mixin.py:188} INFO - [2026-05-09T11:42:39.738+0000] {dag.py:3954} INFO - Setting next_dagrun for consume_1_or_2_with_dataset_expressions to None, run_after=None
[2026-05-09T11:42:39.739+0000] {logging_mixin.py:188} INFO - [2026-05-09T11:42:39.739+0000] {dag.py:3954} INFO - Setting next_dagrun for consume_1_or_both_2_and_3_with_dataset_expressions to None, run_after=None
[2026-05-09T11:42:39.740+0000] {logging_mixin.py:188} INFO - [2026-05-09T11:42:39.739+0000] {dag.py:3954} INFO - Setting next_dagrun for dataset_consumes_1 to None, run_after=None
[2026-05-09T11:42:39.740+0000] {logging_mixin.py:188} INFO - [2026-05-09T11:42:39.740+0000] {dag.py:3954} INFO - Setting next_dagrun for dataset_consumes_1_and_2 to None, run_after=None
[2026-05-09T11:42:39.741+0000] {logging_mixin.py:188} INFO - [2026-05-09T11:42:39.741+0000] {dag.py:3954} INFO - Setting next_dagrun for dataset_consumes_1_never_scheduled to None, run_after=None
[2026-05-09T11:42:39.742+0000] {logging_mixin.py:188} INFO - [2026-05-09T11:42:39.742+0000] {dag.py:3954} INFO - Setting next_dagrun for dataset_consumes_unknown_never_scheduled to None, run_after=None
[2026-05-09T11:42:39.744+0000] {logging_mixin.py:188} INFO - [2026-05-09T11:42:39.744+0000] {dag.py:3954} INFO - Setting next_dagrun for dataset_produces_1 to 2026-05-08 00:00:00+00:00, run_after=2026-05-09 00:00:00+00:00
[2026-05-09T11:42:39.744+0000] {logging_mixin.py:188} INFO - [2026-05-09T11:42:39.744+0000] {dag.py:3954} INFO - Setting next_dagrun for dataset_produces_2 to None, run_after=None
[2026-05-09T11:42:39.771+0000] {processor.py:183} INFO - Processing /home/vscode/.local/lib/python3.11/site-packages/airflow/example_dags/example_datasets.py took 0.135 seconds
[2026-05-09T11:43:46.870+0000] {processor.py:161} INFO - Started process (PID=22574) to work on /home/vscode/.local/lib/python3.11/site-packages/airflow/example_dags/example_datasets.py
[2026-05-09T11:43:46.871+0000] {processor.py:830} INFO - Processing file /home/vscode/.local/lib/python3.11/site-packages/airflow/example_dags/example_datasets.py for tasks to queue
[2026-05-09T11:43:46.871+0000] {logging_mixin.py:188} INFO - [2026-05-09T11:43:46.871+0000] {dagbag.py:545} INFO - Filling up the DagBag from /home/vscode/.local/lib/python3.11/site-packages/airflow/example_dags/example_datasets.py
[2026-05-09T11:43:46.883+0000] {processor.py:840} INFO - DAG(s) 'conditional_dataset_and_time_based_timetable', 'consume_1_or_2_with_dataset_expressions', 'dataset_consumes_1', 'dataset_produces_2', 'dataset_consumes_1_and_2', 'dataset_consumes_1_never_scheduled', 'consume_1_or_both_2_and_3_with_dataset_expressions', 'dataset_consumes_unknown_never_scheduled', 'dataset_produces_1', 'consume_1_and_2_with_dataset_expressions' retrieved from /home/vscode/.local/lib/python3.11/site-packages/airflow/example_dags/example_datasets.py
[2026-05-09T11:43:46.910+0000] {logging_mixin.py:188} INFO - [2026-05-09T11:43:46.909+0000] {dag.py:3096} INFO - Sync 10 DAGs
[2026-05-09T11:43:46.927+0000] {logging_mixin.py:188} INFO - [2026-05-09T11:43:46.927+0000] {dag.py:3954} INFO - Setting next_dagrun for conditional_dataset_and_time_based_timetable to 2026-05-06 01:00:00+00:00, run_after=2026-05-06 01:00:00+00:00
[2026-05-09T11:43:46.930+0000] {logging_mixin.py:188} INFO - [2026-05-09T11:43:46.930+0000] {dag.py:3954} INFO - Setting next_dagrun for consume_1_and_2_with_dataset_expressions to None, run_after=None
[2026-05-09T11:43:46.931+0000] {logging_mixin.py:188} INFO - [2026-05-09T11:43:46.930+0000] {dag.py:3954} INFO - Setting next_dagrun for consume_1_or_2_with_dataset_expressions to None, run_after=None
[2026-05-09T11:43:46.931+0000] {logging_mixin.py:188} INFO - [2026-05-09T11:43:46.931+0000] {dag.py:3954} INFO - Setting next_dagrun for consume_1_or_both_2_and_3_with_dataset_expressions to None, run_after=None
[2026-05-09T11:43:46.932+0000] {logging_mixin.py:188} INFO - [2026-05-09T11:43:46.932+0000] {dag.py:3954} INFO - Setting next_dagrun for dataset_consumes_1 to None, run_after=None
[2026-05-09T11:43:46.932+0000] {logging_mixin.py:188} INFO - [2026-05-09T11:43:46.932+0000] {dag.py:3954} INFO - Setting next_dagrun for dataset_consumes_1_and_2 to None, run_after=None
[2026-05-09T11:43:46.933+0000] {logging_mixin.py:188} INFO - [2026-05-09T11:43:46.933+0000] {dag.py:3954} INFO - Setting next_dagrun for dataset_consumes_1_never_scheduled to None, run_after=None
[2026-05-09T11:43:46.934+0000] {logging_mixin.py:188} INFO - [2026-05-09T11:43:46.933+0000] {dag.py:3954} INFO - Setting next_dagrun for dataset_consumes_unknown_never_scheduled to None, run_after=None
[2026-05-09T11:43:46.935+0000] {logging_mixin.py:188} INFO - [2026-05-09T11:43:46.935+0000] {dag.py:3954} INFO - Setting next_dagrun for dataset_produces_1 to 2026-05-08 00:00:00+00:00, run_after=2026-05-09 00:00:00+00:00
[2026-05-09T11:43:46.936+0000] {logging_mixin.py:188} INFO - [2026-05-09T11:43:46.936+0000] {dag.py:3954} INFO - Setting next_dagrun for dataset_produces_2 to None, run_after=None
[2026-05-09T11:43:46.959+0000] {processor.py:183} INFO - Processing /home/vscode/.local/lib/python3.11/site-packages/airflow/example_dags/example_datasets.py took 0.096 seconds
[2026-05-09T11:44:46.511+0000] {processor.py:161} INFO - Started process (PID=23071) to work on /home/vscode/.local/lib/python3.11/site-packages/airflow/example_dags/example_datasets.py
[2026-05-09T11:44:46.512+0000] {processor.py:830} INFO - Processing file /home/vscode/.local/lib/python3.11/site-packages/airflow/example_dags/example_datasets.py for tasks to queue
[2026-05-09T11:44:46.514+0000] {logging_mixin.py:188} INFO - [2026-05-09T11:44:46.513+0000] {dagbag.py:545} INFO - Filling up the DagBag from /home/vscode/.local/lib/python3.11/site-packages/airflow/example_dags/example_datasets.py
[2026-05-09T11:44:46.538+0000] {processor.py:840} INFO - DAG(s) 'dataset_produces_1', 'dataset_consumes_unknown_never_scheduled', 'dataset_produces_2', 'consume_1_and_2_with_dataset_expressions', 'consume_1_or_2_with_dataset_expressions', 'conditional_dataset_and_time_based_timetable', 'consume_1_or_both_2_and_3_with_dataset_expressions', 'dataset_consumes_1', 'dataset_consumes_1_and_2', 'dataset_consumes_1_never_scheduled' retrieved from /home/vscode/.local/lib/python3.11/site-packages/airflow/example_dags/example_datasets.py
[2026-05-09T11:44:46.647+0000] {logging_mixin.py:188} INFO - [2026-05-09T11:44:46.647+0000] {dag.py:3096} INFO - Sync 10 DAGs
[2026-05-09T11:44:46.681+0000] {logging_mixin.py:188} INFO - [2026-05-09T11:44:46.681+0000] {dag.py:3954} INFO - Setting next_dagrun for conditional_dataset_and_time_based_timetable to 2026-05-06 01:00:00+00:00, run_after=2026-05-06 01:00:00+00:00
[2026-05-09T11:44:46.686+0000] {logging_mixin.py:188} INFO - [2026-05-09T11:44:46.686+0000] {dag.py:3954} INFO - Setting next_dagrun for consume_1_and_2_with_dataset_expressions to None, run_after=None
[2026-05-09T11:44:46.688+0000] {logging_mixin.py:188} INFO - [2026-05-09T11:44:46.688+0000] {dag.py:3954} INFO - Setting next_dagrun for consume_1_or_2_with_dataset_expressions to None, run_after=None
[2026-05-09T11:44:46.689+0000] {logging_mixin.py:188} INFO - [2026-05-09T11:44:46.689+0000] {dag.py:3954} INFO - Setting next_dagrun for consume_1_or_both_2_and_3_with_dataset_expressions to None, run_after=None
[2026-05-09T11:44:46.690+0000] {logging_mixin.py:188} INFO - [2026-05-09T11:44:46.690+0000] {dag.py:3954} INFO - Setting next_dagrun for dataset_consumes_1 to None, run_after=None
[2026-05-09T11:44:46.691+0000] {logging_mixin.py:188} INFO - [2026-05-09T11:44:46.691+0000] {dag.py:3954} INFO - Setting next_dagrun for dataset_consumes_1_and_2 to None, run_after=None
[2026-05-09T11:44:46.692+0000] {logging_mixin.py:188} INFO - [2026-05-09T11:44:46.692+0000] {dag.py:3954} INFO - Setting next_dagrun for dataset_consumes_1_never_scheduled to None, run_after=None
[2026-05-09T11:44:46.693+0000] {logging_mixin.py:188} INFO - [2026-05-09T11:44:46.693+0000] {dag.py:3954} INFO - Setting next_dagrun for dataset_consumes_unknown_never_scheduled to None, run_after=None
[2026-05-09T11:44:46.696+0000] {logging_mixin.py:188} INFO - [2026-05-09T11:44:46.696+0000] {dag.py:3954} INFO - Setting next_dagrun for dataset_produces_1 to 2026-05-08 00:00:00+00:00, run_after=2026-05-09 00:00:00+00:00
[2026-05-09T11:44:46.699+0000] {logging_mixin.py:188} INFO - [2026-05-09T11:44:46.699+0000] {dag.py:3954} INFO - Setting next_dagrun for dataset_produces_2 to None, run_after=None
[2026-05-09T11:44:46.750+0000] {processor.py:183} INFO - Processing /home/vscode/.local/lib/python3.11/site-packages/airflow/example_dags/example_datasets.py took 0.255 seconds
[2026-05-09T11:45:52.749+0000] {processor.py:161} INFO - Started process (PID=23622) to work on /home/vscode/.local/lib/python3.11/site-packages/airflow/example_dags/example_datasets.py
[2026-05-09T11:45:52.751+0000] {processor.py:830} INFO - Processing file /home/vscode/.local/lib/python3.11/site-packages/airflow/example_dags/example_datasets.py for tasks to queue
[2026-05-09T11:45:52.752+0000] {logging_mixin.py:188} INFO - [2026-05-09T11:45:52.752+0000] {dagbag.py:545} INFO - Filling up the DagBag from /home/vscode/.local/lib/python3.11/site-packages/airflow/example_dags/example_datasets.py
[2026-05-09T11:45:52.767+0000] {processor.py:840} INFO - DAG(s) 'dataset_produces_1', 'dataset_consumes_1', 'consume_1_and_2_with_dataset_expressions', 'dataset_consumes_1_and_2', 'consume_1_or_2_with_dataset_expressions', 'dataset_consumes_unknown_never_scheduled', 'consume_1_or_both_2_and_3_with_dataset_expressions', 'dataset_consumes_1_never_scheduled', 'dataset_produces_2', 'conditional_dataset_and_time_based_timetable' retrieved from /home/vscode/.local/lib/python3.11/site-packages/airflow/example_dags/example_datasets.py
[2026-05-09T11:45:52.794+0000] {logging_mixin.py:188} INFO - [2026-05-09T11:45:52.794+0000] {dag.py:3096} INFO - Sync 10 DAGs
[2026-05-09T11:45:52.816+0000] {logging_mixin.py:188} INFO - [2026-05-09T11:45:52.816+0000] {dag.py:3954} INFO - Setting next_dagrun for conditional_dataset_and_time_based_timetable to 2026-05-06 01:00:00+00:00, run_after=2026-05-06 01:00:00+00:00
[2026-05-09T11:45:52.819+0000] {logging_mixin.py:188} INFO - [2026-05-09T11:45:52.819+0000] {dag.py:3954} INFO - Setting next_dagrun for consume_1_and_2_with_dataset_expressions to None, run_after=None
[2026-05-09T11:45:52.820+0000] {logging_mixin.py:188} INFO - [2026-05-09T11:45:52.820+0000] {dag.py:3954} INFO - Setting next_dagrun for consume_1_or_2_with_dataset_expressions to None, run_after=None
[2026-05-09T11:45:52.821+0000] {logging_mixin.py:188} INFO - [2026-05-09T11:45:52.821+0000] {dag.py:3954} INFO - Setting next_dagrun for consume_1_or_both_2_and_3_with_dataset_expressions to None, run_after=None
[2026-05-09T11:45:52.822+0000] {logging_mixin.py:188} INFO - [2026-05-09T11:45:52.822+0000] {dag.py:3954} INFO - Setting next_dagrun for dataset_consumes_1 to None, run_after=None
[2026-05-09T11:45:52.823+0000] {logging_mixin.py:188} INFO - [2026-05-09T11:45:52.823+0000] {dag.py:3954} INFO - Setting next_dagrun for dataset_consumes_1_and_2 to None, run_after=None
[2026-05-09T11:45:52.824+0000] {logging_mixin.py:188} INFO - [2026-05-09T11:45:52.824+0000] {dag.py:3954} INFO - Setting next_dagrun for dataset_consumes_1_never_scheduled to None, run_after=None
[2026-05-09T11:45:52.824+0000] {logging_mixin.py:188} INFO - [2026-05-09T11:45:52.824+0000] {dag.py:3954} INFO - Setting next_dagrun for dataset_consumes_unknown_never_scheduled to None, run_after=None
[2026-05-09T11:45:52.827+0000] {logging_mixin.py:188} INFO - [2026-05-09T11:45:52.827+0000] {dag.py:3954} INFO - Setting next_dagrun for dataset_produces_1 to 2026-05-08 00:00:00+00:00, run_after=2026-05-09 00:00:00+00:00
[2026-05-09T11:45:52.828+0000] {logging_mixin.py:188} INFO - [2026-05-09T11:45:52.827+0000] {dag.py:3954} INFO - Setting next_dagrun for dataset_produces_2 to None, run_after=None
[2026-05-09T11:45:52.872+0000] {processor.py:183} INFO - Processing /home/vscode/.local/lib/python3.11/site-packages/airflow/example_dags/example_datasets.py took 0.133 seconds
[2026-05-09T11:46:58.785+0000] {processor.py:161} INFO - Started process (PID=24279) to work on /home/vscode/.local/lib/python3.11/site-packages/airflow/example_dags/example_datasets.py
[2026-05-09T11:46:58.786+0000] {processor.py:830} INFO - Processing file /home/vscode/.local/lib/python3.11/site-packages/airflow/example_dags/example_datasets.py for tasks to queue
[2026-05-09T11:46:58.787+0000] {logging_mixin.py:188} INFO - [2026-05-09T11:46:58.786+0000] {dagbag.py:545} INFO - Filling up the DagBag from /home/vscode/.local/lib/python3.11/site-packages/airflow/example_dags/example_datasets.py
[2026-05-09T11:46:58.798+0000] {processor.py:840} INFO - DAG(s) 'dataset_produces_2', 'dataset_consumes_1_and_2', 'consume_1_or_2_with_dataset_expressions', 'dataset_consumes_unknown_never_scheduled', 'consume_1_and_2_with_dataset_expressions', 'dataset_produces_1', 'dataset_consumes_1_never_scheduled', 'conditional_dataset_and_time_based_timetable', 'dataset_consumes_1', 'consume_1_or_both_2_and_3_with_dataset_expressions' retrieved from /home/vscode/.local/lib/python3.11/site-packages/airflow/example_dags/example_datasets.py
[2026-05-09T11:46:58.824+0000] {logging_mixin.py:188} INFO - [2026-05-09T11:46:58.824+0000] {dag.py:3096} INFO - Sync 10 DAGs
[2026-05-09T11:46:58.840+0000] {logging_mixin.py:188} INFO - [2026-05-09T11:46:58.840+0000] {dag.py:3954} INFO - Setting next_dagrun for conditional_dataset_and_time_based_timetable to 2026-05-06 01:00:00+00:00, run_after=2026-05-06 01:00:00+00:00
[2026-05-09T11:46:58.842+0000] {logging_mixin.py:188} INFO - [2026-05-09T11:46:58.842+0000] {dag.py:3954} INFO - Setting next_dagrun for consume_1_and_2_with_dataset_expressions to None, run_after=None
[2026-05-09T11:46:58.843+0000] {logging_mixin.py:188} INFO - [2026-05-09T11:46:58.843+0000] {dag.py:3954} INFO - Setting next_dagrun for consume_1_or_2_with_dataset_expressions to None, run_after=None
[2026-05-09T11:46:58.844+0000] {logging_mixin.py:188} INFO - [2026-05-09T11:46:58.844+0000] {dag.py:3954} INFO - Setting next_dagrun for consume_1_or_both_2_and_3_with_dataset_expressions to None, run_after=None
[2026-05-09T11:46:58.844+0000] {logging_mixin.py:188} INFO - [2026-05-09T11:46:58.844+0000] {dag.py:3954} INFO - Setting next_dagrun for dataset_consumes_1 to None, run_after=None
[2026-05-09T11:46:58.845+0000] {logging_mixin.py:188} INFO - [2026-05-09T11:46:58.845+0000] {dag.py:3954} INFO - Setting next_dagrun for dataset_consumes_1_and_2 to None, run_after=None
[2026-05-09T11:46:58.845+0000] {logging_mixin.py:188} INFO - [2026-05-09T11:46:58.845+0000] {dag.py:3954} INFO - Setting next_dagrun for dataset_consumes_1_never_scheduled to None, run_after=None
[2026-05-09T11:46:58.846+0000] {logging_mixin.py:188} INFO - [2026-05-09T11:46:58.846+0000] {dag.py:3954} INFO - Setting next_dagrun for dataset_consumes_unknown_never_scheduled to None, run_after=None
[2026-05-09T11:46:58.847+0000] {logging_mixin.py:188} INFO - [2026-05-09T11:46:58.847+0000] {dag.py:3954} INFO - Setting next_dagrun for dataset_produces_1 to 2026-05-08 00:00:00+00:00, run_after=2026-05-09 00:00:00+00:00
[2026-05-09T11:46:58.848+0000] {logging_mixin.py:188} INFO - [2026-05-09T11:46:58.848+0000] {dag.py:3954} INFO - Setting next_dagrun for dataset_produces_2 to None, run_after=None
[2026-05-09T11:46:58.872+0000] {processor.py:183} INFO - Processing /home/vscode/.local/lib/python3.11/site-packages/airflow/example_dags/example_datasets.py took 0.093 seconds
[2026-05-09T11:48:04.452+0000] {processor.py:161} INFO - Started process (PID=24840) to work on /home/vscode/.local/lib/python3.11/site-packages/airflow/example_dags/example_datasets.py
[2026-05-09T11:48:04.453+0000] {processor.py:830} INFO - Processing file /home/vscode/.local/lib/python3.11/site-packages/airflow/example_dags/example_datasets.py for tasks to queue
[2026-05-09T11:48:04.453+0000] {logging_mixin.py:188} INFO - [2026-05-09T11:48:04.453+0000] {dagbag.py:545} INFO - Filling up the DagBag from /home/vscode/.local/lib/python3.11/site-packages/airflow/example_dags/example_datasets.py
[2026-05-09T11:48:04.465+0000] {processor.py:840} INFO - DAG(s) 'dataset_consumes_1', 'consume_1_and_2_with_dataset_expressions', 'consume_1_or_both_2_and_3_with_dataset_expressions', 'conditional_dataset_and_time_based_timetable', 'dataset_produces_1', 'consume_1_or_2_with_dataset_expressions', 'dataset_consumes_1_and_2', 'dataset_produces_2', 'dataset_consumes_unknown_never_scheduled', 'dataset_consumes_1_never_scheduled' retrieved from /home/vscode/.local/lib/python3.11/site-packages/airflow/example_dags/example_datasets.py
[2026-05-09T11:48:04.491+0000] {logging_mixin.py:188} INFO - [2026-05-09T11:48:04.491+0000] {dag.py:3096} INFO - Sync 10 DAGs
[2026-05-09T11:48:04.506+0000] {logging_mixin.py:188} INFO - [2026-05-09T11:48:04.506+0000] {dag.py:3954} INFO - Setting next_dagrun for conditional_dataset_and_time_based_timetable to 2026-05-06 01:00:00+00:00, run_after=2026-05-06 01:00:00+00:00
[2026-05-09T11:48:04.508+0000] {logging_mixin.py:188} INFO - [2026-05-09T11:48:04.508+0000] {dag.py:3954} INFO - Setting next_dagrun for consume_1_and_2_with_dataset_expressions to None, run_after=None
[2026-05-09T11:48:04.509+0000] {logging_mixin.py:188} INFO - [2026-05-09T11:48:04.509+0000] {dag.py:3954} INFO - Setting next_dagrun for consume_1_or_2_with_dataset_expressions to None, run_after=None
[2026-05-09T11:48:04.510+0000] {logging_mixin.py:188} INFO - [2026-05-09T11:48:04.509+0000] {dag.py:3954} INFO - Setting next_dagrun for consume_1_or_both_2_and_3_with_dataset_expressions to None, run_after=None
[2026-05-09T11:48:04.510+0000] {logging_mixin.py:188} INFO - [2026-05-09T11:48:04.510+0000] {dag.py:3954} INFO - Setting next_dagrun for dataset_consumes_1 to None, run_after=None
[2026-05-09T11:48:04.511+0000] {logging_mixin.py:188} INFO - [2026-05-09T11:48:04.511+0000] {dag.py:3954} INFO - Setting next_dagrun for dataset_consumes_1_and_2 to None, run_after=None
[2026-05-09T11:48:04.511+0000] {logging_mixin.py:188} INFO - [2026-05-09T11:48:04.511+0000] {dag.py:3954} INFO - Setting next_dagrun for dataset_consumes_1_never_scheduled to None, run_after=None
[2026-05-09T11:48:04.512+0000] {logging_mixin.py:188} INFO - [2026-05-09T11:48:04.512+0000] {dag.py:3954} INFO - Setting next_dagrun for dataset_consumes_unknown_never_scheduled to None, run_after=None
[2026-05-09T11:48:04.513+0000] {logging_mixin.py:188} INFO - [2026-05-09T11:48:04.513+0000] {dag.py:3954} INFO - Setting next_dagrun for dataset_produces_1 to 2026-05-08 00:00:00+00:00, run_after=2026-05-09 00:00:00+00:00
[2026-05-09T11:48:04.514+0000] {logging_mixin.py:188} INFO - [2026-05-09T11:48:04.514+0000] {dag.py:3954} INFO - Setting next_dagrun for dataset_produces_2 to None, run_after=None
[2026-05-09T11:48:04.537+0000] {processor.py:183} INFO - Processing /home/vscode/.local/lib/python3.11/site-packages/airflow/example_dags/example_datasets.py took 0.091 seconds
[2026-05-09T11:49:06.247+0000] {processor.py:161} INFO - Started process (PID=25415) to work on /home/vscode/.local/lib/python3.11/site-packages/airflow/example_dags/example_datasets.py
[2026-05-09T11:49:06.248+0000] {processor.py:830} INFO - Processing file /home/vscode/.local/lib/python3.11/site-packages/airflow/example_dags/example_datasets.py for tasks to queue
[2026-05-09T11:49:06.248+0000] {logging_mixin.py:188} INFO - [2026-05-09T11:49:06.248+0000] {dagbag.py:545} INFO - Filling up the DagBag from /home/vscode/.local/lib/python3.11/site-packages/airflow/example_dags/example_datasets.py
[2026-05-09T11:49:06.259+0000] {processor.py:840} INFO - DAG(s) 'conditional_dataset_and_time_based_timetable', 'dataset_produces_1', 'dataset_consumes_1', 'consume_1_or_both_2_and_3_with_dataset_expressions', 'dataset_consumes_1_never_scheduled', 'dataset_consumes_unknown_never_scheduled', 'dataset_produces_2', 'consume_1_or_2_with_dataset_expressions', 'dataset_consumes_1_and_2', 'consume_1_and_2_with_dataset_expressions' retrieved from /home/vscode/.local/lib/python3.11/site-packages/airflow/example_dags/example_datasets.py
[2026-05-09T11:49:06.284+0000] {logging_mixin.py:188} INFO - [2026-05-09T11:49:06.284+0000] {dag.py:3096} INFO - Sync 10 DAGs
[2026-05-09T11:49:06.300+0000] {logging_mixin.py:188} INFO - [2026-05-09T11:49:06.300+0000] {dag.py:3954} INFO - Setting next_dagrun for conditional_dataset_and_time_based_timetable to 2026-05-06 01:00:00+00:00, run_after=2026-05-06 01:00:00+00:00
[2026-05-09T11:49:06.302+0000] {logging_mixin.py:188} INFO - [2026-05-09T11:49:06.302+0000] {dag.py:3954} INFO - Setting next_dagrun for consume_1_and_2_with_dataset_expressions to None, run_after=None
[2026-05-09T11:49:06.303+0000] {logging_mixin.py:188} INFO - [2026-05-09T11:49:06.302+0000] {dag.py:3954} INFO - Setting next_dagrun for consume_1_or_2_with_dataset_expressions to None, run_after=None
[2026-05-09T11:49:06.303+0000] {logging_mixin.py:188} INFO - [2026-05-09T11:49:06.303+0000] {dag.py:3954} INFO - Setting next_dagrun for consume_1_or_both_2_and_3_with_dataset_expressions to None, run_after=None
[2026-05-09T11:49:06.304+0000] {logging_mixin.py:188} INFO - [2026-05-09T11:49:06.304+0000] {dag.py:3954} INFO - Setting next_dagrun for dataset_consumes_1 to None, run_after=None
[2026-05-09T11:49:06.304+0000] {logging_mixin.py:188} INFO - [2026-05-09T11:49:06.304+0000] {dag.py:3954} INFO - Setting next_dagrun for dataset_consumes_1_and_2 to None, run_after=None
[2026-05-09T11:49:06.305+0000] {logging_mixin.py:188} INFO - [2026-05-09T11:49:06.305+0000] {dag.py:3954} INFO - Setting next_dagrun for dataset_consumes_1_never_scheduled to None, run_after=None
[2026-05-09T11:49:06.305+0000] {logging_mixin.py:188} INFO - [2026-05-09T11:49:06.305+0000] {dag.py:3954} INFO - Setting next_dagrun for dataset_consumes_unknown_never_scheduled to None, run_after=None
[2026-05-09T11:49:06.307+0000] {logging_mixin.py:188} INFO - [2026-05-09T11:49:06.307+0000] {dag.py:3954} INFO - Setting next_dagrun for dataset_produces_1 to 2026-05-08 00:00:00+00:00, run_after=2026-05-09 00:00:00+00:00
[2026-05-09T11:49:06.308+0000] {logging_mixin.py:188} INFO - [2026-05-09T11:49:06.307+0000] {dag.py:3954} INFO - Setting next_dagrun for dataset_produces_2 to None, run_after=None
[2026-05-09T11:49:06.331+0000] {processor.py:183} INFO - Processing /home/vscode/.local/lib/python3.11/site-packages/airflow/example_dags/example_datasets.py took 0.090 seconds
[2026-05-09T11:50:10.347+0000] {processor.py:161} INFO - Started process (PID=26013) to work on /home/vscode/.local/lib/python3.11/site-packages/airflow/example_dags/example_datasets.py
[2026-05-09T11:50:10.348+0000] {processor.py:830} INFO - Processing file /home/vscode/.local/lib/python3.11/site-packages/airflow/example_dags/example_datasets.py for tasks to queue
[2026-05-09T11:50:10.348+0000] {logging_mixin.py:188} INFO - [2026-05-09T11:50:10.348+0000] {dagbag.py:545} INFO - Filling up the DagBag from /home/vscode/.local/lib/python3.11/site-packages/airflow/example_dags/example_datasets.py
[2026-05-09T11:50:10.361+0000] {processor.py:840} INFO - DAG(s) 'consume_1_or_2_with_dataset_expressions', 'dataset_produces_2', 'dataset_consumes_1_and_2', 'dataset_consumes_1_never_scheduled', 'conditional_dataset_and_time_based_timetable', 'consume_1_and_2_with_dataset_expressions', 'consume_1_or_both_2_and_3_with_dataset_expressions', 'dataset_consumes_unknown_never_scheduled', 'dataset_produces_1', 'dataset_consumes_1' retrieved from /home/vscode/.local/lib/python3.11/site-packages/airflow/example_dags/example_datasets.py
[2026-05-09T11:50:10.389+0000] {logging_mixin.py:188} INFO - [2026-05-09T11:50:10.389+0000] {dag.py:3096} INFO - Sync 10 DAGs
[2026-05-09T11:50:10.405+0000] {logging_mixin.py:188} INFO - [2026-05-09T11:50:10.405+0000] {dag.py:3954} INFO - Setting next_dagrun for conditional_dataset_and_time_based_timetable to 2026-05-06 01:00:00+00:00, run_after=2026-05-06 01:00:00+00:00
[2026-05-09T11:50:10.407+0000] {logging_mixin.py:188} INFO - [2026-05-09T11:50:10.407+0000] {dag.py:3954} INFO - Setting next_dagrun for consume_1_and_2_with_dataset_expressions to None, run_after=None
[2026-05-09T11:50:10.408+0000] {logging_mixin.py:188} INFO - [2026-05-09T11:50:10.408+0000] {dag.py:3954} INFO - Setting next_dagrun for consume_1_or_2_with_dataset_expressions to None, run_after=None
[2026-05-09T11:50:10.409+0000] {logging_mixin.py:188} INFO - [2026-05-09T11:50:10.409+0000] {dag.py:3954} INFO - Setting next_dagrun for consume_1_or_both_2_and_3_with_dataset_expressions to None, run_after=None
[2026-05-09T11:50:10.409+0000] {logging_mixin.py:188} INFO - [2026-05-09T11:50:10.409+0000] {dag.py:3954} INFO - Setting next_dagrun for dataset_consumes_1 to None, run_after=None
[2026-05-09T11:50:10.410+0000] {logging_mixin.py:188} INFO - [2026-05-09T11:50:10.410+0000] {dag.py:3954} INFO - Setting next_dagrun for dataset_consumes_1_and_2 to None, run_after=None
[2026-05-09T11:50:10.411+0000] {logging_mixin.py:188} INFO - [2026-05-09T11:50:10.411+0000] {dag.py:3954} INFO - Setting next_dagrun for dataset_consumes_1_never_scheduled to None, run_after=None
[2026-05-09T11:50:10.411+0000] {logging_mixin.py:188} INFO - [2026-05-09T11:50:10.411+0000] {dag.py:3954} INFO - Setting next_dagrun for dataset_consumes_unknown_never_scheduled to None, run_after=None
[2026-05-09T11:50:10.413+0000] {logging_mixin.py:188} INFO - [2026-05-09T11:50:10.413+0000] {dag.py:3954} INFO - Setting next_dagrun for dataset_produces_1 to 2026-05-08 00:00:00+00:00, run_after=2026-05-09 00:00:00+00:00
[2026-05-09T11:50:10.413+0000] {logging_mixin.py:188} INFO - [2026-05-09T11:50:10.413+0000] {dag.py:3954} INFO - Setting next_dagrun for dataset_produces_2 to None, run_after=None
[2026-05-09T11:50:10.436+0000] {processor.py:183} INFO - Processing /home/vscode/.local/lib/python3.11/site-packages/airflow/example_dags/example_datasets.py took 0.095 seconds
[2026-05-09T11:51:14.407+0000] {processor.py:161} INFO - Started process (PID=26780) to work on /home/vscode/.local/lib/python3.11/site-packages/airflow/example_dags/example_datasets.py
[2026-05-09T11:51:14.408+0000] {processor.py:830} INFO - Processing file /home/vscode/.local/lib/python3.11/site-packages/airflow/example_dags/example_datasets.py for tasks to queue
[2026-05-09T11:51:14.409+0000] {logging_mixin.py:188} INFO - [2026-05-09T11:51:14.408+0000] {dagbag.py:545} INFO - Filling up the DagBag from /home/vscode/.local/lib/python3.11/site-packages/airflow/example_dags/example_datasets.py
[2026-05-09T11:51:14.420+0000] {processor.py:840} INFO - DAG(s) 'dataset_consumes_1_and_2', 'consume_1_or_both_2_and_3_with_dataset_expressions', 'conditional_dataset_and_time_based_timetable', 'dataset_consumes_unknown_never_scheduled', 'dataset_produces_1', 'consume_1_and_2_with_dataset_expressions', 'consume_1_or_2_with_dataset_expressions', 'dataset_consumes_1_never_scheduled', 'dataset_consumes_1', 'dataset_produces_2' retrieved from /home/vscode/.local/lib/python3.11/site-packages/airflow/example_dags/example_datasets.py
[2026-05-09T11:51:14.446+0000] {logging_mixin.py:188} INFO - [2026-05-09T11:51:14.446+0000] {dag.py:3096} INFO - Sync 10 DAGs
[2026-05-09T11:51:14.463+0000] {logging_mixin.py:188} INFO - [2026-05-09T11:51:14.463+0000] {dag.py:3954} INFO - Setting next_dagrun for conditional_dataset_and_time_based_timetable to 2026-05-06 01:00:00+00:00, run_after=2026-05-06 01:00:00+00:00
[2026-05-09T11:51:14.465+0000] {logging_mixin.py:188} INFO - [2026-05-09T11:51:14.465+0000] {dag.py:3954} INFO - Setting next_dagrun for consume_1_and_2_with_dataset_expressions to None, run_after=None
[2026-05-09T11:51:14.466+0000] {logging_mixin.py:188} INFO - [2026-05-09T11:51:14.466+0000] {dag.py:3954} INFO - Setting next_dagrun for consume_1_or_2_with_dataset_expressions to None, run_after=None
[2026-05-09T11:51:14.467+0000] {logging_mixin.py:188} INFO - [2026-05-09T11:51:14.466+0000] {dag.py:3954} INFO - Setting next_dagrun for consume_1_or_both_2_and_3_with_dataset_expressions to None, run_after=None
[2026-05-09T11:51:14.467+0000] {logging_mixin.py:188} INFO - [2026-05-09T11:51:14.467+0000] {dag.py:3954} INFO - Setting next_dagrun for dataset_consumes_1 to None, run_after=None
[2026-05-09T11:51:14.468+0000] {logging_mixin.py:188} INFO - [2026-05-09T11:51:14.468+0000] {dag.py:3954} INFO - Setting next_dagrun for dataset_consumes_1_and_2 to None, run_after=None
[2026-05-09T11:51:14.468+0000] {logging_mixin.py:188} INFO - [2026-05-09T11:51:14.468+0000] {dag.py:3954} INFO - Setting next_dagrun for dataset_consumes_1_never_scheduled to None, run_after=None
[2026-05-09T11:51:14.469+0000] {logging_mixin.py:188} INFO - [2026-05-09T11:51:14.469+0000] {dag.py:3954} INFO - Setting next_dagrun for dataset_consumes_unknown_never_scheduled to None, run_after=None
[2026-05-09T11:51:14.470+0000] {logging_mixin.py:188} INFO - [2026-05-09T11:51:14.470+0000] {dag.py:3954} INFO - Setting next_dagrun for dataset_produces_1 to 2026-05-08 00:00:00+00:00, run_after=2026-05-09 00:00:00+00:00
[2026-05-09T11:51:14.471+0000] {logging_mixin.py:188} INFO - [2026-05-09T11:51:14.471+0000] {dag.py:3954} INFO - Setting next_dagrun for dataset_produces_2 to None, run_after=None
[2026-05-09T11:51:14.494+0000] {processor.py:183} INFO - Processing /home/vscode/.local/lib/python3.11/site-packages/airflow/example_dags/example_datasets.py took 0.092 seconds
[2026-05-09T11:52:17.607+0000] {processor.py:161} INFO - Started process (PID=27352) to work on /home/vscode/.local/lib/python3.11/site-packages/airflow/example_dags/example_datasets.py
[2026-05-09T11:52:17.608+0000] {processor.py:830} INFO - Processing file /home/vscode/.local/lib/python3.11/site-packages/airflow/example_dags/example_datasets.py for tasks to queue
[2026-05-09T11:52:17.608+0000] {logging_mixin.py:188} INFO - [2026-05-09T11:52:17.608+0000] {dagbag.py:545} INFO - Filling up the DagBag from /home/vscode/.local/lib/python3.11/site-packages/airflow/example_dags/example_datasets.py
[2026-05-09T11:52:17.619+0000] {processor.py:840} INFO - DAG(s) 'dataset_produces_2', 'consume_1_or_both_2_and_3_with_dataset_expressions', 'dataset_consumes_1', 'consume_1_or_2_with_dataset_expressions', 'dataset_consumes_1_and_2', 'consume_1_and_2_with_dataset_expressions', 'dataset_consumes_unknown_never_scheduled', 'dataset_produces_1', 'conditional_dataset_and_time_based_timetable', 'dataset_consumes_1_never_scheduled' retrieved from /home/vscode/.local/lib/python3.11/site-packages/airflow/example_dags/example_datasets.py
[2026-05-09T11:52:17.645+0000] {logging_mixin.py:188} INFO - [2026-05-09T11:52:17.645+0000] {dag.py:3096} INFO - Sync 10 DAGs
[2026-05-09T11:52:17.665+0000] {logging_mixin.py:188} INFO - [2026-05-09T11:52:17.664+0000] {dag.py:3954} INFO - Setting next_dagrun for conditional_dataset_and_time_based_timetable to 2026-05-06 01:00:00+00:00, run_after=2026-05-06 01:00:00+00:00
[2026-05-09T11:52:17.667+0000] {logging_mixin.py:188} INFO - [2026-05-09T11:52:17.667+0000] {dag.py:3954} INFO - Setting next_dagrun for consume_1_and_2_with_dataset_expressions to None, run_after=None
[2026-05-09T11:52:17.668+0000] {logging_mixin.py:188} INFO - [2026-05-09T11:52:17.668+0000] {dag.py:3954} INFO - Setting next_dagrun for consume_1_or_2_with_dataset_expressions to None, run_after=None
[2026-05-09T11:52:17.669+0000] {logging_mixin.py:188} INFO - [2026-05-09T11:52:17.669+0000] {dag.py:3954} INFO - Setting next_dagrun for consume_1_or_both_2_and_3_with_dataset_expressions to None, run_after=None
[2026-05-09T11:52:17.670+0000] {logging_mixin.py:188} INFO - [2026-05-09T11:52:17.670+0000] {dag.py:3954} INFO - Setting next_dagrun for dataset_consumes_1 to None, run_after=None
[2026-05-09T11:52:17.671+0000] {logging_mixin.py:188} INFO - [2026-05-09T11:52:17.670+0000] {dag.py:3954} INFO - Setting next_dagrun for dataset_consumes_1_and_2 to None, run_after=None
[2026-05-09T11:52:17.671+0000] {logging_mixin.py:188} INFO - [2026-05-09T11:52:17.671+0000] {dag.py:3954} INFO - Setting next_dagrun for dataset_consumes_1_never_scheduled to None, run_after=None
[2026-05-09T11:52:17.672+0000] {logging_mixin.py:188} INFO - [2026-05-09T11:52:17.672+0000] {dag.py:3954} INFO - Setting next_dagrun for dataset_consumes_unknown_never_scheduled to None, run_after=None
[2026-05-09T11:52:17.675+0000] {logging_mixin.py:188} INFO - [2026-05-09T11:52:17.675+0000] {dag.py:3954} INFO - Setting next_dagrun for dataset_produces_1 to 2026-05-08 00:00:00+00:00, run_after=2026-05-09 00:00:00+00:00
[2026-05-09T11:52:17.676+0000] {logging_mixin.py:188} INFO - [2026-05-09T11:52:17.676+0000] {dag.py:3954} INFO - Setting next_dagrun for dataset_produces_2 to None, run_after=None
[2026-05-09T11:52:17.736+0000] {processor.py:183} INFO - Processing /home/vscode/.local/lib/python3.11/site-packages/airflow/example_dags/example_datasets.py took 0.135 seconds
[2026-05-09T11:53:16.621+0000] {processor.py:161} INFO - Started process (PID=27881) to work on /home/vscode/.local/lib/python3.11/site-packages/airflow/example_dags/example_datasets.py
[2026-05-09T11:53:16.621+0000] {processor.py:830} INFO - Processing file /home/vscode/.local/lib/python3.11/site-packages/airflow/example_dags/example_datasets.py for tasks to queue
[2026-05-09T11:53:16.622+0000] {logging_mixin.py:188} INFO - [2026-05-09T11:53:16.621+0000] {dagbag.py:545} INFO - Filling up the DagBag from /home/vscode/.local/lib/python3.11/site-packages/airflow/example_dags/example_datasets.py
[2026-05-09T11:53:16.632+0000] {processor.py:840} INFO - DAG(s) 'dataset_consumes_1', 'conditional_dataset_and_time_based_timetable', 'dataset_produces_2', 'dataset_consumes_1_and_2', 'dataset_produces_1', 'consume_1_and_2_with_dataset_expressions', 'dataset_consumes_1_never_scheduled', 'consume_1_or_both_2_and_3_with_dataset_expressions', 'dataset_consumes_unknown_never_scheduled', 'consume_1_or_2_with_dataset_expressions' retrieved from /home/vscode/.local/lib/python3.11/site-packages/airflow/example_dags/example_datasets.py
[2026-05-09T11:53:16.658+0000] {logging_mixin.py:188} INFO - [2026-05-09T11:53:16.658+0000] {dag.py:3096} INFO - Sync 10 DAGs
[2026-05-09T11:53:16.673+0000] {logging_mixin.py:188} INFO - [2026-05-09T11:53:16.673+0000] {dag.py:3954} INFO - Setting next_dagrun for conditional_dataset_and_time_based_timetable to 2026-05-06 01:00:00+00:00, run_after=2026-05-06 01:00:00+00:00
[2026-05-09T11:53:16.675+0000] {logging_mixin.py:188} INFO - [2026-05-09T11:53:16.675+0000] {dag.py:3954} INFO - Setting next_dagrun for consume_1_and_2_with_dataset_expressions to None, run_after=None
[2026-05-09T11:53:16.676+0000] {logging_mixin.py:188} INFO - [2026-05-09T11:53:16.676+0000] {dag.py:3954} INFO - Setting next_dagrun for consume_1_or_2_with_dataset_expressions to None, run_after=None
[2026-05-09T11:53:16.677+0000] {logging_mixin.py:188} INFO - [2026-05-09T11:53:16.677+0000] {dag.py:3954} INFO - Setting next_dagrun for consume_1_or_both_2_and_3_with_dataset_expressions to None, run_after=None
[2026-05-09T11:53:16.677+0000] {logging_mixin.py:188} INFO - [2026-05-09T11:53:16.677+0000] {dag.py:3954} INFO - Setting next_dagrun for dataset_consumes_1 to None, run_after=None
[2026-05-09T11:53:16.678+0000] {logging_mixin.py:188} INFO - [2026-05-09T11:53:16.678+0000] {dag.py:3954} INFO - Setting next_dagrun for dataset_consumes_1_and_2 to None, run_after=None
[2026-05-09T11:53:16.679+0000] {logging_mixin.py:188} INFO - [2026-05-09T11:53:16.679+0000] {dag.py:3954} INFO - Setting next_dagrun for dataset_consumes_1_never_scheduled to None, run_after=None
[2026-05-09T11:53:16.679+0000] {logging_mixin.py:188} INFO - [2026-05-09T11:53:16.679+0000] {dag.py:3954} INFO - Setting next_dagrun for dataset_consumes_unknown_never_scheduled to None, run_after=None
[2026-05-09T11:53:16.681+0000] {logging_mixin.py:188} INFO - [2026-05-09T11:53:16.681+0000] {dag.py:3954} INFO - Setting next_dagrun for dataset_produces_1 to 2026-05-08 00:00:00+00:00, run_after=2026-05-09 00:00:00+00:00
[2026-05-09T11:53:16.681+0000] {logging_mixin.py:188} INFO - [2026-05-09T11:53:16.681+0000] {dag.py:3954} INFO - Setting next_dagrun for dataset_produces_2 to None, run_after=None
[2026-05-09T11:53:16.704+0000] {processor.py:183} INFO - Processing /home/vscode/.local/lib/python3.11/site-packages/airflow/example_dags/example_datasets.py took 0.089 seconds
[2026-05-09T11:54:17.145+0000] {processor.py:161} INFO - Started process (PID=28404) to work on /home/vscode/.local/lib/python3.11/site-packages/airflow/example_dags/example_datasets.py
[2026-05-09T11:54:17.145+0000] {processor.py:830} INFO - Processing file /home/vscode/.local/lib/python3.11/site-packages/airflow/example_dags/example_datasets.py for tasks to queue
[2026-05-09T11:54:17.146+0000] {logging_mixin.py:188} INFO - [2026-05-09T11:54:17.146+0000] {dagbag.py:545} INFO - Filling up the DagBag from /home/vscode/.local/lib/python3.11/site-packages/airflow/example_dags/example_datasets.py
[2026-05-09T11:54:17.158+0000] {processor.py:840} INFO - DAG(s) 'dataset_produces_2', 'consume_1_or_both_2_and_3_with_dataset_expressions', 'consume_1_and_2_with_dataset_expressions', 'conditional_dataset_and_time_based_timetable', 'dataset_consumes_1_and_2', 'consume_1_or_2_with_dataset_expressions', 'dataset_consumes_unknown_never_scheduled', 'dataset_produces_1', 'dataset_consumes_1', 'dataset_consumes_1_never_scheduled' retrieved from /home/vscode/.local/lib/python3.11/site-packages/airflow/example_dags/example_datasets.py
[2026-05-09T11:54:17.185+0000] {logging_mixin.py:188} INFO - [2026-05-09T11:54:17.185+0000] {dag.py:3096} INFO - Sync 10 DAGs
[2026-05-09T11:54:17.200+0000] {logging_mixin.py:188} INFO - [2026-05-09T11:54:17.200+0000] {dag.py:3954} INFO - Setting next_dagrun for conditional_dataset_and_time_based_timetable to 2026-05-06 01:00:00+00:00, run_after=2026-05-06 01:00:00+00:00
[2026-05-09T11:54:17.203+0000] {logging_mixin.py:188} INFO - [2026-05-09T11:54:17.203+0000] {dag.py:3954} INFO - Setting next_dagrun for consume_1_and_2_with_dataset_expressions to None, run_after=None
[2026-05-09T11:54:17.203+0000] {logging_mixin.py:188} INFO - [2026-05-09T11:54:17.203+0000] {dag.py:3954} INFO - Setting next_dagrun for consume_1_or_2_with_dataset_expressions to None, run_after=None
[2026-05-09T11:54:17.204+0000] {logging_mixin.py:188} INFO - [2026-05-09T11:54:17.204+0000] {dag.py:3954} INFO - Setting next_dagrun for consume_1_or_both_2_and_3_with_dataset_expressions to None, run_after=None
[2026-05-09T11:54:17.205+0000] {logging_mixin.py:188} INFO - [2026-05-09T11:54:17.204+0000] {dag.py:3954} INFO - Setting next_dagrun for dataset_consumes_1 to None, run_after=None
[2026-05-09T11:54:17.205+0000] {logging_mixin.py:188} INFO - [2026-05-09T11:54:17.205+0000] {dag.py:3954} INFO - Setting next_dagrun for dataset_consumes_1_and_2 to None, run_after=None
[2026-05-09T11:54:17.206+0000] {logging_mixin.py:188} INFO - [2026-05-09T11:54:17.206+0000] {dag.py:3954} INFO - Setting next_dagrun for dataset_consumes_1_never_scheduled to None, run_after=None
[2026-05-09T11:54:17.206+0000] {logging_mixin.py:188} INFO - [2026-05-09T11:54:17.206+0000] {dag.py:3954} INFO - Setting next_dagrun for dataset_consumes_unknown_never_scheduled to None, run_after=None
[2026-05-09T11:54:17.208+0000] {logging_mixin.py:188} INFO - [2026-05-09T11:54:17.208+0000] {dag.py:3954} INFO - Setting next_dagrun for dataset_produces_1 to 2026-05-08 00:00:00+00:00, run_after=2026-05-09 00:00:00+00:00
[2026-05-09T11:54:17.208+0000] {logging_mixin.py:188} INFO - [2026-05-09T11:54:17.208+0000] {dag.py:3954} INFO - Setting next_dagrun for dataset_produces_2 to None, run_after=None
[2026-05-09T11:54:17.231+0000] {processor.py:183} INFO - Processing /home/vscode/.local/lib/python3.11/site-packages/airflow/example_dags/example_datasets.py took 0.092 seconds
[2026-05-09T11:55:20.271+0000] {processor.py:161} INFO - Started process (PID=28942) to work on /home/vscode/.local/lib/python3.11/site-packages/airflow/example_dags/example_datasets.py
[2026-05-09T11:55:20.272+0000] {processor.py:830} INFO - Processing file /home/vscode/.local/lib/python3.11/site-packages/airflow/example_dags/example_datasets.py for tasks to queue
[2026-05-09T11:55:20.272+0000] {logging_mixin.py:188} INFO - [2026-05-09T11:55:20.272+0000] {dagbag.py:545} INFO - Filling up the DagBag from /home/vscode/.local/lib/python3.11/site-packages/airflow/example_dags/example_datasets.py
[2026-05-09T11:55:20.283+0000] {processor.py:840} INFO - DAG(s) 'conditional_dataset_and_time_based_timetable', 'consume_1_or_2_with_dataset_expressions', 'dataset_consumes_1', 'dataset_consumes_1_and_2', 'consume_1_or_both_2_and_3_with_dataset_expressions', 'dataset_produces_2', 'dataset_consumes_1_never_scheduled', 'dataset_consumes_unknown_never_scheduled', 'consume_1_and_2_with_dataset_expressions', 'dataset_produces_1' retrieved from /home/vscode/.local/lib/python3.11/site-packages/airflow/example_dags/example_datasets.py
[2026-05-09T11:55:20.315+0000] {logging_mixin.py:188} INFO - [2026-05-09T11:55:20.315+0000] {dag.py:3096} INFO - Sync 10 DAGs
[2026-05-09T11:55:20.333+0000] {logging_mixin.py:188} INFO - [2026-05-09T11:55:20.332+0000] {dag.py:3954} INFO - Setting next_dagrun for conditional_dataset_and_time_based_timetable to 2026-05-06 01:00:00+00:00, run_after=2026-05-06 01:00:00+00:00
[2026-05-09T11:55:20.335+0000] {logging_mixin.py:188} INFO - [2026-05-09T11:55:20.335+0000] {dag.py:3954} INFO - Setting next_dagrun for consume_1_and_2_with_dataset_expressions to None, run_after=None
[2026-05-09T11:55:20.336+0000] {logging_mixin.py:188} INFO - [2026-05-09T11:55:20.335+0000] {dag.py:3954} INFO - Setting next_dagrun for consume_1_or_2_with_dataset_expressions to None, run_after=None
[2026-05-09T11:55:20.336+0000] {logging_mixin.py:188} INFO - [2026-05-09T11:55:20.336+0000] {dag.py:3954} INFO - Setting next_dagrun for consume_1_or_both_2_and_3_with_dataset_expressions to None, run_after=None
[2026-05-09T11:55:20.337+0000] {logging_mixin.py:188} INFO - [2026-05-09T11:55:20.337+0000] {dag.py:3954} INFO - Setting next_dagrun for dataset_consumes_1 to None, run_after=None
[2026-05-09T11:55:20.337+0000] {logging_mixin.py:188} INFO - [2026-05-09T11:55:20.337+0000] {dag.py:3954} INFO - Setting next_dagrun for dataset_consumes_1_and_2 to None, run_after=None
[2026-05-09T11:55:20.338+0000] {logging_mixin.py:188} INFO - [2026-05-09T11:55:20.338+0000] {dag.py:3954} INFO - Setting next_dagrun for dataset_consumes_1_never_scheduled to None, run_after=None
[2026-05-09T11:55:20.338+0000] {logging_mixin.py:188} INFO - [2026-05-09T11:55:20.338+0000] {dag.py:3954} INFO - Setting next_dagrun for dataset_consumes_unknown_never_scheduled to None, run_after=None
[2026-05-09T11:55:20.340+0000] {logging_mixin.py:188} INFO - [2026-05-09T11:55:20.340+0000] {dag.py:3954} INFO - Setting next_dagrun for dataset_produces_1 to 2026-05-08 00:00:00+00:00, run_after=2026-05-09 00:00:00+00:00
[2026-05-09T11:55:20.340+0000] {logging_mixin.py:188} INFO - [2026-05-09T11:55:20.340+0000] {dag.py:3954} INFO - Setting next_dagrun for dataset_produces_2 to None, run_after=None
[2026-05-09T11:55:20.365+0000] {processor.py:183} INFO - Processing /home/vscode/.local/lib/python3.11/site-packages/airflow/example_dags/example_datasets.py took 0.100 seconds
[2026-05-09T11:56:22.503+0000] {processor.py:161} INFO - Started process (PID=29414) to work on /home/vscode/.local/lib/python3.11/site-packages/airflow/example_dags/example_datasets.py
[2026-05-09T11:56:22.503+0000] {processor.py:830} INFO - Processing file /home/vscode/.local/lib/python3.11/site-packages/airflow/example_dags/example_datasets.py for tasks to queue
[2026-05-09T11:56:22.504+0000] {logging_mixin.py:188} INFO - [2026-05-09T11:56:22.504+0000] {dagbag.py:545} INFO - Filling up the DagBag from /home/vscode/.local/lib/python3.11/site-packages/airflow/example_dags/example_datasets.py
[2026-05-09T11:56:22.515+0000] {processor.py:840} INFO - DAG(s) 'dataset_produces_2', 'dataset_produces_1', 'conditional_dataset_and_time_based_timetable', 'consume_1_or_both_2_and_3_with_dataset_expressions', 'dataset_consumes_unknown_never_scheduled', 'dataset_consumes_1_and_2', 'dataset_consumes_1', 'dataset_consumes_1_never_scheduled', 'consume_1_and_2_with_dataset_expressions', 'consume_1_or_2_with_dataset_expressions' retrieved from /home/vscode/.local/lib/python3.11/site-packages/airflow/example_dags/example_datasets.py
[2026-05-09T11:56:22.542+0000] {logging_mixin.py:188} INFO - [2026-05-09T11:56:22.542+0000] {dag.py:3096} INFO - Sync 10 DAGs
[2026-05-09T11:56:22.559+0000] {logging_mixin.py:188} INFO - [2026-05-09T11:56:22.558+0000] {dag.py:3954} INFO - Setting next_dagrun for conditional_dataset_and_time_based_timetable to 2026-05-06 01:00:00+00:00, run_after=2026-05-06 01:00:00+00:00
[2026-05-09T11:56:22.561+0000] {logging_mixin.py:188} INFO - [2026-05-09T11:56:22.561+0000] {dag.py:3954} INFO - Setting next_dagrun for consume_1_and_2_with_dataset_expressions to None, run_after=None
[2026-05-09T11:56:22.562+0000] {logging_mixin.py:188} INFO - [2026-05-09T11:56:22.561+0000] {dag.py:3954} INFO - Setting next_dagrun for consume_1_or_2_with_dataset_expressions to None, run_after=None
[2026-05-09T11:56:22.562+0000] {logging_mixin.py:188} INFO - [2026-05-09T11:56:22.562+0000] {dag.py:3954} INFO - Setting next_dagrun for consume_1_or_both_2_and_3_with_dataset_expressions to None, run_after=None
[2026-05-09T11:56:22.563+0000] {logging_mixin.py:188} INFO - [2026-05-09T11:56:22.563+0000] {dag.py:3954} INFO - Setting next_dagrun for dataset_consumes_1 to None, run_after=None
[2026-05-09T11:56:22.563+0000] {logging_mixin.py:188} INFO - [2026-05-09T11:56:22.563+0000] {dag.py:3954} INFO - Setting next_dagrun for dataset_consumes_1_and_2 to None, run_after=None
[2026-05-09T11:56:22.564+0000] {logging_mixin.py:188} INFO - [2026-05-09T11:56:22.564+0000] {dag.py:3954} INFO - Setting next_dagrun for dataset_consumes_1_never_scheduled to None, run_after=None
[2026-05-09T11:56:22.565+0000] {logging_mixin.py:188} INFO - [2026-05-09T11:56:22.564+0000] {dag.py:3954} INFO - Setting next_dagrun for dataset_consumes_unknown_never_scheduled to None, run_after=None
[2026-05-09T11:56:22.566+0000] {logging_mixin.py:188} INFO - [2026-05-09T11:56:22.566+0000] {dag.py:3954} INFO - Setting next_dagrun for dataset_produces_1 to 2026-05-08 00:00:00+00:00, run_after=2026-05-09 00:00:00+00:00
[2026-05-09T11:56:22.567+0000] {logging_mixin.py:188} INFO - [2026-05-09T11:56:22.567+0000] {dag.py:3954} INFO - Setting next_dagrun for dataset_produces_2 to None, run_after=None
[2026-05-09T11:56:22.590+0000] {processor.py:183} INFO - Processing /home/vscode/.local/lib/python3.11/site-packages/airflow/example_dags/example_datasets.py took 0.093 seconds
[2026-05-09T11:57:21.947+0000] {processor.py:161} INFO - Started process (PID=29928) to work on /home/vscode/.local/lib/python3.11/site-packages/airflow/example_dags/example_datasets.py
[2026-05-09T11:57:21.948+0000] {processor.py:830} INFO - Processing file /home/vscode/.local/lib/python3.11/site-packages/airflow/example_dags/example_datasets.py for tasks to queue
[2026-05-09T11:57:21.948+0000] {logging_mixin.py:188} INFO - [2026-05-09T11:57:21.948+0000] {dagbag.py:545} INFO - Filling up the DagBag from /home/vscode/.local/lib/python3.11/site-packages/airflow/example_dags/example_datasets.py
[2026-05-09T11:57:21.959+0000] {processor.py:840} INFO - DAG(s) 'dataset_consumes_1_and_2', 'conditional_dataset_and_time_based_timetable', 'dataset_consumes_1_never_scheduled', 'consume_1_or_2_with_dataset_expressions', 'dataset_produces_2', 'dataset_produces_1', 'consume_1_and_2_with_dataset_expressions', 'consume_1_or_both_2_and_3_with_dataset_expressions', 'dataset_consumes_unknown_never_scheduled', 'dataset_consumes_1' retrieved from /home/vscode/.local/lib/python3.11/site-packages/airflow/example_dags/example_datasets.py
[2026-05-09T11:57:21.985+0000] {logging_mixin.py:188} INFO - [2026-05-09T11:57:21.985+0000] {dag.py:3096} INFO - Sync 10 DAGs
[2026-05-09T11:57:22.001+0000] {logging_mixin.py:188} INFO - [2026-05-09T11:57:22.001+0000] {dag.py:3954} INFO - Setting next_dagrun for conditional_dataset_and_time_based_timetable to 2026-05-06 01:00:00+00:00, run_after=2026-05-06 01:00:00+00:00
[2026-05-09T11:57:22.004+0000] {logging_mixin.py:188} INFO - [2026-05-09T11:57:22.003+0000] {dag.py:3954} INFO - Setting next_dagrun for consume_1_and_2_with_dataset_expressions to None, run_after=None
[2026-05-09T11:57:22.004+0000] {logging_mixin.py:188} INFO - [2026-05-09T11:57:22.004+0000] {dag.py:3954} INFO - Setting next_dagrun for consume_1_or_2_with_dataset_expressions to None, run_after=None
[2026-05-09T11:57:22.005+0000] {logging_mixin.py:188} INFO - [2026-05-09T11:57:22.005+0000] {dag.py:3954} INFO - Setting next_dagrun for consume_1_or_both_2_and_3_with_dataset_expressions to None, run_after=None
[2026-05-09T11:57:22.005+0000] {logging_mixin.py:188} INFO - [2026-05-09T11:57:22.005+0000] {dag.py:3954} INFO - Setting next_dagrun for dataset_consumes_1 to None, run_after=None
[2026-05-09T11:57:22.006+0000] {logging_mixin.py:188} INFO - [2026-05-09T11:57:22.006+0000] {dag.py:3954} INFO - Setting next_dagrun for dataset_consumes_1_and_2 to None, run_after=None
[2026-05-09T11:57:22.007+0000] {logging_mixin.py:188} INFO - [2026-05-09T11:57:22.006+0000] {dag.py:3954} INFO - Setting next_dagrun for dataset_consumes_1_never_scheduled to None, run_after=None
[2026-05-09T11:57:22.007+0000] {logging_mixin.py:188} INFO - [2026-05-09T11:57:22.007+0000] {dag.py:3954} INFO - Setting next_dagrun for dataset_consumes_unknown_never_scheduled to None, run_after=None
[2026-05-09T11:57:22.009+0000] {logging_mixin.py:188} INFO - [2026-05-09T11:57:22.009+0000] {dag.py:3954} INFO - Setting next_dagrun for dataset_produces_1 to 2026-05-08 00:00:00+00:00, run_after=2026-05-09 00:00:00+00:00
[2026-05-09T11:57:22.009+0000] {logging_mixin.py:188} INFO - [2026-05-09T11:57:22.009+0000] {dag.py:3954} INFO - Setting next_dagrun for dataset_produces_2 to None, run_after=None
[2026-05-09T11:57:22.031+0000] {processor.py:183} INFO - Processing /home/vscode/.local/lib/python3.11/site-packages/airflow/example_dags/example_datasets.py took 0.091 seconds
[2026-05-09T11:58:27.397+0000] {processor.py:161} INFO - Started process (PID=30416) to work on /home/vscode/.local/lib/python3.11/site-packages/airflow/example_dags/example_datasets.py
[2026-05-09T11:58:27.397+0000] {processor.py:830} INFO - Processing file /home/vscode/.local/lib/python3.11/site-packages/airflow/example_dags/example_datasets.py for tasks to queue
[2026-05-09T11:58:27.398+0000] {logging_mixin.py:188} INFO - [2026-05-09T11:58:27.398+0000] {dagbag.py:545} INFO - Filling up the DagBag from /home/vscode/.local/lib/python3.11/site-packages/airflow/example_dags/example_datasets.py
[2026-05-09T11:58:27.414+0000] {processor.py:840} INFO - DAG(s) 'dataset_consumes_1_and_2', 'dataset_consumes_1', 'dataset_consumes_1_never_scheduled', 'dataset_consumes_unknown_never_scheduled', 'dataset_produces_2', 'dataset_produces_1', 'consume_1_and_2_with_dataset_expressions', 'consume_1_or_both_2_and_3_with_dataset_expressions', 'consume_1_or_2_with_dataset_expressions', 'conditional_dataset_and_time_based_timetable' retrieved from /home/vscode/.local/lib/python3.11/site-packages/airflow/example_dags/example_datasets.py
[2026-05-09T11:58:27.443+0000] {logging_mixin.py:188} INFO - [2026-05-09T11:58:27.443+0000] {dag.py:3096} INFO - Sync 10 DAGs
[2026-05-09T11:58:27.460+0000] {logging_mixin.py:188} INFO - [2026-05-09T11:58:27.460+0000] {dag.py:3954} INFO - Setting next_dagrun for conditional_dataset_and_time_based_timetable to 2026-05-06 01:00:00+00:00, run_after=2026-05-06 01:00:00+00:00
[2026-05-09T11:58:27.463+0000] {logging_mixin.py:188} INFO - [2026-05-09T11:58:27.463+0000] {dag.py:3954} INFO - Setting next_dagrun for consume_1_and_2_with_dataset_expressions to None, run_after=None
[2026-05-09T11:58:27.463+0000] {logging_mixin.py:188} INFO - [2026-05-09T11:58:27.463+0000] {dag.py:3954} INFO - Setting next_dagrun for consume_1_or_2_with_dataset_expressions to None, run_after=None
[2026-05-09T11:58:27.464+0000] {logging_mixin.py:188} INFO - [2026-05-09T11:58:27.464+0000] {dag.py:3954} INFO - Setting next_dagrun for consume_1_or_both_2_and_3_with_dataset_expressions to None, run_after=None
[2026-05-09T11:58:27.465+0000] {logging_mixin.py:188} INFO - [2026-05-09T11:58:27.465+0000] {dag.py:3954} INFO - Setting next_dagrun for dataset_consumes_1 to None, run_after=None
[2026-05-09T11:58:27.465+0000] {logging_mixin.py:188} INFO - [2026-05-09T11:58:27.465+0000] {dag.py:3954} INFO - Setting next_dagrun for dataset_consumes_1_and_2 to None, run_after=None
[2026-05-09T11:58:27.466+0000] {logging_mixin.py:188} INFO - [2026-05-09T11:58:27.466+0000] {dag.py:3954} INFO - Setting next_dagrun for dataset_consumes_1_never_scheduled to None, run_after=None
[2026-05-09T11:58:27.467+0000] {logging_mixin.py:188} INFO - [2026-05-09T11:58:27.466+0000] {dag.py:3954} INFO - Setting next_dagrun for dataset_consumes_unknown_never_scheduled to None, run_after=None
[2026-05-09T11:58:27.468+0000] {logging_mixin.py:188} INFO - [2026-05-09T11:58:27.468+0000] {dag.py:3954} INFO - Setting next_dagrun for dataset_produces_1 to 2026-05-08 00:00:00+00:00, run_after=2026-05-09 00:00:00+00:00
[2026-05-09T11:58:27.469+0000] {logging_mixin.py:188} INFO - [2026-05-09T11:58:27.469+0000] {dag.py:3954} INFO - Setting next_dagrun for dataset_produces_2 to None, run_after=None
[2026-05-09T11:58:27.493+0000] {processor.py:183} INFO - Processing /home/vscode/.local/lib/python3.11/site-packages/airflow/example_dags/example_datasets.py took 0.103 seconds
[2026-05-09T11:59:31.295+0000] {processor.py:161} INFO - Started process (PID=30958) to work on /home/vscode/.local/lib/python3.11/site-packages/airflow/example_dags/example_datasets.py
[2026-05-09T11:59:31.295+0000] {processor.py:830} INFO - Processing file /home/vscode/.local/lib/python3.11/site-packages/airflow/example_dags/example_datasets.py for tasks to queue
[2026-05-09T11:59:31.296+0000] {logging_mixin.py:188} INFO - [2026-05-09T11:59:31.296+0000] {dagbag.py:545} INFO - Filling up the DagBag from /home/vscode/.local/lib/python3.11/site-packages/airflow/example_dags/example_datasets.py
[2026-05-09T11:59:31.306+0000] {processor.py:840} INFO - DAG(s) 'dataset_produces_1', 'dataset_consumes_1_and_2', 'consume_1_and_2_with_dataset_expressions', 'consume_1_or_both_2_and_3_with_dataset_expressions', 'dataset_consumes_1', 'dataset_consumes_1_never_scheduled', 'dataset_produces_2', 'dataset_consumes_unknown_never_scheduled', 'consume_1_or_2_with_dataset_expressions', 'conditional_dataset_and_time_based_timetable' retrieved from /home/vscode/.local/lib/python3.11/site-packages/airflow/example_dags/example_datasets.py
[2026-05-09T11:59:31.332+0000] {logging_mixin.py:188} INFO - [2026-05-09T11:59:31.331+0000] {dag.py:3096} INFO - Sync 10 DAGs
[2026-05-09T11:59:31.348+0000] {logging_mixin.py:188} INFO - [2026-05-09T11:59:31.348+0000] {dag.py:3954} INFO - Setting next_dagrun for conditional_dataset_and_time_based_timetable to 2026-05-06 01:00:00+00:00, run_after=2026-05-06 01:00:00+00:00
[2026-05-09T11:59:31.350+0000] {logging_mixin.py:188} INFO - [2026-05-09T11:59:31.350+0000] {dag.py:3954} INFO - Setting next_dagrun for consume_1_and_2_with_dataset_expressions to None, run_after=None
[2026-05-09T11:59:31.350+0000] {logging_mixin.py:188} INFO - [2026-05-09T11:59:31.350+0000] {dag.py:3954} INFO - Setting next_dagrun for consume_1_or_2_with_dataset_expressions to None, run_after=None
[2026-05-09T11:59:31.351+0000] {logging_mixin.py:188} INFO - [2026-05-09T11:59:31.351+0000] {dag.py:3954} INFO - Setting next_dagrun for consume_1_or_both_2_and_3_with_dataset_expressions to None, run_after=None
[2026-05-09T11:59:31.352+0000] {logging_mixin.py:188} INFO - [2026-05-09T11:59:31.351+0000] {dag.py:3954} INFO - Setting next_dagrun for dataset_consumes_1 to None, run_after=None
[2026-05-09T11:59:31.352+0000] {logging_mixin.py:188} INFO - [2026-05-09T11:59:31.352+0000] {dag.py:3954} INFO - Setting next_dagrun for dataset_consumes_1_and_2 to None, run_after=None
[2026-05-09T11:59:31.353+0000] {logging_mixin.py:188} INFO - [2026-05-09T11:59:31.353+0000] {dag.py:3954} INFO - Setting next_dagrun for dataset_consumes_1_never_scheduled to None, run_after=None
[2026-05-09T11:59:31.353+0000] {logging_mixin.py:188} INFO - [2026-05-09T11:59:31.353+0000] {dag.py:3954} INFO - Setting next_dagrun for dataset_consumes_unknown_never_scheduled to None, run_after=None
[2026-05-09T11:59:31.355+0000] {logging_mixin.py:188} INFO - [2026-05-09T11:59:31.355+0000] {dag.py:3954} INFO - Setting next_dagrun for dataset_produces_1 to 2026-05-08 00:00:00+00:00, run_after=2026-05-09 00:00:00+00:00
[2026-05-09T11:59:31.355+0000] {logging_mixin.py:188} INFO - [2026-05-09T11:59:31.355+0000] {dag.py:3954} INFO - Setting next_dagrun for dataset_produces_2 to None, run_after=None
[2026-05-09T11:59:31.378+0000] {processor.py:183} INFO - Processing /home/vscode/.local/lib/python3.11/site-packages/airflow/example_dags/example_datasets.py took 0.089 seconds
[2026-05-09T12:00:31.800+0000] {processor.py:161} INFO - Started process (PID=31421) to work on /home/vscode/.local/lib/python3.11/site-packages/airflow/example_dags/example_datasets.py
[2026-05-09T12:00:31.801+0000] {processor.py:830} INFO - Processing file /home/vscode/.local/lib/python3.11/site-packages/airflow/example_dags/example_datasets.py for tasks to queue
[2026-05-09T12:00:31.801+0000] {logging_mixin.py:188} INFO - [2026-05-09T12:00:31.801+0000] {dagbag.py:545} INFO - Filling up the DagBag from /home/vscode/.local/lib/python3.11/site-packages/airflow/example_dags/example_datasets.py
[2026-05-09T12:00:31.812+0000] {processor.py:840} INFO - DAG(s) 'consume_1_or_both_2_and_3_with_dataset_expressions', 'consume_1_or_2_with_dataset_expressions', 'conditional_dataset_and_time_based_timetable', 'dataset_consumes_1_and_2', 'dataset_produces_2', 'dataset_consumes_1_never_scheduled', 'dataset_consumes_unknown_never_scheduled', 'dataset_consumes_1', 'consume_1_and_2_with_dataset_expressions', 'dataset_produces_1' retrieved from /home/vscode/.local/lib/python3.11/site-packages/airflow/example_dags/example_datasets.py
[2026-05-09T12:00:31.839+0000] {logging_mixin.py:188} INFO - [2026-05-09T12:00:31.839+0000] {dag.py:3096} INFO - Sync 10 DAGs
[2026-05-09T12:00:31.855+0000] {logging_mixin.py:188} INFO - [2026-05-09T12:00:31.855+0000] {dag.py:3954} INFO - Setting next_dagrun for conditional_dataset_and_time_based_timetable to 2026-05-06 01:00:00+00:00, run_after=2026-05-06 01:00:00+00:00
[2026-05-09T12:00:31.857+0000] {logging_mixin.py:188} INFO - [2026-05-09T12:00:31.857+0000] {dag.py:3954} INFO - Setting next_dagrun for consume_1_and_2_with_dataset_expressions to None, run_after=None
[2026-05-09T12:00:31.858+0000] {logging_mixin.py:188} INFO - [2026-05-09T12:00:31.858+0000] {dag.py:3954} INFO - Setting next_dagrun for consume_1_or_2_with_dataset_expressions to None, run_after=None
[2026-05-09T12:00:31.858+0000] {logging_mixin.py:188} INFO - [2026-05-09T12:00:31.858+0000] {dag.py:3954} INFO - Setting next_dagrun for consume_1_or_both_2_and_3_with_dataset_expressions to None, run_after=None
[2026-05-09T12:00:31.859+0000] {logging_mixin.py:188} INFO - [2026-05-09T12:00:31.859+0000] {dag.py:3954} INFO - Setting next_dagrun for dataset_consumes_1 to None, run_after=None
[2026-05-09T12:00:31.859+0000] {logging_mixin.py:188} INFO - [2026-05-09T12:00:31.859+0000] {dag.py:3954} INFO - Setting next_dagrun for dataset_consumes_1_and_2 to None, run_after=None
[2026-05-09T12:00:31.860+0000] {logging_mixin.py:188} INFO - [2026-05-09T12:00:31.860+0000] {dag.py:3954} INFO - Setting next_dagrun for dataset_consumes_1_never_scheduled to None, run_after=None
[2026-05-09T12:00:31.861+0000] {logging_mixin.py:188} INFO - [2026-05-09T12:00:31.860+0000] {dag.py:3954} INFO - Setting next_dagrun for dataset_consumes_unknown_never_scheduled to None, run_after=None
[2026-05-09T12:00:31.862+0000] {logging_mixin.py:188} INFO - [2026-05-09T12:00:31.862+0000] {dag.py:3954} INFO - Setting next_dagrun for dataset_produces_1 to 2026-05-08 00:00:00+00:00, run_after=2026-05-09 00:00:00+00:00
[2026-05-09T12:00:31.863+0000] {logging_mixin.py:188} INFO - [2026-05-09T12:00:31.863+0000] {dag.py:3954} INFO - Setting next_dagrun for dataset_produces_2 to None, run_after=None
[2026-05-09T12:00:31.885+0000] {processor.py:183} INFO - Processing /home/vscode/.local/lib/python3.11/site-packages/airflow/example_dags/example_datasets.py took 0.094 seconds
[2026-05-09T12:01:36.479+0000] {processor.py:161} INFO - Started process (PID=32022) to work on /home/vscode/.local/lib/python3.11/site-packages/airflow/example_dags/example_datasets.py
[2026-05-09T12:01:36.480+0000] {processor.py:830} INFO - Processing file /home/vscode/.local/lib/python3.11/site-packages/airflow/example_dags/example_datasets.py for tasks to queue
[2026-05-09T12:01:36.480+0000] {logging_mixin.py:188} INFO - [2026-05-09T12:01:36.480+0000] {dagbag.py:545} INFO - Filling up the DagBag from /home/vscode/.local/lib/python3.11/site-packages/airflow/example_dags/example_datasets.py
[2026-05-09T12:01:36.491+0000] {processor.py:840} INFO - DAG(s) 'consume_1_or_2_with_dataset_expressions', 'dataset_consumes_1_never_scheduled', 'conditional_dataset_and_time_based_timetable', 'consume_1_and_2_with_dataset_expressions', 'dataset_produces_2', 'dataset_consumes_1_and_2', 'dataset_produces_1', 'consume_1_or_both_2_and_3_with_dataset_expressions', 'dataset_consumes_1', 'dataset_consumes_unknown_never_scheduled' retrieved from /home/vscode/.local/lib/python3.11/site-packages/airflow/example_dags/example_datasets.py
[2026-05-09T12:01:36.517+0000] {logging_mixin.py:188} INFO - [2026-05-09T12:01:36.517+0000] {dag.py:3096} INFO - Sync 10 DAGs
[2026-05-09T12:01:36.537+0000] {logging_mixin.py:188} INFO - [2026-05-09T12:01:36.537+0000] {dag.py:3954} INFO - Setting next_dagrun for conditional_dataset_and_time_based_timetable to 2026-05-06 01:00:00+00:00, run_after=2026-05-06 01:00:00+00:00
[2026-05-09T12:01:36.540+0000] {logging_mixin.py:188} INFO - [2026-05-09T12:01:36.540+0000] {dag.py:3954} INFO - Setting next_dagrun for consume_1_and_2_with_dataset_expressions to None, run_after=None
[2026-05-09T12:01:36.541+0000] {logging_mixin.py:188} INFO - [2026-05-09T12:01:36.541+0000] {dag.py:3954} INFO - Setting next_dagrun for consume_1_or_2_with_dataset_expressions to None, run_after=None
[2026-05-09T12:01:36.542+0000] {logging_mixin.py:188} INFO - [2026-05-09T12:01:36.542+0000] {dag.py:3954} INFO - Setting next_dagrun for consume_1_or_both_2_and_3_with_dataset_expressions to None, run_after=None
[2026-05-09T12:01:36.543+0000] {logging_mixin.py:188} INFO - [2026-05-09T12:01:36.543+0000] {dag.py:3954} INFO - Setting next_dagrun for dataset_consumes_1 to None, run_after=None
[2026-05-09T12:01:36.544+0000] {logging_mixin.py:188} INFO - [2026-05-09T12:01:36.543+0000] {dag.py:3954} INFO - Setting next_dagrun for dataset_consumes_1_and_2 to None, run_after=None
[2026-05-09T12:01:36.544+0000] {logging_mixin.py:188} INFO - [2026-05-09T12:01:36.544+0000] {dag.py:3954} INFO - Setting next_dagrun for dataset_consumes_1_never_scheduled to None, run_after=None
[2026-05-09T12:01:36.545+0000] {logging_mixin.py:188} INFO - [2026-05-09T12:01:36.545+0000] {dag.py:3954} INFO - Setting next_dagrun for dataset_consumes_unknown_never_scheduled to None, run_after=None
[2026-05-09T12:01:36.546+0000] {logging_mixin.py:188} INFO - [2026-05-09T12:01:36.546+0000] {dag.py:3954} INFO - Setting next_dagrun for dataset_produces_1 to 2026-05-08 00:00:00+00:00, run_after=2026-05-09 00:00:00+00:00
[2026-05-09T12:01:36.547+0000] {logging_mixin.py:188} INFO - [2026-05-09T12:01:36.547+0000] {dag.py:3954} INFO - Setting next_dagrun for dataset_produces_2 to None, run_after=None
[2026-05-09T12:01:36.570+0000] {processor.py:183} INFO - Processing /home/vscode/.local/lib/python3.11/site-packages/airflow/example_dags/example_datasets.py took 0.098 seconds
[2026-05-09T12:02:39.623+0000] {processor.py:161} INFO - Started process (PID=32495) to work on /home/vscode/.local/lib/python3.11/site-packages/airflow/example_dags/example_datasets.py
[2026-05-09T12:02:39.623+0000] {processor.py:830} INFO - Processing file /home/vscode/.local/lib/python3.11/site-packages/airflow/example_dags/example_datasets.py for tasks to queue
[2026-05-09T12:02:39.624+0000] {logging_mixin.py:188} INFO - [2026-05-09T12:02:39.624+0000] {dagbag.py:545} INFO - Filling up the DagBag from /home/vscode/.local/lib/python3.11/site-packages/airflow/example_dags/example_datasets.py
[2026-05-09T12:02:39.635+0000] {processor.py:840} INFO - DAG(s) 'consume_1_or_2_with_dataset_expressions', 'consume_1_or_both_2_and_3_with_dataset_expressions', 'conditional_dataset_and_time_based_timetable', 'dataset_consumes_1_and_2', 'dataset_produces_2', 'dataset_consumes_1_never_scheduled', 'consume_1_and_2_with_dataset_expressions', 'dataset_produces_1', 'dataset_consumes_unknown_never_scheduled', 'dataset_consumes_1' retrieved from /home/vscode/.local/lib/python3.11/site-packages/airflow/example_dags/example_datasets.py
[2026-05-09T12:02:39.661+0000] {logging_mixin.py:188} INFO - [2026-05-09T12:02:39.661+0000] {dag.py:3096} INFO - Sync 10 DAGs
[2026-05-09T12:02:39.679+0000] {logging_mixin.py:188} INFO - [2026-05-09T12:02:39.678+0000] {dag.py:3954} INFO - Setting next_dagrun for conditional_dataset_and_time_based_timetable to 2026-05-06 01:00:00+00:00, run_after=2026-05-06 01:00:00+00:00
[2026-05-09T12:02:39.681+0000] {logging_mixin.py:188} INFO - [2026-05-09T12:02:39.681+0000] {dag.py:3954} INFO - Setting next_dagrun for consume_1_and_2_with_dataset_expressions to None, run_after=None
[2026-05-09T12:02:39.682+0000] {logging_mixin.py:188} INFO - [2026-05-09T12:02:39.682+0000] {dag.py:3954} INFO - Setting next_dagrun for consume_1_or_2_with_dataset_expressions to None, run_after=None
[2026-05-09T12:02:39.682+0000] {logging_mixin.py:188} INFO - [2026-05-09T12:02:39.682+0000] {dag.py:3954} INFO - Setting next_dagrun for consume_1_or_both_2_and_3_with_dataset_expressions to None, run_after=None
[2026-05-09T12:02:39.683+0000] {logging_mixin.py:188} INFO - [2026-05-09T12:02:39.683+0000] {dag.py:3954} INFO - Setting next_dagrun for dataset_consumes_1 to None, run_after=None
[2026-05-09T12:02:39.684+0000] {logging_mixin.py:188} INFO - [2026-05-09T12:02:39.683+0000] {dag.py:3954} INFO - Setting next_dagrun for dataset_consumes_1_and_2 to None, run_after=None
[2026-05-09T12:02:39.684+0000] {logging_mixin.py:188} INFO - [2026-05-09T12:02:39.684+0000] {dag.py:3954} INFO - Setting next_dagrun for dataset_consumes_1_never_scheduled to None, run_after=None
[2026-05-09T12:02:39.685+0000] {logging_mixin.py:188} INFO - [2026-05-09T12:02:39.685+0000] {dag.py:3954} INFO - Setting next_dagrun for dataset_consumes_unknown_never_scheduled to None, run_after=None
[2026-05-09T12:02:39.687+0000] {logging_mixin.py:188} INFO - [2026-05-09T12:02:39.687+0000] {dag.py:3954} INFO - Setting next_dagrun for dataset_produces_1 to 2026-05-08 00:00:00+00:00, run_after=2026-05-09 00:00:00+00:00
[2026-05-09T12:02:39.687+0000] {logging_mixin.py:188} INFO - [2026-05-09T12:02:39.687+0000] {dag.py:3954} INFO - Setting next_dagrun for dataset_produces_2 to None, run_after=None
[2026-05-09T12:02:39.711+0000] {processor.py:183} INFO - Processing /home/vscode/.local/lib/python3.11/site-packages/airflow/example_dags/example_datasets.py took 0.094 seconds
[2026-05-09T12:03:41.289+0000] {processor.py:161} INFO - Started process (PID=33093) to work on /home/vscode/.local/lib/python3.11/site-packages/airflow/example_dags/example_datasets.py
[2026-05-09T12:03:41.290+0000] {processor.py:830} INFO - Processing file /home/vscode/.local/lib/python3.11/site-packages/airflow/example_dags/example_datasets.py for tasks to queue
[2026-05-09T12:03:41.291+0000] {logging_mixin.py:188} INFO - [2026-05-09T12:03:41.290+0000] {dagbag.py:545} INFO - Filling up the DagBag from /home/vscode/.local/lib/python3.11/site-packages/airflow/example_dags/example_datasets.py
[2026-05-09T12:03:41.301+0000] {processor.py:840} INFO - DAG(s) 'dataset_produces_1', 'dataset_consumes_1_and_2', 'consume_1_or_2_with_dataset_expressions', 'dataset_consumes_unknown_never_scheduled', 'conditional_dataset_and_time_based_timetable', 'dataset_produces_2', 'dataset_consumes_1_never_scheduled', 'consume_1_and_2_with_dataset_expressions', 'consume_1_or_both_2_and_3_with_dataset_expressions', 'dataset_consumes_1' retrieved from /home/vscode/.local/lib/python3.11/site-packages/airflow/example_dags/example_datasets.py
[2026-05-09T12:03:41.328+0000] {logging_mixin.py:188} INFO - [2026-05-09T12:03:41.328+0000] {dag.py:3096} INFO - Sync 10 DAGs
[2026-05-09T12:03:41.344+0000] {logging_mixin.py:188} INFO - [2026-05-09T12:03:41.343+0000] {dag.py:3954} INFO - Setting next_dagrun for conditional_dataset_and_time_based_timetable to 2026-05-06 01:00:00+00:00, run_after=2026-05-06 01:00:00+00:00
[2026-05-09T12:03:41.346+0000] {logging_mixin.py:188} INFO - [2026-05-09T12:03:41.345+0000] {dag.py:3954} INFO - Setting next_dagrun for consume_1_and_2_with_dataset_expressions to None, run_after=None
[2026-05-09T12:03:41.346+0000] {logging_mixin.py:188} INFO - [2026-05-09T12:03:41.346+0000] {dag.py:3954} INFO - Setting next_dagrun for consume_1_or_2_with_dataset_expressions to None, run_after=None
[2026-05-09T12:03:41.347+0000] {logging_mixin.py:188} INFO - [2026-05-09T12:03:41.347+0000] {dag.py:3954} INFO - Setting next_dagrun for consume_1_or_both_2_and_3_with_dataset_expressions to None, run_after=None
[2026-05-09T12:03:41.347+0000] {logging_mixin.py:188} INFO - [2026-05-09T12:03:41.347+0000] {dag.py:3954} INFO - Setting next_dagrun for dataset_consumes_1 to None, run_after=None
[2026-05-09T12:03:41.348+0000] {logging_mixin.py:188} INFO - [2026-05-09T12:03:41.348+0000] {dag.py:3954} INFO - Setting next_dagrun for dataset_consumes_1_and_2 to None, run_after=None
[2026-05-09T12:03:41.349+0000] {logging_mixin.py:188} INFO - [2026-05-09T12:03:41.349+0000] {dag.py:3954} INFO - Setting next_dagrun for dataset_consumes_1_never_scheduled to None, run_after=None
[2026-05-09T12:03:41.349+0000] {logging_mixin.py:188} INFO - [2026-05-09T12:03:41.349+0000] {dag.py:3954} INFO - Setting next_dagrun for dataset_consumes_unknown_never_scheduled to None, run_after=None
[2026-05-09T12:03:41.351+0000] {logging_mixin.py:188} INFO - [2026-05-09T12:03:41.351+0000] {dag.py:3954} INFO - Setting next_dagrun for dataset_produces_1 to 2026-05-08 00:00:00+00:00, run_after=2026-05-09 00:00:00+00:00
[2026-05-09T12:03:41.352+0000] {logging_mixin.py:188} INFO - [2026-05-09T12:03:41.351+0000] {dag.py:3954} INFO - Setting next_dagrun for dataset_produces_2 to None, run_after=None
[2026-05-09T12:03:41.375+0000] {processor.py:183} INFO - Processing /home/vscode/.local/lib/python3.11/site-packages/airflow/example_dags/example_datasets.py took 0.091 seconds
[2026-05-09T12:04:44.332+0000] {processor.py:161} INFO - Started process (PID=33568) to work on /home/vscode/.local/lib/python3.11/site-packages/airflow/example_dags/example_datasets.py
[2026-05-09T12:04:44.333+0000] {processor.py:830} INFO - Processing file /home/vscode/.local/lib/python3.11/site-packages/airflow/example_dags/example_datasets.py for tasks to queue
[2026-05-09T12:04:44.333+0000] {logging_mixin.py:188} INFO - [2026-05-09T12:04:44.333+0000] {dagbag.py:545} INFO - Filling up the DagBag from /home/vscode/.local/lib/python3.11/site-packages/airflow/example_dags/example_datasets.py
[2026-05-09T12:04:44.347+0000] {processor.py:840} INFO - DAG(s) 'dataset_consumes_1_never_scheduled', 'consume_1_or_2_with_dataset_expressions', 'dataset_produces_2', 'dataset_produces_1', 'consume_1_and_2_with_dataset_expressions', 'consume_1_or_both_2_and_3_with_dataset_expressions', 'dataset_consumes_1', 'dataset_consumes_1_and_2', 'conditional_dataset_and_time_based_timetable', 'dataset_consumes_unknown_never_scheduled' retrieved from /home/vscode/.local/lib/python3.11/site-packages/airflow/example_dags/example_datasets.py
[2026-05-09T12:04:44.374+0000] {logging_mixin.py:188} INFO - [2026-05-09T12:04:44.374+0000] {dag.py:3096} INFO - Sync 10 DAGs
[2026-05-09T12:04:44.391+0000] {logging_mixin.py:188} INFO - [2026-05-09T12:04:44.391+0000] {dag.py:3954} INFO - Setting next_dagrun for conditional_dataset_and_time_based_timetable to 2026-05-06 01:00:00+00:00, run_after=2026-05-06 01:00:00+00:00
[2026-05-09T12:04:44.393+0000] {logging_mixin.py:188} INFO - [2026-05-09T12:04:44.393+0000] {dag.py:3954} INFO - Setting next_dagrun for consume_1_and_2_with_dataset_expressions to None, run_after=None
[2026-05-09T12:04:44.394+0000] {logging_mixin.py:188} INFO - [2026-05-09T12:04:44.394+0000] {dag.py:3954} INFO - Setting next_dagrun for consume_1_or_2_with_dataset_expressions to None, run_after=None
[2026-05-09T12:04:44.395+0000] {logging_mixin.py:188} INFO - [2026-05-09T12:04:44.395+0000] {dag.py:3954} INFO - Setting next_dagrun for consume_1_or_both_2_and_3_with_dataset_expressions to None, run_after=None
[2026-05-09T12:04:44.395+0000] {logging_mixin.py:188} INFO - [2026-05-09T12:04:44.395+0000] {dag.py:3954} INFO - Setting next_dagrun for dataset_consumes_1 to None, run_after=None
[2026-05-09T12:04:44.396+0000] {logging_mixin.py:188} INFO - [2026-05-09T12:04:44.396+0000] {dag.py:3954} INFO - Setting next_dagrun for dataset_consumes_1_and_2 to None, run_after=None
[2026-05-09T12:04:44.396+0000] {logging_mixin.py:188} INFO - [2026-05-09T12:04:44.396+0000] {dag.py:3954} INFO - Setting next_dagrun for dataset_consumes_1_never_scheduled to None, run_after=None
[2026-05-09T12:04:44.397+0000] {logging_mixin.py:188} INFO - [2026-05-09T12:04:44.397+0000] {dag.py:3954} INFO - Setting next_dagrun for dataset_consumes_unknown_never_scheduled to None, run_after=None
[2026-05-09T12:04:44.398+0000] {logging_mixin.py:188} INFO - [2026-05-09T12:04:44.398+0000] {dag.py:3954} INFO - Setting next_dagrun for dataset_produces_1 to 2026-05-08 00:00:00+00:00, run_after=2026-05-09 00:00:00+00:00
[2026-05-09T12:04:44.399+0000] {logging_mixin.py:188} INFO - [2026-05-09T12:04:44.399+0000] {dag.py:3954} INFO - Setting next_dagrun for dataset_produces_2 to None, run_after=None
[2026-05-09T12:04:44.422+0000] {processor.py:183} INFO - Processing /home/vscode/.local/lib/python3.11/site-packages/airflow/example_dags/example_datasets.py took 0.098 seconds
[2026-05-09T12:05:46.769+0000] {processor.py:161} INFO - Started process (PID=34101) to work on /home/vscode/.local/lib/python3.11/site-packages/airflow/example_dags/example_datasets.py
[2026-05-09T12:05:46.769+0000] {processor.py:830} INFO - Processing file /home/vscode/.local/lib/python3.11/site-packages/airflow/example_dags/example_datasets.py for tasks to queue
[2026-05-09T12:05:46.770+0000] {logging_mixin.py:188} INFO - [2026-05-09T12:05:46.770+0000] {dagbag.py:545} INFO - Filling up the DagBag from /home/vscode/.local/lib/python3.11/site-packages/airflow/example_dags/example_datasets.py
[2026-05-09T12:05:46.781+0000] {processor.py:840} INFO - DAG(s) 'consume_1_and_2_with_dataset_expressions', 'dataset_consumes_1', 'conditional_dataset_and_time_based_timetable', 'consume_1_or_2_with_dataset_expressions', 'dataset_consumes_unknown_never_scheduled', 'dataset_consumes_1_never_scheduled', 'consume_1_or_both_2_and_3_with_dataset_expressions', 'dataset_produces_2', 'dataset_consumes_1_and_2', 'dataset_produces_1' retrieved from /home/vscode/.local/lib/python3.11/site-packages/airflow/example_dags/example_datasets.py
[2026-05-09T12:05:46.807+0000] {logging_mixin.py:188} INFO - [2026-05-09T12:05:46.807+0000] {dag.py:3096} INFO - Sync 10 DAGs
[2026-05-09T12:05:46.823+0000] {logging_mixin.py:188} INFO - [2026-05-09T12:05:46.823+0000] {dag.py:3954} INFO - Setting next_dagrun for conditional_dataset_and_time_based_timetable to 2026-05-06 01:00:00+00:00, run_after=2026-05-06 01:00:00+00:00
[2026-05-09T12:05:46.826+0000] {logging_mixin.py:188} INFO - [2026-05-09T12:05:46.826+0000] {dag.py:3954} INFO - Setting next_dagrun for consume_1_and_2_with_dataset_expressions to None, run_after=None
[2026-05-09T12:05:46.827+0000] {logging_mixin.py:188} INFO - [2026-05-09T12:05:46.826+0000] {dag.py:3954} INFO - Setting next_dagrun for consume_1_or_2_with_dataset_expressions to None, run_after=None
[2026-05-09T12:05:46.827+0000] {logging_mixin.py:188} INFO - [2026-05-09T12:05:46.827+0000] {dag.py:3954} INFO - Setting next_dagrun for consume_1_or_both_2_and_3_with_dataset_expressions to None, run_after=None
[2026-05-09T12:05:46.828+0000] {logging_mixin.py:188} INFO - [2026-05-09T12:05:46.828+0000] {dag.py:3954} INFO - Setting next_dagrun for dataset_consumes_1 to None, run_after=None
[2026-05-09T12:05:46.829+0000] {logging_mixin.py:188} INFO - [2026-05-09T12:05:46.829+0000] {dag.py:3954} INFO - Setting next_dagrun for dataset_consumes_1_and_2 to None, run_after=None
[2026-05-09T12:05:46.830+0000] {logging_mixin.py:188} INFO - [2026-05-09T12:05:46.830+0000] {dag.py:3954} INFO - Setting next_dagrun for dataset_consumes_1_never_scheduled to None, run_after=None
[2026-05-09T12:05:46.831+0000] {logging_mixin.py:188} INFO - [2026-05-09T12:05:46.831+0000] {dag.py:3954} INFO - Setting next_dagrun for dataset_consumes_unknown_never_scheduled to None, run_after=None
[2026-05-09T12:05:46.834+0000] {logging_mixin.py:188} INFO - [2026-05-09T12:05:46.833+0000] {dag.py:3954} INFO - Setting next_dagrun for dataset_produces_1 to 2026-05-08 00:00:00+00:00, run_after=2026-05-09 00:00:00+00:00
[2026-05-09T12:05:46.835+0000] {logging_mixin.py:188} INFO - [2026-05-09T12:05:46.834+0000] {dag.py:3954} INFO - Setting next_dagrun for dataset_produces_2 to None, run_after=None
[2026-05-09T12:05:46.862+0000] {processor.py:183} INFO - Processing /home/vscode/.local/lib/python3.11/site-packages/airflow/example_dags/example_datasets.py took 0.100 seconds
[2026-05-09T12:06:53.060+0000] {processor.py:161} INFO - Started process (PID=34592) to work on /home/vscode/.local/lib/python3.11/site-packages/airflow/example_dags/example_datasets.py
[2026-05-09T12:06:53.060+0000] {processor.py:830} INFO - Processing file /home/vscode/.local/lib/python3.11/site-packages/airflow/example_dags/example_datasets.py for tasks to queue
[2026-05-09T12:06:53.061+0000] {logging_mixin.py:188} INFO - [2026-05-09T12:06:53.061+0000] {dagbag.py:545} INFO - Filling up the DagBag from /home/vscode/.local/lib/python3.11/site-packages/airflow/example_dags/example_datasets.py
[2026-05-09T12:06:53.072+0000] {processor.py:840} INFO - DAG(s) 'dataset_produces_1', 'conditional_dataset_and_time_based_timetable', 'consume_1_or_both_2_and_3_with_dataset_expressions', 'consume_1_and_2_with_dataset_expressions', 'dataset_consumes_1', 'dataset_produces_2', 'dataset_consumes_1_never_scheduled', 'dataset_consumes_1_and_2', 'consume_1_or_2_with_dataset_expressions', 'dataset_consumes_unknown_never_scheduled' retrieved from /home/vscode/.local/lib/python3.11/site-packages/airflow/example_dags/example_datasets.py
[2026-05-09T12:06:53.102+0000] {logging_mixin.py:188} INFO - [2026-05-09T12:06:53.102+0000] {dag.py:3096} INFO - Sync 10 DAGs
[2026-05-09T12:06:53.117+0000] {logging_mixin.py:188} INFO - [2026-05-09T12:06:53.117+0000] {dag.py:3954} INFO - Setting next_dagrun for conditional_dataset_and_time_based_timetable to 2026-05-06 01:00:00+00:00, run_after=2026-05-06 01:00:00+00:00
[2026-05-09T12:06:53.120+0000] {logging_mixin.py:188} INFO - [2026-05-09T12:06:53.120+0000] {dag.py:3954} INFO - Setting next_dagrun for consume_1_and_2_with_dataset_expressions to None, run_after=None
[2026-05-09T12:06:53.121+0000] {logging_mixin.py:188} INFO - [2026-05-09T12:06:53.121+0000] {dag.py:3954} INFO - Setting next_dagrun for consume_1_or_2_with_dataset_expressions to None, run_after=None
[2026-05-09T12:06:53.121+0000] {logging_mixin.py:188} INFO - [2026-05-09T12:06:53.121+0000] {dag.py:3954} INFO - Setting next_dagrun for consume_1_or_both_2_and_3_with_dataset_expressions to None, run_after=None
[2026-05-09T12:06:53.122+0000] {logging_mixin.py:188} INFO - [2026-05-09T12:06:53.122+0000] {dag.py:3954} INFO - Setting next_dagrun for dataset_consumes_1 to None, run_after=None
[2026-05-09T12:06:53.123+0000] {logging_mixin.py:188} INFO - [2026-05-09T12:06:53.123+0000] {dag.py:3954} INFO - Setting next_dagrun for dataset_consumes_1_and_2 to None, run_after=None
[2026-05-09T12:06:53.123+0000] {logging_mixin.py:188} INFO - [2026-05-09T12:06:53.123+0000] {dag.py:3954} INFO - Setting next_dagrun for dataset_consumes_1_never_scheduled to None, run_after=None
[2026-05-09T12:06:53.124+0000] {logging_mixin.py:188} INFO - [2026-05-09T12:06:53.124+0000] {dag.py:3954} INFO - Setting next_dagrun for dataset_consumes_unknown_never_scheduled to None, run_after=None
[2026-05-09T12:06:53.126+0000] {logging_mixin.py:188} INFO - [2026-05-09T12:06:53.126+0000] {dag.py:3954} INFO - Setting next_dagrun for dataset_produces_1 to 2026-05-08 00:00:00+00:00, run_after=2026-05-09 00:00:00+00:00
[2026-05-09T12:06:53.127+0000] {logging_mixin.py:188} INFO - [2026-05-09T12:06:53.127+0000] {dag.py:3954} INFO - Setting next_dagrun for dataset_produces_2 to None, run_after=None
[2026-05-09T12:06:53.155+0000] {processor.py:183} INFO - Processing /home/vscode/.local/lib/python3.11/site-packages/airflow/example_dags/example_datasets.py took 0.101 seconds
[2026-05-09T12:07:55.622+0000] {processor.py:161} INFO - Started process (PID=35125) to work on /home/vscode/.local/lib/python3.11/site-packages/airflow/example_dags/example_datasets.py
[2026-05-09T12:07:55.623+0000] {processor.py:830} INFO - Processing file /home/vscode/.local/lib/python3.11/site-packages/airflow/example_dags/example_datasets.py for tasks to queue
[2026-05-09T12:07:55.623+0000] {logging_mixin.py:188} INFO - [2026-05-09T12:07:55.623+0000] {dagbag.py:545} INFO - Filling up the DagBag from /home/vscode/.local/lib/python3.11/site-packages/airflow/example_dags/example_datasets.py
[2026-05-09T12:07:55.638+0000] {processor.py:840} INFO - DAG(s) 'dataset_consumes_unknown_never_scheduled', 'dataset_produces_2', 'conditional_dataset_and_time_based_timetable', 'dataset_consumes_1_never_scheduled', 'dataset_consumes_1', 'dataset_produces_1', 'consume_1_and_2_with_dataset_expressions', 'consume_1_or_2_with_dataset_expressions', 'consume_1_or_both_2_and_3_with_dataset_expressions', 'dataset_consumes_1_and_2' retrieved from /home/vscode/.local/lib/python3.11/site-packages/airflow/example_dags/example_datasets.py
[2026-05-09T12:07:55.665+0000] {logging_mixin.py:188} INFO - [2026-05-09T12:07:55.665+0000] {dag.py:3096} INFO - Sync 10 DAGs
[2026-05-09T12:07:55.681+0000] {logging_mixin.py:188} INFO - [2026-05-09T12:07:55.681+0000] {dag.py:3954} INFO - Setting next_dagrun for conditional_dataset_and_time_based_timetable to 2026-05-06 01:00:00+00:00, run_after=2026-05-06 01:00:00+00:00
[2026-05-09T12:07:55.683+0000] {logging_mixin.py:188} INFO - [2026-05-09T12:07:55.683+0000] {dag.py:3954} INFO - Setting next_dagrun for consume_1_and_2_with_dataset_expressions to None, run_after=None
[2026-05-09T12:07:55.684+0000] {logging_mixin.py:188} INFO - [2026-05-09T12:07:55.684+0000] {dag.py:3954} INFO - Setting next_dagrun for consume_1_or_2_with_dataset_expressions to None, run_after=None
[2026-05-09T12:07:55.684+0000] {logging_mixin.py:188} INFO - [2026-05-09T12:07:55.684+0000] {dag.py:3954} INFO - Setting next_dagrun for consume_1_or_both_2_and_3_with_dataset_expressions to None, run_after=None
[2026-05-09T12:07:55.685+0000] {logging_mixin.py:188} INFO - [2026-05-09T12:07:55.685+0000] {dag.py:3954} INFO - Setting next_dagrun for dataset_consumes_1 to None, run_after=None
[2026-05-09T12:07:55.686+0000] {logging_mixin.py:188} INFO - [2026-05-09T12:07:55.685+0000] {dag.py:3954} INFO - Setting next_dagrun for dataset_consumes_1_and_2 to None, run_after=None
[2026-05-09T12:07:55.686+0000] {logging_mixin.py:188} INFO - [2026-05-09T12:07:55.686+0000] {dag.py:3954} INFO - Setting next_dagrun for dataset_consumes_1_never_scheduled to None, run_after=None
[2026-05-09T12:07:55.687+0000] {logging_mixin.py:188} INFO - [2026-05-09T12:07:55.687+0000] {dag.py:3954} INFO - Setting next_dagrun for dataset_consumes_unknown_never_scheduled to None, run_after=None
[2026-05-09T12:07:55.688+0000] {logging_mixin.py:188} INFO - [2026-05-09T12:07:55.688+0000] {dag.py:3954} INFO - Setting next_dagrun for dataset_produces_1 to 2026-05-08 00:00:00+00:00, run_after=2026-05-09 00:00:00+00:00
[2026-05-09T12:07:55.689+0000] {logging_mixin.py:188} INFO - [2026-05-09T12:07:55.689+0000] {dag.py:3954} INFO - Setting next_dagrun for dataset_produces_2 to None, run_after=None
[2026-05-09T12:07:55.716+0000] {processor.py:183} INFO - Processing /home/vscode/.local/lib/python3.11/site-packages/airflow/example_dags/example_datasets.py took 0.100 seconds
[2026-05-09T12:08:57.614+0000] {processor.py:161} INFO - Started process (PID=35658) to work on /home/vscode/.local/lib/python3.11/site-packages/airflow/example_dags/example_datasets.py
[2026-05-09T12:08:57.614+0000] {processor.py:830} INFO - Processing file /home/vscode/.local/lib/python3.11/site-packages/airflow/example_dags/example_datasets.py for tasks to queue
[2026-05-09T12:08:57.615+0000] {logging_mixin.py:188} INFO - [2026-05-09T12:08:57.615+0000] {dagbag.py:545} INFO - Filling up the DagBag from /home/vscode/.local/lib/python3.11/site-packages/airflow/example_dags/example_datasets.py
[2026-05-09T12:08:57.627+0000] {processor.py:840} INFO - DAG(s) 'dataset_produces_2', 'dataset_consumes_1_and_2', 'conditional_dataset_and_time_based_timetable', 'consume_1_or_both_2_and_3_with_dataset_expressions', 'consume_1_or_2_with_dataset_expressions', 'dataset_consumes_1_never_scheduled', 'consume_1_and_2_with_dataset_expressions', 'dataset_produces_1', 'dataset_consumes_unknown_never_scheduled', 'dataset_consumes_1' retrieved from /home/vscode/.local/lib/python3.11/site-packages/airflow/example_dags/example_datasets.py
[2026-05-09T12:08:57.657+0000] {logging_mixin.py:188} INFO - [2026-05-09T12:08:57.657+0000] {dag.py:3096} INFO - Sync 10 DAGs
[2026-05-09T12:08:57.674+0000] {logging_mixin.py:188} INFO - [2026-05-09T12:08:57.674+0000] {dag.py:3954} INFO - Setting next_dagrun for conditional_dataset_and_time_based_timetable to 2026-05-06 01:00:00+00:00, run_after=2026-05-06 01:00:00+00:00
[2026-05-09T12:08:57.677+0000] {logging_mixin.py:188} INFO - [2026-05-09T12:08:57.677+0000] {dag.py:3954} INFO - Setting next_dagrun for consume_1_and_2_with_dataset_expressions to None, run_after=None
[2026-05-09T12:08:57.677+0000] {logging_mixin.py:188} INFO - [2026-05-09T12:08:57.677+0000] {dag.py:3954} INFO - Setting next_dagrun for consume_1_or_2_with_dataset_expressions to None, run_after=None
[2026-05-09T12:08:57.678+0000] {logging_mixin.py:188} INFO - [2026-05-09T12:08:57.678+0000] {dag.py:3954} INFO - Setting next_dagrun for consume_1_or_both_2_and_3_with_dataset_expressions to None, run_after=None
[2026-05-09T12:08:57.679+0000] {logging_mixin.py:188} INFO - [2026-05-09T12:08:57.679+0000] {dag.py:3954} INFO - Setting next_dagrun for dataset_consumes_1 to None, run_after=None
[2026-05-09T12:08:57.679+0000] {logging_mixin.py:188} INFO - [2026-05-09T12:08:57.679+0000] {dag.py:3954} INFO - Setting next_dagrun for dataset_consumes_1_and_2 to None, run_after=None
[2026-05-09T12:08:57.680+0000] {logging_mixin.py:188} INFO - [2026-05-09T12:08:57.680+0000] {dag.py:3954} INFO - Setting next_dagrun for dataset_consumes_1_never_scheduled to None, run_after=None
[2026-05-09T12:08:57.680+0000] {logging_mixin.py:188} INFO - [2026-05-09T12:08:57.680+0000] {dag.py:3954} INFO - Setting next_dagrun for dataset_consumes_unknown_never_scheduled to None, run_after=None
[2026-05-09T12:08:57.682+0000] {logging_mixin.py:188} INFO - [2026-05-09T12:08:57.682+0000] {dag.py:3954} INFO - Setting next_dagrun for dataset_produces_1 to 2026-05-08 00:00:00+00:00, run_after=2026-05-09 00:00:00+00:00
[2026-05-09T12:08:57.682+0000] {logging_mixin.py:188} INFO - [2026-05-09T12:08:57.682+0000] {dag.py:3954} INFO - Setting next_dagrun for dataset_produces_2 to None, run_after=None
[2026-05-09T12:08:57.707+0000] {processor.py:183} INFO - Processing /home/vscode/.local/lib/python3.11/site-packages/airflow/example_dags/example_datasets.py took 0.099 seconds
[2026-05-09T12:09:55.553+0000] {processor.py:161} INFO - Started process (PID=36164) to work on /home/vscode/.local/lib/python3.11/site-packages/airflow/example_dags/example_datasets.py
[2026-05-09T12:09:55.553+0000] {processor.py:830} INFO - Processing file /home/vscode/.local/lib/python3.11/site-packages/airflow/example_dags/example_datasets.py for tasks to queue
[2026-05-09T12:09:55.554+0000] {logging_mixin.py:188} INFO - [2026-05-09T12:09:55.554+0000] {dagbag.py:545} INFO - Filling up the DagBag from /home/vscode/.local/lib/python3.11/site-packages/airflow/example_dags/example_datasets.py
[2026-05-09T12:09:55.568+0000] {processor.py:840} INFO - DAG(s) 'dataset_consumes_unknown_never_scheduled', 'consume_1_or_2_with_dataset_expressions', 'dataset_consumes_1_and_2', 'consume_1_and_2_with_dataset_expressions', 'conditional_dataset_and_time_based_timetable', 'dataset_consumes_1', 'dataset_produces_1', 'dataset_produces_2', 'consume_1_or_both_2_and_3_with_dataset_expressions', 'dataset_consumes_1_never_scheduled' retrieved from /home/vscode/.local/lib/python3.11/site-packages/airflow/example_dags/example_datasets.py
[2026-05-09T12:09:55.653+0000] {logging_mixin.py:188} INFO - [2026-05-09T12:09:55.653+0000] {dag.py:3096} INFO - Sync 10 DAGs
[2026-05-09T12:09:55.684+0000] {logging_mixin.py:188} INFO - [2026-05-09T12:09:55.684+0000] {dag.py:3954} INFO - Setting next_dagrun for conditional_dataset_and_time_based_timetable to 2026-05-06 01:00:00+00:00, run_after=2026-05-06 01:00:00+00:00
[2026-05-09T12:09:55.686+0000] {logging_mixin.py:188} INFO - [2026-05-09T12:09:55.686+0000] {dag.py:3954} INFO - Setting next_dagrun for consume_1_and_2_with_dataset_expressions to None, run_after=None
[2026-05-09T12:09:55.687+0000] {logging_mixin.py:188} INFO - [2026-05-09T12:09:55.687+0000] {dag.py:3954} INFO - Setting next_dagrun for consume_1_or_2_with_dataset_expressions to None, run_after=None
[2026-05-09T12:09:55.688+0000] {logging_mixin.py:188} INFO - [2026-05-09T12:09:55.688+0000] {dag.py:3954} INFO - Setting next_dagrun for consume_1_or_both_2_and_3_with_dataset_expressions to None, run_after=None
[2026-05-09T12:09:55.688+0000] {logging_mixin.py:188} INFO - [2026-05-09T12:09:55.688+0000] {dag.py:3954} INFO - Setting next_dagrun for dataset_consumes_1 to None, run_after=None
[2026-05-09T12:09:55.689+0000] {logging_mixin.py:188} INFO - [2026-05-09T12:09:55.689+0000] {dag.py:3954} INFO - Setting next_dagrun for dataset_consumes_1_and_2 to None, run_after=None
[2026-05-09T12:09:55.689+0000] {logging_mixin.py:188} INFO - [2026-05-09T12:09:55.689+0000] {dag.py:3954} INFO - Setting next_dagrun for dataset_consumes_1_never_scheduled to None, run_after=None
[2026-05-09T12:09:55.690+0000] {logging_mixin.py:188} INFO - [2026-05-09T12:09:55.690+0000] {dag.py:3954} INFO - Setting next_dagrun for dataset_consumes_unknown_never_scheduled to None, run_after=None
[2026-05-09T12:09:55.692+0000] {logging_mixin.py:188} INFO - [2026-05-09T12:09:55.691+0000] {dag.py:3954} INFO - Setting next_dagrun for dataset_produces_1 to 2026-05-08 00:00:00+00:00, run_after=2026-05-09 00:00:00+00:00
[2026-05-09T12:09:55.692+0000] {logging_mixin.py:188} INFO - [2026-05-09T12:09:55.692+0000] {dag.py:3954} INFO - Setting next_dagrun for dataset_produces_2 to None, run_after=None
[2026-05-09T12:09:55.715+0000] {processor.py:183} INFO - Processing /home/vscode/.local/lib/python3.11/site-packages/airflow/example_dags/example_datasets.py took 0.169 seconds
[2026-05-09T12:10:58.397+0000] {processor.py:161} INFO - Started process (PID=36639) to work on /home/vscode/.local/lib/python3.11/site-packages/airflow/example_dags/example_datasets.py
[2026-05-09T12:10:58.398+0000] {processor.py:830} INFO - Processing file /home/vscode/.local/lib/python3.11/site-packages/airflow/example_dags/example_datasets.py for tasks to queue
[2026-05-09T12:10:58.399+0000] {logging_mixin.py:188} INFO - [2026-05-09T12:10:58.399+0000] {dagbag.py:545} INFO - Filling up the DagBag from /home/vscode/.local/lib/python3.11/site-packages/airflow/example_dags/example_datasets.py
[2026-05-09T12:10:58.421+0000] {processor.py:840} INFO - DAG(s) 'dataset_consumes_1', 'consume_1_and_2_with_dataset_expressions', 'consume_1_or_2_with_dataset_expressions', 'dataset_produces_1', 'dataset_consumes_1_and_2', 'dataset_consumes_unknown_never_scheduled', 'conditional_dataset_and_time_based_timetable', 'dataset_consumes_1_never_scheduled', 'dataset_produces_2', 'consume_1_or_both_2_and_3_with_dataset_expressions' retrieved from /home/vscode/.local/lib/python3.11/site-packages/airflow/example_dags/example_datasets.py
[2026-05-09T12:10:58.455+0000] {logging_mixin.py:188} INFO - [2026-05-09T12:10:58.455+0000] {dag.py:3096} INFO - Sync 10 DAGs
[2026-05-09T12:10:58.470+0000] {logging_mixin.py:188} INFO - [2026-05-09T12:10:58.470+0000] {dag.py:3954} INFO - Setting next_dagrun for conditional_dataset_and_time_based_timetable to 2026-05-06 01:00:00+00:00, run_after=2026-05-06 01:00:00+00:00
[2026-05-09T12:10:58.473+0000] {logging_mixin.py:188} INFO - [2026-05-09T12:10:58.472+0000] {dag.py:3954} INFO - Setting next_dagrun for consume_1_and_2_with_dataset_expressions to None, run_after=None
[2026-05-09T12:10:58.473+0000] {logging_mixin.py:188} INFO - [2026-05-09T12:10:58.473+0000] {dag.py:3954} INFO - Setting next_dagrun for consume_1_or_2_with_dataset_expressions to None, run_after=None
[2026-05-09T12:10:58.474+0000] {logging_mixin.py:188} INFO - [2026-05-09T12:10:58.474+0000] {dag.py:3954} INFO - Setting next_dagrun for consume_1_or_both_2_and_3_with_dataset_expressions to None, run_after=None
[2026-05-09T12:10:58.475+0000] {logging_mixin.py:188} INFO - [2026-05-09T12:10:58.475+0000] {dag.py:3954} INFO - Setting next_dagrun for dataset_consumes_1 to None, run_after=None
[2026-05-09T12:10:58.476+0000] {logging_mixin.py:188} INFO - [2026-05-09T12:10:58.476+0000] {dag.py:3954} INFO - Setting next_dagrun for dataset_consumes_1_and_2 to None, run_after=None
[2026-05-09T12:10:58.476+0000] {logging_mixin.py:188} INFO - [2026-05-09T12:10:58.476+0000] {dag.py:3954} INFO - Setting next_dagrun for dataset_consumes_1_never_scheduled to None, run_after=None
[2026-05-09T12:10:58.477+0000] {logging_mixin.py:188} INFO - [2026-05-09T12:10:58.477+0000] {dag.py:3954} INFO - Setting next_dagrun for dataset_consumes_unknown_never_scheduled to None, run_after=None
[2026-05-09T12:10:58.480+0000] {logging_mixin.py:188} INFO - [2026-05-09T12:10:58.479+0000] {dag.py:3954} INFO - Setting next_dagrun for dataset_produces_1 to 2026-05-08 00:00:00+00:00, run_after=2026-05-09 00:00:00+00:00
[2026-05-09T12:10:58.480+0000] {logging_mixin.py:188} INFO - [2026-05-09T12:10:58.480+0000] {dag.py:3954} INFO - Setting next_dagrun for dataset_produces_2 to None, run_after=None
[2026-05-09T12:10:58.504+0000] {processor.py:183} INFO - Processing /home/vscode/.local/lib/python3.11/site-packages/airflow/example_dags/example_datasets.py took 0.115 seconds
[2026-05-09T12:11:58.997+0000] {processor.py:161} INFO - Started process (PID=37161) to work on /home/vscode/.local/lib/python3.11/site-packages/airflow/example_dags/example_datasets.py
[2026-05-09T12:11:58.998+0000] {processor.py:830} INFO - Processing file /home/vscode/.local/lib/python3.11/site-packages/airflow/example_dags/example_datasets.py for tasks to queue
[2026-05-09T12:11:58.998+0000] {logging_mixin.py:188} INFO - [2026-05-09T12:11:58.998+0000] {dagbag.py:545} INFO - Filling up the DagBag from /home/vscode/.local/lib/python3.11/site-packages/airflow/example_dags/example_datasets.py
[2026-05-09T12:11:59.020+0000] {processor.py:840} INFO - DAG(s) 'conditional_dataset_and_time_based_timetable', 'dataset_consumes_1_never_scheduled', 'consume_1_or_2_with_dataset_expressions', 'dataset_produces_2', 'dataset_consumes_unknown_never_scheduled', 'dataset_produces_1', 'consume_1_and_2_with_dataset_expressions', 'dataset_consumes_1_and_2', 'consume_1_or_both_2_and_3_with_dataset_expressions', 'dataset_consumes_1' retrieved from /home/vscode/.local/lib/python3.11/site-packages/airflow/example_dags/example_datasets.py
[2026-05-09T12:11:59.053+0000] {logging_mixin.py:188} INFO - [2026-05-09T12:11:59.053+0000] {dag.py:3096} INFO - Sync 10 DAGs
[2026-05-09T12:11:59.070+0000] {logging_mixin.py:188} INFO - [2026-05-09T12:11:59.070+0000] {dag.py:3954} INFO - Setting next_dagrun for conditional_dataset_and_time_based_timetable to 2026-05-06 01:00:00+00:00, run_after=2026-05-06 01:00:00+00:00
[2026-05-09T12:11:59.072+0000] {logging_mixin.py:188} INFO - [2026-05-09T12:11:59.072+0000] {dag.py:3954} INFO - Setting next_dagrun for consume_1_and_2_with_dataset_expressions to None, run_after=None
[2026-05-09T12:11:59.073+0000] {logging_mixin.py:188} INFO - [2026-05-09T12:11:59.073+0000] {dag.py:3954} INFO - Setting next_dagrun for consume_1_or_2_with_dataset_expressions to None, run_after=None
[2026-05-09T12:11:59.074+0000] {logging_mixin.py:188} INFO - [2026-05-09T12:11:59.074+0000] {dag.py:3954} INFO - Setting next_dagrun for consume_1_or_both_2_and_3_with_dataset_expressions to None, run_after=None
[2026-05-09T12:11:59.074+0000] {logging_mixin.py:188} INFO - [2026-05-09T12:11:59.074+0000] {dag.py:3954} INFO - Setting next_dagrun for dataset_consumes_1 to None, run_after=None
[2026-05-09T12:11:59.075+0000] {logging_mixin.py:188} INFO - [2026-05-09T12:11:59.075+0000] {dag.py:3954} INFO - Setting next_dagrun for dataset_consumes_1_and_2 to None, run_after=None
[2026-05-09T12:11:59.076+0000] {logging_mixin.py:188} INFO - [2026-05-09T12:11:59.075+0000] {dag.py:3954} INFO - Setting next_dagrun for dataset_consumes_1_never_scheduled to None, run_after=None
[2026-05-09T12:11:59.076+0000] {logging_mixin.py:188} INFO - [2026-05-09T12:11:59.076+0000] {dag.py:3954} INFO - Setting next_dagrun for dataset_consumes_unknown_never_scheduled to None, run_after=None
[2026-05-09T12:11:59.078+0000] {logging_mixin.py:188} INFO - [2026-05-09T12:11:59.077+0000] {dag.py:3954} INFO - Setting next_dagrun for dataset_produces_1 to 2026-05-08 00:00:00+00:00, run_after=2026-05-09 00:00:00+00:00
[2026-05-09T12:11:59.078+0000] {logging_mixin.py:188} INFO - [2026-05-09T12:11:59.078+0000] {dag.py:3954} INFO - Setting next_dagrun for dataset_produces_2 to None, run_after=None
[2026-05-09T12:11:59.102+0000] {processor.py:183} INFO - Processing /home/vscode/.local/lib/python3.11/site-packages/airflow/example_dags/example_datasets.py took 0.113 seconds
[2026-05-09T12:13:00.087+0000] {processor.py:161} INFO - Started process (PID=37628) to work on /home/vscode/.local/lib/python3.11/site-packages/airflow/example_dags/example_datasets.py
[2026-05-09T12:13:00.087+0000] {processor.py:830} INFO - Processing file /home/vscode/.local/lib/python3.11/site-packages/airflow/example_dags/example_datasets.py for tasks to queue
[2026-05-09T12:13:00.088+0000] {logging_mixin.py:188} INFO - [2026-05-09T12:13:00.088+0000] {dagbag.py:545} INFO - Filling up the DagBag from /home/vscode/.local/lib/python3.11/site-packages/airflow/example_dags/example_datasets.py
[2026-05-09T12:13:00.099+0000] {processor.py:840} INFO - DAG(s) 'dataset_consumes_unknown_never_scheduled', 'dataset_consumes_1', 'consume_1_or_both_2_and_3_with_dataset_expressions', 'dataset_produces_2', 'dataset_consumes_1_never_scheduled', 'conditional_dataset_and_time_based_timetable', 'consume_1_or_2_with_dataset_expressions', 'dataset_produces_1', 'consume_1_and_2_with_dataset_expressions', 'dataset_consumes_1_and_2' retrieved from /home/vscode/.local/lib/python3.11/site-packages/airflow/example_dags/example_datasets.py
[2026-05-09T12:13:00.126+0000] {logging_mixin.py:188} INFO - [2026-05-09T12:13:00.125+0000] {dag.py:3096} INFO - Sync 10 DAGs
[2026-05-09T12:13:00.147+0000] {logging_mixin.py:188} INFO - [2026-05-09T12:13:00.146+0000] {dag.py:3954} INFO - Setting next_dagrun for conditional_dataset_and_time_based_timetable to 2026-05-06 01:00:00+00:00, run_after=2026-05-06 01:00:00+00:00
[2026-05-09T12:13:00.149+0000] {logging_mixin.py:188} INFO - [2026-05-09T12:13:00.149+0000] {dag.py:3954} INFO - Setting next_dagrun for consume_1_and_2_with_dataset_expressions to None, run_after=None
[2026-05-09T12:13:00.149+0000] {logging_mixin.py:188} INFO - [2026-05-09T12:13:00.149+0000] {dag.py:3954} INFO - Setting next_dagrun for consume_1_or_2_with_dataset_expressions to None, run_after=None
[2026-05-09T12:13:00.150+0000] {logging_mixin.py:188} INFO - [2026-05-09T12:13:00.150+0000] {dag.py:3954} INFO - Setting next_dagrun for consume_1_or_both_2_and_3_with_dataset_expressions to None, run_after=None
[2026-05-09T12:13:00.151+0000] {logging_mixin.py:188} INFO - [2026-05-09T12:13:00.151+0000] {dag.py:3954} INFO - Setting next_dagrun for dataset_consumes_1 to None, run_after=None
[2026-05-09T12:13:00.151+0000] {logging_mixin.py:188} INFO - [2026-05-09T12:13:00.151+0000] {dag.py:3954} INFO - Setting next_dagrun for dataset_consumes_1_and_2 to None, run_after=None
[2026-05-09T12:13:00.152+0000] {logging_mixin.py:188} INFO - [2026-05-09T12:13:00.152+0000] {dag.py:3954} INFO - Setting next_dagrun for dataset_consumes_1_never_scheduled to None, run_after=None
[2026-05-09T12:13:00.152+0000] {logging_mixin.py:188} INFO - [2026-05-09T12:13:00.152+0000] {dag.py:3954} INFO - Setting next_dagrun for dataset_consumes_unknown_never_scheduled to None, run_after=None
[2026-05-09T12:13:00.154+0000] {logging_mixin.py:188} INFO - [2026-05-09T12:13:00.154+0000] {dag.py:3954} INFO - Setting next_dagrun for dataset_produces_1 to 2026-05-08 00:00:00+00:00, run_after=2026-05-09 00:00:00+00:00
[2026-05-09T12:13:00.154+0000] {logging_mixin.py:188} INFO - [2026-05-09T12:13:00.154+0000] {dag.py:3954} INFO - Setting next_dagrun for dataset_produces_2 to None, run_after=None
[2026-05-09T12:13:00.177+0000] {processor.py:183} INFO - Processing /home/vscode/.local/lib/python3.11/site-packages/airflow/example_dags/example_datasets.py took 0.096 seconds
[2026-05-09T12:14:04.958+0000] {processor.py:161} INFO - Started process (PID=38235) to work on /home/vscode/.local/lib/python3.11/site-packages/airflow/example_dags/example_datasets.py
[2026-05-09T12:14:04.958+0000] {processor.py:830} INFO - Processing file /home/vscode/.local/lib/python3.11/site-packages/airflow/example_dags/example_datasets.py for tasks to queue
[2026-05-09T12:14:04.959+0000] {logging_mixin.py:188} INFO - [2026-05-09T12:14:04.959+0000] {dagbag.py:545} INFO - Filling up the DagBag from /home/vscode/.local/lib/python3.11/site-packages/airflow/example_dags/example_datasets.py
[2026-05-09T12:14:04.970+0000] {processor.py:840} INFO - DAG(s) 'dataset_consumes_1_and_2', 'conditional_dataset_and_time_based_timetable', 'consume_1_or_both_2_and_3_with_dataset_expressions', 'dataset_consumes_unknown_never_scheduled', 'dataset_consumes_1_never_scheduled', 'consume_1_and_2_with_dataset_expressions', 'consume_1_or_2_with_dataset_expressions', 'dataset_produces_1', 'dataset_consumes_1', 'dataset_produces_2' retrieved from /home/vscode/.local/lib/python3.11/site-packages/airflow/example_dags/example_datasets.py
[2026-05-09T12:14:04.995+0000] {logging_mixin.py:188} INFO - [2026-05-09T12:14:04.995+0000] {dag.py:3096} INFO - Sync 10 DAGs
[2026-05-09T12:14:05.012+0000] {logging_mixin.py:188} INFO - [2026-05-09T12:14:05.011+0000] {dag.py:3954} INFO - Setting next_dagrun for conditional_dataset_and_time_based_timetable to 2026-05-06 01:00:00+00:00, run_after=2026-05-06 01:00:00+00:00
[2026-05-09T12:14:05.014+0000] {logging_mixin.py:188} INFO - [2026-05-09T12:14:05.014+0000] {dag.py:3954} INFO - Setting next_dagrun for consume_1_and_2_with_dataset_expressions to None, run_after=None
[2026-05-09T12:14:05.014+0000] {logging_mixin.py:188} INFO - [2026-05-09T12:14:05.014+0000] {dag.py:3954} INFO - Setting next_dagrun for consume_1_or_2_with_dataset_expressions to None, run_after=None
[2026-05-09T12:14:05.015+0000] {logging_mixin.py:188} INFO - [2026-05-09T12:14:05.015+0000] {dag.py:3954} INFO - Setting next_dagrun for consume_1_or_both_2_and_3_with_dataset_expressions to None, run_after=None
[2026-05-09T12:14:05.016+0000] {logging_mixin.py:188} INFO - [2026-05-09T12:14:05.015+0000] {dag.py:3954} INFO - Setting next_dagrun for dataset_consumes_1 to None, run_after=None
[2026-05-09T12:14:05.016+0000] {logging_mixin.py:188} INFO - [2026-05-09T12:14:05.016+0000] {dag.py:3954} INFO - Setting next_dagrun for dataset_consumes_1_and_2 to None, run_after=None
[2026-05-09T12:14:05.017+0000] {logging_mixin.py:188} INFO - [2026-05-09T12:14:05.017+0000] {dag.py:3954} INFO - Setting next_dagrun for dataset_consumes_1_never_scheduled to None, run_after=None
[2026-05-09T12:14:05.017+0000] {logging_mixin.py:188} INFO - [2026-05-09T12:14:05.017+0000] {dag.py:3954} INFO - Setting next_dagrun for dataset_consumes_unknown_never_scheduled to None, run_after=None
[2026-05-09T12:14:05.019+0000] {logging_mixin.py:188} INFO - [2026-05-09T12:14:05.019+0000] {dag.py:3954} INFO - Setting next_dagrun for dataset_produces_1 to 2026-05-08 00:00:00+00:00, run_after=2026-05-09 00:00:00+00:00
[2026-05-09T12:14:05.019+0000] {logging_mixin.py:188} INFO - [2026-05-09T12:14:05.019+0000] {dag.py:3954} INFO - Setting next_dagrun for dataset_produces_2 to None, run_after=None
[2026-05-09T12:14:05.046+0000] {processor.py:183} INFO - Processing /home/vscode/.local/lib/python3.11/site-packages/airflow/example_dags/example_datasets.py took 0.094 seconds
[2026-05-09T12:15:08.208+0000] {processor.py:161} INFO - Started process (PID=38710) to work on /home/vscode/.local/lib/python3.11/site-packages/airflow/example_dags/example_datasets.py
[2026-05-09T12:15:08.209+0000] {processor.py:830} INFO - Processing file /home/vscode/.local/lib/python3.11/site-packages/airflow/example_dags/example_datasets.py for tasks to queue
[2026-05-09T12:15:08.209+0000] {logging_mixin.py:188} INFO - [2026-05-09T12:15:08.209+0000] {dagbag.py:545} INFO - Filling up the DagBag from /home/vscode/.local/lib/python3.11/site-packages/airflow/example_dags/example_datasets.py
[2026-05-09T12:15:08.220+0000] {processor.py:840} INFO - DAG(s) 'consume_1_or_both_2_and_3_with_dataset_expressions', 'dataset_consumes_1_never_scheduled', 'dataset_produces_2', 'dataset_consumes_1', 'consume_1_and_2_with_dataset_expressions', 'consume_1_or_2_with_dataset_expressions', 'conditional_dataset_and_time_based_timetable', 'dataset_produces_1', 'dataset_consumes_unknown_never_scheduled', 'dataset_consumes_1_and_2' retrieved from /home/vscode/.local/lib/python3.11/site-packages/airflow/example_dags/example_datasets.py
[2026-05-09T12:15:08.250+0000] {logging_mixin.py:188} INFO - [2026-05-09T12:15:08.250+0000] {dag.py:3096} INFO - Sync 10 DAGs
[2026-05-09T12:15:08.266+0000] {logging_mixin.py:188} INFO - [2026-05-09T12:15:08.266+0000] {dag.py:3954} INFO - Setting next_dagrun for conditional_dataset_and_time_based_timetable to 2026-05-06 01:00:00+00:00, run_after=2026-05-06 01:00:00+00:00
[2026-05-09T12:15:08.269+0000] {logging_mixin.py:188} INFO - [2026-05-09T12:15:08.269+0000] {dag.py:3954} INFO - Setting next_dagrun for consume_1_and_2_with_dataset_expressions to None, run_after=None
[2026-05-09T12:15:08.270+0000] {logging_mixin.py:188} INFO - [2026-05-09T12:15:08.270+0000] {dag.py:3954} INFO - Setting next_dagrun for consume_1_or_2_with_dataset_expressions to None, run_after=None
[2026-05-09T12:15:08.270+0000] {logging_mixin.py:188} INFO - [2026-05-09T12:15:08.270+0000] {dag.py:3954} INFO - Setting next_dagrun for consume_1_or_both_2_and_3_with_dataset_expressions to None, run_after=None
[2026-05-09T12:15:08.271+0000] {logging_mixin.py:188} INFO - [2026-05-09T12:15:08.271+0000] {dag.py:3954} INFO - Setting next_dagrun for dataset_consumes_1 to None, run_after=None
[2026-05-09T12:15:08.272+0000] {logging_mixin.py:188} INFO - [2026-05-09T12:15:08.272+0000] {dag.py:3954} INFO - Setting next_dagrun for dataset_consumes_1_and_2 to None, run_after=None
[2026-05-09T12:15:08.272+0000] {logging_mixin.py:188} INFO - [2026-05-09T12:15:08.272+0000] {dag.py:3954} INFO - Setting next_dagrun for dataset_consumes_1_never_scheduled to None, run_after=None
[2026-05-09T12:15:08.273+0000] {logging_mixin.py:188} INFO - [2026-05-09T12:15:08.273+0000] {dag.py:3954} INFO - Setting next_dagrun for dataset_consumes_unknown_never_scheduled to None, run_after=None
[2026-05-09T12:15:08.274+0000] {logging_mixin.py:188} INFO - [2026-05-09T12:15:08.274+0000] {dag.py:3954} INFO - Setting next_dagrun for dataset_produces_1 to 2026-05-08 00:00:00+00:00, run_after=2026-05-09 00:00:00+00:00
[2026-05-09T12:15:08.275+0000] {logging_mixin.py:188} INFO - [2026-05-09T12:15:08.275+0000] {dag.py:3954} INFO - Setting next_dagrun for dataset_produces_2 to None, run_after=None
[2026-05-09T12:15:08.297+0000] {processor.py:183} INFO - Processing /home/vscode/.local/lib/python3.11/site-packages/airflow/example_dags/example_datasets.py took 0.095 seconds
[2026-05-09T12:16:13.686+0000] {processor.py:161} INFO - Started process (PID=39253) to work on /home/vscode/.local/lib/python3.11/site-packages/airflow/example_dags/example_datasets.py
[2026-05-09T12:16:13.686+0000] {processor.py:830} INFO - Processing file /home/vscode/.local/lib/python3.11/site-packages/airflow/example_dags/example_datasets.py for tasks to queue
[2026-05-09T12:16:13.687+0000] {logging_mixin.py:188} INFO - [2026-05-09T12:16:13.686+0000] {dagbag.py:545} INFO - Filling up the DagBag from /home/vscode/.local/lib/python3.11/site-packages/airflow/example_dags/example_datasets.py
[2026-05-09T12:16:13.698+0000] {processor.py:840} INFO - DAG(s) 'consume_1_or_2_with_dataset_expressions', 'dataset_consumes_1_never_scheduled', 'dataset_produces_2', 'dataset_produces_1', 'consume_1_and_2_with_dataset_expressions', 'dataset_consumes_unknown_never_scheduled', 'conditional_dataset_and_time_based_timetable', 'consume_1_or_both_2_and_3_with_dataset_expressions', 'dataset_consumes_1_and_2', 'dataset_consumes_1' retrieved from /home/vscode/.local/lib/python3.11/site-packages/airflow/example_dags/example_datasets.py
[2026-05-09T12:16:13.731+0000] {logging_mixin.py:188} INFO - [2026-05-09T12:16:13.731+0000] {dag.py:3096} INFO - Sync 10 DAGs
[2026-05-09T12:16:13.751+0000] {logging_mixin.py:188} INFO - [2026-05-09T12:16:13.750+0000] {dag.py:3954} INFO - Setting next_dagrun for conditional_dataset_and_time_based_timetable to 2026-05-06 01:00:00+00:00, run_after=2026-05-06 01:00:00+00:00
[2026-05-09T12:16:13.753+0000] {logging_mixin.py:188} INFO - [2026-05-09T12:16:13.753+0000] {dag.py:3954} INFO - Setting next_dagrun for consume_1_and_2_with_dataset_expressions to None, run_after=None
[2026-05-09T12:16:13.754+0000] {logging_mixin.py:188} INFO - [2026-05-09T12:16:13.754+0000] {dag.py:3954} INFO - Setting next_dagrun for consume_1_or_2_with_dataset_expressions to None, run_after=None
[2026-05-09T12:16:13.754+0000] {logging_mixin.py:188} INFO - [2026-05-09T12:16:13.754+0000] {dag.py:3954} INFO - Setting next_dagrun for consume_1_or_both_2_and_3_with_dataset_expressions to None, run_after=None
[2026-05-09T12:16:13.755+0000] {logging_mixin.py:188} INFO - [2026-05-09T12:16:13.755+0000] {dag.py:3954} INFO - Setting next_dagrun for dataset_consumes_1 to None, run_after=None
[2026-05-09T12:16:13.756+0000] {logging_mixin.py:188} INFO - [2026-05-09T12:16:13.755+0000] {dag.py:3954} INFO - Setting next_dagrun for dataset_consumes_1_and_2 to None, run_after=None
[2026-05-09T12:16:13.756+0000] {logging_mixin.py:188} INFO - [2026-05-09T12:16:13.756+0000] {dag.py:3954} INFO - Setting next_dagrun for dataset_consumes_1_never_scheduled to None, run_after=None
[2026-05-09T12:16:13.757+0000] {logging_mixin.py:188} INFO - [2026-05-09T12:16:13.757+0000] {dag.py:3954} INFO - Setting next_dagrun for dataset_consumes_unknown_never_scheduled to None, run_after=None
[2026-05-09T12:16:13.758+0000] {logging_mixin.py:188} INFO - [2026-05-09T12:16:13.758+0000] {dag.py:3954} INFO - Setting next_dagrun for dataset_produces_1 to 2026-05-08 00:00:00+00:00, run_after=2026-05-09 00:00:00+00:00
[2026-05-09T12:16:13.759+0000] {logging_mixin.py:188} INFO - [2026-05-09T12:16:13.759+0000] {dag.py:3954} INFO - Setting next_dagrun for dataset_produces_2 to None, run_after=None
[2026-05-09T12:16:13.784+0000] {processor.py:183} INFO - Processing /home/vscode/.local/lib/python3.11/site-packages/airflow/example_dags/example_datasets.py took 0.105 seconds
[2026-05-09T12:17:20.771+0000] {processor.py:161} INFO - Started process (PID=39751) to work on /home/vscode/.local/lib/python3.11/site-packages/airflow/example_dags/example_datasets.py
[2026-05-09T12:17:20.771+0000] {processor.py:830} INFO - Processing file /home/vscode/.local/lib/python3.11/site-packages/airflow/example_dags/example_datasets.py for tasks to queue
[2026-05-09T12:17:20.772+0000] {logging_mixin.py:188} INFO - [2026-05-09T12:17:20.772+0000] {dagbag.py:545} INFO - Filling up the DagBag from /home/vscode/.local/lib/python3.11/site-packages/airflow/example_dags/example_datasets.py
[2026-05-09T12:17:20.785+0000] {processor.py:840} INFO - DAG(s) 'conditional_dataset_and_time_based_timetable', 'dataset_consumes_unknown_never_scheduled', 'dataset_consumes_1', 'dataset_produces_2', 'dataset_consumes_1_and_2', 'dataset_consumes_1_never_scheduled', 'consume_1_and_2_with_dataset_expressions', 'consume_1_or_both_2_and_3_with_dataset_expressions', 'consume_1_or_2_with_dataset_expressions', 'dataset_produces_1' retrieved from /home/vscode/.local/lib/python3.11/site-packages/airflow/example_dags/example_datasets.py
[2026-05-09T12:17:20.811+0000] {logging_mixin.py:188} INFO - [2026-05-09T12:17:20.811+0000] {dag.py:3096} INFO - Sync 10 DAGs
[2026-05-09T12:17:20.831+0000] {logging_mixin.py:188} INFO - [2026-05-09T12:17:20.831+0000] {dag.py:3954} INFO - Setting next_dagrun for conditional_dataset_and_time_based_timetable to 2026-05-06 01:00:00+00:00, run_after=2026-05-06 01:00:00+00:00
[2026-05-09T12:17:20.834+0000] {logging_mixin.py:188} INFO - [2026-05-09T12:17:20.834+0000] {dag.py:3954} INFO - Setting next_dagrun for consume_1_and_2_with_dataset_expressions to None, run_after=None
[2026-05-09T12:17:20.835+0000] {logging_mixin.py:188} INFO - [2026-05-09T12:17:20.835+0000] {dag.py:3954} INFO - Setting next_dagrun for consume_1_or_2_with_dataset_expressions to None, run_after=None
[2026-05-09T12:17:20.836+0000] {logging_mixin.py:188} INFO - [2026-05-09T12:17:20.835+0000] {dag.py:3954} INFO - Setting next_dagrun for consume_1_or_both_2_and_3_with_dataset_expressions to None, run_after=None
[2026-05-09T12:17:20.836+0000] {logging_mixin.py:188} INFO - [2026-05-09T12:17:20.836+0000] {dag.py:3954} INFO - Setting next_dagrun for dataset_consumes_1 to None, run_after=None
[2026-05-09T12:17:20.837+0000] {logging_mixin.py:188} INFO - [2026-05-09T12:17:20.837+0000] {dag.py:3954} INFO - Setting next_dagrun for dataset_consumes_1_and_2 to None, run_after=None
[2026-05-09T12:17:20.838+0000] {logging_mixin.py:188} INFO - [2026-05-09T12:17:20.838+0000] {dag.py:3954} INFO - Setting next_dagrun for dataset_consumes_1_never_scheduled to None, run_after=None
[2026-05-09T12:17:20.839+0000] {logging_mixin.py:188} INFO - [2026-05-09T12:17:20.838+0000] {dag.py:3954} INFO - Setting next_dagrun for dataset_consumes_unknown_never_scheduled to None, run_after=None
[2026-05-09T12:17:20.840+0000] {logging_mixin.py:188} INFO - [2026-05-09T12:17:20.840+0000] {dag.py:3954} INFO - Setting next_dagrun for dataset_produces_1 to 2026-05-08 00:00:00+00:00, run_after=2026-05-09 00:00:00+00:00
[2026-05-09T12:17:20.841+0000] {logging_mixin.py:188} INFO - [2026-05-09T12:17:20.841+0000] {dag.py:3954} INFO - Setting next_dagrun for dataset_produces_2 to None, run_after=None
[2026-05-09T12:17:20.903+0000] {processor.py:183} INFO - Processing /home/vscode/.local/lib/python3.11/site-packages/airflow/example_dags/example_datasets.py took 0.138 seconds
[2026-05-09T12:18:25.059+0000] {processor.py:161} INFO - Started process (PID=40299) to work on /home/vscode/.local/lib/python3.11/site-packages/airflow/example_dags/example_datasets.py
[2026-05-09T12:18:25.059+0000] {processor.py:830} INFO - Processing file /home/vscode/.local/lib/python3.11/site-packages/airflow/example_dags/example_datasets.py for tasks to queue
[2026-05-09T12:18:25.060+0000] {logging_mixin.py:188} INFO - [2026-05-09T12:18:25.059+0000] {dagbag.py:545} INFO - Filling up the DagBag from /home/vscode/.local/lib/python3.11/site-packages/airflow/example_dags/example_datasets.py
[2026-05-09T12:18:25.071+0000] {processor.py:840} INFO - DAG(s) 'dataset_consumes_unknown_never_scheduled', 'dataset_produces_2', 'dataset_produces_1', 'consume_1_or_2_with_dataset_expressions', 'conditional_dataset_and_time_based_timetable', 'dataset_consumes_1', 'consume_1_or_both_2_and_3_with_dataset_expressions', 'consume_1_and_2_with_dataset_expressions', 'dataset_consumes_1_never_scheduled', 'dataset_consumes_1_and_2' retrieved from /home/vscode/.local/lib/python3.11/site-packages/airflow/example_dags/example_datasets.py
[2026-05-09T12:18:25.096+0000] {logging_mixin.py:188} INFO - [2026-05-09T12:18:25.096+0000] {dag.py:3096} INFO - Sync 10 DAGs
[2026-05-09T12:18:25.112+0000] {logging_mixin.py:188} INFO - [2026-05-09T12:18:25.112+0000] {dag.py:3954} INFO - Setting next_dagrun for conditional_dataset_and_time_based_timetable to 2026-05-06 01:00:00+00:00, run_after=2026-05-06 01:00:00+00:00
[2026-05-09T12:18:25.114+0000] {logging_mixin.py:188} INFO - [2026-05-09T12:18:25.114+0000] {dag.py:3954} INFO - Setting next_dagrun for consume_1_and_2_with_dataset_expressions to None, run_after=None
[2026-05-09T12:18:25.115+0000] {logging_mixin.py:188} INFO - [2026-05-09T12:18:25.115+0000] {dag.py:3954} INFO - Setting next_dagrun for consume_1_or_2_with_dataset_expressions to None, run_after=None
[2026-05-09T12:18:25.116+0000] {logging_mixin.py:188} INFO - [2026-05-09T12:18:25.115+0000] {dag.py:3954} INFO - Setting next_dagrun for consume_1_or_both_2_and_3_with_dataset_expressions to None, run_after=None
[2026-05-09T12:18:25.116+0000] {logging_mixin.py:188} INFO - [2026-05-09T12:18:25.116+0000] {dag.py:3954} INFO - Setting next_dagrun for dataset_consumes_1 to None, run_after=None
[2026-05-09T12:18:25.117+0000] {logging_mixin.py:188} INFO - [2026-05-09T12:18:25.117+0000] {dag.py:3954} INFO - Setting next_dagrun for dataset_consumes_1_and_2 to None, run_after=None
[2026-05-09T12:18:25.117+0000] {logging_mixin.py:188} INFO - [2026-05-09T12:18:25.117+0000] {dag.py:3954} INFO - Setting next_dagrun for dataset_consumes_1_never_scheduled to None, run_after=None
[2026-05-09T12:18:25.118+0000] {logging_mixin.py:188} INFO - [2026-05-09T12:18:25.118+0000] {dag.py:3954} INFO - Setting next_dagrun for dataset_consumes_unknown_never_scheduled to None, run_after=None
[2026-05-09T12:18:25.119+0000] {logging_mixin.py:188} INFO - [2026-05-09T12:18:25.119+0000] {dag.py:3954} INFO - Setting next_dagrun for dataset_produces_1 to 2026-05-08 00:00:00+00:00, run_after=2026-05-09 00:00:00+00:00
[2026-05-09T12:18:25.120+0000] {logging_mixin.py:188} INFO - [2026-05-09T12:18:25.120+0000] {dag.py:3954} INFO - Setting next_dagrun for dataset_produces_2 to None, run_after=None
[2026-05-09T12:18:25.146+0000] {processor.py:183} INFO - Processing /home/vscode/.local/lib/python3.11/site-packages/airflow/example_dags/example_datasets.py took 0.094 seconds
[2026-05-09T12:19:25.487+0000] {processor.py:161} INFO - Started process (PID=40822) to work on /home/vscode/.local/lib/python3.11/site-packages/airflow/example_dags/example_datasets.py
[2026-05-09T12:19:25.488+0000] {processor.py:830} INFO - Processing file /home/vscode/.local/lib/python3.11/site-packages/airflow/example_dags/example_datasets.py for tasks to queue
[2026-05-09T12:19:25.489+0000] {logging_mixin.py:188} INFO - [2026-05-09T12:19:25.488+0000] {dagbag.py:545} INFO - Filling up the DagBag from /home/vscode/.local/lib/python3.11/site-packages/airflow/example_dags/example_datasets.py
[2026-05-09T12:19:25.500+0000] {processor.py:840} INFO - DAG(s) 'dataset_consumes_1', 'dataset_produces_2', 'dataset_consumes_1_and_2', 'dataset_produces_1', 'consume_1_or_both_2_and_3_with_dataset_expressions', 'consume_1_and_2_with_dataset_expressions', 'consume_1_or_2_with_dataset_expressions', 'conditional_dataset_and_time_based_timetable', 'dataset_consumes_unknown_never_scheduled', 'dataset_consumes_1_never_scheduled' retrieved from /home/vscode/.local/lib/python3.11/site-packages/airflow/example_dags/example_datasets.py
[2026-05-09T12:19:25.527+0000] {logging_mixin.py:188} INFO - [2026-05-09T12:19:25.527+0000] {dag.py:3096} INFO - Sync 10 DAGs
[2026-05-09T12:19:25.547+0000] {logging_mixin.py:188} INFO - [2026-05-09T12:19:25.547+0000] {dag.py:3954} INFO - Setting next_dagrun for conditional_dataset_and_time_based_timetable to 2026-05-06 01:00:00+00:00, run_after=2026-05-06 01:00:00+00:00
[2026-05-09T12:19:25.550+0000] {logging_mixin.py:188} INFO - [2026-05-09T12:19:25.550+0000] {dag.py:3954} INFO - Setting next_dagrun for consume_1_and_2_with_dataset_expressions to None, run_after=None
[2026-05-09T12:19:25.550+0000] {logging_mixin.py:188} INFO - [2026-05-09T12:19:25.550+0000] {dag.py:3954} INFO - Setting next_dagrun for consume_1_or_2_with_dataset_expressions to None, run_after=None
[2026-05-09T12:19:25.551+0000] {logging_mixin.py:188} INFO - [2026-05-09T12:19:25.551+0000] {dag.py:3954} INFO - Setting next_dagrun for consume_1_or_both_2_and_3_with_dataset_expressions to None, run_after=None
[2026-05-09T12:19:25.551+0000] {logging_mixin.py:188} INFO - [2026-05-09T12:19:25.551+0000] {dag.py:3954} INFO - Setting next_dagrun for dataset_consumes_1 to None, run_after=None
[2026-05-09T12:19:25.552+0000] {logging_mixin.py:188} INFO - [2026-05-09T12:19:25.552+0000] {dag.py:3954} INFO - Setting next_dagrun for dataset_consumes_1_and_2 to None, run_after=None
[2026-05-09T12:19:25.553+0000] {logging_mixin.py:188} INFO - [2026-05-09T12:19:25.553+0000] {dag.py:3954} INFO - Setting next_dagrun for dataset_consumes_1_never_scheduled to None, run_after=None
[2026-05-09T12:19:25.553+0000] {logging_mixin.py:188} INFO - [2026-05-09T12:19:25.553+0000] {dag.py:3954} INFO - Setting next_dagrun for dataset_consumes_unknown_never_scheduled to None, run_after=None
[2026-05-09T12:19:25.555+0000] {logging_mixin.py:188} INFO - [2026-05-09T12:19:25.555+0000] {dag.py:3954} INFO - Setting next_dagrun for dataset_produces_1 to 2026-05-08 00:00:00+00:00, run_after=2026-05-09 00:00:00+00:00
[2026-05-09T12:19:25.556+0000] {logging_mixin.py:188} INFO - [2026-05-09T12:19:25.556+0000] {dag.py:3954} INFO - Setting next_dagrun for dataset_produces_2 to None, run_after=None
[2026-05-09T12:19:25.578+0000] {processor.py:183} INFO - Processing /home/vscode/.local/lib/python3.11/site-packages/airflow/example_dags/example_datasets.py took 0.097 seconds
[2026-05-09T12:20:33.909+0000] {processor.py:161} INFO - Started process (PID=41389) to work on /home/vscode/.local/lib/python3.11/site-packages/airflow/example_dags/example_datasets.py
[2026-05-09T12:20:33.910+0000] {processor.py:830} INFO - Processing file /home/vscode/.local/lib/python3.11/site-packages/airflow/example_dags/example_datasets.py for tasks to queue
[2026-05-09T12:20:33.910+0000] {logging_mixin.py:188} INFO - [2026-05-09T12:20:33.910+0000] {dagbag.py:545} INFO - Filling up the DagBag from /home/vscode/.local/lib/python3.11/site-packages/airflow/example_dags/example_datasets.py
[2026-05-09T12:20:33.921+0000] {processor.py:840} INFO - DAG(s) 'dataset_consumes_1', 'dataset_produces_2', 'consume_1_or_both_2_and_3_with_dataset_expressions', 'dataset_produces_1', 'consume_1_and_2_with_dataset_expressions', 'dataset_consumes_1_and_2', 'conditional_dataset_and_time_based_timetable', 'dataset_consumes_unknown_never_scheduled', 'dataset_consumes_1_never_scheduled', 'consume_1_or_2_with_dataset_expressions' retrieved from /home/vscode/.local/lib/python3.11/site-packages/airflow/example_dags/example_datasets.py
[2026-05-09T12:20:33.952+0000] {logging_mixin.py:188} INFO - [2026-05-09T12:20:33.952+0000] {dag.py:3096} INFO - Sync 10 DAGs
[2026-05-09T12:20:33.967+0000] {logging_mixin.py:188} INFO - [2026-05-09T12:20:33.967+0000] {dag.py:3954} INFO - Setting next_dagrun for conditional_dataset_and_time_based_timetable to 2026-05-06 01:00:00+00:00, run_after=2026-05-06 01:00:00+00:00
[2026-05-09T12:20:33.970+0000] {logging_mixin.py:188} INFO - [2026-05-09T12:20:33.970+0000] {dag.py:3954} INFO - Setting next_dagrun for consume_1_and_2_with_dataset_expressions to None, run_after=None
[2026-05-09T12:20:33.970+0000] {logging_mixin.py:188} INFO - [2026-05-09T12:20:33.970+0000] {dag.py:3954} INFO - Setting next_dagrun for consume_1_or_2_with_dataset_expressions to None, run_after=None
[2026-05-09T12:20:33.971+0000] {logging_mixin.py:188} INFO - [2026-05-09T12:20:33.971+0000] {dag.py:3954} INFO - Setting next_dagrun for consume_1_or_both_2_and_3_with_dataset_expressions to None, run_after=None
[2026-05-09T12:20:33.971+0000] {logging_mixin.py:188} INFO - [2026-05-09T12:20:33.971+0000] {dag.py:3954} INFO - Setting next_dagrun for dataset_consumes_1 to None, run_after=None
[2026-05-09T12:20:33.972+0000] {logging_mixin.py:188} INFO - [2026-05-09T12:20:33.972+0000] {dag.py:3954} INFO - Setting next_dagrun for dataset_consumes_1_and_2 to None, run_after=None
[2026-05-09T12:20:33.973+0000] {logging_mixin.py:188} INFO - [2026-05-09T12:20:33.972+0000] {dag.py:3954} INFO - Setting next_dagrun for dataset_consumes_1_never_scheduled to None, run_after=None
[2026-05-09T12:20:33.973+0000] {logging_mixin.py:188} INFO - [2026-05-09T12:20:33.973+0000] {dag.py:3954} INFO - Setting next_dagrun for dataset_consumes_unknown_never_scheduled to None, run_after=None
[2026-05-09T12:20:33.975+0000] {logging_mixin.py:188} INFO - [2026-05-09T12:20:33.974+0000] {dag.py:3954} INFO - Setting next_dagrun for dataset_produces_1 to 2026-05-08 00:00:00+00:00, run_after=2026-05-09 00:00:00+00:00
[2026-05-09T12:20:33.975+0000] {logging_mixin.py:188} INFO - [2026-05-09T12:20:33.975+0000] {dag.py:3954} INFO - Setting next_dagrun for dataset_produces_2 to None, run_after=None
[2026-05-09T12:20:33.999+0000] {processor.py:183} INFO - Processing /home/vscode/.local/lib/python3.11/site-packages/airflow/example_dags/example_datasets.py took 0.096 seconds
[2026-05-09T12:21:33.980+0000] {processor.py:161} INFO - Started process (PID=41854) to work on /home/vscode/.local/lib/python3.11/site-packages/airflow/example_dags/example_datasets.py
[2026-05-09T12:21:33.981+0000] {processor.py:830} INFO - Processing file /home/vscode/.local/lib/python3.11/site-packages/airflow/example_dags/example_datasets.py for tasks to queue
[2026-05-09T12:21:33.981+0000] {logging_mixin.py:188} INFO - [2026-05-09T12:21:33.981+0000] {dagbag.py:545} INFO - Filling up the DagBag from /home/vscode/.local/lib/python3.11/site-packages/airflow/example_dags/example_datasets.py
[2026-05-09T12:21:33.992+0000] {processor.py:840} INFO - DAG(s) 'consume_1_and_2_with_dataset_expressions', 'dataset_consumes_1_never_scheduled', 'dataset_consumes_unknown_never_scheduled', 'dataset_produces_1', 'dataset_consumes_1', 'dataset_consumes_1_and_2', 'dataset_produces_2', 'consume_1_or_both_2_and_3_with_dataset_expressions', 'consume_1_or_2_with_dataset_expressions', 'conditional_dataset_and_time_based_timetable' retrieved from /home/vscode/.local/lib/python3.11/site-packages/airflow/example_dags/example_datasets.py
[2026-05-09T12:21:34.019+0000] {logging_mixin.py:188} INFO - [2026-05-09T12:21:34.019+0000] {dag.py:3096} INFO - Sync 10 DAGs
[2026-05-09T12:21:34.042+0000] {logging_mixin.py:188} INFO - [2026-05-09T12:21:34.042+0000] {dag.py:3954} INFO - Setting next_dagrun for conditional_dataset_and_time_based_timetable to 2026-05-06 01:00:00+00:00, run_after=2026-05-06 01:00:00+00:00
[2026-05-09T12:21:34.046+0000] {logging_mixin.py:188} INFO - [2026-05-09T12:21:34.046+0000] {dag.py:3954} INFO - Setting next_dagrun for consume_1_and_2_with_dataset_expressions to None, run_after=None
[2026-05-09T12:21:34.047+0000] {logging_mixin.py:188} INFO - [2026-05-09T12:21:34.047+0000] {dag.py:3954} INFO - Setting next_dagrun for consume_1_or_2_with_dataset_expressions to None, run_after=None
[2026-05-09T12:21:34.047+0000] {logging_mixin.py:188} INFO - [2026-05-09T12:21:34.047+0000] {dag.py:3954} INFO - Setting next_dagrun for consume_1_or_both_2_and_3_with_dataset_expressions to None, run_after=None
[2026-05-09T12:21:34.048+0000] {logging_mixin.py:188} INFO - [2026-05-09T12:21:34.048+0000] {dag.py:3954} INFO - Setting next_dagrun for dataset_consumes_1 to None, run_after=None
[2026-05-09T12:21:34.049+0000] {logging_mixin.py:188} INFO - [2026-05-09T12:21:34.049+0000] {dag.py:3954} INFO - Setting next_dagrun for dataset_consumes_1_and_2 to None, run_after=None
[2026-05-09T12:21:34.050+0000] {logging_mixin.py:188} INFO - [2026-05-09T12:21:34.050+0000] {dag.py:3954} INFO - Setting next_dagrun for dataset_consumes_1_never_scheduled to None, run_after=None
[2026-05-09T12:21:34.051+0000] {logging_mixin.py:188} INFO - [2026-05-09T12:21:34.050+0000] {dag.py:3954} INFO - Setting next_dagrun for dataset_consumes_unknown_never_scheduled to None, run_after=None
[2026-05-09T12:21:34.052+0000] {logging_mixin.py:188} INFO - [2026-05-09T12:21:34.052+0000] {dag.py:3954} INFO - Setting next_dagrun for dataset_produces_1 to 2026-05-08 00:00:00+00:00, run_after=2026-05-09 00:00:00+00:00
[2026-05-09T12:21:34.053+0000] {logging_mixin.py:188} INFO - [2026-05-09T12:21:34.053+0000] {dag.py:3954} INFO - Setting next_dagrun for dataset_produces_2 to None, run_after=None
[2026-05-09T12:21:34.076+0000] {processor.py:183} INFO - Processing /home/vscode/.local/lib/python3.11/site-packages/airflow/example_dags/example_datasets.py took 0.102 seconds
