[2026-05-09T11:18:44.015+0000] {processor.py:161} INFO - Started process (PID=7112) to work on /home/vscode/.local/lib/python3.11/site-packages/airflow/example_dags/example_time_delta_sensor_async.py
[2026-05-09T11:18:44.015+0000] {processor.py:830} INFO - Processing file /home/vscode/.local/lib/python3.11/site-packages/airflow/example_dags/example_time_delta_sensor_async.py for tasks to queue
[2026-05-09T11:18:44.016+0000] {logging_mixin.py:188} INFO - [2026-05-09T11:18:44.016+0000] {dagbag.py:545} INFO - Filling up the DagBag from /home/vscode/.local/lib/python3.11/site-packages/airflow/example_dags/example_time_delta_sensor_async.py
[2026-05-09T11:18:44.021+0000] {processor.py:840} INFO - DAG(s) 'example_time_delta_sensor_async' retrieved from /home/vscode/.local/lib/python3.11/site-packages/airflow/example_dags/example_time_delta_sensor_async.py
[2026-05-09T11:18:44.026+0000] {logging_mixin.py:188} INFO - [2026-05-09T11:18:44.026+0000] {dag.py:3096} INFO - Sync 1 DAGs
[2026-05-09T11:18:44.035+0000] {logging_mixin.py:188} INFO - [2026-05-09T11:18:44.035+0000] {dag.py:3954} INFO - Setting next_dagrun for example_time_delta_sensor_async to None, run_after=None
[2026-05-09T11:18:44.052+0000] {processor.py:183} INFO - Processing /home/vscode/.local/lib/python3.11/site-packages/airflow/example_dags/example_time_delta_sensor_async.py took 0.043 seconds
[2026-05-09T11:19:41.585+0000] {processor.py:161} INFO - Started process (PID=7595) to work on /home/vscode/.local/lib/python3.11/site-packages/airflow/example_dags/example_time_delta_sensor_async.py
[2026-05-09T11:19:41.586+0000] {processor.py:830} INFO - Processing file /home/vscode/.local/lib/python3.11/site-packages/airflow/example_dags/example_time_delta_sensor_async.py for tasks to queue
[2026-05-09T11:19:41.586+0000] {logging_mixin.py:188} INFO - [2026-05-09T11:19:41.586+0000] {dagbag.py:545} INFO - Filling up the DagBag from /home/vscode/.local/lib/python3.11/site-packages/airflow/example_dags/example_time_delta_sensor_async.py
[2026-05-09T11:19:41.590+0000] {processor.py:840} INFO - DAG(s) 'example_time_delta_sensor_async' retrieved from /home/vscode/.local/lib/python3.11/site-packages/airflow/example_dags/example_time_delta_sensor_async.py
[2026-05-09T11:19:41.833+0000] {logging_mixin.py:188} INFO - [2026-05-09T11:19:41.833+0000] {dag.py:3096} INFO - Sync 1 DAGs
[2026-05-09T11:19:41.841+0000] {logging_mixin.py:188} INFO - [2026-05-09T11:19:41.841+0000] {dag.py:3954} INFO - Setting next_dagrun for example_time_delta_sensor_async to None, run_after=None
[2026-05-09T11:19:41.859+0000] {processor.py:183} INFO - Processing /home/vscode/.local/lib/python3.11/site-packages/airflow/example_dags/example_time_delta_sensor_async.py took 0.280 seconds
[2026-05-09T11:20:35.263+0000] {processor.py:161} INFO - Started process (PID=8060) to work on /home/vscode/.local/lib/python3.11/site-packages/airflow/example_dags/example_time_delta_sensor_async.py
[2026-05-09T11:20:35.264+0000] {processor.py:830} INFO - Processing file /home/vscode/.local/lib/python3.11/site-packages/airflow/example_dags/example_time_delta_sensor_async.py for tasks to queue
[2026-05-09T11:20:35.265+0000] {logging_mixin.py:188} INFO - [2026-05-09T11:20:35.264+0000] {dagbag.py:545} INFO - Filling up the DagBag from /home/vscode/.local/lib/python3.11/site-packages/airflow/example_dags/example_time_delta_sensor_async.py
[2026-05-09T11:20:35.268+0000] {processor.py:840} INFO - DAG(s) 'example_time_delta_sensor_async' retrieved from /home/vscode/.local/lib/python3.11/site-packages/airflow/example_dags/example_time_delta_sensor_async.py
[2026-05-09T11:20:35.280+0000] {logging_mixin.py:188} INFO - [2026-05-09T11:20:35.280+0000] {dag.py:3096} INFO - Sync 1 DAGs
[2026-05-09T11:20:35.289+0000] {logging_mixin.py:188} INFO - [2026-05-09T11:20:35.289+0000] {dag.py:3954} INFO - Setting next_dagrun for example_time_delta_sensor_async to None, run_after=None
[2026-05-09T11:20:35.306+0000] {processor.py:183} INFO - Processing /home/vscode/.local/lib/python3.11/site-packages/airflow/example_dags/example_time_delta_sensor_async.py took 0.055 seconds
[2026-05-09T11:21:18.461+0000] {processor.py:161} INFO - Started process (PID=8389) to work on /home/vscode/.local/lib/python3.11/site-packages/airflow/example_dags/example_time_delta_sensor_async.py
[2026-05-09T11:21:18.462+0000] {processor.py:830} INFO - Processing file /home/vscode/.local/lib/python3.11/site-packages/airflow/example_dags/example_time_delta_sensor_async.py for tasks to queue
[2026-05-09T11:21:18.463+0000] {logging_mixin.py:188} INFO - [2026-05-09T11:21:18.462+0000] {dagbag.py:545} INFO - Filling up the DagBag from /home/vscode/.local/lib/python3.11/site-packages/airflow/example_dags/example_time_delta_sensor_async.py
[2026-05-09T11:21:18.466+0000] {processor.py:840} INFO - DAG(s) 'example_time_delta_sensor_async' retrieved from /home/vscode/.local/lib/python3.11/site-packages/airflow/example_dags/example_time_delta_sensor_async.py
[2026-05-09T11:21:18.477+0000] {logging_mixin.py:188} INFO - [2026-05-09T11:21:18.477+0000] {dag.py:3096} INFO - Sync 1 DAGs
[2026-05-09T11:21:18.484+0000] {logging_mixin.py:188} INFO - [2026-05-09T11:21:18.484+0000] {dag.py:3954} INFO - Setting next_dagrun for example_time_delta_sensor_async to None, run_after=None
[2026-05-09T11:21:18.500+0000] {processor.py:183} INFO - Processing /home/vscode/.local/lib/python3.11/site-packages/airflow/example_dags/example_time_delta_sensor_async.py took 0.045 seconds
[2026-05-09T11:22:00.449+0000] {processor.py:161} INFO - Started process (PID=8877) to work on /home/vscode/.local/lib/python3.11/site-packages/airflow/example_dags/example_time_delta_sensor_async.py
[2026-05-09T11:22:00.449+0000] {processor.py:830} INFO - Processing file /home/vscode/.local/lib/python3.11/site-packages/airflow/example_dags/example_time_delta_sensor_async.py for tasks to queue
[2026-05-09T11:22:00.450+0000] {logging_mixin.py:188} INFO - [2026-05-09T11:22:00.449+0000] {dagbag.py:545} INFO - Filling up the DagBag from /home/vscode/.local/lib/python3.11/site-packages/airflow/example_dags/example_time_delta_sensor_async.py
[2026-05-09T11:22:00.453+0000] {processor.py:840} INFO - DAG(s) 'example_time_delta_sensor_async' retrieved from /home/vscode/.local/lib/python3.11/site-packages/airflow/example_dags/example_time_delta_sensor_async.py
[2026-05-09T11:22:00.468+0000] {logging_mixin.py:188} INFO - [2026-05-09T11:22:00.468+0000] {dag.py:3096} INFO - Sync 1 DAGs
[2026-05-09T11:22:00.476+0000] {logging_mixin.py:188} INFO - [2026-05-09T11:22:00.476+0000] {dag.py:3954} INFO - Setting next_dagrun for example_time_delta_sensor_async to None, run_after=None
[2026-05-09T11:22:00.492+0000] {processor.py:183} INFO - Processing /home/vscode/.local/lib/python3.11/site-packages/airflow/example_dags/example_time_delta_sensor_async.py took 0.051 seconds
[2026-05-09T11:22:48.114+0000] {processor.py:161} INFO - Started process (PID=9397) to work on /home/vscode/.local/lib/python3.11/site-packages/airflow/example_dags/example_time_delta_sensor_async.py
[2026-05-09T11:22:48.115+0000] {processor.py:830} INFO - Processing file /home/vscode/.local/lib/python3.11/site-packages/airflow/example_dags/example_time_delta_sensor_async.py for tasks to queue
[2026-05-09T11:22:48.116+0000] {logging_mixin.py:188} INFO - [2026-05-09T11:22:48.115+0000] {dagbag.py:545} INFO - Filling up the DagBag from /home/vscode/.local/lib/python3.11/site-packages/airflow/example_dags/example_time_delta_sensor_async.py
[2026-05-09T11:22:48.119+0000] {processor.py:840} INFO - DAG(s) 'example_time_delta_sensor_async' retrieved from /home/vscode/.local/lib/python3.11/site-packages/airflow/example_dags/example_time_delta_sensor_async.py
[2026-05-09T11:22:48.130+0000] {logging_mixin.py:188} INFO - [2026-05-09T11:22:48.130+0000] {dag.py:3096} INFO - Sync 1 DAGs
[2026-05-09T11:22:48.142+0000] {logging_mixin.py:188} INFO - [2026-05-09T11:22:48.142+0000] {dag.py:3954} INFO - Setting next_dagrun for example_time_delta_sensor_async to None, run_after=None
[2026-05-09T11:22:48.162+0000] {processor.py:183} INFO - Processing /home/vscode/.local/lib/python3.11/site-packages/airflow/example_dags/example_time_delta_sensor_async.py took 0.054 seconds
[2026-05-09T11:23:30.226+0000] {processor.py:161} INFO - Started process (PID=9908) to work on /home/vscode/.local/lib/python3.11/site-packages/airflow/example_dags/example_time_delta_sensor_async.py
[2026-05-09T11:23:30.226+0000] {processor.py:830} INFO - Processing file /home/vscode/.local/lib/python3.11/site-packages/airflow/example_dags/example_time_delta_sensor_async.py for tasks to queue
[2026-05-09T11:23:30.227+0000] {logging_mixin.py:188} INFO - [2026-05-09T11:23:30.227+0000] {dagbag.py:545} INFO - Filling up the DagBag from /home/vscode/.local/lib/python3.11/site-packages/airflow/example_dags/example_time_delta_sensor_async.py
[2026-05-09T11:23:30.230+0000] {processor.py:840} INFO - DAG(s) 'example_time_delta_sensor_async' retrieved from /home/vscode/.local/lib/python3.11/site-packages/airflow/example_dags/example_time_delta_sensor_async.py
[2026-05-09T11:23:30.241+0000] {logging_mixin.py:188} INFO - [2026-05-09T11:23:30.241+0000] {dag.py:3096} INFO - Sync 1 DAGs
[2026-05-09T11:23:30.254+0000] {logging_mixin.py:188} INFO - [2026-05-09T11:23:30.254+0000] {dag.py:3954} INFO - Setting next_dagrun for example_time_delta_sensor_async to None, run_after=None
[2026-05-09T11:23:30.270+0000] {processor.py:183} INFO - Processing /home/vscode/.local/lib/python3.11/site-packages/airflow/example_dags/example_time_delta_sensor_async.py took 0.051 seconds
[2026-05-09T11:24:10.474+0000] {processor.py:161} INFO - Started process (PID=10454) to work on /home/vscode/.local/lib/python3.11/site-packages/airflow/example_dags/example_time_delta_sensor_async.py
[2026-05-09T11:24:10.474+0000] {processor.py:830} INFO - Processing file /home/vscode/.local/lib/python3.11/site-packages/airflow/example_dags/example_time_delta_sensor_async.py for tasks to queue
[2026-05-09T11:24:10.475+0000] {logging_mixin.py:188} INFO - [2026-05-09T11:24:10.475+0000] {dagbag.py:545} INFO - Filling up the DagBag from /home/vscode/.local/lib/python3.11/site-packages/airflow/example_dags/example_time_delta_sensor_async.py
[2026-05-09T11:24:10.478+0000] {processor.py:840} INFO - DAG(s) 'example_time_delta_sensor_async' retrieved from /home/vscode/.local/lib/python3.11/site-packages/airflow/example_dags/example_time_delta_sensor_async.py
[2026-05-09T11:24:10.489+0000] {logging_mixin.py:188} INFO - [2026-05-09T11:24:10.489+0000] {dag.py:3096} INFO - Sync 1 DAGs
[2026-05-09T11:24:10.498+0000] {logging_mixin.py:188} INFO - [2026-05-09T11:24:10.498+0000] {dag.py:3954} INFO - Setting next_dagrun for example_time_delta_sensor_async to None, run_after=None
[2026-05-09T11:24:10.513+0000] {processor.py:183} INFO - Processing /home/vscode/.local/lib/python3.11/site-packages/airflow/example_dags/example_time_delta_sensor_async.py took 0.045 seconds
[2026-05-09T11:24:51.812+0000] {processor.py:161} INFO - Started process (PID=11062) to work on /home/vscode/.local/lib/python3.11/site-packages/airflow/example_dags/example_time_delta_sensor_async.py
[2026-05-09T11:24:51.813+0000] {processor.py:830} INFO - Processing file /home/vscode/.local/lib/python3.11/site-packages/airflow/example_dags/example_time_delta_sensor_async.py for tasks to queue
[2026-05-09T11:24:51.813+0000] {logging_mixin.py:188} INFO - [2026-05-09T11:24:51.813+0000] {dagbag.py:545} INFO - Filling up the DagBag from /home/vscode/.local/lib/python3.11/site-packages/airflow/example_dags/example_time_delta_sensor_async.py
[2026-05-09T11:24:51.816+0000] {processor.py:840} INFO - DAG(s) 'example_time_delta_sensor_async' retrieved from /home/vscode/.local/lib/python3.11/site-packages/airflow/example_dags/example_time_delta_sensor_async.py
[2026-05-09T11:24:51.829+0000] {logging_mixin.py:188} INFO - [2026-05-09T11:24:51.829+0000] {dag.py:3096} INFO - Sync 1 DAGs
[2026-05-09T11:24:51.837+0000] {logging_mixin.py:188} INFO - [2026-05-09T11:24:51.837+0000] {dag.py:3954} INFO - Setting next_dagrun for example_time_delta_sensor_async to None, run_after=None
[2026-05-09T11:24:51.853+0000] {processor.py:183} INFO - Processing /home/vscode/.local/lib/python3.11/site-packages/airflow/example_dags/example_time_delta_sensor_async.py took 0.047 seconds
[2026-05-09T11:25:32.242+0000] {processor.py:161} INFO - Started process (PID=11417) to work on /home/vscode/.local/lib/python3.11/site-packages/airflow/example_dags/example_time_delta_sensor_async.py
[2026-05-09T11:25:32.242+0000] {processor.py:830} INFO - Processing file /home/vscode/.local/lib/python3.11/site-packages/airflow/example_dags/example_time_delta_sensor_async.py for tasks to queue
[2026-05-09T11:25:32.243+0000] {logging_mixin.py:188} INFO - [2026-05-09T11:25:32.243+0000] {dagbag.py:545} INFO - Filling up the DagBag from /home/vscode/.local/lib/python3.11/site-packages/airflow/example_dags/example_time_delta_sensor_async.py
[2026-05-09T11:25:32.246+0000] {processor.py:840} INFO - DAG(s) 'example_time_delta_sensor_async' retrieved from /home/vscode/.local/lib/python3.11/site-packages/airflow/example_dags/example_time_delta_sensor_async.py
[2026-05-09T11:25:32.257+0000] {logging_mixin.py:188} INFO - [2026-05-09T11:25:32.257+0000] {dag.py:3096} INFO - Sync 1 DAGs
[2026-05-09T11:25:32.265+0000] {logging_mixin.py:188} INFO - [2026-05-09T11:25:32.265+0000] {dag.py:3954} INFO - Setting next_dagrun for example_time_delta_sensor_async to None, run_after=None
[2026-05-09T11:25:32.281+0000] {processor.py:183} INFO - Processing /home/vscode/.local/lib/python3.11/site-packages/airflow/example_dags/example_time_delta_sensor_async.py took 0.046 seconds
[2026-05-09T11:26:12.616+0000] {processor.py:161} INFO - Started process (PID=11727) to work on /home/vscode/.local/lib/python3.11/site-packages/airflow/example_dags/example_time_delta_sensor_async.py
[2026-05-09T11:26:12.617+0000] {processor.py:830} INFO - Processing file /home/vscode/.local/lib/python3.11/site-packages/airflow/example_dags/example_time_delta_sensor_async.py for tasks to queue
[2026-05-09T11:26:12.617+0000] {logging_mixin.py:188} INFO - [2026-05-09T11:26:12.617+0000] {dagbag.py:545} INFO - Filling up the DagBag from /home/vscode/.local/lib/python3.11/site-packages/airflow/example_dags/example_time_delta_sensor_async.py
[2026-05-09T11:26:12.621+0000] {processor.py:840} INFO - DAG(s) 'example_time_delta_sensor_async' retrieved from /home/vscode/.local/lib/python3.11/site-packages/airflow/example_dags/example_time_delta_sensor_async.py
[2026-05-09T11:26:12.632+0000] {logging_mixin.py:188} INFO - [2026-05-09T11:26:12.632+0000] {dag.py:3096} INFO - Sync 1 DAGs
[2026-05-09T11:26:12.640+0000] {logging_mixin.py:188} INFO - [2026-05-09T11:26:12.640+0000] {dag.py:3954} INFO - Setting next_dagrun for example_time_delta_sensor_async to None, run_after=None
[2026-05-09T11:26:12.657+0000] {processor.py:183} INFO - Processing /home/vscode/.local/lib/python3.11/site-packages/airflow/example_dags/example_time_delta_sensor_async.py took 0.047 seconds
[2026-05-09T11:26:52.548+0000] {processor.py:161} INFO - Started process (PID=12235) to work on /home/vscode/.local/lib/python3.11/site-packages/airflow/example_dags/example_time_delta_sensor_async.py
[2026-05-09T11:26:52.548+0000] {processor.py:830} INFO - Processing file /home/vscode/.local/lib/python3.11/site-packages/airflow/example_dags/example_time_delta_sensor_async.py for tasks to queue
[2026-05-09T11:26:52.549+0000] {logging_mixin.py:188} INFO - [2026-05-09T11:26:52.548+0000] {dagbag.py:545} INFO - Filling up the DagBag from /home/vscode/.local/lib/python3.11/site-packages/airflow/example_dags/example_time_delta_sensor_async.py
[2026-05-09T11:26:52.552+0000] {processor.py:840} INFO - DAG(s) 'example_time_delta_sensor_async' retrieved from /home/vscode/.local/lib/python3.11/site-packages/airflow/example_dags/example_time_delta_sensor_async.py
[2026-05-09T11:26:52.564+0000] {logging_mixin.py:188} INFO - [2026-05-09T11:26:52.564+0000] {dag.py:3096} INFO - Sync 1 DAGs
[2026-05-09T11:26:52.573+0000] {logging_mixin.py:188} INFO - [2026-05-09T11:26:52.573+0000] {dag.py:3954} INFO - Setting next_dagrun for example_time_delta_sensor_async to None, run_after=None
[2026-05-09T11:26:52.589+0000] {processor.py:183} INFO - Processing /home/vscode/.local/lib/python3.11/site-packages/airflow/example_dags/example_time_delta_sensor_async.py took 0.048 seconds
[2026-05-09T11:27:32.531+0000] {processor.py:161} INFO - Started process (PID=12723) to work on /home/vscode/.local/lib/python3.11/site-packages/airflow/example_dags/example_time_delta_sensor_async.py
[2026-05-09T11:27:32.531+0000] {processor.py:830} INFO - Processing file /home/vscode/.local/lib/python3.11/site-packages/airflow/example_dags/example_time_delta_sensor_async.py for tasks to queue
[2026-05-09T11:27:32.532+0000] {logging_mixin.py:188} INFO - [2026-05-09T11:27:32.532+0000] {dagbag.py:545} INFO - Filling up the DagBag from /home/vscode/.local/lib/python3.11/site-packages/airflow/example_dags/example_time_delta_sensor_async.py
[2026-05-09T11:27:32.535+0000] {processor.py:840} INFO - DAG(s) 'example_time_delta_sensor_async' retrieved from /home/vscode/.local/lib/python3.11/site-packages/airflow/example_dags/example_time_delta_sensor_async.py
[2026-05-09T11:27:32.547+0000] {logging_mixin.py:188} INFO - [2026-05-09T11:27:32.547+0000] {dag.py:3096} INFO - Sync 1 DAGs
[2026-05-09T11:27:32.556+0000] {logging_mixin.py:188} INFO - [2026-05-09T11:27:32.556+0000] {dag.py:3954} INFO - Setting next_dagrun for example_time_delta_sensor_async to None, run_after=None
[2026-05-09T11:27:32.572+0000] {processor.py:183} INFO - Processing /home/vscode/.local/lib/python3.11/site-packages/airflow/example_dags/example_time_delta_sensor_async.py took 0.048 seconds
[2026-05-09T11:28:12.453+0000] {processor.py:161} INFO - Started process (PID=13173) to work on /home/vscode/.local/lib/python3.11/site-packages/airflow/example_dags/example_time_delta_sensor_async.py
[2026-05-09T11:28:12.453+0000] {processor.py:830} INFO - Processing file /home/vscode/.local/lib/python3.11/site-packages/airflow/example_dags/example_time_delta_sensor_async.py for tasks to queue
[2026-05-09T11:28:12.454+0000] {logging_mixin.py:188} INFO - [2026-05-09T11:28:12.454+0000] {dagbag.py:545} INFO - Filling up the DagBag from /home/vscode/.local/lib/python3.11/site-packages/airflow/example_dags/example_time_delta_sensor_async.py
[2026-05-09T11:28:12.457+0000] {processor.py:840} INFO - DAG(s) 'example_time_delta_sensor_async' retrieved from /home/vscode/.local/lib/python3.11/site-packages/airflow/example_dags/example_time_delta_sensor_async.py
[2026-05-09T11:28:12.468+0000] {logging_mixin.py:188} INFO - [2026-05-09T11:28:12.468+0000] {dag.py:3096} INFO - Sync 1 DAGs
[2026-05-09T11:28:12.476+0000] {logging_mixin.py:188} INFO - [2026-05-09T11:28:12.475+0000] {dag.py:3954} INFO - Setting next_dagrun for example_time_delta_sensor_async to None, run_after=None
[2026-05-09T11:28:12.492+0000] {processor.py:183} INFO - Processing /home/vscode/.local/lib/python3.11/site-packages/airflow/example_dags/example_time_delta_sensor_async.py took 0.045 seconds
[2026-05-09T11:28:52.486+0000] {processor.py:161} INFO - Started process (PID=13683) to work on /home/vscode/.local/lib/python3.11/site-packages/airflow/example_dags/example_time_delta_sensor_async.py
[2026-05-09T11:28:52.487+0000] {processor.py:830} INFO - Processing file /home/vscode/.local/lib/python3.11/site-packages/airflow/example_dags/example_time_delta_sensor_async.py for tasks to queue
[2026-05-09T11:28:52.487+0000] {logging_mixin.py:188} INFO - [2026-05-09T11:28:52.487+0000] {dagbag.py:545} INFO - Filling up the DagBag from /home/vscode/.local/lib/python3.11/site-packages/airflow/example_dags/example_time_delta_sensor_async.py
[2026-05-09T11:28:52.491+0000] {processor.py:840} INFO - DAG(s) 'example_time_delta_sensor_async' retrieved from /home/vscode/.local/lib/python3.11/site-packages/airflow/example_dags/example_time_delta_sensor_async.py
[2026-05-09T11:28:52.502+0000] {logging_mixin.py:188} INFO - [2026-05-09T11:28:52.502+0000] {dag.py:3096} INFO - Sync 1 DAGs
[2026-05-09T11:28:52.510+0000] {logging_mixin.py:188} INFO - [2026-05-09T11:28:52.510+0000] {dag.py:3954} INFO - Setting next_dagrun for example_time_delta_sensor_async to None, run_after=None
[2026-05-09T11:28:52.527+0000] {processor.py:183} INFO - Processing /home/vscode/.local/lib/python3.11/site-packages/airflow/example_dags/example_time_delta_sensor_async.py took 0.048 seconds
[2026-05-09T11:29:34.036+0000] {processor.py:161} INFO - Started process (PID=14060) to work on /home/vscode/.local/lib/python3.11/site-packages/airflow/example_dags/example_time_delta_sensor_async.py
[2026-05-09T11:29:34.036+0000] {processor.py:830} INFO - Processing file /home/vscode/.local/lib/python3.11/site-packages/airflow/example_dags/example_time_delta_sensor_async.py for tasks to queue
[2026-05-09T11:29:34.037+0000] {logging_mixin.py:188} INFO - [2026-05-09T11:29:34.037+0000] {dagbag.py:545} INFO - Filling up the DagBag from /home/vscode/.local/lib/python3.11/site-packages/airflow/example_dags/example_time_delta_sensor_async.py
[2026-05-09T11:29:34.040+0000] {processor.py:840} INFO - DAG(s) 'example_time_delta_sensor_async' retrieved from /home/vscode/.local/lib/python3.11/site-packages/airflow/example_dags/example_time_delta_sensor_async.py
[2026-05-09T11:29:34.052+0000] {logging_mixin.py:188} INFO - [2026-05-09T11:29:34.052+0000] {dag.py:3096} INFO - Sync 1 DAGs
[2026-05-09T11:29:34.060+0000] {logging_mixin.py:188} INFO - [2026-05-09T11:29:34.060+0000] {dag.py:3954} INFO - Setting next_dagrun for example_time_delta_sensor_async to None, run_after=None
[2026-05-09T11:29:34.077+0000] {processor.py:183} INFO - Processing /home/vscode/.local/lib/python3.11/site-packages/airflow/example_dags/example_time_delta_sensor_async.py took 0.048 seconds
[2026-05-09T11:30:18.642+0000] {processor.py:161} INFO - Started process (PID=14461) to work on /home/vscode/.local/lib/python3.11/site-packages/airflow/example_dags/example_time_delta_sensor_async.py
[2026-05-09T11:30:18.642+0000] {processor.py:830} INFO - Processing file /home/vscode/.local/lib/python3.11/site-packages/airflow/example_dags/example_time_delta_sensor_async.py for tasks to queue
[2026-05-09T11:30:18.643+0000] {logging_mixin.py:188} INFO - [2026-05-09T11:30:18.643+0000] {dagbag.py:545} INFO - Filling up the DagBag from /home/vscode/.local/lib/python3.11/site-packages/airflow/example_dags/example_time_delta_sensor_async.py
[2026-05-09T11:30:18.646+0000] {processor.py:840} INFO - DAG(s) 'example_time_delta_sensor_async' retrieved from /home/vscode/.local/lib/python3.11/site-packages/airflow/example_dags/example_time_delta_sensor_async.py
[2026-05-09T11:30:18.659+0000] {logging_mixin.py:188} INFO - [2026-05-09T11:30:18.659+0000] {dag.py:3096} INFO - Sync 1 DAGs
[2026-05-09T11:30:18.668+0000] {logging_mixin.py:188} INFO - [2026-05-09T11:30:18.668+0000] {dag.py:3954} INFO - Setting next_dagrun for example_time_delta_sensor_async to None, run_after=None
[2026-05-09T11:30:18.684+0000] {processor.py:183} INFO - Processing /home/vscode/.local/lib/python3.11/site-packages/airflow/example_dags/example_time_delta_sensor_async.py took 0.050 seconds
[2026-05-09T11:30:58.249+0000] {processor.py:161} INFO - Started process (PID=15003) to work on /home/vscode/.local/lib/python3.11/site-packages/airflow/example_dags/example_time_delta_sensor_async.py
[2026-05-09T11:30:58.249+0000] {processor.py:830} INFO - Processing file /home/vscode/.local/lib/python3.11/site-packages/airflow/example_dags/example_time_delta_sensor_async.py for tasks to queue
[2026-05-09T11:30:58.250+0000] {logging_mixin.py:188} INFO - [2026-05-09T11:30:58.250+0000] {dagbag.py:545} INFO - Filling up the DagBag from /home/vscode/.local/lib/python3.11/site-packages/airflow/example_dags/example_time_delta_sensor_async.py
[2026-05-09T11:30:58.253+0000] {processor.py:840} INFO - DAG(s) 'example_time_delta_sensor_async' retrieved from /home/vscode/.local/lib/python3.11/site-packages/airflow/example_dags/example_time_delta_sensor_async.py
[2026-05-09T11:30:58.269+0000] {logging_mixin.py:188} INFO - [2026-05-09T11:30:58.269+0000] {dag.py:3096} INFO - Sync 1 DAGs
[2026-05-09T11:30:58.290+0000] {logging_mixin.py:188} INFO - [2026-05-09T11:30:58.289+0000] {dag.py:3954} INFO - Setting next_dagrun for example_time_delta_sensor_async to None, run_after=None
[2026-05-09T11:30:58.313+0000] {processor.py:183} INFO - Processing /home/vscode/.local/lib/python3.11/site-packages/airflow/example_dags/example_time_delta_sensor_async.py took 0.071 seconds
[2026-05-09T11:31:38.134+0000] {processor.py:161} INFO - Started process (PID=15525) to work on /home/vscode/.local/lib/python3.11/site-packages/airflow/example_dags/example_time_delta_sensor_async.py
[2026-05-09T11:31:38.134+0000] {processor.py:830} INFO - Processing file /home/vscode/.local/lib/python3.11/site-packages/airflow/example_dags/example_time_delta_sensor_async.py for tasks to queue
[2026-05-09T11:31:38.135+0000] {logging_mixin.py:188} INFO - [2026-05-09T11:31:38.134+0000] {dagbag.py:545} INFO - Filling up the DagBag from /home/vscode/.local/lib/python3.11/site-packages/airflow/example_dags/example_time_delta_sensor_async.py
[2026-05-09T11:31:38.138+0000] {processor.py:840} INFO - DAG(s) 'example_time_delta_sensor_async' retrieved from /home/vscode/.local/lib/python3.11/site-packages/airflow/example_dags/example_time_delta_sensor_async.py
[2026-05-09T11:31:38.154+0000] {logging_mixin.py:188} INFO - [2026-05-09T11:31:38.154+0000] {dag.py:3096} INFO - Sync 1 DAGs
[2026-05-09T11:31:38.167+0000] {logging_mixin.py:188} INFO - [2026-05-09T11:31:38.167+0000] {dag.py:3954} INFO - Setting next_dagrun for example_time_delta_sensor_async to None, run_after=None
[2026-05-09T11:31:38.205+0000] {processor.py:183} INFO - Processing /home/vscode/.local/lib/python3.11/site-packages/airflow/example_dags/example_time_delta_sensor_async.py took 0.078 seconds
[2026-05-09T11:32:23.488+0000] {processor.py:161} INFO - Started process (PID=15863) to work on /home/vscode/.local/lib/python3.11/site-packages/airflow/example_dags/example_time_delta_sensor_async.py
[2026-05-09T11:32:23.489+0000] {processor.py:830} INFO - Processing file /home/vscode/.local/lib/python3.11/site-packages/airflow/example_dags/example_time_delta_sensor_async.py for tasks to queue
[2026-05-09T11:32:23.489+0000] {logging_mixin.py:188} INFO - [2026-05-09T11:32:23.489+0000] {dagbag.py:545} INFO - Filling up the DagBag from /home/vscode/.local/lib/python3.11/site-packages/airflow/example_dags/example_time_delta_sensor_async.py
[2026-05-09T11:32:23.492+0000] {processor.py:840} INFO - DAG(s) 'example_time_delta_sensor_async' retrieved from /home/vscode/.local/lib/python3.11/site-packages/airflow/example_dags/example_time_delta_sensor_async.py
[2026-05-09T11:32:23.504+0000] {logging_mixin.py:188} INFO - [2026-05-09T11:32:23.504+0000] {dag.py:3096} INFO - Sync 1 DAGs
[2026-05-09T11:32:23.512+0000] {logging_mixin.py:188} INFO - [2026-05-09T11:32:23.512+0000] {dag.py:3954} INFO - Setting next_dagrun for example_time_delta_sensor_async to None, run_after=None
[2026-05-09T11:32:23.528+0000] {processor.py:183} INFO - Processing /home/vscode/.local/lib/python3.11/site-packages/airflow/example_dags/example_time_delta_sensor_async.py took 0.047 seconds
[2026-05-09T11:33:06.417+0000] {processor.py:161} INFO - Started process (PID=16231) to work on /home/vscode/.local/lib/python3.11/site-packages/airflow/example_dags/example_time_delta_sensor_async.py
[2026-05-09T11:33:06.417+0000] {processor.py:830} INFO - Processing file /home/vscode/.local/lib/python3.11/site-packages/airflow/example_dags/example_time_delta_sensor_async.py for tasks to queue
[2026-05-09T11:33:06.418+0000] {logging_mixin.py:188} INFO - [2026-05-09T11:33:06.418+0000] {dagbag.py:545} INFO - Filling up the DagBag from /home/vscode/.local/lib/python3.11/site-packages/airflow/example_dags/example_time_delta_sensor_async.py
[2026-05-09T11:33:06.421+0000] {processor.py:840} INFO - DAG(s) 'example_time_delta_sensor_async' retrieved from /home/vscode/.local/lib/python3.11/site-packages/airflow/example_dags/example_time_delta_sensor_async.py
[2026-05-09T11:33:06.432+0000] {logging_mixin.py:188} INFO - [2026-05-09T11:33:06.432+0000] {dag.py:3096} INFO - Sync 1 DAGs
[2026-05-09T11:33:06.441+0000] {logging_mixin.py:188} INFO - [2026-05-09T11:33:06.441+0000] {dag.py:3954} INFO - Setting next_dagrun for example_time_delta_sensor_async to None, run_after=None
[2026-05-09T11:33:06.456+0000] {processor.py:183} INFO - Processing /home/vscode/.local/lib/python3.11/site-packages/airflow/example_dags/example_time_delta_sensor_async.py took 0.046 seconds
[2026-05-09T11:33:48.796+0000] {processor.py:161} INFO - Started process (PID=16659) to work on /home/vscode/.local/lib/python3.11/site-packages/airflow/example_dags/example_time_delta_sensor_async.py
[2026-05-09T11:33:48.796+0000] {processor.py:830} INFO - Processing file /home/vscode/.local/lib/python3.11/site-packages/airflow/example_dags/example_time_delta_sensor_async.py for tasks to queue
[2026-05-09T11:33:48.797+0000] {logging_mixin.py:188} INFO - [2026-05-09T11:33:48.797+0000] {dagbag.py:545} INFO - Filling up the DagBag from /home/vscode/.local/lib/python3.11/site-packages/airflow/example_dags/example_time_delta_sensor_async.py
[2026-05-09T11:33:48.800+0000] {processor.py:840} INFO - DAG(s) 'example_time_delta_sensor_async' retrieved from /home/vscode/.local/lib/python3.11/site-packages/airflow/example_dags/example_time_delta_sensor_async.py
[2026-05-09T11:33:48.812+0000] {logging_mixin.py:188} INFO - [2026-05-09T11:33:48.811+0000] {dag.py:3096} INFO - Sync 1 DAGs
[2026-05-09T11:33:48.820+0000] {logging_mixin.py:188} INFO - [2026-05-09T11:33:48.819+0000] {dag.py:3954} INFO - Setting next_dagrun for example_time_delta_sensor_async to None, run_after=None
[2026-05-09T11:33:48.835+0000] {processor.py:183} INFO - Processing /home/vscode/.local/lib/python3.11/site-packages/airflow/example_dags/example_time_delta_sensor_async.py took 0.046 seconds
[2026-05-09T11:34:30.807+0000] {processor.py:161} INFO - Started process (PID=16978) to work on /home/vscode/.local/lib/python3.11/site-packages/airflow/example_dags/example_time_delta_sensor_async.py
[2026-05-09T11:34:30.809+0000] {processor.py:830} INFO - Processing file /home/vscode/.local/lib/python3.11/site-packages/airflow/example_dags/example_time_delta_sensor_async.py for tasks to queue
[2026-05-09T11:34:30.811+0000] {logging_mixin.py:188} INFO - [2026-05-09T11:34:30.810+0000] {dagbag.py:545} INFO - Filling up the DagBag from /home/vscode/.local/lib/python3.11/site-packages/airflow/example_dags/example_time_delta_sensor_async.py
[2026-05-09T11:34:30.822+0000] {processor.py:840} INFO - DAG(s) 'example_time_delta_sensor_async' retrieved from /home/vscode/.local/lib/python3.11/site-packages/airflow/example_dags/example_time_delta_sensor_async.py
[2026-05-09T11:34:30.844+0000] {logging_mixin.py:188} INFO - [2026-05-09T11:34:30.844+0000] {dag.py:3096} INFO - Sync 1 DAGs
[2026-05-09T11:34:30.861+0000] {logging_mixin.py:188} INFO - [2026-05-09T11:34:30.860+0000] {dag.py:3954} INFO - Setting next_dagrun for example_time_delta_sensor_async to None, run_after=None
[2026-05-09T11:34:30.932+0000] {processor.py:183} INFO - Processing /home/vscode/.local/lib/python3.11/site-packages/airflow/example_dags/example_time_delta_sensor_async.py took 0.162 seconds
[2026-05-09T11:35:11.281+0000] {processor.py:161} INFO - Started process (PID=17344) to work on /home/vscode/.local/lib/python3.11/site-packages/airflow/example_dags/example_time_delta_sensor_async.py
[2026-05-09T11:35:11.281+0000] {processor.py:830} INFO - Processing file /home/vscode/.local/lib/python3.11/site-packages/airflow/example_dags/example_time_delta_sensor_async.py for tasks to queue
[2026-05-09T11:35:11.282+0000] {logging_mixin.py:188} INFO - [2026-05-09T11:35:11.281+0000] {dagbag.py:545} INFO - Filling up the DagBag from /home/vscode/.local/lib/python3.11/site-packages/airflow/example_dags/example_time_delta_sensor_async.py
[2026-05-09T11:35:11.285+0000] {processor.py:840} INFO - DAG(s) 'example_time_delta_sensor_async' retrieved from /home/vscode/.local/lib/python3.11/site-packages/airflow/example_dags/example_time_delta_sensor_async.py
[2026-05-09T11:35:11.296+0000] {logging_mixin.py:188} INFO - [2026-05-09T11:35:11.296+0000] {dag.py:3096} INFO - Sync 1 DAGs
[2026-05-09T11:35:11.304+0000] {logging_mixin.py:188} INFO - [2026-05-09T11:35:11.304+0000] {dag.py:3954} INFO - Setting next_dagrun for example_time_delta_sensor_async to None, run_after=None
[2026-05-09T11:35:11.321+0000] {processor.py:183} INFO - Processing /home/vscode/.local/lib/python3.11/site-packages/airflow/example_dags/example_time_delta_sensor_async.py took 0.047 seconds
[2026-05-09T11:35:50.541+0000] {processor.py:161} INFO - Started process (PID=17691) to work on /home/vscode/.local/lib/python3.11/site-packages/airflow/example_dags/example_time_delta_sensor_async.py
[2026-05-09T11:35:50.542+0000] {processor.py:830} INFO - Processing file /home/vscode/.local/lib/python3.11/site-packages/airflow/example_dags/example_time_delta_sensor_async.py for tasks to queue
[2026-05-09T11:35:50.542+0000] {logging_mixin.py:188} INFO - [2026-05-09T11:35:50.542+0000] {dagbag.py:545} INFO - Filling up the DagBag from /home/vscode/.local/lib/python3.11/site-packages/airflow/example_dags/example_time_delta_sensor_async.py
[2026-05-09T11:35:50.546+0000] {processor.py:840} INFO - DAG(s) 'example_time_delta_sensor_async' retrieved from /home/vscode/.local/lib/python3.11/site-packages/airflow/example_dags/example_time_delta_sensor_async.py
[2026-05-09T11:35:50.559+0000] {logging_mixin.py:188} INFO - [2026-05-09T11:35:50.558+0000] {dag.py:3096} INFO - Sync 1 DAGs
[2026-05-09T11:35:50.575+0000] {logging_mixin.py:188} INFO - [2026-05-09T11:35:50.575+0000] {dag.py:3954} INFO - Setting next_dagrun for example_time_delta_sensor_async to None, run_after=None
[2026-05-09T11:35:50.621+0000] {processor.py:183} INFO - Processing /home/vscode/.local/lib/python3.11/site-packages/airflow/example_dags/example_time_delta_sensor_async.py took 0.086 seconds
[2026-05-09T11:36:29.449+0000] {processor.py:161} INFO - Started process (PID=17976) to work on /home/vscode/.local/lib/python3.11/site-packages/airflow/example_dags/example_time_delta_sensor_async.py
[2026-05-09T11:36:29.449+0000] {processor.py:830} INFO - Processing file /home/vscode/.local/lib/python3.11/site-packages/airflow/example_dags/example_time_delta_sensor_async.py for tasks to queue
[2026-05-09T11:36:29.450+0000] {logging_mixin.py:188} INFO - [2026-05-09T11:36:29.450+0000] {dagbag.py:545} INFO - Filling up the DagBag from /home/vscode/.local/lib/python3.11/site-packages/airflow/example_dags/example_time_delta_sensor_async.py
[2026-05-09T11:36:29.454+0000] {processor.py:840} INFO - DAG(s) 'example_time_delta_sensor_async' retrieved from /home/vscode/.local/lib/python3.11/site-packages/airflow/example_dags/example_time_delta_sensor_async.py
[2026-05-09T11:36:29.465+0000] {logging_mixin.py:188} INFO - [2026-05-09T11:36:29.465+0000] {dag.py:3096} INFO - Sync 1 DAGs
[2026-05-09T11:36:29.474+0000] {logging_mixin.py:188} INFO - [2026-05-09T11:36:29.474+0000] {dag.py:3954} INFO - Setting next_dagrun for example_time_delta_sensor_async to None, run_after=None
[2026-05-09T11:36:29.491+0000] {processor.py:183} INFO - Processing /home/vscode/.local/lib/python3.11/site-packages/airflow/example_dags/example_time_delta_sensor_async.py took 0.048 seconds
[2026-05-09T11:37:11.166+0000] {processor.py:161} INFO - Started process (PID=18343) to work on /home/vscode/.local/lib/python3.11/site-packages/airflow/example_dags/example_time_delta_sensor_async.py
[2026-05-09T11:37:11.167+0000] {processor.py:830} INFO - Processing file /home/vscode/.local/lib/python3.11/site-packages/airflow/example_dags/example_time_delta_sensor_async.py for tasks to queue
[2026-05-09T11:37:11.167+0000] {logging_mixin.py:188} INFO - [2026-05-09T11:37:11.167+0000] {dagbag.py:545} INFO - Filling up the DagBag from /home/vscode/.local/lib/python3.11/site-packages/airflow/example_dags/example_time_delta_sensor_async.py
[2026-05-09T11:37:11.171+0000] {processor.py:840} INFO - DAG(s) 'example_time_delta_sensor_async' retrieved from /home/vscode/.local/lib/python3.11/site-packages/airflow/example_dags/example_time_delta_sensor_async.py
[2026-05-09T11:37:11.182+0000] {logging_mixin.py:188} INFO - [2026-05-09T11:37:11.182+0000] {dag.py:3096} INFO - Sync 1 DAGs
[2026-05-09T11:37:11.190+0000] {logging_mixin.py:188} INFO - [2026-05-09T11:37:11.190+0000] {dag.py:3954} INFO - Setting next_dagrun for example_time_delta_sensor_async to None, run_after=None
[2026-05-09T11:37:11.205+0000] {processor.py:183} INFO - Processing /home/vscode/.local/lib/python3.11/site-packages/airflow/example_dags/example_time_delta_sensor_async.py took 0.045 seconds
[2026-05-09T11:37:52.941+0000] {processor.py:161} INFO - Started process (PID=19051) to work on /home/vscode/.local/lib/python3.11/site-packages/airflow/example_dags/example_time_delta_sensor_async.py
[2026-05-09T11:37:52.941+0000] {processor.py:830} INFO - Processing file /home/vscode/.local/lib/python3.11/site-packages/airflow/example_dags/example_time_delta_sensor_async.py for tasks to queue
[2026-05-09T11:37:52.942+0000] {logging_mixin.py:188} INFO - [2026-05-09T11:37:52.942+0000] {dagbag.py:545} INFO - Filling up the DagBag from /home/vscode/.local/lib/python3.11/site-packages/airflow/example_dags/example_time_delta_sensor_async.py
[2026-05-09T11:37:52.950+0000] {processor.py:840} INFO - DAG(s) 'example_time_delta_sensor_async' retrieved from /home/vscode/.local/lib/python3.11/site-packages/airflow/example_dags/example_time_delta_sensor_async.py
[2026-05-09T11:37:52.970+0000] {logging_mixin.py:188} INFO - [2026-05-09T11:37:52.970+0000] {dag.py:3096} INFO - Sync 1 DAGs
[2026-05-09T11:37:53.011+0000] {logging_mixin.py:188} INFO - [2026-05-09T11:37:53.011+0000] {dag.py:3954} INFO - Setting next_dagrun for example_time_delta_sensor_async to None, run_after=None
[2026-05-09T11:37:53.050+0000] {processor.py:183} INFO - Processing /home/vscode/.local/lib/python3.11/site-packages/airflow/example_dags/example_time_delta_sensor_async.py took 0.119 seconds
[2026-05-09T11:38:35.260+0000] {processor.py:161} INFO - Started process (PID=19469) to work on /home/vscode/.local/lib/python3.11/site-packages/airflow/example_dags/example_time_delta_sensor_async.py
[2026-05-09T11:38:35.261+0000] {processor.py:830} INFO - Processing file /home/vscode/.local/lib/python3.11/site-packages/airflow/example_dags/example_time_delta_sensor_async.py for tasks to queue
[2026-05-09T11:38:35.261+0000] {logging_mixin.py:188} INFO - [2026-05-09T11:38:35.261+0000] {dagbag.py:545} INFO - Filling up the DagBag from /home/vscode/.local/lib/python3.11/site-packages/airflow/example_dags/example_time_delta_sensor_async.py
[2026-05-09T11:38:35.265+0000] {processor.py:840} INFO - DAG(s) 'example_time_delta_sensor_async' retrieved from /home/vscode/.local/lib/python3.11/site-packages/airflow/example_dags/example_time_delta_sensor_async.py
[2026-05-09T11:38:35.276+0000] {logging_mixin.py:188} INFO - [2026-05-09T11:38:35.275+0000] {dag.py:3096} INFO - Sync 1 DAGs
[2026-05-09T11:38:35.284+0000] {logging_mixin.py:188} INFO - [2026-05-09T11:38:35.284+0000] {dag.py:3954} INFO - Setting next_dagrun for example_time_delta_sensor_async to None, run_after=None
[2026-05-09T11:38:35.299+0000] {processor.py:183} INFO - Processing /home/vscode/.local/lib/python3.11/site-packages/airflow/example_dags/example_time_delta_sensor_async.py took 0.045 seconds
[2026-05-09T11:39:15.110+0000] {processor.py:161} INFO - Started process (PID=19934) to work on /home/vscode/.local/lib/python3.11/site-packages/airflow/example_dags/example_time_delta_sensor_async.py
[2026-05-09T11:39:15.110+0000] {processor.py:830} INFO - Processing file /home/vscode/.local/lib/python3.11/site-packages/airflow/example_dags/example_time_delta_sensor_async.py for tasks to queue
[2026-05-09T11:39:15.111+0000] {logging_mixin.py:188} INFO - [2026-05-09T11:39:15.110+0000] {dagbag.py:545} INFO - Filling up the DagBag from /home/vscode/.local/lib/python3.11/site-packages/airflow/example_dags/example_time_delta_sensor_async.py
[2026-05-09T11:39:15.114+0000] {processor.py:840} INFO - DAG(s) 'example_time_delta_sensor_async' retrieved from /home/vscode/.local/lib/python3.11/site-packages/airflow/example_dags/example_time_delta_sensor_async.py
[2026-05-09T11:39:15.129+0000] {logging_mixin.py:188} INFO - [2026-05-09T11:39:15.128+0000] {dag.py:3096} INFO - Sync 1 DAGs
[2026-05-09T11:39:15.141+0000] {logging_mixin.py:188} INFO - [2026-05-09T11:39:15.141+0000] {dag.py:3954} INFO - Setting next_dagrun for example_time_delta_sensor_async to None, run_after=None
[2026-05-09T11:39:15.169+0000] {processor.py:183} INFO - Processing /home/vscode/.local/lib/python3.11/site-packages/airflow/example_dags/example_time_delta_sensor_async.py took 0.066 seconds
[2026-05-09T11:39:55.183+0000] {processor.py:161} INFO - Started process (PID=20436) to work on /home/vscode/.local/lib/python3.11/site-packages/airflow/example_dags/example_time_delta_sensor_async.py
[2026-05-09T11:39:55.183+0000] {processor.py:830} INFO - Processing file /home/vscode/.local/lib/python3.11/site-packages/airflow/example_dags/example_time_delta_sensor_async.py for tasks to queue
[2026-05-09T11:39:55.184+0000] {logging_mixin.py:188} INFO - [2026-05-09T11:39:55.183+0000] {dagbag.py:545} INFO - Filling up the DagBag from /home/vscode/.local/lib/python3.11/site-packages/airflow/example_dags/example_time_delta_sensor_async.py
[2026-05-09T11:39:55.187+0000] {processor.py:840} INFO - DAG(s) 'example_time_delta_sensor_async' retrieved from /home/vscode/.local/lib/python3.11/site-packages/airflow/example_dags/example_time_delta_sensor_async.py
[2026-05-09T11:39:55.199+0000] {logging_mixin.py:188} INFO - [2026-05-09T11:39:55.198+0000] {dag.py:3096} INFO - Sync 1 DAGs
[2026-05-09T11:39:55.207+0000] {logging_mixin.py:188} INFO - [2026-05-09T11:39:55.207+0000] {dag.py:3954} INFO - Setting next_dagrun for example_time_delta_sensor_async to None, run_after=None
[2026-05-09T11:39:55.222+0000] {processor.py:183} INFO - Processing /home/vscode/.local/lib/python3.11/site-packages/airflow/example_dags/example_time_delta_sensor_async.py took 0.046 seconds
[2026-05-09T11:40:36.310+0000] {processor.py:161} INFO - Started process (PID=20774) to work on /home/vscode/.local/lib/python3.11/site-packages/airflow/example_dags/example_time_delta_sensor_async.py
[2026-05-09T11:40:36.311+0000] {processor.py:830} INFO - Processing file /home/vscode/.local/lib/python3.11/site-packages/airflow/example_dags/example_time_delta_sensor_async.py for tasks to queue
[2026-05-09T11:40:36.311+0000] {logging_mixin.py:188} INFO - [2026-05-09T11:40:36.311+0000] {dagbag.py:545} INFO - Filling up the DagBag from /home/vscode/.local/lib/python3.11/site-packages/airflow/example_dags/example_time_delta_sensor_async.py
[2026-05-09T11:40:36.315+0000] {processor.py:840} INFO - DAG(s) 'example_time_delta_sensor_async' retrieved from /home/vscode/.local/lib/python3.11/site-packages/airflow/example_dags/example_time_delta_sensor_async.py
[2026-05-09T11:40:36.326+0000] {logging_mixin.py:188} INFO - [2026-05-09T11:40:36.326+0000] {dag.py:3096} INFO - Sync 1 DAGs
[2026-05-09T11:40:36.334+0000] {logging_mixin.py:188} INFO - [2026-05-09T11:40:36.334+0000] {dag.py:3954} INFO - Setting next_dagrun for example_time_delta_sensor_async to None, run_after=None
[2026-05-09T11:40:36.350+0000] {processor.py:183} INFO - Processing /home/vscode/.local/lib/python3.11/site-packages/airflow/example_dags/example_time_delta_sensor_async.py took 0.046 seconds
[2026-05-09T11:41:20.143+0000] {processor.py:161} INFO - Started process (PID=21242) to work on /home/vscode/.local/lib/python3.11/site-packages/airflow/example_dags/example_time_delta_sensor_async.py
[2026-05-09T11:41:20.143+0000] {processor.py:830} INFO - Processing file /home/vscode/.local/lib/python3.11/site-packages/airflow/example_dags/example_time_delta_sensor_async.py for tasks to queue
[2026-05-09T11:41:20.144+0000] {logging_mixin.py:188} INFO - [2026-05-09T11:41:20.144+0000] {dagbag.py:545} INFO - Filling up the DagBag from /home/vscode/.local/lib/python3.11/site-packages/airflow/example_dags/example_time_delta_sensor_async.py
[2026-05-09T11:41:20.147+0000] {processor.py:840} INFO - DAG(s) 'example_time_delta_sensor_async' retrieved from /home/vscode/.local/lib/python3.11/site-packages/airflow/example_dags/example_time_delta_sensor_async.py
[2026-05-09T11:41:20.169+0000] {logging_mixin.py:188} INFO - [2026-05-09T11:41:20.169+0000] {dag.py:3096} INFO - Sync 1 DAGs
[2026-05-09T11:41:20.177+0000] {logging_mixin.py:188} INFO - [2026-05-09T11:41:20.177+0000] {dag.py:3954} INFO - Setting next_dagrun for example_time_delta_sensor_async to None, run_after=None
[2026-05-09T11:41:20.193+0000] {processor.py:183} INFO - Processing /home/vscode/.local/lib/python3.11/site-packages/airflow/example_dags/example_time_delta_sensor_async.py took 0.057 seconds
[2026-05-09T11:42:05.424+0000] {processor.py:161} INFO - Started process (PID=21643) to work on /home/vscode/.local/lib/python3.11/site-packages/airflow/example_dags/example_time_delta_sensor_async.py
[2026-05-09T11:42:05.424+0000] {processor.py:830} INFO - Processing file /home/vscode/.local/lib/python3.11/site-packages/airflow/example_dags/example_time_delta_sensor_async.py for tasks to queue
[2026-05-09T11:42:05.425+0000] {logging_mixin.py:188} INFO - [2026-05-09T11:42:05.425+0000] {dagbag.py:545} INFO - Filling up the DagBag from /home/vscode/.local/lib/python3.11/site-packages/airflow/example_dags/example_time_delta_sensor_async.py
[2026-05-09T11:42:05.432+0000] {processor.py:840} INFO - DAG(s) 'example_time_delta_sensor_async' retrieved from /home/vscode/.local/lib/python3.11/site-packages/airflow/example_dags/example_time_delta_sensor_async.py
[2026-05-09T11:42:05.447+0000] {logging_mixin.py:188} INFO - [2026-05-09T11:42:05.447+0000] {dag.py:3096} INFO - Sync 1 DAGs
[2026-05-09T11:42:05.456+0000] {logging_mixin.py:188} INFO - [2026-05-09T11:42:05.455+0000] {dag.py:3954} INFO - Setting next_dagrun for example_time_delta_sensor_async to None, run_after=None
[2026-05-09T11:42:05.472+0000] {processor.py:183} INFO - Processing /home/vscode/.local/lib/python3.11/site-packages/airflow/example_dags/example_time_delta_sensor_async.py took 0.057 seconds
[2026-05-09T11:42:48.985+0000] {processor.py:161} INFO - Started process (PID=22021) to work on /home/vscode/.local/lib/python3.11/site-packages/airflow/example_dags/example_time_delta_sensor_async.py
[2026-05-09T11:42:48.985+0000] {processor.py:830} INFO - Processing file /home/vscode/.local/lib/python3.11/site-packages/airflow/example_dags/example_time_delta_sensor_async.py for tasks to queue
[2026-05-09T11:42:48.986+0000] {logging_mixin.py:188} INFO - [2026-05-09T11:42:48.985+0000] {dagbag.py:545} INFO - Filling up the DagBag from /home/vscode/.local/lib/python3.11/site-packages/airflow/example_dags/example_time_delta_sensor_async.py
[2026-05-09T11:42:48.989+0000] {processor.py:840} INFO - DAG(s) 'example_time_delta_sensor_async' retrieved from /home/vscode/.local/lib/python3.11/site-packages/airflow/example_dags/example_time_delta_sensor_async.py
[2026-05-09T11:42:49.001+0000] {logging_mixin.py:188} INFO - [2026-05-09T11:42:49.001+0000] {dag.py:3096} INFO - Sync 1 DAGs
[2026-05-09T11:42:49.010+0000] {logging_mixin.py:188} INFO - [2026-05-09T11:42:49.010+0000] {dag.py:3954} INFO - Setting next_dagrun for example_time_delta_sensor_async to None, run_after=None
[2026-05-09T11:42:49.027+0000] {processor.py:183} INFO - Processing /home/vscode/.local/lib/python3.11/site-packages/airflow/example_dags/example_time_delta_sensor_async.py took 0.050 seconds
[2026-05-09T11:43:33.401+0000] {processor.py:161} INFO - Started process (PID=22371) to work on /home/vscode/.local/lib/python3.11/site-packages/airflow/example_dags/example_time_delta_sensor_async.py
[2026-05-09T11:43:33.402+0000] {processor.py:830} INFO - Processing file /home/vscode/.local/lib/python3.11/site-packages/airflow/example_dags/example_time_delta_sensor_async.py for tasks to queue
[2026-05-09T11:43:33.402+0000] {logging_mixin.py:188} INFO - [2026-05-09T11:43:33.402+0000] {dagbag.py:545} INFO - Filling up the DagBag from /home/vscode/.local/lib/python3.11/site-packages/airflow/example_dags/example_time_delta_sensor_async.py
[2026-05-09T11:43:33.405+0000] {processor.py:840} INFO - DAG(s) 'example_time_delta_sensor_async' retrieved from /home/vscode/.local/lib/python3.11/site-packages/airflow/example_dags/example_time_delta_sensor_async.py
[2026-05-09T11:43:33.417+0000] {logging_mixin.py:188} INFO - [2026-05-09T11:43:33.417+0000] {dag.py:3096} INFO - Sync 1 DAGs
[2026-05-09T11:43:33.425+0000] {logging_mixin.py:188} INFO - [2026-05-09T11:43:33.425+0000] {dag.py:3954} INFO - Setting next_dagrun for example_time_delta_sensor_async to None, run_after=None
[2026-05-09T11:43:33.443+0000] {processor.py:183} INFO - Processing /home/vscode/.local/lib/python3.11/site-packages/airflow/example_dags/example_time_delta_sensor_async.py took 0.049 seconds
[2026-05-09T11:44:14.866+0000] {processor.py:161} INFO - Started process (PID=22775) to work on /home/vscode/.local/lib/python3.11/site-packages/airflow/example_dags/example_time_delta_sensor_async.py
[2026-05-09T11:44:14.866+0000] {processor.py:830} INFO - Processing file /home/vscode/.local/lib/python3.11/site-packages/airflow/example_dags/example_time_delta_sensor_async.py for tasks to queue
[2026-05-09T11:44:14.867+0000] {logging_mixin.py:188} INFO - [2026-05-09T11:44:14.866+0000] {dagbag.py:545} INFO - Filling up the DagBag from /home/vscode/.local/lib/python3.11/site-packages/airflow/example_dags/example_time_delta_sensor_async.py
[2026-05-09T11:44:14.870+0000] {processor.py:840} INFO - DAG(s) 'example_time_delta_sensor_async' retrieved from /home/vscode/.local/lib/python3.11/site-packages/airflow/example_dags/example_time_delta_sensor_async.py
[2026-05-09T11:44:14.882+0000] {logging_mixin.py:188} INFO - [2026-05-09T11:44:14.882+0000] {dag.py:3096} INFO - Sync 1 DAGs
[2026-05-09T11:44:14.890+0000] {logging_mixin.py:188} INFO - [2026-05-09T11:44:14.890+0000] {dag.py:3954} INFO - Setting next_dagrun for example_time_delta_sensor_async to None, run_after=None
[2026-05-09T11:44:14.905+0000] {processor.py:183} INFO - Processing /home/vscode/.local/lib/python3.11/site-packages/airflow/example_dags/example_time_delta_sensor_async.py took 0.047 seconds
[2026-05-09T11:44:56.821+0000] {processor.py:161} INFO - Started process (PID=23148) to work on /home/vscode/.local/lib/python3.11/site-packages/airflow/example_dags/example_time_delta_sensor_async.py
[2026-05-09T11:44:56.822+0000] {processor.py:830} INFO - Processing file /home/vscode/.local/lib/python3.11/site-packages/airflow/example_dags/example_time_delta_sensor_async.py for tasks to queue
[2026-05-09T11:44:56.823+0000] {logging_mixin.py:188} INFO - [2026-05-09T11:44:56.823+0000] {dagbag.py:545} INFO - Filling up the DagBag from /home/vscode/.local/lib/python3.11/site-packages/airflow/example_dags/example_time_delta_sensor_async.py
[2026-05-09T11:44:56.828+0000] {processor.py:840} INFO - DAG(s) 'example_time_delta_sensor_async' retrieved from /home/vscode/.local/lib/python3.11/site-packages/airflow/example_dags/example_time_delta_sensor_async.py
[2026-05-09T11:44:56.862+0000] {logging_mixin.py:188} INFO - [2026-05-09T11:44:56.862+0000] {dag.py:3096} INFO - Sync 1 DAGs
[2026-05-09T11:44:56.906+0000] {logging_mixin.py:188} INFO - [2026-05-09T11:44:56.905+0000] {dag.py:3954} INFO - Setting next_dagrun for example_time_delta_sensor_async to None, run_after=None
[2026-05-09T11:44:56.964+0000] {processor.py:183} INFO - Processing /home/vscode/.local/lib/python3.11/site-packages/airflow/example_dags/example_time_delta_sensor_async.py took 0.150 seconds
[2026-05-09T11:45:41.325+0000] {processor.py:161} INFO - Started process (PID=23536) to work on /home/vscode/.local/lib/python3.11/site-packages/airflow/example_dags/example_time_delta_sensor_async.py
[2026-05-09T11:45:41.326+0000] {processor.py:830} INFO - Processing file /home/vscode/.local/lib/python3.11/site-packages/airflow/example_dags/example_time_delta_sensor_async.py for tasks to queue
[2026-05-09T11:45:41.327+0000] {logging_mixin.py:188} INFO - [2026-05-09T11:45:41.326+0000] {dagbag.py:545} INFO - Filling up the DagBag from /home/vscode/.local/lib/python3.11/site-packages/airflow/example_dags/example_time_delta_sensor_async.py
[2026-05-09T11:45:41.332+0000] {processor.py:840} INFO - DAG(s) 'example_time_delta_sensor_async' retrieved from /home/vscode/.local/lib/python3.11/site-packages/airflow/example_dags/example_time_delta_sensor_async.py
[2026-05-09T11:45:41.352+0000] {logging_mixin.py:188} INFO - [2026-05-09T11:45:41.352+0000] {dag.py:3096} INFO - Sync 1 DAGs
[2026-05-09T11:45:41.369+0000] {logging_mixin.py:188} INFO - [2026-05-09T11:45:41.369+0000] {dag.py:3954} INFO - Setting next_dagrun for example_time_delta_sensor_async to None, run_after=None
[2026-05-09T11:45:41.401+0000] {processor.py:183} INFO - Processing /home/vscode/.local/lib/python3.11/site-packages/airflow/example_dags/example_time_delta_sensor_async.py took 0.086 seconds
[2026-05-09T11:46:22.755+0000] {processor.py:161} INFO - Started process (PID=23840) to work on /home/vscode/.local/lib/python3.11/site-packages/airflow/example_dags/example_time_delta_sensor_async.py
[2026-05-09T11:46:22.755+0000] {processor.py:830} INFO - Processing file /home/vscode/.local/lib/python3.11/site-packages/airflow/example_dags/example_time_delta_sensor_async.py for tasks to queue
[2026-05-09T11:46:22.756+0000] {logging_mixin.py:188} INFO - [2026-05-09T11:46:22.756+0000] {dagbag.py:545} INFO - Filling up the DagBag from /home/vscode/.local/lib/python3.11/site-packages/airflow/example_dags/example_time_delta_sensor_async.py
[2026-05-09T11:46:22.761+0000] {processor.py:840} INFO - DAG(s) 'example_time_delta_sensor_async' retrieved from /home/vscode/.local/lib/python3.11/site-packages/airflow/example_dags/example_time_delta_sensor_async.py
[2026-05-09T11:46:22.773+0000] {logging_mixin.py:188} INFO - [2026-05-09T11:46:22.773+0000] {dag.py:3096} INFO - Sync 1 DAGs
[2026-05-09T11:46:22.785+0000] {logging_mixin.py:188} INFO - [2026-05-09T11:46:22.785+0000] {dag.py:3954} INFO - Setting next_dagrun for example_time_delta_sensor_async to None, run_after=None
[2026-05-09T11:46:22.814+0000] {processor.py:183} INFO - Processing /home/vscode/.local/lib/python3.11/site-packages/airflow/example_dags/example_time_delta_sensor_async.py took 0.069 seconds
[2026-05-09T11:47:07.874+0000] {processor.py:161} INFO - Started process (PID=24400) to work on /home/vscode/.local/lib/python3.11/site-packages/airflow/example_dags/example_time_delta_sensor_async.py
[2026-05-09T11:47:07.875+0000] {processor.py:830} INFO - Processing file /home/vscode/.local/lib/python3.11/site-packages/airflow/example_dags/example_time_delta_sensor_async.py for tasks to queue
[2026-05-09T11:47:07.876+0000] {logging_mixin.py:188} INFO - [2026-05-09T11:47:07.875+0000] {dagbag.py:545} INFO - Filling up the DagBag from /home/vscode/.local/lib/python3.11/site-packages/airflow/example_dags/example_time_delta_sensor_async.py
[2026-05-09T11:47:07.879+0000] {processor.py:840} INFO - DAG(s) 'example_time_delta_sensor_async' retrieved from /home/vscode/.local/lib/python3.11/site-packages/airflow/example_dags/example_time_delta_sensor_async.py
[2026-05-09T11:47:07.890+0000] {logging_mixin.py:188} INFO - [2026-05-09T11:47:07.890+0000] {dag.py:3096} INFO - Sync 1 DAGs
[2026-05-09T11:47:07.898+0000] {logging_mixin.py:188} INFO - [2026-05-09T11:47:07.898+0000] {dag.py:3954} INFO - Setting next_dagrun for example_time_delta_sensor_async to None, run_after=None
[2026-05-09T11:47:07.914+0000] {processor.py:183} INFO - Processing /home/vscode/.local/lib/python3.11/site-packages/airflow/example_dags/example_time_delta_sensor_async.py took 0.045 seconds
[2026-05-09T11:47:51.255+0000] {processor.py:161} INFO - Started process (PID=24743) to work on /home/vscode/.local/lib/python3.11/site-packages/airflow/example_dags/example_time_delta_sensor_async.py
[2026-05-09T11:47:51.256+0000] {processor.py:830} INFO - Processing file /home/vscode/.local/lib/python3.11/site-packages/airflow/example_dags/example_time_delta_sensor_async.py for tasks to queue
[2026-05-09T11:47:51.257+0000] {logging_mixin.py:188} INFO - [2026-05-09T11:47:51.256+0000] {dagbag.py:545} INFO - Filling up the DagBag from /home/vscode/.local/lib/python3.11/site-packages/airflow/example_dags/example_time_delta_sensor_async.py
[2026-05-09T11:47:51.260+0000] {processor.py:840} INFO - DAG(s) 'example_time_delta_sensor_async' retrieved from /home/vscode/.local/lib/python3.11/site-packages/airflow/example_dags/example_time_delta_sensor_async.py
[2026-05-09T11:47:51.272+0000] {logging_mixin.py:188} INFO - [2026-05-09T11:47:51.272+0000] {dag.py:3096} INFO - Sync 1 DAGs
[2026-05-09T11:47:51.280+0000] {logging_mixin.py:188} INFO - [2026-05-09T11:47:51.280+0000] {dag.py:3954} INFO - Setting next_dagrun for example_time_delta_sensor_async to None, run_after=None
[2026-05-09T11:47:51.298+0000] {processor.py:183} INFO - Processing /home/vscode/.local/lib/python3.11/site-packages/airflow/example_dags/example_time_delta_sensor_async.py took 0.049 seconds
[2026-05-09T11:48:35.200+0000] {processor.py:161} INFO - Started process (PID=25120) to work on /home/vscode/.local/lib/python3.11/site-packages/airflow/example_dags/example_time_delta_sensor_async.py
[2026-05-09T11:48:35.201+0000] {processor.py:830} INFO - Processing file /home/vscode/.local/lib/python3.11/site-packages/airflow/example_dags/example_time_delta_sensor_async.py for tasks to queue
[2026-05-09T11:48:35.201+0000] {logging_mixin.py:188} INFO - [2026-05-09T11:48:35.201+0000] {dagbag.py:545} INFO - Filling up the DagBag from /home/vscode/.local/lib/python3.11/site-packages/airflow/example_dags/example_time_delta_sensor_async.py
[2026-05-09T11:48:35.204+0000] {processor.py:840} INFO - DAG(s) 'example_time_delta_sensor_async' retrieved from /home/vscode/.local/lib/python3.11/site-packages/airflow/example_dags/example_time_delta_sensor_async.py
[2026-05-09T11:48:35.215+0000] {logging_mixin.py:188} INFO - [2026-05-09T11:48:35.215+0000] {dag.py:3096} INFO - Sync 1 DAGs
[2026-05-09T11:48:35.224+0000] {logging_mixin.py:188} INFO - [2026-05-09T11:48:35.224+0000] {dag.py:3954} INFO - Setting next_dagrun for example_time_delta_sensor_async to None, run_after=None
[2026-05-09T11:48:35.239+0000] {processor.py:183} INFO - Processing /home/vscode/.local/lib/python3.11/site-packages/airflow/example_dags/example_time_delta_sensor_async.py took 0.046 seconds
[2026-05-09T11:49:14.949+0000] {processor.py:161} INFO - Started process (PID=25475) to work on /home/vscode/.local/lib/python3.11/site-packages/airflow/example_dags/example_time_delta_sensor_async.py
[2026-05-09T11:49:14.950+0000] {processor.py:830} INFO - Processing file /home/vscode/.local/lib/python3.11/site-packages/airflow/example_dags/example_time_delta_sensor_async.py for tasks to queue
[2026-05-09T11:49:14.951+0000] {logging_mixin.py:188} INFO - [2026-05-09T11:49:14.950+0000] {dagbag.py:545} INFO - Filling up the DagBag from /home/vscode/.local/lib/python3.11/site-packages/airflow/example_dags/example_time_delta_sensor_async.py
[2026-05-09T11:49:14.967+0000] {processor.py:840} INFO - DAG(s) 'example_time_delta_sensor_async' retrieved from /home/vscode/.local/lib/python3.11/site-packages/airflow/example_dags/example_time_delta_sensor_async.py
[2026-05-09T11:49:15.028+0000] {logging_mixin.py:188} INFO - [2026-05-09T11:49:15.024+0000] {dag.py:3096} INFO - Sync 1 DAGs
[2026-05-09T11:49:15.038+0000] {logging_mixin.py:188} INFO - [2026-05-09T11:49:15.038+0000] {dag.py:3954} INFO - Setting next_dagrun for example_time_delta_sensor_async to None, run_after=None
[2026-05-09T11:49:15.054+0000] {processor.py:183} INFO - Processing /home/vscode/.local/lib/python3.11/site-packages/airflow/example_dags/example_time_delta_sensor_async.py took 0.116 seconds
[2026-05-09T11:49:57.323+0000] {processor.py:161} INFO - Started process (PID=25912) to work on /home/vscode/.local/lib/python3.11/site-packages/airflow/example_dags/example_time_delta_sensor_async.py
[2026-05-09T11:49:57.323+0000] {processor.py:830} INFO - Processing file /home/vscode/.local/lib/python3.11/site-packages/airflow/example_dags/example_time_delta_sensor_async.py for tasks to queue
[2026-05-09T11:49:57.324+0000] {logging_mixin.py:188} INFO - [2026-05-09T11:49:57.324+0000] {dagbag.py:545} INFO - Filling up the DagBag from /home/vscode/.local/lib/python3.11/site-packages/airflow/example_dags/example_time_delta_sensor_async.py
[2026-05-09T11:49:57.327+0000] {processor.py:840} INFO - DAG(s) 'example_time_delta_sensor_async' retrieved from /home/vscode/.local/lib/python3.11/site-packages/airflow/example_dags/example_time_delta_sensor_async.py
[2026-05-09T11:49:57.338+0000] {logging_mixin.py:188} INFO - [2026-05-09T11:49:57.338+0000] {dag.py:3096} INFO - Sync 1 DAGs
[2026-05-09T11:49:57.347+0000] {logging_mixin.py:188} INFO - [2026-05-09T11:49:57.347+0000] {dag.py:3954} INFO - Setting next_dagrun for example_time_delta_sensor_async to None, run_after=None
[2026-05-09T11:49:57.362+0000] {processor.py:183} INFO - Processing /home/vscode/.local/lib/python3.11/site-packages/airflow/example_dags/example_time_delta_sensor_async.py took 0.046 seconds
[2026-05-09T11:50:40.081+0000] {processor.py:161} INFO - Started process (PID=26352) to work on /home/vscode/.local/lib/python3.11/site-packages/airflow/example_dags/example_time_delta_sensor_async.py
[2026-05-09T11:50:40.081+0000] {processor.py:830} INFO - Processing file /home/vscode/.local/lib/python3.11/site-packages/airflow/example_dags/example_time_delta_sensor_async.py for tasks to queue
[2026-05-09T11:50:40.082+0000] {logging_mixin.py:188} INFO - [2026-05-09T11:50:40.082+0000] {dagbag.py:545} INFO - Filling up the DagBag from /home/vscode/.local/lib/python3.11/site-packages/airflow/example_dags/example_time_delta_sensor_async.py
[2026-05-09T11:50:40.085+0000] {processor.py:840} INFO - DAG(s) 'example_time_delta_sensor_async' retrieved from /home/vscode/.local/lib/python3.11/site-packages/airflow/example_dags/example_time_delta_sensor_async.py
[2026-05-09T11:50:40.097+0000] {logging_mixin.py:188} INFO - [2026-05-09T11:50:40.097+0000] {dag.py:3096} INFO - Sync 1 DAGs
[2026-05-09T11:50:40.116+0000] {logging_mixin.py:188} INFO - [2026-05-09T11:50:40.116+0000] {dag.py:3954} INFO - Setting next_dagrun for example_time_delta_sensor_async to None, run_after=None
[2026-05-09T11:50:40.142+0000] {processor.py:183} INFO - Processing /home/vscode/.local/lib/python3.11/site-packages/airflow/example_dags/example_time_delta_sensor_async.py took 0.068 seconds
[2026-05-09T11:51:23.372+0000] {processor.py:161} INFO - Started process (PID=26852) to work on /home/vscode/.local/lib/python3.11/site-packages/airflow/example_dags/example_time_delta_sensor_async.py
[2026-05-09T11:51:23.373+0000] {processor.py:830} INFO - Processing file /home/vscode/.local/lib/python3.11/site-packages/airflow/example_dags/example_time_delta_sensor_async.py for tasks to queue
[2026-05-09T11:51:23.374+0000] {logging_mixin.py:188} INFO - [2026-05-09T11:51:23.373+0000] {dagbag.py:545} INFO - Filling up the DagBag from /home/vscode/.local/lib/python3.11/site-packages/airflow/example_dags/example_time_delta_sensor_async.py
[2026-05-09T11:51:23.379+0000] {processor.py:840} INFO - DAG(s) 'example_time_delta_sensor_async' retrieved from /home/vscode/.local/lib/python3.11/site-packages/airflow/example_dags/example_time_delta_sensor_async.py
[2026-05-09T11:51:23.394+0000] {logging_mixin.py:188} INFO - [2026-05-09T11:51:23.394+0000] {dag.py:3096} INFO - Sync 1 DAGs
[2026-05-09T11:51:23.413+0000] {logging_mixin.py:188} INFO - [2026-05-09T11:51:23.413+0000] {dag.py:3954} INFO - Setting next_dagrun for example_time_delta_sensor_async to None, run_after=None
[2026-05-09T11:51:23.430+0000] {processor.py:183} INFO - Processing /home/vscode/.local/lib/python3.11/site-packages/airflow/example_dags/example_time_delta_sensor_async.py took 0.070 seconds
[2026-05-09T11:52:05.304+0000] {processor.py:161} INFO - Started process (PID=27273) to work on /home/vscode/.local/lib/python3.11/site-packages/airflow/example_dags/example_time_delta_sensor_async.py
[2026-05-09T11:52:05.304+0000] {processor.py:830} INFO - Processing file /home/vscode/.local/lib/python3.11/site-packages/airflow/example_dags/example_time_delta_sensor_async.py for tasks to queue
[2026-05-09T11:52:05.305+0000] {logging_mixin.py:188} INFO - [2026-05-09T11:52:05.304+0000] {dagbag.py:545} INFO - Filling up the DagBag from /home/vscode/.local/lib/python3.11/site-packages/airflow/example_dags/example_time_delta_sensor_async.py
[2026-05-09T11:52:05.308+0000] {processor.py:840} INFO - DAG(s) 'example_time_delta_sensor_async' retrieved from /home/vscode/.local/lib/python3.11/site-packages/airflow/example_dags/example_time_delta_sensor_async.py
[2026-05-09T11:52:05.325+0000] {logging_mixin.py:188} INFO - [2026-05-09T11:52:05.325+0000] {dag.py:3096} INFO - Sync 1 DAGs
[2026-05-09T11:52:05.334+0000] {logging_mixin.py:188} INFO - [2026-05-09T11:52:05.334+0000] {dag.py:3954} INFO - Setting next_dagrun for example_time_delta_sensor_async to None, run_after=None
[2026-05-09T11:52:05.350+0000] {processor.py:183} INFO - Processing /home/vscode/.local/lib/python3.11/site-packages/airflow/example_dags/example_time_delta_sensor_async.py took 0.053 seconds
[2026-05-09T11:52:45.698+0000] {processor.py:161} INFO - Started process (PID=27643) to work on /home/vscode/.local/lib/python3.11/site-packages/airflow/example_dags/example_time_delta_sensor_async.py
[2026-05-09T11:52:45.698+0000] {processor.py:830} INFO - Processing file /home/vscode/.local/lib/python3.11/site-packages/airflow/example_dags/example_time_delta_sensor_async.py for tasks to queue
[2026-05-09T11:52:45.699+0000] {logging_mixin.py:188} INFO - [2026-05-09T11:52:45.698+0000] {dagbag.py:545} INFO - Filling up the DagBag from /home/vscode/.local/lib/python3.11/site-packages/airflow/example_dags/example_time_delta_sensor_async.py
[2026-05-09T11:52:45.702+0000] {processor.py:840} INFO - DAG(s) 'example_time_delta_sensor_async' retrieved from /home/vscode/.local/lib/python3.11/site-packages/airflow/example_dags/example_time_delta_sensor_async.py
[2026-05-09T11:52:45.713+0000] {logging_mixin.py:188} INFO - [2026-05-09T11:52:45.713+0000] {dag.py:3096} INFO - Sync 1 DAGs
[2026-05-09T11:52:45.721+0000] {logging_mixin.py:188} INFO - [2026-05-09T11:52:45.721+0000] {dag.py:3954} INFO - Setting next_dagrun for example_time_delta_sensor_async to None, run_after=None
[2026-05-09T11:52:45.736+0000] {processor.py:183} INFO - Processing /home/vscode/.local/lib/python3.11/site-packages/airflow/example_dags/example_time_delta_sensor_async.py took 0.045 seconds
[2026-05-09T11:53:24.626+0000] {processor.py:161} INFO - Started process (PID=27928) to work on /home/vscode/.local/lib/python3.11/site-packages/airflow/example_dags/example_time_delta_sensor_async.py
[2026-05-09T11:53:24.626+0000] {processor.py:830} INFO - Processing file /home/vscode/.local/lib/python3.11/site-packages/airflow/example_dags/example_time_delta_sensor_async.py for tasks to queue
[2026-05-09T11:53:24.627+0000] {logging_mixin.py:188} INFO - [2026-05-09T11:53:24.627+0000] {dagbag.py:545} INFO - Filling up the DagBag from /home/vscode/.local/lib/python3.11/site-packages/airflow/example_dags/example_time_delta_sensor_async.py
[2026-05-09T11:53:24.630+0000] {processor.py:840} INFO - DAG(s) 'example_time_delta_sensor_async' retrieved from /home/vscode/.local/lib/python3.11/site-packages/airflow/example_dags/example_time_delta_sensor_async.py
[2026-05-09T11:53:24.642+0000] {logging_mixin.py:188} INFO - [2026-05-09T11:53:24.642+0000] {dag.py:3096} INFO - Sync 1 DAGs
[2026-05-09T11:53:24.650+0000] {logging_mixin.py:188} INFO - [2026-05-09T11:53:24.650+0000] {dag.py:3954} INFO - Setting next_dagrun for example_time_delta_sensor_async to None, run_after=None
[2026-05-09T11:53:24.665+0000] {processor.py:183} INFO - Processing /home/vscode/.local/lib/python3.11/site-packages/airflow/example_dags/example_time_delta_sensor_async.py took 0.046 seconds
[2026-05-09T11:54:05.183+0000] {processor.py:161} INFO - Started process (PID=28333) to work on /home/vscode/.local/lib/python3.11/site-packages/airflow/example_dags/example_time_delta_sensor_async.py
[2026-05-09T11:54:05.183+0000] {processor.py:830} INFO - Processing file /home/vscode/.local/lib/python3.11/site-packages/airflow/example_dags/example_time_delta_sensor_async.py for tasks to queue
[2026-05-09T11:54:05.184+0000] {logging_mixin.py:188} INFO - [2026-05-09T11:54:05.184+0000] {dagbag.py:545} INFO - Filling up the DagBag from /home/vscode/.local/lib/python3.11/site-packages/airflow/example_dags/example_time_delta_sensor_async.py
[2026-05-09T11:54:05.187+0000] {processor.py:840} INFO - DAG(s) 'example_time_delta_sensor_async' retrieved from /home/vscode/.local/lib/python3.11/site-packages/airflow/example_dags/example_time_delta_sensor_async.py
[2026-05-09T11:54:05.198+0000] {logging_mixin.py:188} INFO - [2026-05-09T11:54:05.198+0000] {dag.py:3096} INFO - Sync 1 DAGs
[2026-05-09T11:54:05.206+0000] {logging_mixin.py:188} INFO - [2026-05-09T11:54:05.206+0000] {dag.py:3954} INFO - Setting next_dagrun for example_time_delta_sensor_async to None, run_after=None
[2026-05-09T11:54:05.223+0000] {processor.py:183} INFO - Processing /home/vscode/.local/lib/python3.11/site-packages/airflow/example_dags/example_time_delta_sensor_async.py took 0.046 seconds
[2026-05-09T11:54:47.141+0000] {processor.py:161} INFO - Started process (PID=28689) to work on /home/vscode/.local/lib/python3.11/site-packages/airflow/example_dags/example_time_delta_sensor_async.py
[2026-05-09T11:54:47.142+0000] {processor.py:830} INFO - Processing file /home/vscode/.local/lib/python3.11/site-packages/airflow/example_dags/example_time_delta_sensor_async.py for tasks to queue
[2026-05-09T11:54:47.142+0000] {logging_mixin.py:188} INFO - [2026-05-09T11:54:47.142+0000] {dagbag.py:545} INFO - Filling up the DagBag from /home/vscode/.local/lib/python3.11/site-packages/airflow/example_dags/example_time_delta_sensor_async.py
[2026-05-09T11:54:47.146+0000] {processor.py:840} INFO - DAG(s) 'example_time_delta_sensor_async' retrieved from /home/vscode/.local/lib/python3.11/site-packages/airflow/example_dags/example_time_delta_sensor_async.py
[2026-05-09T11:54:47.157+0000] {logging_mixin.py:188} INFO - [2026-05-09T11:54:47.157+0000] {dag.py:3096} INFO - Sync 1 DAGs
[2026-05-09T11:54:47.166+0000] {logging_mixin.py:188} INFO - [2026-05-09T11:54:47.165+0000] {dag.py:3954} INFO - Setting next_dagrun for example_time_delta_sensor_async to None, run_after=None
[2026-05-09T11:54:47.181+0000] {processor.py:183} INFO - Processing /home/vscode/.local/lib/python3.11/site-packages/airflow/example_dags/example_time_delta_sensor_async.py took 0.049 seconds
[2026-05-09T11:55:28.277+0000] {processor.py:161} INFO - Started process (PID=28983) to work on /home/vscode/.local/lib/python3.11/site-packages/airflow/example_dags/example_time_delta_sensor_async.py
[2026-05-09T11:55:28.278+0000] {processor.py:830} INFO - Processing file /home/vscode/.local/lib/python3.11/site-packages/airflow/example_dags/example_time_delta_sensor_async.py for tasks to queue
[2026-05-09T11:55:28.278+0000] {logging_mixin.py:188} INFO - [2026-05-09T11:55:28.278+0000] {dagbag.py:545} INFO - Filling up the DagBag from /home/vscode/.local/lib/python3.11/site-packages/airflow/example_dags/example_time_delta_sensor_async.py
[2026-05-09T11:55:28.282+0000] {processor.py:840} INFO - DAG(s) 'example_time_delta_sensor_async' retrieved from /home/vscode/.local/lib/python3.11/site-packages/airflow/example_dags/example_time_delta_sensor_async.py
[2026-05-09T11:55:28.293+0000] {logging_mixin.py:188} INFO - [2026-05-09T11:55:28.292+0000] {dag.py:3096} INFO - Sync 1 DAGs
[2026-05-09T11:55:28.301+0000] {logging_mixin.py:188} INFO - [2026-05-09T11:55:28.300+0000] {dag.py:3954} INFO - Setting next_dagrun for example_time_delta_sensor_async to None, run_after=None
[2026-05-09T11:55:28.317+0000] {processor.py:183} INFO - Processing /home/vscode/.local/lib/python3.11/site-packages/airflow/example_dags/example_time_delta_sensor_async.py took 0.046 seconds
[2026-05-09T11:56:09.410+0000] {processor.py:161} INFO - Started process (PID=29334) to work on /home/vscode/.local/lib/python3.11/site-packages/airflow/example_dags/example_time_delta_sensor_async.py
[2026-05-09T11:56:09.411+0000] {processor.py:830} INFO - Processing file /home/vscode/.local/lib/python3.11/site-packages/airflow/example_dags/example_time_delta_sensor_async.py for tasks to queue
[2026-05-09T11:56:09.412+0000] {logging_mixin.py:188} INFO - [2026-05-09T11:56:09.411+0000] {dagbag.py:545} INFO - Filling up the DagBag from /home/vscode/.local/lib/python3.11/site-packages/airflow/example_dags/example_time_delta_sensor_async.py
[2026-05-09T11:56:09.416+0000] {processor.py:840} INFO - DAG(s) 'example_time_delta_sensor_async' retrieved from /home/vscode/.local/lib/python3.11/site-packages/airflow/example_dags/example_time_delta_sensor_async.py
[2026-05-09T11:56:09.463+0000] {logging_mixin.py:188} INFO - [2026-05-09T11:56:09.463+0000] {dag.py:3096} INFO - Sync 1 DAGs
[2026-05-09T11:56:09.478+0000] {logging_mixin.py:188} INFO - [2026-05-09T11:56:09.478+0000] {dag.py:3954} INFO - Setting next_dagrun for example_time_delta_sensor_async to None, run_after=None
[2026-05-09T11:56:09.506+0000] {processor.py:183} INFO - Processing /home/vscode/.local/lib/python3.11/site-packages/airflow/example_dags/example_time_delta_sensor_async.py took 0.104 seconds
[2026-05-09T11:56:50.544+0000] {processor.py:161} INFO - Started process (PID=29691) to work on /home/vscode/.local/lib/python3.11/site-packages/airflow/example_dags/example_time_delta_sensor_async.py
[2026-05-09T11:56:50.545+0000] {processor.py:830} INFO - Processing file /home/vscode/.local/lib/python3.11/site-packages/airflow/example_dags/example_time_delta_sensor_async.py for tasks to queue
[2026-05-09T11:56:50.545+0000] {logging_mixin.py:188} INFO - [2026-05-09T11:56:50.545+0000] {dagbag.py:545} INFO - Filling up the DagBag from /home/vscode/.local/lib/python3.11/site-packages/airflow/example_dags/example_time_delta_sensor_async.py
[2026-05-09T11:56:50.549+0000] {processor.py:840} INFO - DAG(s) 'example_time_delta_sensor_async' retrieved from /home/vscode/.local/lib/python3.11/site-packages/airflow/example_dags/example_time_delta_sensor_async.py
[2026-05-09T11:56:50.562+0000] {logging_mixin.py:188} INFO - [2026-05-09T11:56:50.562+0000] {dag.py:3096} INFO - Sync 1 DAGs
[2026-05-09T11:56:50.570+0000] {logging_mixin.py:188} INFO - [2026-05-09T11:56:50.570+0000] {dag.py:3954} INFO - Setting next_dagrun for example_time_delta_sensor_async to None, run_after=None
[2026-05-09T11:56:50.586+0000] {processor.py:183} INFO - Processing /home/vscode/.local/lib/python3.11/site-packages/airflow/example_dags/example_time_delta_sensor_async.py took 0.048 seconds
[2026-05-09T11:57:31.307+0000] {processor.py:161} INFO - Started process (PID=29982) to work on /home/vscode/.local/lib/python3.11/site-packages/airflow/example_dags/example_time_delta_sensor_async.py
[2026-05-09T11:57:31.308+0000] {processor.py:830} INFO - Processing file /home/vscode/.local/lib/python3.11/site-packages/airflow/example_dags/example_time_delta_sensor_async.py for tasks to queue
[2026-05-09T11:57:31.308+0000] {logging_mixin.py:188} INFO - [2026-05-09T11:57:31.308+0000] {dagbag.py:545} INFO - Filling up the DagBag from /home/vscode/.local/lib/python3.11/site-packages/airflow/example_dags/example_time_delta_sensor_async.py
[2026-05-09T11:57:31.312+0000] {processor.py:840} INFO - DAG(s) 'example_time_delta_sensor_async' retrieved from /home/vscode/.local/lib/python3.11/site-packages/airflow/example_dags/example_time_delta_sensor_async.py
[2026-05-09T11:57:31.323+0000] {logging_mixin.py:188} INFO - [2026-05-09T11:57:31.323+0000] {dag.py:3096} INFO - Sync 1 DAGs
[2026-05-09T11:57:31.331+0000] {logging_mixin.py:188} INFO - [2026-05-09T11:57:31.330+0000] {dag.py:3954} INFO - Setting next_dagrun for example_time_delta_sensor_async to None, run_after=None
[2026-05-09T11:57:31.346+0000] {processor.py:183} INFO - Processing /home/vscode/.local/lib/python3.11/site-packages/airflow/example_dags/example_time_delta_sensor_async.py took 0.044 seconds
[2026-05-09T11:58:13.744+0000] {processor.py:161} INFO - Started process (PID=30336) to work on /home/vscode/.local/lib/python3.11/site-packages/airflow/example_dags/example_time_delta_sensor_async.py
[2026-05-09T11:58:13.745+0000] {processor.py:830} INFO - Processing file /home/vscode/.local/lib/python3.11/site-packages/airflow/example_dags/example_time_delta_sensor_async.py for tasks to queue
[2026-05-09T11:58:13.745+0000] {logging_mixin.py:188} INFO - [2026-05-09T11:58:13.745+0000] {dagbag.py:545} INFO - Filling up the DagBag from /home/vscode/.local/lib/python3.11/site-packages/airflow/example_dags/example_time_delta_sensor_async.py
[2026-05-09T11:58:13.749+0000] {processor.py:840} INFO - DAG(s) 'example_time_delta_sensor_async' retrieved from /home/vscode/.local/lib/python3.11/site-packages/airflow/example_dags/example_time_delta_sensor_async.py
[2026-05-09T11:58:13.760+0000] {logging_mixin.py:188} INFO - [2026-05-09T11:58:13.760+0000] {dag.py:3096} INFO - Sync 1 DAGs
[2026-05-09T11:58:13.769+0000] {logging_mixin.py:188} INFO - [2026-05-09T11:58:13.769+0000] {dag.py:3954} INFO - Setting next_dagrun for example_time_delta_sensor_async to None, run_after=None
[2026-05-09T11:58:13.785+0000] {processor.py:183} INFO - Processing /home/vscode/.local/lib/python3.11/site-packages/airflow/example_dags/example_time_delta_sensor_async.py took 0.047 seconds
[2026-05-09T11:58:57.571+0000] {processor.py:161} INFO - Started process (PID=30701) to work on /home/vscode/.local/lib/python3.11/site-packages/airflow/example_dags/example_time_delta_sensor_async.py
[2026-05-09T11:58:57.571+0000] {processor.py:830} INFO - Processing file /home/vscode/.local/lib/python3.11/site-packages/airflow/example_dags/example_time_delta_sensor_async.py for tasks to queue
[2026-05-09T11:58:57.572+0000] {logging_mixin.py:188} INFO - [2026-05-09T11:58:57.572+0000] {dagbag.py:545} INFO - Filling up the DagBag from /home/vscode/.local/lib/python3.11/site-packages/airflow/example_dags/example_time_delta_sensor_async.py
[2026-05-09T11:58:57.575+0000] {processor.py:840} INFO - DAG(s) 'example_time_delta_sensor_async' retrieved from /home/vscode/.local/lib/python3.11/site-packages/airflow/example_dags/example_time_delta_sensor_async.py
[2026-05-09T11:58:57.586+0000] {logging_mixin.py:188} INFO - [2026-05-09T11:58:57.586+0000] {dag.py:3096} INFO - Sync 1 DAGs
[2026-05-09T11:58:57.594+0000] {logging_mixin.py:188} INFO - [2026-05-09T11:58:57.594+0000] {dag.py:3954} INFO - Setting next_dagrun for example_time_delta_sensor_async to None, run_after=None
[2026-05-09T11:58:57.609+0000] {processor.py:183} INFO - Processing /home/vscode/.local/lib/python3.11/site-packages/airflow/example_dags/example_time_delta_sensor_async.py took 0.045 seconds
[2026-05-09T11:59:38.132+0000] {processor.py:161} INFO - Started process (PID=31053) to work on /home/vscode/.local/lib/python3.11/site-packages/airflow/example_dags/example_time_delta_sensor_async.py
[2026-05-09T11:59:38.133+0000] {processor.py:830} INFO - Processing file /home/vscode/.local/lib/python3.11/site-packages/airflow/example_dags/example_time_delta_sensor_async.py for tasks to queue
[2026-05-09T11:59:38.133+0000] {logging_mixin.py:188} INFO - [2026-05-09T11:59:38.133+0000] {dagbag.py:545} INFO - Filling up the DagBag from /home/vscode/.local/lib/python3.11/site-packages/airflow/example_dags/example_time_delta_sensor_async.py
[2026-05-09T11:59:38.136+0000] {processor.py:840} INFO - DAG(s) 'example_time_delta_sensor_async' retrieved from /home/vscode/.local/lib/python3.11/site-packages/airflow/example_dags/example_time_delta_sensor_async.py
[2026-05-09T11:59:38.147+0000] {logging_mixin.py:188} INFO - [2026-05-09T11:59:38.147+0000] {dag.py:3096} INFO - Sync 1 DAGs
[2026-05-09T11:59:38.156+0000] {logging_mixin.py:188} INFO - [2026-05-09T11:59:38.156+0000] {dag.py:3954} INFO - Setting next_dagrun for example_time_delta_sensor_async to None, run_after=None
[2026-05-09T11:59:38.171+0000] {processor.py:183} INFO - Processing /home/vscode/.local/lib/python3.11/site-packages/airflow/example_dags/example_time_delta_sensor_async.py took 0.045 seconds
[2026-05-09T12:00:20.386+0000] {processor.py:161} INFO - Started process (PID=31362) to work on /home/vscode/.local/lib/python3.11/site-packages/airflow/example_dags/example_time_delta_sensor_async.py
[2026-05-09T12:00:20.387+0000] {processor.py:830} INFO - Processing file /home/vscode/.local/lib/python3.11/site-packages/airflow/example_dags/example_time_delta_sensor_async.py for tasks to queue
[2026-05-09T12:00:20.388+0000] {logging_mixin.py:188} INFO - [2026-05-09T12:00:20.387+0000] {dagbag.py:545} INFO - Filling up the DagBag from /home/vscode/.local/lib/python3.11/site-packages/airflow/example_dags/example_time_delta_sensor_async.py
[2026-05-09T12:00:20.391+0000] {processor.py:840} INFO - DAG(s) 'example_time_delta_sensor_async' retrieved from /home/vscode/.local/lib/python3.11/site-packages/airflow/example_dags/example_time_delta_sensor_async.py
[2026-05-09T12:00:20.402+0000] {logging_mixin.py:188} INFO - [2026-05-09T12:00:20.402+0000] {dag.py:3096} INFO - Sync 1 DAGs
[2026-05-09T12:00:20.411+0000] {logging_mixin.py:188} INFO - [2026-05-09T12:00:20.411+0000] {dag.py:3954} INFO - Setting next_dagrun for example_time_delta_sensor_async to None, run_after=None
[2026-05-09T12:00:20.427+0000] {processor.py:183} INFO - Processing /home/vscode/.local/lib/python3.11/site-packages/airflow/example_dags/example_time_delta_sensor_async.py took 0.047 seconds
[2026-05-09T12:01:01.474+0000] {processor.py:161} INFO - Started process (PID=31705) to work on /home/vscode/.local/lib/python3.11/site-packages/airflow/example_dags/example_time_delta_sensor_async.py
[2026-05-09T12:01:01.474+0000] {processor.py:830} INFO - Processing file /home/vscode/.local/lib/python3.11/site-packages/airflow/example_dags/example_time_delta_sensor_async.py for tasks to queue
[2026-05-09T12:01:01.475+0000] {logging_mixin.py:188} INFO - [2026-05-09T12:01:01.475+0000] {dagbag.py:545} INFO - Filling up the DagBag from /home/vscode/.local/lib/python3.11/site-packages/airflow/example_dags/example_time_delta_sensor_async.py
[2026-05-09T12:01:01.478+0000] {processor.py:840} INFO - DAG(s) 'example_time_delta_sensor_async' retrieved from /home/vscode/.local/lib/python3.11/site-packages/airflow/example_dags/example_time_delta_sensor_async.py
[2026-05-09T12:01:01.489+0000] {logging_mixin.py:188} INFO - [2026-05-09T12:01:01.489+0000] {dag.py:3096} INFO - Sync 1 DAGs
[2026-05-09T12:01:01.497+0000] {logging_mixin.py:188} INFO - [2026-05-09T12:01:01.497+0000] {dag.py:3954} INFO - Setting next_dagrun for example_time_delta_sensor_async to None, run_after=None
[2026-05-09T12:01:01.512+0000] {processor.py:183} INFO - Processing /home/vscode/.local/lib/python3.11/site-packages/airflow/example_dags/example_time_delta_sensor_async.py took 0.045 seconds
[2026-05-09T12:01:45.462+0000] {processor.py:161} INFO - Started process (PID=32071) to work on /home/vscode/.local/lib/python3.11/site-packages/airflow/example_dags/example_time_delta_sensor_async.py
[2026-05-09T12:01:45.463+0000] {processor.py:830} INFO - Processing file /home/vscode/.local/lib/python3.11/site-packages/airflow/example_dags/example_time_delta_sensor_async.py for tasks to queue
[2026-05-09T12:01:45.463+0000] {logging_mixin.py:188} INFO - [2026-05-09T12:01:45.463+0000] {dagbag.py:545} INFO - Filling up the DagBag from /home/vscode/.local/lib/python3.11/site-packages/airflow/example_dags/example_time_delta_sensor_async.py
[2026-05-09T12:01:45.466+0000] {processor.py:840} INFO - DAG(s) 'example_time_delta_sensor_async' retrieved from /home/vscode/.local/lib/python3.11/site-packages/airflow/example_dags/example_time_delta_sensor_async.py
[2026-05-09T12:01:45.478+0000] {logging_mixin.py:188} INFO - [2026-05-09T12:01:45.478+0000] {dag.py:3096} INFO - Sync 1 DAGs
[2026-05-09T12:01:45.487+0000] {logging_mixin.py:188} INFO - [2026-05-09T12:01:45.486+0000] {dag.py:3954} INFO - Setting next_dagrun for example_time_delta_sensor_async to None, run_after=None
[2026-05-09T12:01:45.503+0000] {processor.py:183} INFO - Processing /home/vscode/.local/lib/python3.11/site-packages/airflow/example_dags/example_time_delta_sensor_async.py took 0.047 seconds
[2026-05-09T12:02:27.129+0000] {processor.py:161} INFO - Started process (PID=32367) to work on /home/vscode/.local/lib/python3.11/site-packages/airflow/example_dags/example_time_delta_sensor_async.py
[2026-05-09T12:02:27.129+0000] {processor.py:830} INFO - Processing file /home/vscode/.local/lib/python3.11/site-packages/airflow/example_dags/example_time_delta_sensor_async.py for tasks to queue
[2026-05-09T12:02:27.130+0000] {logging_mixin.py:188} INFO - [2026-05-09T12:02:27.130+0000] {dagbag.py:545} INFO - Filling up the DagBag from /home/vscode/.local/lib/python3.11/site-packages/airflow/example_dags/example_time_delta_sensor_async.py
[2026-05-09T12:02:27.133+0000] {processor.py:840} INFO - DAG(s) 'example_time_delta_sensor_async' retrieved from /home/vscode/.local/lib/python3.11/site-packages/airflow/example_dags/example_time_delta_sensor_async.py
[2026-05-09T12:02:27.145+0000] {logging_mixin.py:188} INFO - [2026-05-09T12:02:27.144+0000] {dag.py:3096} INFO - Sync 1 DAGs
[2026-05-09T12:02:27.153+0000] {logging_mixin.py:188} INFO - [2026-05-09T12:02:27.153+0000] {dag.py:3954} INFO - Setting next_dagrun for example_time_delta_sensor_async to None, run_after=None
[2026-05-09T12:02:27.169+0000] {processor.py:183} INFO - Processing /home/vscode/.local/lib/python3.11/site-packages/airflow/example_dags/example_time_delta_sensor_async.py took 0.047 seconds
[2026-05-09T12:03:08.888+0000] {processor.py:161} INFO - Started process (PID=32720) to work on /home/vscode/.local/lib/python3.11/site-packages/airflow/example_dags/example_time_delta_sensor_async.py
[2026-05-09T12:03:08.889+0000] {processor.py:830} INFO - Processing file /home/vscode/.local/lib/python3.11/site-packages/airflow/example_dags/example_time_delta_sensor_async.py for tasks to queue
[2026-05-09T12:03:08.889+0000] {logging_mixin.py:188} INFO - [2026-05-09T12:03:08.889+0000] {dagbag.py:545} INFO - Filling up the DagBag from /home/vscode/.local/lib/python3.11/site-packages/airflow/example_dags/example_time_delta_sensor_async.py
[2026-05-09T12:03:08.893+0000] {processor.py:840} INFO - DAG(s) 'example_time_delta_sensor_async' retrieved from /home/vscode/.local/lib/python3.11/site-packages/airflow/example_dags/example_time_delta_sensor_async.py
[2026-05-09T12:03:08.904+0000] {logging_mixin.py:188} INFO - [2026-05-09T12:03:08.904+0000] {dag.py:3096} INFO - Sync 1 DAGs
[2026-05-09T12:03:08.912+0000] {logging_mixin.py:188} INFO - [2026-05-09T12:03:08.912+0000] {dag.py:3954} INFO - Setting next_dagrun for example_time_delta_sensor_async to None, run_after=None
[2026-05-09T12:03:08.928+0000] {processor.py:183} INFO - Processing /home/vscode/.local/lib/python3.11/site-packages/airflow/example_dags/example_time_delta_sensor_async.py took 0.046 seconds
[2026-05-09T12:03:50.532+0000] {processor.py:161} INFO - Started process (PID=33136) to work on /home/vscode/.local/lib/python3.11/site-packages/airflow/example_dags/example_time_delta_sensor_async.py
[2026-05-09T12:03:50.533+0000] {processor.py:830} INFO - Processing file /home/vscode/.local/lib/python3.11/site-packages/airflow/example_dags/example_time_delta_sensor_async.py for tasks to queue
[2026-05-09T12:03:50.533+0000] {logging_mixin.py:188} INFO - [2026-05-09T12:03:50.533+0000] {dagbag.py:545} INFO - Filling up the DagBag from /home/vscode/.local/lib/python3.11/site-packages/airflow/example_dags/example_time_delta_sensor_async.py
[2026-05-09T12:03:50.537+0000] {processor.py:840} INFO - DAG(s) 'example_time_delta_sensor_async' retrieved from /home/vscode/.local/lib/python3.11/site-packages/airflow/example_dags/example_time_delta_sensor_async.py
[2026-05-09T12:03:50.548+0000] {logging_mixin.py:188} INFO - [2026-05-09T12:03:50.548+0000] {dag.py:3096} INFO - Sync 1 DAGs
[2026-05-09T12:03:50.557+0000] {logging_mixin.py:188} INFO - [2026-05-09T12:03:50.557+0000] {dag.py:3954} INFO - Setting next_dagrun for example_time_delta_sensor_async to None, run_after=None
[2026-05-09T12:03:50.573+0000] {processor.py:183} INFO - Processing /home/vscode/.local/lib/python3.11/site-packages/airflow/example_dags/example_time_delta_sensor_async.py took 0.047 seconds
[2026-05-09T12:04:33.447+0000] {processor.py:161} INFO - Started process (PID=33446) to work on /home/vscode/.local/lib/python3.11/site-packages/airflow/example_dags/example_time_delta_sensor_async.py
[2026-05-09T12:04:33.448+0000] {processor.py:830} INFO - Processing file /home/vscode/.local/lib/python3.11/site-packages/airflow/example_dags/example_time_delta_sensor_async.py for tasks to queue
[2026-05-09T12:04:33.448+0000] {logging_mixin.py:188} INFO - [2026-05-09T12:04:33.448+0000] {dagbag.py:545} INFO - Filling up the DagBag from /home/vscode/.local/lib/python3.11/site-packages/airflow/example_dags/example_time_delta_sensor_async.py
[2026-05-09T12:04:33.452+0000] {processor.py:840} INFO - DAG(s) 'example_time_delta_sensor_async' retrieved from /home/vscode/.local/lib/python3.11/site-packages/airflow/example_dags/example_time_delta_sensor_async.py
[2026-05-09T12:04:33.464+0000] {logging_mixin.py:188} INFO - [2026-05-09T12:04:33.464+0000] {dag.py:3096} INFO - Sync 1 DAGs
[2026-05-09T12:04:33.473+0000] {logging_mixin.py:188} INFO - [2026-05-09T12:04:33.473+0000] {dag.py:3954} INFO - Setting next_dagrun for example_time_delta_sensor_async to None, run_after=None
[2026-05-09T12:04:33.491+0000] {processor.py:183} INFO - Processing /home/vscode/.local/lib/python3.11/site-packages/airflow/example_dags/example_time_delta_sensor_async.py took 0.052 seconds
[2026-05-09T12:05:14.462+0000] {processor.py:161} INFO - Started process (PID=33791) to work on /home/vscode/.local/lib/python3.11/site-packages/airflow/example_dags/example_time_delta_sensor_async.py
[2026-05-09T12:05:14.463+0000] {processor.py:830} INFO - Processing file /home/vscode/.local/lib/python3.11/site-packages/airflow/example_dags/example_time_delta_sensor_async.py for tasks to queue
[2026-05-09T12:05:14.463+0000] {logging_mixin.py:188} INFO - [2026-05-09T12:05:14.463+0000] {dagbag.py:545} INFO - Filling up the DagBag from /home/vscode/.local/lib/python3.11/site-packages/airflow/example_dags/example_time_delta_sensor_async.py
[2026-05-09T12:05:14.466+0000] {processor.py:840} INFO - DAG(s) 'example_time_delta_sensor_async' retrieved from /home/vscode/.local/lib/python3.11/site-packages/airflow/example_dags/example_time_delta_sensor_async.py
[2026-05-09T12:05:14.480+0000] {logging_mixin.py:188} INFO - [2026-05-09T12:05:14.480+0000] {dag.py:3096} INFO - Sync 1 DAGs
[2026-05-09T12:05:14.489+0000] {logging_mixin.py:188} INFO - [2026-05-09T12:05:14.489+0000] {dag.py:3954} INFO - Setting next_dagrun for example_time_delta_sensor_async to None, run_after=None
[2026-05-09T12:05:14.506+0000] {processor.py:183} INFO - Processing /home/vscode/.local/lib/python3.11/site-packages/airflow/example_dags/example_time_delta_sensor_async.py took 0.050 seconds
[2026-05-09T12:05:56.464+0000] {processor.py:161} INFO - Started process (PID=34149) to work on /home/vscode/.local/lib/python3.11/site-packages/airflow/example_dags/example_time_delta_sensor_async.py
[2026-05-09T12:05:56.465+0000] {processor.py:830} INFO - Processing file /home/vscode/.local/lib/python3.11/site-packages/airflow/example_dags/example_time_delta_sensor_async.py for tasks to queue
[2026-05-09T12:05:56.466+0000] {logging_mixin.py:188} INFO - [2026-05-09T12:05:56.465+0000] {dagbag.py:545} INFO - Filling up the DagBag from /home/vscode/.local/lib/python3.11/site-packages/airflow/example_dags/example_time_delta_sensor_async.py
[2026-05-09T12:05:56.469+0000] {processor.py:840} INFO - DAG(s) 'example_time_delta_sensor_async' retrieved from /home/vscode/.local/lib/python3.11/site-packages/airflow/example_dags/example_time_delta_sensor_async.py
[2026-05-09T12:05:56.480+0000] {logging_mixin.py:188} INFO - [2026-05-09T12:05:56.480+0000] {dag.py:3096} INFO - Sync 1 DAGs
[2026-05-09T12:05:56.488+0000] {logging_mixin.py:188} INFO - [2026-05-09T12:05:56.487+0000] {dag.py:3954} INFO - Setting next_dagrun for example_time_delta_sensor_async to None, run_after=None
[2026-05-09T12:05:56.502+0000] {processor.py:183} INFO - Processing /home/vscode/.local/lib/python3.11/site-packages/airflow/example_dags/example_time_delta_sensor_async.py took 0.044 seconds
[2026-05-09T12:06:39.857+0000] {processor.py:161} INFO - Started process (PID=34517) to work on /home/vscode/.local/lib/python3.11/site-packages/airflow/example_dags/example_time_delta_sensor_async.py
[2026-05-09T12:06:39.858+0000] {processor.py:830} INFO - Processing file /home/vscode/.local/lib/python3.11/site-packages/airflow/example_dags/example_time_delta_sensor_async.py for tasks to queue
[2026-05-09T12:06:39.859+0000] {logging_mixin.py:188} INFO - [2026-05-09T12:06:39.858+0000] {dagbag.py:545} INFO - Filling up the DagBag from /home/vscode/.local/lib/python3.11/site-packages/airflow/example_dags/example_time_delta_sensor_async.py
[2026-05-09T12:06:39.862+0000] {processor.py:840} INFO - DAG(s) 'example_time_delta_sensor_async' retrieved from /home/vscode/.local/lib/python3.11/site-packages/airflow/example_dags/example_time_delta_sensor_async.py
[2026-05-09T12:06:39.876+0000] {logging_mixin.py:188} INFO - [2026-05-09T12:06:39.876+0000] {dag.py:3096} INFO - Sync 1 DAGs
[2026-05-09T12:06:39.887+0000] {logging_mixin.py:188} INFO - [2026-05-09T12:06:39.887+0000] {dag.py:3954} INFO - Setting next_dagrun for example_time_delta_sensor_async to None, run_after=None
[2026-05-09T12:06:39.906+0000] {processor.py:183} INFO - Processing /home/vscode/.local/lib/python3.11/site-packages/airflow/example_dags/example_time_delta_sensor_async.py took 0.058 seconds
[2026-05-09T12:07:24.600+0000] {processor.py:161} INFO - Started process (PID=34830) to work on /home/vscode/.local/lib/python3.11/site-packages/airflow/example_dags/example_time_delta_sensor_async.py
[2026-05-09T12:07:24.600+0000] {processor.py:830} INFO - Processing file /home/vscode/.local/lib/python3.11/site-packages/airflow/example_dags/example_time_delta_sensor_async.py for tasks to queue
[2026-05-09T12:07:24.601+0000] {logging_mixin.py:188} INFO - [2026-05-09T12:07:24.601+0000] {dagbag.py:545} INFO - Filling up the DagBag from /home/vscode/.local/lib/python3.11/site-packages/airflow/example_dags/example_time_delta_sensor_async.py
[2026-05-09T12:07:24.605+0000] {processor.py:840} INFO - DAG(s) 'example_time_delta_sensor_async' retrieved from /home/vscode/.local/lib/python3.11/site-packages/airflow/example_dags/example_time_delta_sensor_async.py
[2026-05-09T12:07:24.617+0000] {logging_mixin.py:188} INFO - [2026-05-09T12:07:24.617+0000] {dag.py:3096} INFO - Sync 1 DAGs
[2026-05-09T12:07:24.627+0000] {logging_mixin.py:188} INFO - [2026-05-09T12:07:24.627+0000] {dag.py:3954} INFO - Setting next_dagrun for example_time_delta_sensor_async to None, run_after=None
[2026-05-09T12:07:24.645+0000] {processor.py:183} INFO - Processing /home/vscode/.local/lib/python3.11/site-packages/airflow/example_dags/example_time_delta_sensor_async.py took 0.052 seconds
[2026-05-09T12:08:05.391+0000] {processor.py:161} INFO - Started process (PID=35180) to work on /home/vscode/.local/lib/python3.11/site-packages/airflow/example_dags/example_time_delta_sensor_async.py
[2026-05-09T12:08:05.391+0000] {processor.py:830} INFO - Processing file /home/vscode/.local/lib/python3.11/site-packages/airflow/example_dags/example_time_delta_sensor_async.py for tasks to queue
[2026-05-09T12:08:05.392+0000] {logging_mixin.py:188} INFO - [2026-05-09T12:08:05.392+0000] {dagbag.py:545} INFO - Filling up the DagBag from /home/vscode/.local/lib/python3.11/site-packages/airflow/example_dags/example_time_delta_sensor_async.py
[2026-05-09T12:08:05.395+0000] {processor.py:840} INFO - DAG(s) 'example_time_delta_sensor_async' retrieved from /home/vscode/.local/lib/python3.11/site-packages/airflow/example_dags/example_time_delta_sensor_async.py
[2026-05-09T12:08:05.406+0000] {logging_mixin.py:188} INFO - [2026-05-09T12:08:05.406+0000] {dag.py:3096} INFO - Sync 1 DAGs
[2026-05-09T12:08:05.414+0000] {logging_mixin.py:188} INFO - [2026-05-09T12:08:05.414+0000] {dag.py:3954} INFO - Setting next_dagrun for example_time_delta_sensor_async to None, run_after=None
[2026-05-09T12:08:05.432+0000] {processor.py:183} INFO - Processing /home/vscode/.local/lib/python3.11/site-packages/airflow/example_dags/example_time_delta_sensor_async.py took 0.048 seconds
[2026-05-09T12:08:46.391+0000] {processor.py:161} INFO - Started process (PID=35593) to work on /home/vscode/.local/lib/python3.11/site-packages/airflow/example_dags/example_time_delta_sensor_async.py
[2026-05-09T12:08:46.392+0000] {processor.py:830} INFO - Processing file /home/vscode/.local/lib/python3.11/site-packages/airflow/example_dags/example_time_delta_sensor_async.py for tasks to queue
[2026-05-09T12:08:46.392+0000] {logging_mixin.py:188} INFO - [2026-05-09T12:08:46.392+0000] {dagbag.py:545} INFO - Filling up the DagBag from /home/vscode/.local/lib/python3.11/site-packages/airflow/example_dags/example_time_delta_sensor_async.py
[2026-05-09T12:08:46.395+0000] {processor.py:840} INFO - DAG(s) 'example_time_delta_sensor_async' retrieved from /home/vscode/.local/lib/python3.11/site-packages/airflow/example_dags/example_time_delta_sensor_async.py
[2026-05-09T12:08:46.407+0000] {logging_mixin.py:188} INFO - [2026-05-09T12:08:46.407+0000] {dag.py:3096} INFO - Sync 1 DAGs
[2026-05-09T12:08:46.416+0000] {logging_mixin.py:188} INFO - [2026-05-09T12:08:46.416+0000] {dag.py:3954} INFO - Setting next_dagrun for example_time_delta_sensor_async to None, run_after=None
[2026-05-09T12:08:46.434+0000] {processor.py:183} INFO - Processing /home/vscode/.local/lib/python3.11/site-packages/airflow/example_dags/example_time_delta_sensor_async.py took 0.052 seconds
[2026-05-09T12:09:25.792+0000] {processor.py:161} INFO - Started process (PID=35879) to work on /home/vscode/.local/lib/python3.11/site-packages/airflow/example_dags/example_time_delta_sensor_async.py
[2026-05-09T12:09:25.793+0000] {processor.py:830} INFO - Processing file /home/vscode/.local/lib/python3.11/site-packages/airflow/example_dags/example_time_delta_sensor_async.py for tasks to queue
[2026-05-09T12:09:25.793+0000] {logging_mixin.py:188} INFO - [2026-05-09T12:09:25.793+0000] {dagbag.py:545} INFO - Filling up the DagBag from /home/vscode/.local/lib/python3.11/site-packages/airflow/example_dags/example_time_delta_sensor_async.py
[2026-05-09T12:09:25.797+0000] {processor.py:840} INFO - DAG(s) 'example_time_delta_sensor_async' retrieved from /home/vscode/.local/lib/python3.11/site-packages/airflow/example_dags/example_time_delta_sensor_async.py
[2026-05-09T12:09:25.809+0000] {logging_mixin.py:188} INFO - [2026-05-09T12:09:25.809+0000] {dag.py:3096} INFO - Sync 1 DAGs
[2026-05-09T12:09:25.818+0000] {logging_mixin.py:188} INFO - [2026-05-09T12:09:25.818+0000] {dag.py:3954} INFO - Setting next_dagrun for example_time_delta_sensor_async to None, run_after=None
[2026-05-09T12:09:25.835+0000] {processor.py:183} INFO - Processing /home/vscode/.local/lib/python3.11/site-packages/airflow/example_dags/example_time_delta_sensor_async.py took 0.050 seconds
[2026-05-09T12:10:04.693+0000] {processor.py:161} INFO - Started process (PID=36218) to work on /home/vscode/.local/lib/python3.11/site-packages/airflow/example_dags/example_time_delta_sensor_async.py
[2026-05-09T12:10:04.693+0000] {processor.py:830} INFO - Processing file /home/vscode/.local/lib/python3.11/site-packages/airflow/example_dags/example_time_delta_sensor_async.py for tasks to queue
[2026-05-09T12:10:04.694+0000] {logging_mixin.py:188} INFO - [2026-05-09T12:10:04.694+0000] {dagbag.py:545} INFO - Filling up the DagBag from /home/vscode/.local/lib/python3.11/site-packages/airflow/example_dags/example_time_delta_sensor_async.py
[2026-05-09T12:10:04.698+0000] {processor.py:840} INFO - DAG(s) 'example_time_delta_sensor_async' retrieved from /home/vscode/.local/lib/python3.11/site-packages/airflow/example_dags/example_time_delta_sensor_async.py
[2026-05-09T12:10:04.711+0000] {logging_mixin.py:188} INFO - [2026-05-09T12:10:04.710+0000] {dag.py:3096} INFO - Sync 1 DAGs
[2026-05-09T12:10:04.724+0000] {logging_mixin.py:188} INFO - [2026-05-09T12:10:04.724+0000] {dag.py:3954} INFO - Setting next_dagrun for example_time_delta_sensor_async to None, run_after=None
[2026-05-09T12:10:04.745+0000] {processor.py:183} INFO - Processing /home/vscode/.local/lib/python3.11/site-packages/airflow/example_dags/example_time_delta_sensor_async.py took 0.059 seconds
[2026-05-09T12:10:46.877+0000] {processor.py:161} INFO - Started process (PID=36577) to work on /home/vscode/.local/lib/python3.11/site-packages/airflow/example_dags/example_time_delta_sensor_async.py
[2026-05-09T12:10:46.877+0000] {processor.py:830} INFO - Processing file /home/vscode/.local/lib/python3.11/site-packages/airflow/example_dags/example_time_delta_sensor_async.py for tasks to queue
[2026-05-09T12:10:46.878+0000] {logging_mixin.py:188} INFO - [2026-05-09T12:10:46.878+0000] {dagbag.py:545} INFO - Filling up the DagBag from /home/vscode/.local/lib/python3.11/site-packages/airflow/example_dags/example_time_delta_sensor_async.py
[2026-05-09T12:10:46.881+0000] {processor.py:840} INFO - DAG(s) 'example_time_delta_sensor_async' retrieved from /home/vscode/.local/lib/python3.11/site-packages/airflow/example_dags/example_time_delta_sensor_async.py
[2026-05-09T12:10:46.892+0000] {logging_mixin.py:188} INFO - [2026-05-09T12:10:46.892+0000] {dag.py:3096} INFO - Sync 1 DAGs
[2026-05-09T12:10:46.900+0000] {logging_mixin.py:188} INFO - [2026-05-09T12:10:46.900+0000] {dag.py:3954} INFO - Setting next_dagrun for example_time_delta_sensor_async to None, run_after=None
[2026-05-09T12:10:46.916+0000] {processor.py:183} INFO - Processing /home/vscode/.local/lib/python3.11/site-packages/airflow/example_dags/example_time_delta_sensor_async.py took 0.046 seconds
[2026-05-09T12:11:28.092+0000] {processor.py:161} INFO - Started process (PID=36871) to work on /home/vscode/.local/lib/python3.11/site-packages/airflow/example_dags/example_time_delta_sensor_async.py
[2026-05-09T12:11:28.093+0000] {processor.py:830} INFO - Processing file /home/vscode/.local/lib/python3.11/site-packages/airflow/example_dags/example_time_delta_sensor_async.py for tasks to queue
[2026-05-09T12:11:28.093+0000] {logging_mixin.py:188} INFO - [2026-05-09T12:11:28.093+0000] {dagbag.py:545} INFO - Filling up the DagBag from /home/vscode/.local/lib/python3.11/site-packages/airflow/example_dags/example_time_delta_sensor_async.py
[2026-05-09T12:11:28.097+0000] {processor.py:840} INFO - DAG(s) 'example_time_delta_sensor_async' retrieved from /home/vscode/.local/lib/python3.11/site-packages/airflow/example_dags/example_time_delta_sensor_async.py
[2026-05-09T12:11:28.108+0000] {logging_mixin.py:188} INFO - [2026-05-09T12:11:28.108+0000] {dag.py:3096} INFO - Sync 1 DAGs
[2026-05-09T12:11:28.118+0000] {logging_mixin.py:188} INFO - [2026-05-09T12:11:28.118+0000] {dag.py:3954} INFO - Setting next_dagrun for example_time_delta_sensor_async to None, run_after=None
[2026-05-09T12:11:28.136+0000] {processor.py:183} INFO - Processing /home/vscode/.local/lib/python3.11/site-packages/airflow/example_dags/example_time_delta_sensor_async.py took 0.051 seconds
[2026-05-09T12:12:07.875+0000] {processor.py:161} INFO - Started process (PID=37213) to work on /home/vscode/.local/lib/python3.11/site-packages/airflow/example_dags/example_time_delta_sensor_async.py
[2026-05-09T12:12:07.876+0000] {processor.py:830} INFO - Processing file /home/vscode/.local/lib/python3.11/site-packages/airflow/example_dags/example_time_delta_sensor_async.py for tasks to queue
[2026-05-09T12:12:07.877+0000] {logging_mixin.py:188} INFO - [2026-05-09T12:12:07.876+0000] {dagbag.py:545} INFO - Filling up the DagBag from /home/vscode/.local/lib/python3.11/site-packages/airflow/example_dags/example_time_delta_sensor_async.py
[2026-05-09T12:12:07.880+0000] {processor.py:840} INFO - DAG(s) 'example_time_delta_sensor_async' retrieved from /home/vscode/.local/lib/python3.11/site-packages/airflow/example_dags/example_time_delta_sensor_async.py
[2026-05-09T12:12:07.891+0000] {logging_mixin.py:188} INFO - [2026-05-09T12:12:07.891+0000] {dag.py:3096} INFO - Sync 1 DAGs
[2026-05-09T12:12:07.900+0000] {logging_mixin.py:188} INFO - [2026-05-09T12:12:07.900+0000] {dag.py:3954} INFO - Setting next_dagrun for example_time_delta_sensor_async to None, run_after=None
[2026-05-09T12:12:07.915+0000] {processor.py:183} INFO - Processing /home/vscode/.local/lib/python3.11/site-packages/airflow/example_dags/example_time_delta_sensor_async.py took 0.046 seconds
[2026-05-09T12:12:48.352+0000] {processor.py:161} INFO - Started process (PID=37562) to work on /home/vscode/.local/lib/python3.11/site-packages/airflow/example_dags/example_time_delta_sensor_async.py
[2026-05-09T12:12:48.352+0000] {processor.py:830} INFO - Processing file /home/vscode/.local/lib/python3.11/site-packages/airflow/example_dags/example_time_delta_sensor_async.py for tasks to queue
[2026-05-09T12:12:48.353+0000] {logging_mixin.py:188} INFO - [2026-05-09T12:12:48.353+0000] {dagbag.py:545} INFO - Filling up the DagBag from /home/vscode/.local/lib/python3.11/site-packages/airflow/example_dags/example_time_delta_sensor_async.py
[2026-05-09T12:12:48.356+0000] {processor.py:840} INFO - DAG(s) 'example_time_delta_sensor_async' retrieved from /home/vscode/.local/lib/python3.11/site-packages/airflow/example_dags/example_time_delta_sensor_async.py
[2026-05-09T12:12:48.368+0000] {logging_mixin.py:188} INFO - [2026-05-09T12:12:48.368+0000] {dag.py:3096} INFO - Sync 1 DAGs
[2026-05-09T12:12:48.377+0000] {logging_mixin.py:188} INFO - [2026-05-09T12:12:48.377+0000] {dag.py:3954} INFO - Setting next_dagrun for example_time_delta_sensor_async to None, run_after=None
[2026-05-09T12:12:48.393+0000] {processor.py:183} INFO - Processing /home/vscode/.local/lib/python3.11/site-packages/airflow/example_dags/example_time_delta_sensor_async.py took 0.048 seconds
[2026-05-09T12:13:30.366+0000] {processor.py:161} INFO - Started process (PID=37858) to work on /home/vscode/.local/lib/python3.11/site-packages/airflow/example_dags/example_time_delta_sensor_async.py
[2026-05-09T12:13:30.367+0000] {processor.py:830} INFO - Processing file /home/vscode/.local/lib/python3.11/site-packages/airflow/example_dags/example_time_delta_sensor_async.py for tasks to queue
[2026-05-09T12:13:30.368+0000] {logging_mixin.py:188} INFO - [2026-05-09T12:13:30.367+0000] {dagbag.py:545} INFO - Filling up the DagBag from /home/vscode/.local/lib/python3.11/site-packages/airflow/example_dags/example_time_delta_sensor_async.py
[2026-05-09T12:13:30.371+0000] {processor.py:840} INFO - DAG(s) 'example_time_delta_sensor_async' retrieved from /home/vscode/.local/lib/python3.11/site-packages/airflow/example_dags/example_time_delta_sensor_async.py
[2026-05-09T12:13:30.383+0000] {logging_mixin.py:188} INFO - [2026-05-09T12:13:30.383+0000] {dag.py:3096} INFO - Sync 1 DAGs
[2026-05-09T12:13:30.392+0000] {logging_mixin.py:188} INFO - [2026-05-09T12:13:30.391+0000] {dag.py:3954} INFO - Setting next_dagrun for example_time_delta_sensor_async to None, run_after=None
[2026-05-09T12:13:30.407+0000] {processor.py:183} INFO - Processing /home/vscode/.local/lib/python3.11/site-packages/airflow/example_dags/example_time_delta_sensor_async.py took 0.048 seconds
[2026-05-09T12:14:14.007+0000] {processor.py:161} INFO - Started process (PID=38284) to work on /home/vscode/.local/lib/python3.11/site-packages/airflow/example_dags/example_time_delta_sensor_async.py
[2026-05-09T12:14:14.008+0000] {processor.py:830} INFO - Processing file /home/vscode/.local/lib/python3.11/site-packages/airflow/example_dags/example_time_delta_sensor_async.py for tasks to queue
[2026-05-09T12:14:14.008+0000] {logging_mixin.py:188} INFO - [2026-05-09T12:14:14.008+0000] {dagbag.py:545} INFO - Filling up the DagBag from /home/vscode/.local/lib/python3.11/site-packages/airflow/example_dags/example_time_delta_sensor_async.py
[2026-05-09T12:14:14.012+0000] {processor.py:840} INFO - DAG(s) 'example_time_delta_sensor_async' retrieved from /home/vscode/.local/lib/python3.11/site-packages/airflow/example_dags/example_time_delta_sensor_async.py
[2026-05-09T12:14:14.024+0000] {logging_mixin.py:188} INFO - [2026-05-09T12:14:14.024+0000] {dag.py:3096} INFO - Sync 1 DAGs
[2026-05-09T12:14:14.035+0000] {logging_mixin.py:188} INFO - [2026-05-09T12:14:14.035+0000] {dag.py:3954} INFO - Setting next_dagrun for example_time_delta_sensor_async to None, run_after=None
[2026-05-09T12:14:14.053+0000] {processor.py:183} INFO - Processing /home/vscode/.local/lib/python3.11/site-packages/airflow/example_dags/example_time_delta_sensor_async.py took 0.052 seconds
[2026-05-09T12:14:58.077+0000] {processor.py:161} INFO - Started process (PID=38652) to work on /home/vscode/.local/lib/python3.11/site-packages/airflow/example_dags/example_time_delta_sensor_async.py
[2026-05-09T12:14:58.078+0000] {processor.py:830} INFO - Processing file /home/vscode/.local/lib/python3.11/site-packages/airflow/example_dags/example_time_delta_sensor_async.py for tasks to queue
[2026-05-09T12:14:58.079+0000] {logging_mixin.py:188} INFO - [2026-05-09T12:14:58.078+0000] {dagbag.py:545} INFO - Filling up the DagBag from /home/vscode/.local/lib/python3.11/site-packages/airflow/example_dags/example_time_delta_sensor_async.py
[2026-05-09T12:14:58.082+0000] {processor.py:840} INFO - DAG(s) 'example_time_delta_sensor_async' retrieved from /home/vscode/.local/lib/python3.11/site-packages/airflow/example_dags/example_time_delta_sensor_async.py
[2026-05-09T12:14:58.093+0000] {logging_mixin.py:188} INFO - [2026-05-09T12:14:58.093+0000] {dag.py:3096} INFO - Sync 1 DAGs
[2026-05-09T12:14:58.102+0000] {logging_mixin.py:188} INFO - [2026-05-09T12:14:58.102+0000] {dag.py:3954} INFO - Setting next_dagrun for example_time_delta_sensor_async to None, run_after=None
[2026-05-09T12:14:58.118+0000] {processor.py:183} INFO - Processing /home/vscode/.local/lib/python3.11/site-packages/airflow/example_dags/example_time_delta_sensor_async.py took 0.049 seconds
[2026-05-09T12:15:37.654+0000] {processor.py:161} INFO - Started process (PID=38999) to work on /home/vscode/.local/lib/python3.11/site-packages/airflow/example_dags/example_time_delta_sensor_async.py
[2026-05-09T12:15:37.655+0000] {processor.py:830} INFO - Processing file /home/vscode/.local/lib/python3.11/site-packages/airflow/example_dags/example_time_delta_sensor_async.py for tasks to queue
[2026-05-09T12:15:37.655+0000] {logging_mixin.py:188} INFO - [2026-05-09T12:15:37.655+0000] {dagbag.py:545} INFO - Filling up the DagBag from /home/vscode/.local/lib/python3.11/site-packages/airflow/example_dags/example_time_delta_sensor_async.py
[2026-05-09T12:15:37.659+0000] {processor.py:840} INFO - DAG(s) 'example_time_delta_sensor_async' retrieved from /home/vscode/.local/lib/python3.11/site-packages/airflow/example_dags/example_time_delta_sensor_async.py
[2026-05-09T12:15:37.670+0000] {logging_mixin.py:188} INFO - [2026-05-09T12:15:37.670+0000] {dag.py:3096} INFO - Sync 1 DAGs
[2026-05-09T12:15:37.679+0000] {logging_mixin.py:188} INFO - [2026-05-09T12:15:37.679+0000] {dag.py:3954} INFO - Setting next_dagrun for example_time_delta_sensor_async to None, run_after=None
[2026-05-09T12:15:37.695+0000] {processor.py:183} INFO - Processing /home/vscode/.local/lib/python3.11/site-packages/airflow/example_dags/example_time_delta_sensor_async.py took 0.047 seconds
[2026-05-09T12:16:21.501+0000] {processor.py:161} INFO - Started process (PID=39300) to work on /home/vscode/.local/lib/python3.11/site-packages/airflow/example_dags/example_time_delta_sensor_async.py
[2026-05-09T12:16:21.502+0000] {processor.py:830} INFO - Processing file /home/vscode/.local/lib/python3.11/site-packages/airflow/example_dags/example_time_delta_sensor_async.py for tasks to queue
[2026-05-09T12:16:21.502+0000] {logging_mixin.py:188} INFO - [2026-05-09T12:16:21.502+0000] {dagbag.py:545} INFO - Filling up the DagBag from /home/vscode/.local/lib/python3.11/site-packages/airflow/example_dags/example_time_delta_sensor_async.py
[2026-05-09T12:16:21.506+0000] {processor.py:840} INFO - DAG(s) 'example_time_delta_sensor_async' retrieved from /home/vscode/.local/lib/python3.11/site-packages/airflow/example_dags/example_time_delta_sensor_async.py
[2026-05-09T12:16:21.517+0000] {logging_mixin.py:188} INFO - [2026-05-09T12:16:21.517+0000] {dag.py:3096} INFO - Sync 1 DAGs
[2026-05-09T12:16:21.526+0000] {logging_mixin.py:188} INFO - [2026-05-09T12:16:21.526+0000] {dag.py:3954} INFO - Setting next_dagrun for example_time_delta_sensor_async to None, run_after=None
[2026-05-09T12:16:21.544+0000] {processor.py:183} INFO - Processing /home/vscode/.local/lib/python3.11/site-packages/airflow/example_dags/example_time_delta_sensor_async.py took 0.049 seconds
[2026-05-09T12:17:06.649+0000] {processor.py:161} INFO - Started process (PID=39680) to work on /home/vscode/.local/lib/python3.11/site-packages/airflow/example_dags/example_time_delta_sensor_async.py
[2026-05-09T12:17:06.649+0000] {processor.py:830} INFO - Processing file /home/vscode/.local/lib/python3.11/site-packages/airflow/example_dags/example_time_delta_sensor_async.py for tasks to queue
[2026-05-09T12:17:06.650+0000] {logging_mixin.py:188} INFO - [2026-05-09T12:17:06.650+0000] {dagbag.py:545} INFO - Filling up the DagBag from /home/vscode/.local/lib/python3.11/site-packages/airflow/example_dags/example_time_delta_sensor_async.py
[2026-05-09T12:17:06.653+0000] {processor.py:840} INFO - DAG(s) 'example_time_delta_sensor_async' retrieved from /home/vscode/.local/lib/python3.11/site-packages/airflow/example_dags/example_time_delta_sensor_async.py
[2026-05-09T12:17:06.665+0000] {logging_mixin.py:188} INFO - [2026-05-09T12:17:06.665+0000] {dag.py:3096} INFO - Sync 1 DAGs
[2026-05-09T12:17:06.673+0000] {logging_mixin.py:188} INFO - [2026-05-09T12:17:06.673+0000] {dag.py:3954} INFO - Setting next_dagrun for example_time_delta_sensor_async to None, run_after=None
[2026-05-09T12:17:06.688+0000] {processor.py:183} INFO - Processing /home/vscode/.local/lib/python3.11/site-packages/airflow/example_dags/example_time_delta_sensor_async.py took 0.047 seconds
[2026-05-09T12:17:51.149+0000] {processor.py:161} INFO - Started process (PID=40049) to work on /home/vscode/.local/lib/python3.11/site-packages/airflow/example_dags/example_time_delta_sensor_async.py
[2026-05-09T12:17:51.150+0000] {processor.py:830} INFO - Processing file /home/vscode/.local/lib/python3.11/site-packages/airflow/example_dags/example_time_delta_sensor_async.py for tasks to queue
[2026-05-09T12:17:51.150+0000] {logging_mixin.py:188} INFO - [2026-05-09T12:17:51.150+0000] {dagbag.py:545} INFO - Filling up the DagBag from /home/vscode/.local/lib/python3.11/site-packages/airflow/example_dags/example_time_delta_sensor_async.py
[2026-05-09T12:17:51.154+0000] {processor.py:840} INFO - DAG(s) 'example_time_delta_sensor_async' retrieved from /home/vscode/.local/lib/python3.11/site-packages/airflow/example_dags/example_time_delta_sensor_async.py
[2026-05-09T12:17:51.165+0000] {logging_mixin.py:188} INFO - [2026-05-09T12:17:51.165+0000] {dag.py:3096} INFO - Sync 1 DAGs
[2026-05-09T12:17:51.173+0000] {logging_mixin.py:188} INFO - [2026-05-09T12:17:51.173+0000] {dag.py:3954} INFO - Setting next_dagrun for example_time_delta_sensor_async to None, run_after=None
[2026-05-09T12:17:51.189+0000] {processor.py:183} INFO - Processing /home/vscode/.local/lib/python3.11/site-packages/airflow/example_dags/example_time_delta_sensor_async.py took 0.046 seconds
[2026-05-09T12:18:32.949+0000] {processor.py:161} INFO - Started process (PID=40346) to work on /home/vscode/.local/lib/python3.11/site-packages/airflow/example_dags/example_time_delta_sensor_async.py
[2026-05-09T12:18:32.949+0000] {processor.py:830} INFO - Processing file /home/vscode/.local/lib/python3.11/site-packages/airflow/example_dags/example_time_delta_sensor_async.py for tasks to queue
[2026-05-09T12:18:32.950+0000] {logging_mixin.py:188} INFO - [2026-05-09T12:18:32.950+0000] {dagbag.py:545} INFO - Filling up the DagBag from /home/vscode/.local/lib/python3.11/site-packages/airflow/example_dags/example_time_delta_sensor_async.py
[2026-05-09T12:18:32.954+0000] {processor.py:840} INFO - DAG(s) 'example_time_delta_sensor_async' retrieved from /home/vscode/.local/lib/python3.11/site-packages/airflow/example_dags/example_time_delta_sensor_async.py
[2026-05-09T12:18:32.966+0000] {logging_mixin.py:188} INFO - [2026-05-09T12:18:32.965+0000] {dag.py:3096} INFO - Sync 1 DAGs
[2026-05-09T12:18:32.974+0000] {logging_mixin.py:188} INFO - [2026-05-09T12:18:32.974+0000] {dag.py:3954} INFO - Setting next_dagrun for example_time_delta_sensor_async to None, run_after=None
[2026-05-09T12:18:32.994+0000] {processor.py:183} INFO - Processing /home/vscode/.local/lib/python3.11/site-packages/airflow/example_dags/example_time_delta_sensor_async.py took 0.053 seconds
[2026-05-09T12:19:13.329+0000] {processor.py:161} INFO - Started process (PID=40749) to work on /home/vscode/.local/lib/python3.11/site-packages/airflow/example_dags/example_time_delta_sensor_async.py
[2026-05-09T12:19:13.329+0000] {processor.py:830} INFO - Processing file /home/vscode/.local/lib/python3.11/site-packages/airflow/example_dags/example_time_delta_sensor_async.py for tasks to queue
[2026-05-09T12:19:13.330+0000] {logging_mixin.py:188} INFO - [2026-05-09T12:19:13.330+0000] {dagbag.py:545} INFO - Filling up the DagBag from /home/vscode/.local/lib/python3.11/site-packages/airflow/example_dags/example_time_delta_sensor_async.py
[2026-05-09T12:19:13.334+0000] {processor.py:840} INFO - DAG(s) 'example_time_delta_sensor_async' retrieved from /home/vscode/.local/lib/python3.11/site-packages/airflow/example_dags/example_time_delta_sensor_async.py
[2026-05-09T12:19:13.347+0000] {logging_mixin.py:188} INFO - [2026-05-09T12:19:13.347+0000] {dag.py:3096} INFO - Sync 1 DAGs
[2026-05-09T12:19:13.356+0000] {logging_mixin.py:188} INFO - [2026-05-09T12:19:13.356+0000] {dag.py:3954} INFO - Setting next_dagrun for example_time_delta_sensor_async to None, run_after=None
[2026-05-09T12:19:13.372+0000] {processor.py:183} INFO - Processing /home/vscode/.local/lib/python3.11/site-packages/airflow/example_dags/example_time_delta_sensor_async.py took 0.052 seconds
[2026-05-09T12:19:58.882+0000] {processor.py:161} INFO - Started process (PID=41130) to work on /home/vscode/.local/lib/python3.11/site-packages/airflow/example_dags/example_time_delta_sensor_async.py
[2026-05-09T12:19:58.883+0000] {processor.py:830} INFO - Processing file /home/vscode/.local/lib/python3.11/site-packages/airflow/example_dags/example_time_delta_sensor_async.py for tasks to queue
[2026-05-09T12:19:58.884+0000] {logging_mixin.py:188} INFO - [2026-05-09T12:19:58.883+0000] {dagbag.py:545} INFO - Filling up the DagBag from /home/vscode/.local/lib/python3.11/site-packages/airflow/example_dags/example_time_delta_sensor_async.py
[2026-05-09T12:19:58.887+0000] {processor.py:840} INFO - DAG(s) 'example_time_delta_sensor_async' retrieved from /home/vscode/.local/lib/python3.11/site-packages/airflow/example_dags/example_time_delta_sensor_async.py
[2026-05-09T12:19:58.900+0000] {logging_mixin.py:188} INFO - [2026-05-09T12:19:58.899+0000] {dag.py:3096} INFO - Sync 1 DAGs
[2026-05-09T12:19:58.908+0000] {logging_mixin.py:188} INFO - [2026-05-09T12:19:58.908+0000] {dag.py:3954} INFO - Setting next_dagrun for example_time_delta_sensor_async to None, run_after=None
[2026-05-09T12:19:58.925+0000] {processor.py:183} INFO - Processing /home/vscode/.local/lib/python3.11/site-packages/airflow/example_dags/example_time_delta_sensor_async.py took 0.049 seconds
[2026-05-09T12:20:41.995+0000] {processor.py:161} INFO - Started process (PID=41498) to work on /home/vscode/.local/lib/python3.11/site-packages/airflow/example_dags/example_time_delta_sensor_async.py
[2026-05-09T12:20:41.995+0000] {processor.py:830} INFO - Processing file /home/vscode/.local/lib/python3.11/site-packages/airflow/example_dags/example_time_delta_sensor_async.py for tasks to queue
[2026-05-09T12:20:41.996+0000] {logging_mixin.py:188} INFO - [2026-05-09T12:20:41.996+0000] {dagbag.py:545} INFO - Filling up the DagBag from /home/vscode/.local/lib/python3.11/site-packages/airflow/example_dags/example_time_delta_sensor_async.py
[2026-05-09T12:20:41.999+0000] {processor.py:840} INFO - DAG(s) 'example_time_delta_sensor_async' retrieved from /home/vscode/.local/lib/python3.11/site-packages/airflow/example_dags/example_time_delta_sensor_async.py
[2026-05-09T12:20:42.011+0000] {logging_mixin.py:188} INFO - [2026-05-09T12:20:42.011+0000] {dag.py:3096} INFO - Sync 1 DAGs
[2026-05-09T12:20:42.019+0000] {logging_mixin.py:188} INFO - [2026-05-09T12:20:42.019+0000] {dag.py:3954} INFO - Setting next_dagrun for example_time_delta_sensor_async to None, run_after=None
[2026-05-09T12:20:42.036+0000] {processor.py:183} INFO - Processing /home/vscode/.local/lib/python3.11/site-packages/airflow/example_dags/example_time_delta_sensor_async.py took 0.048 seconds
[2026-05-09T12:21:21.799+0000] {processor.py:161} INFO - Started process (PID=41780) to work on /home/vscode/.local/lib/python3.11/site-packages/airflow/example_dags/example_time_delta_sensor_async.py
[2026-05-09T12:21:21.800+0000] {processor.py:830} INFO - Processing file /home/vscode/.local/lib/python3.11/site-packages/airflow/example_dags/example_time_delta_sensor_async.py for tasks to queue
[2026-05-09T12:21:21.800+0000] {logging_mixin.py:188} INFO - [2026-05-09T12:21:21.800+0000] {dagbag.py:545} INFO - Filling up the DagBag from /home/vscode/.local/lib/python3.11/site-packages/airflow/example_dags/example_time_delta_sensor_async.py
[2026-05-09T12:21:21.804+0000] {processor.py:840} INFO - DAG(s) 'example_time_delta_sensor_async' retrieved from /home/vscode/.local/lib/python3.11/site-packages/airflow/example_dags/example_time_delta_sensor_async.py
[2026-05-09T12:21:21.816+0000] {logging_mixin.py:188} INFO - [2026-05-09T12:21:21.815+0000] {dag.py:3096} INFO - Sync 1 DAGs
[2026-05-09T12:21:21.824+0000] {logging_mixin.py:188} INFO - [2026-05-09T12:21:21.824+0000] {dag.py:3954} INFO - Setting next_dagrun for example_time_delta_sensor_async to None, run_after=None
[2026-05-09T12:21:21.840+0000] {processor.py:183} INFO - Processing /home/vscode/.local/lib/python3.11/site-packages/airflow/example_dags/example_time_delta_sensor_async.py took 0.047 seconds
