[2026-05-09T11:18:51.848+0000] {processor.py:161} INFO - Started process (PID=7169) to work on /home/vscode/.local/lib/python3.11/site-packages/airflow/example_dags/example_skip_dag.py
[2026-05-09T11:18:51.848+0000] {processor.py:830} INFO - Processing file /home/vscode/.local/lib/python3.11/site-packages/airflow/example_dags/example_skip_dag.py for tasks to queue
[2026-05-09T11:18:51.849+0000] {logging_mixin.py:188} INFO - [2026-05-09T11:18:51.849+0000] {dagbag.py:545} INFO - Filling up the DagBag from /home/vscode/.local/lib/python3.11/site-packages/airflow/example_dags/example_skip_dag.py
[2026-05-09T11:18:51.854+0000] {processor.py:840} INFO - DAG(s) 'example_skip_dag' retrieved from /home/vscode/.local/lib/python3.11/site-packages/airflow/example_dags/example_skip_dag.py
[2026-05-09T11:18:51.859+0000] {logging_mixin.py:188} INFO - [2026-05-09T11:18:51.859+0000] {dag.py:3096} INFO - Sync 1 DAGs
[2026-05-09T11:18:51.874+0000] {logging_mixin.py:188} INFO - [2026-05-09T11:18:51.874+0000] {dag.py:3954} INFO - Setting next_dagrun for example_skip_dag to 2026-05-08 00:00:00+00:00, run_after=2026-05-09 00:00:00+00:00
[2026-05-09T11:18:51.889+0000] {processor.py:183} INFO - Processing /home/vscode/.local/lib/python3.11/site-packages/airflow/example_dags/example_skip_dag.py took 0.047 seconds
[2026-05-09T11:19:51.576+0000] {processor.py:161} INFO - Started process (PID=7670) to work on /home/vscode/.local/lib/python3.11/site-packages/airflow/example_dags/example_skip_dag.py
[2026-05-09T11:19:51.577+0000] {processor.py:830} INFO - Processing file /home/vscode/.local/lib/python3.11/site-packages/airflow/example_dags/example_skip_dag.py for tasks to queue
[2026-05-09T11:19:51.577+0000] {logging_mixin.py:188} INFO - [2026-05-09T11:19:51.577+0000] {dagbag.py:545} INFO - Filling up the DagBag from /home/vscode/.local/lib/python3.11/site-packages/airflow/example_dags/example_skip_dag.py
[2026-05-09T11:19:51.582+0000] {processor.py:840} INFO - DAG(s) 'example_skip_dag' retrieved from /home/vscode/.local/lib/python3.11/site-packages/airflow/example_dags/example_skip_dag.py
[2026-05-09T11:19:51.760+0000] {logging_mixin.py:188} INFO - [2026-05-09T11:19:51.760+0000] {dag.py:3096} INFO - Sync 1 DAGs
[2026-05-09T11:19:51.772+0000] {logging_mixin.py:188} INFO - [2026-05-09T11:19:51.772+0000] {dag.py:3954} INFO - Setting next_dagrun for example_skip_dag to 2026-05-08 00:00:00+00:00, run_after=2026-05-09 00:00:00+00:00
[2026-05-09T11:19:51.788+0000] {processor.py:183} INFO - Processing /home/vscode/.local/lib/python3.11/site-packages/airflow/example_dags/example_skip_dag.py took 0.218 seconds
[2026-05-09T11:20:42.999+0000] {processor.py:161} INFO - Started process (PID=8117) to work on /home/vscode/.local/lib/python3.11/site-packages/airflow/example_dags/example_skip_dag.py
[2026-05-09T11:20:43.000+0000] {processor.py:830} INFO - Processing file /home/vscode/.local/lib/python3.11/site-packages/airflow/example_dags/example_skip_dag.py for tasks to queue
[2026-05-09T11:20:43.000+0000] {logging_mixin.py:188} INFO - [2026-05-09T11:20:43.000+0000] {dagbag.py:545} INFO - Filling up the DagBag from /home/vscode/.local/lib/python3.11/site-packages/airflow/example_dags/example_skip_dag.py
[2026-05-09T11:20:43.005+0000] {processor.py:840} INFO - DAG(s) 'example_skip_dag' retrieved from /home/vscode/.local/lib/python3.11/site-packages/airflow/example_dags/example_skip_dag.py
[2026-05-09T11:20:43.017+0000] {logging_mixin.py:188} INFO - [2026-05-09T11:20:43.017+0000] {dag.py:3096} INFO - Sync 1 DAGs
[2026-05-09T11:20:43.031+0000] {logging_mixin.py:188} INFO - [2026-05-09T11:20:43.031+0000] {dag.py:3954} INFO - Setting next_dagrun for example_skip_dag to 2026-05-08 00:00:00+00:00, run_after=2026-05-09 00:00:00+00:00
[2026-05-09T11:20:43.046+0000] {processor.py:183} INFO - Processing /home/vscode/.local/lib/python3.11/site-packages/airflow/example_dags/example_skip_dag.py took 0.053 seconds
[2026-05-09T11:21:34.735+0000] {processor.py:161} INFO - Started process (PID=8616) to work on /home/vscode/.local/lib/python3.11/site-packages/airflow/example_dags/example_skip_dag.py
[2026-05-09T11:21:34.736+0000] {processor.py:830} INFO - Processing file /home/vscode/.local/lib/python3.11/site-packages/airflow/example_dags/example_skip_dag.py for tasks to queue
[2026-05-09T11:21:34.736+0000] {logging_mixin.py:188} INFO - [2026-05-09T11:21:34.736+0000] {dagbag.py:545} INFO - Filling up the DagBag from /home/vscode/.local/lib/python3.11/site-packages/airflow/example_dags/example_skip_dag.py
[2026-05-09T11:21:34.743+0000] {processor.py:840} INFO - DAG(s) 'example_skip_dag' retrieved from /home/vscode/.local/lib/python3.11/site-packages/airflow/example_dags/example_skip_dag.py
[2026-05-09T11:21:34.766+0000] {logging_mixin.py:188} INFO - [2026-05-09T11:21:34.766+0000] {dag.py:3096} INFO - Sync 1 DAGs
[2026-05-09T11:21:34.780+0000] {logging_mixin.py:188} INFO - [2026-05-09T11:21:34.780+0000] {dag.py:3954} INFO - Setting next_dagrun for example_skip_dag to 2026-05-08 00:00:00+00:00, run_after=2026-05-09 00:00:00+00:00
[2026-05-09T11:21:34.795+0000] {processor.py:183} INFO - Processing /home/vscode/.local/lib/python3.11/site-packages/airflow/example_dags/example_skip_dag.py took 0.072 seconds
[2026-05-09T11:22:17.846+0000] {processor.py:161} INFO - Started process (PID=8995) to work on /home/vscode/.local/lib/python3.11/site-packages/airflow/example_dags/example_skip_dag.py
[2026-05-09T11:22:17.847+0000] {processor.py:830} INFO - Processing file /home/vscode/.local/lib/python3.11/site-packages/airflow/example_dags/example_skip_dag.py for tasks to queue
[2026-05-09T11:22:17.847+0000] {logging_mixin.py:188} INFO - [2026-05-09T11:22:17.847+0000] {dagbag.py:545} INFO - Filling up the DagBag from /home/vscode/.local/lib/python3.11/site-packages/airflow/example_dags/example_skip_dag.py
[2026-05-09T11:22:17.852+0000] {processor.py:840} INFO - DAG(s) 'example_skip_dag' retrieved from /home/vscode/.local/lib/python3.11/site-packages/airflow/example_dags/example_skip_dag.py
[2026-05-09T11:22:17.864+0000] {logging_mixin.py:188} INFO - [2026-05-09T11:22:17.864+0000] {dag.py:3096} INFO - Sync 1 DAGs
[2026-05-09T11:22:17.881+0000] {logging_mixin.py:188} INFO - [2026-05-09T11:22:17.880+0000] {dag.py:3954} INFO - Setting next_dagrun for example_skip_dag to 2026-05-08 00:00:00+00:00, run_after=2026-05-09 00:00:00+00:00
[2026-05-09T11:22:17.897+0000] {processor.py:183} INFO - Processing /home/vscode/.local/lib/python3.11/site-packages/airflow/example_dags/example_skip_dag.py took 0.057 seconds
[2026-05-09T11:22:55.806+0000] {processor.py:161} INFO - Started process (PID=9448) to work on /home/vscode/.local/lib/python3.11/site-packages/airflow/example_dags/example_skip_dag.py
[2026-05-09T11:22:55.806+0000] {processor.py:830} INFO - Processing file /home/vscode/.local/lib/python3.11/site-packages/airflow/example_dags/example_skip_dag.py for tasks to queue
[2026-05-09T11:22:55.807+0000] {logging_mixin.py:188} INFO - [2026-05-09T11:22:55.807+0000] {dagbag.py:545} INFO - Filling up the DagBag from /home/vscode/.local/lib/python3.11/site-packages/airflow/example_dags/example_skip_dag.py
[2026-05-09T11:22:55.812+0000] {processor.py:840} INFO - DAG(s) 'example_skip_dag' retrieved from /home/vscode/.local/lib/python3.11/site-packages/airflow/example_dags/example_skip_dag.py
[2026-05-09T11:22:55.823+0000] {logging_mixin.py:188} INFO - [2026-05-09T11:22:55.823+0000] {dag.py:3096} INFO - Sync 1 DAGs
[2026-05-09T11:22:55.836+0000] {logging_mixin.py:188} INFO - [2026-05-09T11:22:55.836+0000] {dag.py:3954} INFO - Setting next_dagrun for example_skip_dag to 2026-05-08 00:00:00+00:00, run_after=2026-05-09 00:00:00+00:00
[2026-05-09T11:22:55.853+0000] {processor.py:183} INFO - Processing /home/vscode/.local/lib/python3.11/site-packages/airflow/example_dags/example_skip_dag.py took 0.054 seconds
[2026-05-09T11:23:52.641+0000] {processor.py:161} INFO - Started process (PID=10282) to work on /home/vscode/.local/lib/python3.11/site-packages/airflow/example_dags/example_skip_dag.py
[2026-05-09T11:23:52.641+0000] {processor.py:830} INFO - Processing file /home/vscode/.local/lib/python3.11/site-packages/airflow/example_dags/example_skip_dag.py for tasks to queue
[2026-05-09T11:23:52.642+0000] {logging_mixin.py:188} INFO - [2026-05-09T11:23:52.642+0000] {dagbag.py:545} INFO - Filling up the DagBag from /home/vscode/.local/lib/python3.11/site-packages/airflow/example_dags/example_skip_dag.py
[2026-05-09T11:23:52.650+0000] {processor.py:840} INFO - DAG(s) 'example_skip_dag' retrieved from /home/vscode/.local/lib/python3.11/site-packages/airflow/example_dags/example_skip_dag.py
[2026-05-09T11:23:52.688+0000] {logging_mixin.py:188} INFO - [2026-05-09T11:23:52.688+0000] {dag.py:3096} INFO - Sync 1 DAGs
[2026-05-09T11:23:52.731+0000] {logging_mixin.py:188} INFO - [2026-05-09T11:23:52.730+0000] {dag.py:3954} INFO - Setting next_dagrun for example_skip_dag to 2026-05-08 00:00:00+00:00, run_after=2026-05-09 00:00:00+00:00
[2026-05-09T11:23:52.764+0000] {processor.py:183} INFO - Processing /home/vscode/.local/lib/python3.11/site-packages/airflow/example_dags/example_skip_dag.py took 0.130 seconds
[2026-05-09T11:24:32.707+0000] {processor.py:161} INFO - Started process (PID=10809) to work on /home/vscode/.local/lib/python3.11/site-packages/airflow/example_dags/example_skip_dag.py
[2026-05-09T11:24:32.708+0000] {processor.py:830} INFO - Processing file /home/vscode/.local/lib/python3.11/site-packages/airflow/example_dags/example_skip_dag.py for tasks to queue
[2026-05-09T11:24:32.708+0000] {logging_mixin.py:188} INFO - [2026-05-09T11:24:32.708+0000] {dagbag.py:545} INFO - Filling up the DagBag from /home/vscode/.local/lib/python3.11/site-packages/airflow/example_dags/example_skip_dag.py
[2026-05-09T11:24:32.713+0000] {processor.py:840} INFO - DAG(s) 'example_skip_dag' retrieved from /home/vscode/.local/lib/python3.11/site-packages/airflow/example_dags/example_skip_dag.py
[2026-05-09T11:24:32.725+0000] {logging_mixin.py:188} INFO - [2026-05-09T11:24:32.724+0000] {dag.py:3096} INFO - Sync 1 DAGs
[2026-05-09T11:24:32.738+0000] {logging_mixin.py:188} INFO - [2026-05-09T11:24:32.738+0000] {dag.py:3954} INFO - Setting next_dagrun for example_skip_dag to 2026-05-08 00:00:00+00:00, run_after=2026-05-09 00:00:00+00:00
[2026-05-09T11:24:32.754+0000] {processor.py:183} INFO - Processing /home/vscode/.local/lib/python3.11/site-packages/airflow/example_dags/example_skip_dag.py took 0.053 seconds
[2026-05-09T11:25:15.070+0000] {processor.py:161} INFO - Started process (PID=11279) to work on /home/vscode/.local/lib/python3.11/site-packages/airflow/example_dags/example_skip_dag.py
[2026-05-09T11:25:15.070+0000] {processor.py:830} INFO - Processing file /home/vscode/.local/lib/python3.11/site-packages/airflow/example_dags/example_skip_dag.py for tasks to queue
[2026-05-09T11:25:15.071+0000] {logging_mixin.py:188} INFO - [2026-05-09T11:25:15.071+0000] {dagbag.py:545} INFO - Filling up the DagBag from /home/vscode/.local/lib/python3.11/site-packages/airflow/example_dags/example_skip_dag.py
[2026-05-09T11:25:15.076+0000] {processor.py:840} INFO - DAG(s) 'example_skip_dag' retrieved from /home/vscode/.local/lib/python3.11/site-packages/airflow/example_dags/example_skip_dag.py
[2026-05-09T11:25:15.088+0000] {logging_mixin.py:188} INFO - [2026-05-09T11:25:15.088+0000] {dag.py:3096} INFO - Sync 1 DAGs
[2026-05-09T11:25:15.102+0000] {logging_mixin.py:188} INFO - [2026-05-09T11:25:15.102+0000] {dag.py:3954} INFO - Setting next_dagrun for example_skip_dag to 2026-05-08 00:00:00+00:00, run_after=2026-05-09 00:00:00+00:00
[2026-05-09T11:25:15.117+0000] {processor.py:183} INFO - Processing /home/vscode/.local/lib/python3.11/site-packages/airflow/example_dags/example_skip_dag.py took 0.054 seconds
[2026-05-09T11:25:56.030+0000] {processor.py:161} INFO - Started process (PID=11610) to work on /home/vscode/.local/lib/python3.11/site-packages/airflow/example_dags/example_skip_dag.py
[2026-05-09T11:25:56.031+0000] {processor.py:830} INFO - Processing file /home/vscode/.local/lib/python3.11/site-packages/airflow/example_dags/example_skip_dag.py for tasks to queue
[2026-05-09T11:25:56.031+0000] {logging_mixin.py:188} INFO - [2026-05-09T11:25:56.031+0000] {dagbag.py:545} INFO - Filling up the DagBag from /home/vscode/.local/lib/python3.11/site-packages/airflow/example_dags/example_skip_dag.py
[2026-05-09T11:25:56.036+0000] {processor.py:840} INFO - DAG(s) 'example_skip_dag' retrieved from /home/vscode/.local/lib/python3.11/site-packages/airflow/example_dags/example_skip_dag.py
[2026-05-09T11:25:56.048+0000] {logging_mixin.py:188} INFO - [2026-05-09T11:25:56.048+0000] {dag.py:3096} INFO - Sync 1 DAGs
[2026-05-09T11:25:56.062+0000] {logging_mixin.py:188} INFO - [2026-05-09T11:25:56.062+0000] {dag.py:3954} INFO - Setting next_dagrun for example_skip_dag to 2026-05-08 00:00:00+00:00, run_after=2026-05-09 00:00:00+00:00
[2026-05-09T11:25:56.077+0000] {processor.py:183} INFO - Processing /home/vscode/.local/lib/python3.11/site-packages/airflow/example_dags/example_skip_dag.py took 0.054 seconds
[2026-05-09T11:26:36.058+0000] {processor.py:161} INFO - Started process (PID=12057) to work on /home/vscode/.local/lib/python3.11/site-packages/airflow/example_dags/example_skip_dag.py
[2026-05-09T11:26:36.058+0000] {processor.py:830} INFO - Processing file /home/vscode/.local/lib/python3.11/site-packages/airflow/example_dags/example_skip_dag.py for tasks to queue
[2026-05-09T11:26:36.059+0000] {logging_mixin.py:188} INFO - [2026-05-09T11:26:36.059+0000] {dagbag.py:545} INFO - Filling up the DagBag from /home/vscode/.local/lib/python3.11/site-packages/airflow/example_dags/example_skip_dag.py
[2026-05-09T11:26:36.064+0000] {processor.py:840} INFO - DAG(s) 'example_skip_dag' retrieved from /home/vscode/.local/lib/python3.11/site-packages/airflow/example_dags/example_skip_dag.py
[2026-05-09T11:26:36.076+0000] {logging_mixin.py:188} INFO - [2026-05-09T11:26:36.076+0000] {dag.py:3096} INFO - Sync 1 DAGs
[2026-05-09T11:26:36.090+0000] {logging_mixin.py:188} INFO - [2026-05-09T11:26:36.090+0000] {dag.py:3954} INFO - Setting next_dagrun for example_skip_dag to 2026-05-08 00:00:00+00:00, run_after=2026-05-09 00:00:00+00:00
[2026-05-09T11:26:36.115+0000] {processor.py:183} INFO - Processing /home/vscode/.local/lib/python3.11/site-packages/airflow/example_dags/example_skip_dag.py took 0.064 seconds
[2026-05-09T11:27:16.800+0000] {processor.py:161} INFO - Started process (PID=12516) to work on /home/vscode/.local/lib/python3.11/site-packages/airflow/example_dags/example_skip_dag.py
[2026-05-09T11:27:16.801+0000] {processor.py:830} INFO - Processing file /home/vscode/.local/lib/python3.11/site-packages/airflow/example_dags/example_skip_dag.py for tasks to queue
[2026-05-09T11:27:16.801+0000] {logging_mixin.py:188} INFO - [2026-05-09T11:27:16.801+0000] {dagbag.py:545} INFO - Filling up the DagBag from /home/vscode/.local/lib/python3.11/site-packages/airflow/example_dags/example_skip_dag.py
[2026-05-09T11:27:16.806+0000] {processor.py:840} INFO - DAG(s) 'example_skip_dag' retrieved from /home/vscode/.local/lib/python3.11/site-packages/airflow/example_dags/example_skip_dag.py
[2026-05-09T11:27:16.818+0000] {logging_mixin.py:188} INFO - [2026-05-09T11:27:16.818+0000] {dag.py:3096} INFO - Sync 1 DAGs
[2026-05-09T11:27:16.832+0000] {logging_mixin.py:188} INFO - [2026-05-09T11:27:16.832+0000] {dag.py:3954} INFO - Setting next_dagrun for example_skip_dag to 2026-05-08 00:00:00+00:00, run_after=2026-05-09 00:00:00+00:00
[2026-05-09T11:27:16.848+0000] {processor.py:183} INFO - Processing /home/vscode/.local/lib/python3.11/site-packages/airflow/example_dags/example_skip_dag.py took 0.055 seconds
[2026-05-09T11:27:56.764+0000] {processor.py:161} INFO - Started process (PID=12997) to work on /home/vscode/.local/lib/python3.11/site-packages/airflow/example_dags/example_skip_dag.py
[2026-05-09T11:27:56.765+0000] {processor.py:830} INFO - Processing file /home/vscode/.local/lib/python3.11/site-packages/airflow/example_dags/example_skip_dag.py for tasks to queue
[2026-05-09T11:27:56.765+0000] {logging_mixin.py:188} INFO - [2026-05-09T11:27:56.765+0000] {dagbag.py:545} INFO - Filling up the DagBag from /home/vscode/.local/lib/python3.11/site-packages/airflow/example_dags/example_skip_dag.py
[2026-05-09T11:27:56.770+0000] {processor.py:840} INFO - DAG(s) 'example_skip_dag' retrieved from /home/vscode/.local/lib/python3.11/site-packages/airflow/example_dags/example_skip_dag.py
[2026-05-09T11:27:56.783+0000] {logging_mixin.py:188} INFO - [2026-05-09T11:27:56.783+0000] {dag.py:3096} INFO - Sync 1 DAGs
[2026-05-09T11:27:56.796+0000] {logging_mixin.py:188} INFO - [2026-05-09T11:27:56.796+0000] {dag.py:3954} INFO - Setting next_dagrun for example_skip_dag to 2026-05-08 00:00:00+00:00, run_after=2026-05-09 00:00:00+00:00
[2026-05-09T11:27:56.812+0000] {processor.py:183} INFO - Processing /home/vscode/.local/lib/python3.11/site-packages/airflow/example_dags/example_skip_dag.py took 0.055 seconds
[2026-05-09T11:28:36.236+0000] {processor.py:161} INFO - Started process (PID=13492) to work on /home/vscode/.local/lib/python3.11/site-packages/airflow/example_dags/example_skip_dag.py
[2026-05-09T11:28:36.237+0000] {processor.py:830} INFO - Processing file /home/vscode/.local/lib/python3.11/site-packages/airflow/example_dags/example_skip_dag.py for tasks to queue
[2026-05-09T11:28:36.237+0000] {logging_mixin.py:188} INFO - [2026-05-09T11:28:36.237+0000] {dagbag.py:545} INFO - Filling up the DagBag from /home/vscode/.local/lib/python3.11/site-packages/airflow/example_dags/example_skip_dag.py
[2026-05-09T11:28:36.242+0000] {processor.py:840} INFO - DAG(s) 'example_skip_dag' retrieved from /home/vscode/.local/lib/python3.11/site-packages/airflow/example_dags/example_skip_dag.py
[2026-05-09T11:28:36.254+0000] {logging_mixin.py:188} INFO - [2026-05-09T11:28:36.254+0000] {dag.py:3096} INFO - Sync 1 DAGs
[2026-05-09T11:28:36.268+0000] {logging_mixin.py:188} INFO - [2026-05-09T11:28:36.268+0000] {dag.py:3954} INFO - Setting next_dagrun for example_skip_dag to 2026-05-08 00:00:00+00:00, run_after=2026-05-09 00:00:00+00:00
[2026-05-09T11:28:36.284+0000] {processor.py:183} INFO - Processing /home/vscode/.local/lib/python3.11/site-packages/airflow/example_dags/example_skip_dag.py took 0.056 seconds
[2026-05-09T11:29:16.944+0000] {processor.py:161} INFO - Started process (PID=13868) to work on /home/vscode/.local/lib/python3.11/site-packages/airflow/example_dags/example_skip_dag.py
[2026-05-09T11:29:16.944+0000] {processor.py:830} INFO - Processing file /home/vscode/.local/lib/python3.11/site-packages/airflow/example_dags/example_skip_dag.py for tasks to queue
[2026-05-09T11:29:16.945+0000] {logging_mixin.py:188} INFO - [2026-05-09T11:29:16.945+0000] {dagbag.py:545} INFO - Filling up the DagBag from /home/vscode/.local/lib/python3.11/site-packages/airflow/example_dags/example_skip_dag.py
[2026-05-09T11:29:16.950+0000] {processor.py:840} INFO - DAG(s) 'example_skip_dag' retrieved from /home/vscode/.local/lib/python3.11/site-packages/airflow/example_dags/example_skip_dag.py
[2026-05-09T11:29:16.961+0000] {logging_mixin.py:188} INFO - [2026-05-09T11:29:16.961+0000] {dag.py:3096} INFO - Sync 1 DAGs
[2026-05-09T11:29:16.975+0000] {logging_mixin.py:188} INFO - [2026-05-09T11:29:16.975+0000] {dag.py:3954} INFO - Setting next_dagrun for example_skip_dag to 2026-05-08 00:00:00+00:00, run_after=2026-05-09 00:00:00+00:00
[2026-05-09T11:29:16.991+0000] {processor.py:183} INFO - Processing /home/vscode/.local/lib/python3.11/site-packages/airflow/example_dags/example_skip_dag.py took 0.053 seconds
[2026-05-09T11:30:01.655+0000] {processor.py:161} INFO - Started process (PID=14284) to work on /home/vscode/.local/lib/python3.11/site-packages/airflow/example_dags/example_skip_dag.py
[2026-05-09T11:30:01.655+0000] {processor.py:830} INFO - Processing file /home/vscode/.local/lib/python3.11/site-packages/airflow/example_dags/example_skip_dag.py for tasks to queue
[2026-05-09T11:30:01.656+0000] {logging_mixin.py:188} INFO - [2026-05-09T11:30:01.656+0000] {dagbag.py:545} INFO - Filling up the DagBag from /home/vscode/.local/lib/python3.11/site-packages/airflow/example_dags/example_skip_dag.py
[2026-05-09T11:30:01.661+0000] {processor.py:840} INFO - DAG(s) 'example_skip_dag' retrieved from /home/vscode/.local/lib/python3.11/site-packages/airflow/example_dags/example_skip_dag.py
[2026-05-09T11:30:01.673+0000] {logging_mixin.py:188} INFO - [2026-05-09T11:30:01.672+0000] {dag.py:3096} INFO - Sync 1 DAGs
[2026-05-09T11:30:01.686+0000] {logging_mixin.py:188} INFO - [2026-05-09T11:30:01.686+0000] {dag.py:3954} INFO - Setting next_dagrun for example_skip_dag to 2026-05-08 00:00:00+00:00, run_after=2026-05-09 00:00:00+00:00
[2026-05-09T11:30:01.703+0000] {processor.py:183} INFO - Processing /home/vscode/.local/lib/python3.11/site-packages/airflow/example_dags/example_skip_dag.py took 0.054 seconds
[2026-05-09T11:30:43.429+0000] {processor.py:161} INFO - Started process (PID=14850) to work on /home/vscode/.local/lib/python3.11/site-packages/airflow/example_dags/example_skip_dag.py
[2026-05-09T11:30:43.430+0000] {processor.py:830} INFO - Processing file /home/vscode/.local/lib/python3.11/site-packages/airflow/example_dags/example_skip_dag.py for tasks to queue
[2026-05-09T11:30:43.430+0000] {logging_mixin.py:188} INFO - [2026-05-09T11:30:43.430+0000] {dagbag.py:545} INFO - Filling up the DagBag from /home/vscode/.local/lib/python3.11/site-packages/airflow/example_dags/example_skip_dag.py
[2026-05-09T11:30:43.435+0000] {processor.py:840} INFO - DAG(s) 'example_skip_dag' retrieved from /home/vscode/.local/lib/python3.11/site-packages/airflow/example_dags/example_skip_dag.py
[2026-05-09T11:30:43.448+0000] {logging_mixin.py:188} INFO - [2026-05-09T11:30:43.448+0000] {dag.py:3096} INFO - Sync 1 DAGs
[2026-05-09T11:30:43.467+0000] {logging_mixin.py:188} INFO - [2026-05-09T11:30:43.467+0000] {dag.py:3954} INFO - Setting next_dagrun for example_skip_dag to 2026-05-08 00:00:00+00:00, run_after=2026-05-09 00:00:00+00:00
[2026-05-09T11:30:43.487+0000] {processor.py:183} INFO - Processing /home/vscode/.local/lib/python3.11/site-packages/airflow/example_dags/example_skip_dag.py took 0.064 seconds
[2026-05-09T11:31:44.370+0000] {processor.py:161} INFO - Started process (PID=15571) to work on /home/vscode/.local/lib/python3.11/site-packages/airflow/example_dags/example_skip_dag.py
[2026-05-09T11:31:44.370+0000] {processor.py:830} INFO - Processing file /home/vscode/.local/lib/python3.11/site-packages/airflow/example_dags/example_skip_dag.py for tasks to queue
[2026-05-09T11:31:44.371+0000] {logging_mixin.py:188} INFO - [2026-05-09T11:31:44.370+0000] {dagbag.py:545} INFO - Filling up the DagBag from /home/vscode/.local/lib/python3.11/site-packages/airflow/example_dags/example_skip_dag.py
[2026-05-09T11:31:44.375+0000] {processor.py:840} INFO - DAG(s) 'example_skip_dag' retrieved from /home/vscode/.local/lib/python3.11/site-packages/airflow/example_dags/example_skip_dag.py
[2026-05-09T11:31:44.387+0000] {logging_mixin.py:188} INFO - [2026-05-09T11:31:44.387+0000] {dag.py:3096} INFO - Sync 1 DAGs
[2026-05-09T11:31:44.401+0000] {logging_mixin.py:188} INFO - [2026-05-09T11:31:44.401+0000] {dag.py:3954} INFO - Setting next_dagrun for example_skip_dag to 2026-05-08 00:00:00+00:00, run_after=2026-05-09 00:00:00+00:00
[2026-05-09T11:31:44.418+0000] {processor.py:183} INFO - Processing /home/vscode/.local/lib/python3.11/site-packages/airflow/example_dags/example_skip_dag.py took 0.055 seconds
[2026-05-09T11:32:30.804+0000] {processor.py:161} INFO - Started process (PID=15898) to work on /home/vscode/.local/lib/python3.11/site-packages/airflow/example_dags/example_skip_dag.py
[2026-05-09T11:32:30.804+0000] {processor.py:830} INFO - Processing file /home/vscode/.local/lib/python3.11/site-packages/airflow/example_dags/example_skip_dag.py for tasks to queue
[2026-05-09T11:32:30.805+0000] {logging_mixin.py:188} INFO - [2026-05-09T11:32:30.804+0000] {dagbag.py:545} INFO - Filling up the DagBag from /home/vscode/.local/lib/python3.11/site-packages/airflow/example_dags/example_skip_dag.py
[2026-05-09T11:32:30.810+0000] {processor.py:840} INFO - DAG(s) 'example_skip_dag' retrieved from /home/vscode/.local/lib/python3.11/site-packages/airflow/example_dags/example_skip_dag.py
[2026-05-09T11:32:30.822+0000] {logging_mixin.py:188} INFO - [2026-05-09T11:32:30.822+0000] {dag.py:3096} INFO - Sync 1 DAGs
[2026-05-09T11:32:30.836+0000] {logging_mixin.py:188} INFO - [2026-05-09T11:32:30.836+0000] {dag.py:3954} INFO - Setting next_dagrun for example_skip_dag to 2026-05-08 00:00:00+00:00, run_after=2026-05-09 00:00:00+00:00
[2026-05-09T11:32:30.853+0000] {processor.py:183} INFO - Processing /home/vscode/.local/lib/python3.11/site-packages/airflow/example_dags/example_skip_dag.py took 0.056 seconds
[2026-05-09T11:33:12.450+0000] {processor.py:161} INFO - Started process (PID=16277) to work on /home/vscode/.local/lib/python3.11/site-packages/airflow/example_dags/example_skip_dag.py
[2026-05-09T11:33:12.451+0000] {processor.py:830} INFO - Processing file /home/vscode/.local/lib/python3.11/site-packages/airflow/example_dags/example_skip_dag.py for tasks to queue
[2026-05-09T11:33:12.451+0000] {logging_mixin.py:188} INFO - [2026-05-09T11:33:12.451+0000] {dagbag.py:545} INFO - Filling up the DagBag from /home/vscode/.local/lib/python3.11/site-packages/airflow/example_dags/example_skip_dag.py
[2026-05-09T11:33:12.456+0000] {processor.py:840} INFO - DAG(s) 'example_skip_dag' retrieved from /home/vscode/.local/lib/python3.11/site-packages/airflow/example_dags/example_skip_dag.py
[2026-05-09T11:33:12.469+0000] {logging_mixin.py:188} INFO - [2026-05-09T11:33:12.469+0000] {dag.py:3096} INFO - Sync 1 DAGs
[2026-05-09T11:33:12.484+0000] {logging_mixin.py:188} INFO - [2026-05-09T11:33:12.484+0000] {dag.py:3954} INFO - Setting next_dagrun for example_skip_dag to 2026-05-08 00:00:00+00:00, run_after=2026-05-09 00:00:00+00:00
[2026-05-09T11:33:12.500+0000] {processor.py:183} INFO - Processing /home/vscode/.local/lib/python3.11/site-packages/airflow/example_dags/example_skip_dag.py took 0.057 seconds
[2026-05-09T11:33:54.529+0000] {processor.py:161} INFO - Started process (PID=16715) to work on /home/vscode/.local/lib/python3.11/site-packages/airflow/example_dags/example_skip_dag.py
[2026-05-09T11:33:54.529+0000] {processor.py:830} INFO - Processing file /home/vscode/.local/lib/python3.11/site-packages/airflow/example_dags/example_skip_dag.py for tasks to queue
[2026-05-09T11:33:54.530+0000] {logging_mixin.py:188} INFO - [2026-05-09T11:33:54.529+0000] {dagbag.py:545} INFO - Filling up the DagBag from /home/vscode/.local/lib/python3.11/site-packages/airflow/example_dags/example_skip_dag.py
[2026-05-09T11:33:54.535+0000] {processor.py:840} INFO - DAG(s) 'example_skip_dag' retrieved from /home/vscode/.local/lib/python3.11/site-packages/airflow/example_dags/example_skip_dag.py
[2026-05-09T11:33:54.547+0000] {logging_mixin.py:188} INFO - [2026-05-09T11:33:54.547+0000] {dag.py:3096} INFO - Sync 1 DAGs
[2026-05-09T11:33:54.562+0000] {logging_mixin.py:188} INFO - [2026-05-09T11:33:54.562+0000] {dag.py:3954} INFO - Setting next_dagrun for example_skip_dag to 2026-05-08 00:00:00+00:00, run_after=2026-05-09 00:00:00+00:00
[2026-05-09T11:33:54.577+0000] {processor.py:183} INFO - Processing /home/vscode/.local/lib/python3.11/site-packages/airflow/example_dags/example_skip_dag.py took 0.055 seconds
[2026-05-09T11:34:36.023+0000] {processor.py:161} INFO - Started process (PID=17079) to work on /home/vscode/.local/lib/python3.11/site-packages/airflow/example_dags/example_skip_dag.py
[2026-05-09T11:34:36.023+0000] {processor.py:830} INFO - Processing file /home/vscode/.local/lib/python3.11/site-packages/airflow/example_dags/example_skip_dag.py for tasks to queue
[2026-05-09T11:34:36.024+0000] {logging_mixin.py:188} INFO - [2026-05-09T11:34:36.023+0000] {dagbag.py:545} INFO - Filling up the DagBag from /home/vscode/.local/lib/python3.11/site-packages/airflow/example_dags/example_skip_dag.py
[2026-05-09T11:34:36.029+0000] {processor.py:840} INFO - DAG(s) 'example_skip_dag' retrieved from /home/vscode/.local/lib/python3.11/site-packages/airflow/example_dags/example_skip_dag.py
[2026-05-09T11:34:36.041+0000] {logging_mixin.py:188} INFO - [2026-05-09T11:34:36.041+0000] {dag.py:3096} INFO - Sync 1 DAGs
[2026-05-09T11:34:36.055+0000] {logging_mixin.py:188} INFO - [2026-05-09T11:34:36.055+0000] {dag.py:3954} INFO - Setting next_dagrun for example_skip_dag to 2026-05-08 00:00:00+00:00, run_after=2026-05-09 00:00:00+00:00
[2026-05-09T11:34:36.072+0000] {processor.py:183} INFO - Processing /home/vscode/.local/lib/python3.11/site-packages/airflow/example_dags/example_skip_dag.py took 0.056 seconds
[2026-05-09T11:35:35.089+0000] {processor.py:161} INFO - Started process (PID=17579) to work on /home/vscode/.local/lib/python3.11/site-packages/airflow/example_dags/example_skip_dag.py
[2026-05-09T11:35:35.089+0000] {processor.py:830} INFO - Processing file /home/vscode/.local/lib/python3.11/site-packages/airflow/example_dags/example_skip_dag.py for tasks to queue
[2026-05-09T11:35:35.090+0000] {logging_mixin.py:188} INFO - [2026-05-09T11:35:35.090+0000] {dagbag.py:545} INFO - Filling up the DagBag from /home/vscode/.local/lib/python3.11/site-packages/airflow/example_dags/example_skip_dag.py
[2026-05-09T11:35:35.095+0000] {processor.py:840} INFO - DAG(s) 'example_skip_dag' retrieved from /home/vscode/.local/lib/python3.11/site-packages/airflow/example_dags/example_skip_dag.py
[2026-05-09T11:35:35.108+0000] {logging_mixin.py:188} INFO - [2026-05-09T11:35:35.108+0000] {dag.py:3096} INFO - Sync 1 DAGs
[2026-05-09T11:35:35.128+0000] {logging_mixin.py:188} INFO - [2026-05-09T11:35:35.128+0000] {dag.py:3954} INFO - Setting next_dagrun for example_skip_dag to 2026-05-08 00:00:00+00:00, run_after=2026-05-09 00:00:00+00:00
[2026-05-09T11:35:35.144+0000] {processor.py:183} INFO - Processing /home/vscode/.local/lib/python3.11/site-packages/airflow/example_dags/example_skip_dag.py took 0.062 seconds
[2026-05-09T11:36:34.618+0000] {processor.py:161} INFO - Started process (PID=18080) to work on /home/vscode/.local/lib/python3.11/site-packages/airflow/example_dags/example_skip_dag.py
[2026-05-09T11:36:34.619+0000] {processor.py:830} INFO - Processing file /home/vscode/.local/lib/python3.11/site-packages/airflow/example_dags/example_skip_dag.py for tasks to queue
[2026-05-09T11:36:34.620+0000] {logging_mixin.py:188} INFO - [2026-05-09T11:36:34.619+0000] {dagbag.py:545} INFO - Filling up the DagBag from /home/vscode/.local/lib/python3.11/site-packages/airflow/example_dags/example_skip_dag.py
[2026-05-09T11:36:34.625+0000] {processor.py:840} INFO - DAG(s) 'example_skip_dag' retrieved from /home/vscode/.local/lib/python3.11/site-packages/airflow/example_dags/example_skip_dag.py
[2026-05-09T11:36:34.638+0000] {logging_mixin.py:188} INFO - [2026-05-09T11:36:34.638+0000] {dag.py:3096} INFO - Sync 1 DAGs
[2026-05-09T11:36:34.652+0000] {logging_mixin.py:188} INFO - [2026-05-09T11:36:34.652+0000] {dag.py:3954} INFO - Setting next_dagrun for example_skip_dag to 2026-05-08 00:00:00+00:00, run_after=2026-05-09 00:00:00+00:00
[2026-05-09T11:36:34.668+0000] {processor.py:183} INFO - Processing /home/vscode/.local/lib/python3.11/site-packages/airflow/example_dags/example_skip_dag.py took 0.056 seconds
[2026-05-09T11:37:15.876+0000] {processor.py:161} INFO - Started process (PID=18437) to work on /home/vscode/.local/lib/python3.11/site-packages/airflow/example_dags/example_skip_dag.py
[2026-05-09T11:37:15.876+0000] {processor.py:830} INFO - Processing file /home/vscode/.local/lib/python3.11/site-packages/airflow/example_dags/example_skip_dag.py for tasks to queue
[2026-05-09T11:37:15.877+0000] {logging_mixin.py:188} INFO - [2026-05-09T11:37:15.877+0000] {dagbag.py:545} INFO - Filling up the DagBag from /home/vscode/.local/lib/python3.11/site-packages/airflow/example_dags/example_skip_dag.py
[2026-05-09T11:37:15.882+0000] {processor.py:840} INFO - DAG(s) 'example_skip_dag' retrieved from /home/vscode/.local/lib/python3.11/site-packages/airflow/example_dags/example_skip_dag.py
[2026-05-09T11:37:15.898+0000] {logging_mixin.py:188} INFO - [2026-05-09T11:37:15.898+0000] {dag.py:3096} INFO - Sync 1 DAGs
[2026-05-09T11:37:15.912+0000] {logging_mixin.py:188} INFO - [2026-05-09T11:37:15.912+0000] {dag.py:3954} INFO - Setting next_dagrun for example_skip_dag to 2026-05-08 00:00:00+00:00, run_after=2026-05-09 00:00:00+00:00
[2026-05-09T11:37:15.929+0000] {processor.py:183} INFO - Processing /home/vscode/.local/lib/python3.11/site-packages/airflow/example_dags/example_skip_dag.py took 0.060 seconds
[2026-05-09T11:37:57.501+0000] {processor.py:161} INFO - Started process (PID=19109) to work on /home/vscode/.local/lib/python3.11/site-packages/airflow/example_dags/example_skip_dag.py
[2026-05-09T11:37:57.502+0000] {processor.py:830} INFO - Processing file /home/vscode/.local/lib/python3.11/site-packages/airflow/example_dags/example_skip_dag.py for tasks to queue
[2026-05-09T11:37:57.502+0000] {logging_mixin.py:188} INFO - [2026-05-09T11:37:57.502+0000] {dagbag.py:545} INFO - Filling up the DagBag from /home/vscode/.local/lib/python3.11/site-packages/airflow/example_dags/example_skip_dag.py
[2026-05-09T11:37:57.507+0000] {processor.py:840} INFO - DAG(s) 'example_skip_dag' retrieved from /home/vscode/.local/lib/python3.11/site-packages/airflow/example_dags/example_skip_dag.py
[2026-05-09T11:37:57.519+0000] {logging_mixin.py:188} INFO - [2026-05-09T11:37:57.519+0000] {dag.py:3096} INFO - Sync 1 DAGs
[2026-05-09T11:37:57.534+0000] {logging_mixin.py:188} INFO - [2026-05-09T11:37:57.534+0000] {dag.py:3954} INFO - Setting next_dagrun for example_skip_dag to 2026-05-08 00:00:00+00:00, run_after=2026-05-09 00:00:00+00:00
[2026-05-09T11:37:57.550+0000] {processor.py:183} INFO - Processing /home/vscode/.local/lib/python3.11/site-packages/airflow/example_dags/example_skip_dag.py took 0.055 seconds
[2026-05-09T11:38:40.266+0000] {processor.py:161} INFO - Started process (PID=19564) to work on /home/vscode/.local/lib/python3.11/site-packages/airflow/example_dags/example_skip_dag.py
[2026-05-09T11:38:40.267+0000] {processor.py:830} INFO - Processing file /home/vscode/.local/lib/python3.11/site-packages/airflow/example_dags/example_skip_dag.py for tasks to queue
[2026-05-09T11:38:40.267+0000] {logging_mixin.py:188} INFO - [2026-05-09T11:38:40.267+0000] {dagbag.py:545} INFO - Filling up the DagBag from /home/vscode/.local/lib/python3.11/site-packages/airflow/example_dags/example_skip_dag.py
[2026-05-09T11:38:40.272+0000] {processor.py:840} INFO - DAG(s) 'example_skip_dag' retrieved from /home/vscode/.local/lib/python3.11/site-packages/airflow/example_dags/example_skip_dag.py
[2026-05-09T11:38:40.284+0000] {logging_mixin.py:188} INFO - [2026-05-09T11:38:40.284+0000] {dag.py:3096} INFO - Sync 1 DAGs
[2026-05-09T11:38:40.299+0000] {logging_mixin.py:188} INFO - [2026-05-09T11:38:40.299+0000] {dag.py:3954} INFO - Setting next_dagrun for example_skip_dag to 2026-05-08 00:00:00+00:00, run_after=2026-05-09 00:00:00+00:00
[2026-05-09T11:38:40.314+0000] {processor.py:183} INFO - Processing /home/vscode/.local/lib/python3.11/site-packages/airflow/example_dags/example_skip_dag.py took 0.055 seconds
[2026-05-09T11:39:38.783+0000] {processor.py:161} INFO - Started process (PID=20330) to work on /home/vscode/.local/lib/python3.11/site-packages/airflow/example_dags/example_skip_dag.py
[2026-05-09T11:39:38.783+0000] {processor.py:830} INFO - Processing file /home/vscode/.local/lib/python3.11/site-packages/airflow/example_dags/example_skip_dag.py for tasks to queue
[2026-05-09T11:39:38.784+0000] {logging_mixin.py:188} INFO - [2026-05-09T11:39:38.784+0000] {dagbag.py:545} INFO - Filling up the DagBag from /home/vscode/.local/lib/python3.11/site-packages/airflow/example_dags/example_skip_dag.py
[2026-05-09T11:39:38.789+0000] {processor.py:840} INFO - DAG(s) 'example_skip_dag' retrieved from /home/vscode/.local/lib/python3.11/site-packages/airflow/example_dags/example_skip_dag.py
[2026-05-09T11:39:38.801+0000] {logging_mixin.py:188} INFO - [2026-05-09T11:39:38.801+0000] {dag.py:3096} INFO - Sync 1 DAGs
[2026-05-09T11:39:38.816+0000] {logging_mixin.py:188} INFO - [2026-05-09T11:39:38.815+0000] {dag.py:3954} INFO - Setting next_dagrun for example_skip_dag to 2026-05-08 00:00:00+00:00, run_after=2026-05-09 00:00:00+00:00
[2026-05-09T11:39:38.831+0000] {processor.py:183} INFO - Processing /home/vscode/.local/lib/python3.11/site-packages/airflow/example_dags/example_skip_dag.py took 0.055 seconds
[2026-05-09T11:40:20.441+0000] {processor.py:161} INFO - Started process (PID=20603) to work on /home/vscode/.local/lib/python3.11/site-packages/airflow/example_dags/example_skip_dag.py
[2026-05-09T11:40:20.442+0000] {processor.py:830} INFO - Processing file /home/vscode/.local/lib/python3.11/site-packages/airflow/example_dags/example_skip_dag.py for tasks to queue
[2026-05-09T11:40:20.443+0000] {logging_mixin.py:188} INFO - [2026-05-09T11:40:20.442+0000] {dagbag.py:545} INFO - Filling up the DagBag from /home/vscode/.local/lib/python3.11/site-packages/airflow/example_dags/example_skip_dag.py
[2026-05-09T11:40:20.449+0000] {processor.py:840} INFO - DAG(s) 'example_skip_dag' retrieved from /home/vscode/.local/lib/python3.11/site-packages/airflow/example_dags/example_skip_dag.py
[2026-05-09T11:40:20.465+0000] {logging_mixin.py:188} INFO - [2026-05-09T11:40:20.465+0000] {dag.py:3096} INFO - Sync 1 DAGs
[2026-05-09T11:40:20.519+0000] {logging_mixin.py:188} INFO - [2026-05-09T11:40:20.519+0000] {dag.py:3954} INFO - Setting next_dagrun for example_skip_dag to 2026-05-08 00:00:00+00:00, run_after=2026-05-09 00:00:00+00:00
[2026-05-09T11:40:20.547+0000] {processor.py:183} INFO - Processing /home/vscode/.local/lib/python3.11/site-packages/airflow/example_dags/example_skip_dag.py took 0.112 seconds
[2026-05-09T11:41:01.873+0000] {processor.py:161} INFO - Started process (PID=21032) to work on /home/vscode/.local/lib/python3.11/site-packages/airflow/example_dags/example_skip_dag.py
[2026-05-09T11:41:01.874+0000] {processor.py:830} INFO - Processing file /home/vscode/.local/lib/python3.11/site-packages/airflow/example_dags/example_skip_dag.py for tasks to queue
[2026-05-09T11:41:01.874+0000] {logging_mixin.py:188} INFO - [2026-05-09T11:41:01.874+0000] {dagbag.py:545} INFO - Filling up the DagBag from /home/vscode/.local/lib/python3.11/site-packages/airflow/example_dags/example_skip_dag.py
[2026-05-09T11:41:01.879+0000] {processor.py:840} INFO - DAG(s) 'example_skip_dag' retrieved from /home/vscode/.local/lib/python3.11/site-packages/airflow/example_dags/example_skip_dag.py
[2026-05-09T11:41:01.892+0000] {logging_mixin.py:188} INFO - [2026-05-09T11:41:01.892+0000] {dag.py:3096} INFO - Sync 1 DAGs
[2026-05-09T11:41:01.906+0000] {logging_mixin.py:188} INFO - [2026-05-09T11:41:01.906+0000] {dag.py:3954} INFO - Setting next_dagrun for example_skip_dag to 2026-05-08 00:00:00+00:00, run_after=2026-05-09 00:00:00+00:00
[2026-05-09T11:41:01.922+0000] {processor.py:183} INFO - Processing /home/vscode/.local/lib/python3.11/site-packages/airflow/example_dags/example_skip_dag.py took 0.055 seconds
[2026-05-09T11:41:47.007+0000] {processor.py:161} INFO - Started process (PID=21505) to work on /home/vscode/.local/lib/python3.11/site-packages/airflow/example_dags/example_skip_dag.py
[2026-05-09T11:41:47.008+0000] {processor.py:830} INFO - Processing file /home/vscode/.local/lib/python3.11/site-packages/airflow/example_dags/example_skip_dag.py for tasks to queue
[2026-05-09T11:41:47.009+0000] {logging_mixin.py:188} INFO - [2026-05-09T11:41:47.008+0000] {dagbag.py:545} INFO - Filling up the DagBag from /home/vscode/.local/lib/python3.11/site-packages/airflow/example_dags/example_skip_dag.py
[2026-05-09T11:41:47.014+0000] {processor.py:840} INFO - DAG(s) 'example_skip_dag' retrieved from /home/vscode/.local/lib/python3.11/site-packages/airflow/example_dags/example_skip_dag.py
[2026-05-09T11:41:47.027+0000] {logging_mixin.py:188} INFO - [2026-05-09T11:41:47.027+0000] {dag.py:3096} INFO - Sync 1 DAGs
[2026-05-09T11:41:47.043+0000] {logging_mixin.py:188} INFO - [2026-05-09T11:41:47.043+0000] {dag.py:3954} INFO - Setting next_dagrun for example_skip_dag to 2026-05-08 00:00:00+00:00, run_after=2026-05-09 00:00:00+00:00
[2026-05-09T11:41:47.062+0000] {processor.py:183} INFO - Processing /home/vscode/.local/lib/python3.11/site-packages/airflow/example_dags/example_skip_dag.py took 0.061 seconds
[2026-05-09T11:42:31.118+0000] {processor.py:161} INFO - Started process (PID=21826) to work on /home/vscode/.local/lib/python3.11/site-packages/airflow/example_dags/example_skip_dag.py
[2026-05-09T11:42:31.118+0000] {processor.py:830} INFO - Processing file /home/vscode/.local/lib/python3.11/site-packages/airflow/example_dags/example_skip_dag.py for tasks to queue
[2026-05-09T11:42:31.119+0000] {logging_mixin.py:188} INFO - [2026-05-09T11:42:31.119+0000] {dagbag.py:545} INFO - Filling up the DagBag from /home/vscode/.local/lib/python3.11/site-packages/airflow/example_dags/example_skip_dag.py
[2026-05-09T11:42:31.127+0000] {processor.py:840} INFO - DAG(s) 'example_skip_dag' retrieved from /home/vscode/.local/lib/python3.11/site-packages/airflow/example_dags/example_skip_dag.py
[2026-05-09T11:42:31.148+0000] {logging_mixin.py:188} INFO - [2026-05-09T11:42:31.148+0000] {dag.py:3096} INFO - Sync 1 DAGs
[2026-05-09T11:42:31.164+0000] {logging_mixin.py:188} INFO - [2026-05-09T11:42:31.164+0000] {dag.py:3954} INFO - Setting next_dagrun for example_skip_dag to 2026-05-08 00:00:00+00:00, run_after=2026-05-09 00:00:00+00:00
[2026-05-09T11:42:31.180+0000] {processor.py:183} INFO - Processing /home/vscode/.local/lib/python3.11/site-packages/airflow/example_dags/example_skip_dag.py took 0.072 seconds
[2026-05-09T11:43:15.470+0000] {processor.py:161} INFO - Started process (PID=22219) to work on /home/vscode/.local/lib/python3.11/site-packages/airflow/example_dags/example_skip_dag.py
[2026-05-09T11:43:15.471+0000] {processor.py:830} INFO - Processing file /home/vscode/.local/lib/python3.11/site-packages/airflow/example_dags/example_skip_dag.py for tasks to queue
[2026-05-09T11:43:15.471+0000] {logging_mixin.py:188} INFO - [2026-05-09T11:43:15.471+0000] {dagbag.py:545} INFO - Filling up the DagBag from /home/vscode/.local/lib/python3.11/site-packages/airflow/example_dags/example_skip_dag.py
[2026-05-09T11:43:15.477+0000] {processor.py:840} INFO - DAG(s) 'example_skip_dag' retrieved from /home/vscode/.local/lib/python3.11/site-packages/airflow/example_dags/example_skip_dag.py
[2026-05-09T11:43:15.490+0000] {logging_mixin.py:188} INFO - [2026-05-09T11:43:15.490+0000] {dag.py:3096} INFO - Sync 1 DAGs
[2026-05-09T11:43:15.506+0000] {logging_mixin.py:188} INFO - [2026-05-09T11:43:15.506+0000] {dag.py:3954} INFO - Setting next_dagrun for example_skip_dag to 2026-05-08 00:00:00+00:00, run_after=2026-05-09 00:00:00+00:00
[2026-05-09T11:43:15.522+0000] {processor.py:183} INFO - Processing /home/vscode/.local/lib/python3.11/site-packages/airflow/example_dags/example_skip_dag.py took 0.060 seconds
[2026-05-09T11:43:59.734+0000] {processor.py:161} INFO - Started process (PID=22664) to work on /home/vscode/.local/lib/python3.11/site-packages/airflow/example_dags/example_skip_dag.py
[2026-05-09T11:43:59.735+0000] {processor.py:830} INFO - Processing file /home/vscode/.local/lib/python3.11/site-packages/airflow/example_dags/example_skip_dag.py for tasks to queue
[2026-05-09T11:43:59.735+0000] {logging_mixin.py:188} INFO - [2026-05-09T11:43:59.735+0000] {dagbag.py:545} INFO - Filling up the DagBag from /home/vscode/.local/lib/python3.11/site-packages/airflow/example_dags/example_skip_dag.py
[2026-05-09T11:43:59.740+0000] {processor.py:840} INFO - DAG(s) 'example_skip_dag' retrieved from /home/vscode/.local/lib/python3.11/site-packages/airflow/example_dags/example_skip_dag.py
[2026-05-09T11:43:59.753+0000] {logging_mixin.py:188} INFO - [2026-05-09T11:43:59.753+0000] {dag.py:3096} INFO - Sync 1 DAGs
[2026-05-09T11:43:59.771+0000] {logging_mixin.py:188} INFO - [2026-05-09T11:43:59.771+0000] {dag.py:3954} INFO - Setting next_dagrun for example_skip_dag to 2026-05-08 00:00:00+00:00, run_after=2026-05-09 00:00:00+00:00
[2026-05-09T11:43:59.787+0000] {processor.py:183} INFO - Processing /home/vscode/.local/lib/python3.11/site-packages/airflow/example_dags/example_skip_dag.py took 0.059 seconds
[2026-05-09T11:45:01.644+0000] {processor.py:161} INFO - Started process (PID=23180) to work on /home/vscode/.local/lib/python3.11/site-packages/airflow/example_dags/example_skip_dag.py
[2026-05-09T11:45:01.645+0000] {processor.py:830} INFO - Processing file /home/vscode/.local/lib/python3.11/site-packages/airflow/example_dags/example_skip_dag.py for tasks to queue
[2026-05-09T11:45:01.646+0000] {logging_mixin.py:188} INFO - [2026-05-09T11:45:01.646+0000] {dagbag.py:545} INFO - Filling up the DagBag from /home/vscode/.local/lib/python3.11/site-packages/airflow/example_dags/example_skip_dag.py
[2026-05-09T11:45:01.654+0000] {processor.py:840} INFO - DAG(s) 'example_skip_dag' retrieved from /home/vscode/.local/lib/python3.11/site-packages/airflow/example_dags/example_skip_dag.py
[2026-05-09T11:45:01.666+0000] {logging_mixin.py:188} INFO - [2026-05-09T11:45:01.666+0000] {dag.py:3096} INFO - Sync 1 DAGs
[2026-05-09T11:45:01.684+0000] {logging_mixin.py:188} INFO - [2026-05-09T11:45:01.684+0000] {dag.py:3954} INFO - Setting next_dagrun for example_skip_dag to 2026-05-08 00:00:00+00:00, run_after=2026-05-09 00:00:00+00:00
[2026-05-09T11:45:01.706+0000] {processor.py:183} INFO - Processing /home/vscode/.local/lib/python3.11/site-packages/airflow/example_dags/example_skip_dag.py took 0.072 seconds
[2026-05-09T11:45:45.903+0000] {processor.py:161} INFO - Started process (PID=23573) to work on /home/vscode/.local/lib/python3.11/site-packages/airflow/example_dags/example_skip_dag.py
[2026-05-09T11:45:45.904+0000] {processor.py:830} INFO - Processing file /home/vscode/.local/lib/python3.11/site-packages/airflow/example_dags/example_skip_dag.py for tasks to queue
[2026-05-09T11:45:45.904+0000] {logging_mixin.py:188} INFO - [2026-05-09T11:45:45.904+0000] {dagbag.py:545} INFO - Filling up the DagBag from /home/vscode/.local/lib/python3.11/site-packages/airflow/example_dags/example_skip_dag.py
[2026-05-09T11:45:45.909+0000] {processor.py:840} INFO - DAG(s) 'example_skip_dag' retrieved from /home/vscode/.local/lib/python3.11/site-packages/airflow/example_dags/example_skip_dag.py
[2026-05-09T11:45:45.922+0000] {logging_mixin.py:188} INFO - [2026-05-09T11:45:45.922+0000] {dag.py:3096} INFO - Sync 1 DAGs
[2026-05-09T11:45:45.941+0000] {logging_mixin.py:188} INFO - [2026-05-09T11:45:45.941+0000] {dag.py:3954} INFO - Setting next_dagrun for example_skip_dag to 2026-05-08 00:00:00+00:00, run_after=2026-05-09 00:00:00+00:00
[2026-05-09T11:45:45.959+0000] {processor.py:183} INFO - Processing /home/vscode/.local/lib/python3.11/site-packages/airflow/example_dags/example_skip_dag.py took 0.063 seconds
[2026-05-09T11:46:27.908+0000] {processor.py:161} INFO - Started process (PID=23885) to work on /home/vscode/.local/lib/python3.11/site-packages/airflow/example_dags/example_skip_dag.py
[2026-05-09T11:46:27.909+0000] {processor.py:830} INFO - Processing file /home/vscode/.local/lib/python3.11/site-packages/airflow/example_dags/example_skip_dag.py for tasks to queue
[2026-05-09T11:46:27.910+0000] {logging_mixin.py:188} INFO - [2026-05-09T11:46:27.910+0000] {dagbag.py:545} INFO - Filling up the DagBag from /home/vscode/.local/lib/python3.11/site-packages/airflow/example_dags/example_skip_dag.py
[2026-05-09T11:46:27.915+0000] {processor.py:840} INFO - DAG(s) 'example_skip_dag' retrieved from /home/vscode/.local/lib/python3.11/site-packages/airflow/example_dags/example_skip_dag.py
[2026-05-09T11:46:27.930+0000] {logging_mixin.py:188} INFO - [2026-05-09T11:46:27.930+0000] {dag.py:3096} INFO - Sync 1 DAGs
[2026-05-09T11:46:27.948+0000] {logging_mixin.py:188} INFO - [2026-05-09T11:46:27.948+0000] {dag.py:3954} INFO - Setting next_dagrun for example_skip_dag to 2026-05-08 00:00:00+00:00, run_after=2026-05-09 00:00:00+00:00
[2026-05-09T11:46:27.966+0000] {processor.py:183} INFO - Processing /home/vscode/.local/lib/python3.11/site-packages/airflow/example_dags/example_skip_dag.py took 0.065 seconds
[2026-05-09T11:47:13.535+0000] {processor.py:161} INFO - Started process (PID=24429) to work on /home/vscode/.local/lib/python3.11/site-packages/airflow/example_dags/example_skip_dag.py
[2026-05-09T11:47:13.535+0000] {processor.py:830} INFO - Processing file /home/vscode/.local/lib/python3.11/site-packages/airflow/example_dags/example_skip_dag.py for tasks to queue
[2026-05-09T11:47:13.536+0000] {logging_mixin.py:188} INFO - [2026-05-09T11:47:13.535+0000] {dagbag.py:545} INFO - Filling up the DagBag from /home/vscode/.local/lib/python3.11/site-packages/airflow/example_dags/example_skip_dag.py
[2026-05-09T11:47:13.541+0000] {processor.py:840} INFO - DAG(s) 'example_skip_dag' retrieved from /home/vscode/.local/lib/python3.11/site-packages/airflow/example_dags/example_skip_dag.py
[2026-05-09T11:47:13.553+0000] {logging_mixin.py:188} INFO - [2026-05-09T11:47:13.553+0000] {dag.py:3096} INFO - Sync 1 DAGs
[2026-05-09T11:47:13.568+0000] {logging_mixin.py:188} INFO - [2026-05-09T11:47:13.568+0000] {dag.py:3954} INFO - Setting next_dagrun for example_skip_dag to 2026-05-08 00:00:00+00:00, run_after=2026-05-09 00:00:00+00:00
[2026-05-09T11:47:13.583+0000] {processor.py:183} INFO - Processing /home/vscode/.local/lib/python3.11/site-packages/airflow/example_dags/example_skip_dag.py took 0.055 seconds
[2026-05-09T11:47:56.252+0000] {processor.py:161} INFO - Started process (PID=24777) to work on /home/vscode/.local/lib/python3.11/site-packages/airflow/example_dags/example_skip_dag.py
[2026-05-09T11:47:56.252+0000] {processor.py:830} INFO - Processing file /home/vscode/.local/lib/python3.11/site-packages/airflow/example_dags/example_skip_dag.py for tasks to queue
[2026-05-09T11:47:56.253+0000] {logging_mixin.py:188} INFO - [2026-05-09T11:47:56.253+0000] {dagbag.py:545} INFO - Filling up the DagBag from /home/vscode/.local/lib/python3.11/site-packages/airflow/example_dags/example_skip_dag.py
[2026-05-09T11:47:56.258+0000] {processor.py:840} INFO - DAG(s) 'example_skip_dag' retrieved from /home/vscode/.local/lib/python3.11/site-packages/airflow/example_dags/example_skip_dag.py
[2026-05-09T11:47:56.270+0000] {logging_mixin.py:188} INFO - [2026-05-09T11:47:56.270+0000] {dag.py:3096} INFO - Sync 1 DAGs
[2026-05-09T11:47:56.283+0000] {logging_mixin.py:188} INFO - [2026-05-09T11:47:56.283+0000] {dag.py:3954} INFO - Setting next_dagrun for example_skip_dag to 2026-05-08 00:00:00+00:00, run_after=2026-05-09 00:00:00+00:00
[2026-05-09T11:47:56.298+0000] {processor.py:183} INFO - Processing /home/vscode/.local/lib/python3.11/site-packages/airflow/example_dags/example_skip_dag.py took 0.052 seconds
[2026-05-09T11:48:40.192+0000] {processor.py:161} INFO - Started process (PID=25225) to work on /home/vscode/.local/lib/python3.11/site-packages/airflow/example_dags/example_skip_dag.py
[2026-05-09T11:48:40.193+0000] {processor.py:830} INFO - Processing file /home/vscode/.local/lib/python3.11/site-packages/airflow/example_dags/example_skip_dag.py for tasks to queue
[2026-05-09T11:48:40.193+0000] {logging_mixin.py:188} INFO - [2026-05-09T11:48:40.193+0000] {dagbag.py:545} INFO - Filling up the DagBag from /home/vscode/.local/lib/python3.11/site-packages/airflow/example_dags/example_skip_dag.py
[2026-05-09T11:48:40.198+0000] {processor.py:840} INFO - DAG(s) 'example_skip_dag' retrieved from /home/vscode/.local/lib/python3.11/site-packages/airflow/example_dags/example_skip_dag.py
[2026-05-09T11:48:40.210+0000] {logging_mixin.py:188} INFO - [2026-05-09T11:48:40.209+0000] {dag.py:3096} INFO - Sync 1 DAGs
[2026-05-09T11:48:40.223+0000] {logging_mixin.py:188} INFO - [2026-05-09T11:48:40.223+0000] {dag.py:3954} INFO - Setting next_dagrun for example_skip_dag to 2026-05-08 00:00:00+00:00, run_after=2026-05-09 00:00:00+00:00
[2026-05-09T11:48:40.238+0000] {processor.py:183} INFO - Processing /home/vscode/.local/lib/python3.11/site-packages/airflow/example_dags/example_skip_dag.py took 0.052 seconds
[2026-05-09T11:49:40.745+0000] {processor.py:161} INFO - Started process (PID=25789) to work on /home/vscode/.local/lib/python3.11/site-packages/airflow/example_dags/example_skip_dag.py
[2026-05-09T11:49:40.745+0000] {processor.py:830} INFO - Processing file /home/vscode/.local/lib/python3.11/site-packages/airflow/example_dags/example_skip_dag.py for tasks to queue
[2026-05-09T11:49:40.746+0000] {logging_mixin.py:188} INFO - [2026-05-09T11:49:40.746+0000] {dagbag.py:545} INFO - Filling up the DagBag from /home/vscode/.local/lib/python3.11/site-packages/airflow/example_dags/example_skip_dag.py
[2026-05-09T11:49:40.752+0000] {processor.py:840} INFO - DAG(s) 'example_skip_dag' retrieved from /home/vscode/.local/lib/python3.11/site-packages/airflow/example_dags/example_skip_dag.py
[2026-05-09T11:49:40.769+0000] {logging_mixin.py:188} INFO - [2026-05-09T11:49:40.769+0000] {dag.py:3096} INFO - Sync 1 DAGs
[2026-05-09T11:49:40.804+0000] {logging_mixin.py:188} INFO - [2026-05-09T11:49:40.804+0000] {dag.py:3954} INFO - Setting next_dagrun for example_skip_dag to 2026-05-08 00:00:00+00:00, run_after=2026-05-09 00:00:00+00:00
[2026-05-09T11:49:40.830+0000] {processor.py:183} INFO - Processing /home/vscode/.local/lib/python3.11/site-packages/airflow/example_dags/example_skip_dag.py took 0.092 seconds
[2026-05-09T11:50:24.639+0000] {processor.py:161} INFO - Started process (PID=26168) to work on /home/vscode/.local/lib/python3.11/site-packages/airflow/example_dags/example_skip_dag.py
[2026-05-09T11:50:24.640+0000] {processor.py:830} INFO - Processing file /home/vscode/.local/lib/python3.11/site-packages/airflow/example_dags/example_skip_dag.py for tasks to queue
[2026-05-09T11:50:24.640+0000] {logging_mixin.py:188} INFO - [2026-05-09T11:50:24.640+0000] {dagbag.py:545} INFO - Filling up the DagBag from /home/vscode/.local/lib/python3.11/site-packages/airflow/example_dags/example_skip_dag.py
[2026-05-09T11:50:24.645+0000] {processor.py:840} INFO - DAG(s) 'example_skip_dag' retrieved from /home/vscode/.local/lib/python3.11/site-packages/airflow/example_dags/example_skip_dag.py
[2026-05-09T11:50:24.658+0000] {logging_mixin.py:188} INFO - [2026-05-09T11:50:24.658+0000] {dag.py:3096} INFO - Sync 1 DAGs
[2026-05-09T11:50:24.675+0000] {logging_mixin.py:188} INFO - [2026-05-09T11:50:24.675+0000] {dag.py:3954} INFO - Setting next_dagrun for example_skip_dag to 2026-05-08 00:00:00+00:00, run_after=2026-05-09 00:00:00+00:00
[2026-05-09T11:50:24.705+0000] {processor.py:183} INFO - Processing /home/vscode/.local/lib/python3.11/site-packages/airflow/example_dags/example_skip_dag.py took 0.072 seconds
[2026-05-09T11:51:06.925+0000] {processor.py:161} INFO - Started process (PID=26731) to work on /home/vscode/.local/lib/python3.11/site-packages/airflow/example_dags/example_skip_dag.py
[2026-05-09T11:51:06.925+0000] {processor.py:830} INFO - Processing file /home/vscode/.local/lib/python3.11/site-packages/airflow/example_dags/example_skip_dag.py for tasks to queue
[2026-05-09T11:51:06.926+0000] {logging_mixin.py:188} INFO - [2026-05-09T11:51:06.926+0000] {dagbag.py:545} INFO - Filling up the DagBag from /home/vscode/.local/lib/python3.11/site-packages/airflow/example_dags/example_skip_dag.py
[2026-05-09T11:51:06.932+0000] {processor.py:840} INFO - DAG(s) 'example_skip_dag' retrieved from /home/vscode/.local/lib/python3.11/site-packages/airflow/example_dags/example_skip_dag.py
[2026-05-09T11:51:06.944+0000] {logging_mixin.py:188} INFO - [2026-05-09T11:51:06.944+0000] {dag.py:3096} INFO - Sync 1 DAGs
[2026-05-09T11:51:06.958+0000] {logging_mixin.py:188} INFO - [2026-05-09T11:51:06.958+0000] {dag.py:3954} INFO - Setting next_dagrun for example_skip_dag to 2026-05-08 00:00:00+00:00, run_after=2026-05-09 00:00:00+00:00
[2026-05-09T11:51:06.974+0000] {processor.py:183} INFO - Processing /home/vscode/.local/lib/python3.11/site-packages/airflow/example_dags/example_skip_dag.py took 0.060 seconds
[2026-05-09T11:51:49.218+0000] {processor.py:161} INFO - Started process (PID=27169) to work on /home/vscode/.local/lib/python3.11/site-packages/airflow/example_dags/example_skip_dag.py
[2026-05-09T11:51:49.219+0000] {processor.py:830} INFO - Processing file /home/vscode/.local/lib/python3.11/site-packages/airflow/example_dags/example_skip_dag.py for tasks to queue
[2026-05-09T11:51:49.220+0000] {logging_mixin.py:188} INFO - [2026-05-09T11:51:49.219+0000] {dagbag.py:545} INFO - Filling up the DagBag from /home/vscode/.local/lib/python3.11/site-packages/airflow/example_dags/example_skip_dag.py
[2026-05-09T11:51:49.225+0000] {processor.py:840} INFO - DAG(s) 'example_skip_dag' retrieved from /home/vscode/.local/lib/python3.11/site-packages/airflow/example_dags/example_skip_dag.py
[2026-05-09T11:51:49.236+0000] {logging_mixin.py:188} INFO - [2026-05-09T11:51:49.236+0000] {dag.py:3096} INFO - Sync 1 DAGs
[2026-05-09T11:51:49.250+0000] {logging_mixin.py:188} INFO - [2026-05-09T11:51:49.250+0000] {dag.py:3954} INFO - Setting next_dagrun for example_skip_dag to 2026-05-08 00:00:00+00:00, run_after=2026-05-09 00:00:00+00:00
[2026-05-09T11:51:49.267+0000] {processor.py:183} INFO - Processing /home/vscode/.local/lib/python3.11/site-packages/airflow/example_dags/example_skip_dag.py took 0.057 seconds
[2026-05-09T11:52:30.835+0000] {processor.py:161} INFO - Started process (PID=27500) to work on /home/vscode/.local/lib/python3.11/site-packages/airflow/example_dags/example_skip_dag.py
[2026-05-09T11:52:30.835+0000] {processor.py:830} INFO - Processing file /home/vscode/.local/lib/python3.11/site-packages/airflow/example_dags/example_skip_dag.py for tasks to queue
[2026-05-09T11:52:30.836+0000] {logging_mixin.py:188} INFO - [2026-05-09T11:52:30.835+0000] {dagbag.py:545} INFO - Filling up the DagBag from /home/vscode/.local/lib/python3.11/site-packages/airflow/example_dags/example_skip_dag.py
[2026-05-09T11:52:30.841+0000] {processor.py:840} INFO - DAG(s) 'example_skip_dag' retrieved from /home/vscode/.local/lib/python3.11/site-packages/airflow/example_dags/example_skip_dag.py
[2026-05-09T11:52:30.853+0000] {logging_mixin.py:188} INFO - [2026-05-09T11:52:30.852+0000] {dag.py:3096} INFO - Sync 1 DAGs
[2026-05-09T11:52:30.867+0000] {logging_mixin.py:188} INFO - [2026-05-09T11:52:30.867+0000] {dag.py:3954} INFO - Setting next_dagrun for example_skip_dag to 2026-05-08 00:00:00+00:00, run_after=2026-05-09 00:00:00+00:00
[2026-05-09T11:52:30.882+0000] {processor.py:183} INFO - Processing /home/vscode/.local/lib/python3.11/site-packages/airflow/example_dags/example_skip_dag.py took 0.054 seconds
[2026-05-09T11:53:29.762+0000] {processor.py:161} INFO - Started process (PID=27956) to work on /home/vscode/.local/lib/python3.11/site-packages/airflow/example_dags/example_skip_dag.py
[2026-05-09T11:53:29.762+0000] {processor.py:830} INFO - Processing file /home/vscode/.local/lib/python3.11/site-packages/airflow/example_dags/example_skip_dag.py for tasks to queue
[2026-05-09T11:53:29.763+0000] {logging_mixin.py:188} INFO - [2026-05-09T11:53:29.762+0000] {dagbag.py:545} INFO - Filling up the DagBag from /home/vscode/.local/lib/python3.11/site-packages/airflow/example_dags/example_skip_dag.py
[2026-05-09T11:53:29.767+0000] {processor.py:840} INFO - DAG(s) 'example_skip_dag' retrieved from /home/vscode/.local/lib/python3.11/site-packages/airflow/example_dags/example_skip_dag.py
[2026-05-09T11:53:29.779+0000] {logging_mixin.py:188} INFO - [2026-05-09T11:53:29.779+0000] {dag.py:3096} INFO - Sync 1 DAGs
[2026-05-09T11:53:29.793+0000] {logging_mixin.py:188} INFO - [2026-05-09T11:53:29.793+0000] {dag.py:3954} INFO - Setting next_dagrun for example_skip_dag to 2026-05-08 00:00:00+00:00, run_after=2026-05-09 00:00:00+00:00
[2026-05-09T11:53:29.808+0000] {processor.py:183} INFO - Processing /home/vscode/.local/lib/python3.11/site-packages/airflow/example_dags/example_skip_dag.py took 0.053 seconds
[2026-05-09T11:54:10.256+0000] {processor.py:161} INFO - Started process (PID=28361) to work on /home/vscode/.local/lib/python3.11/site-packages/airflow/example_dags/example_skip_dag.py
[2026-05-09T11:54:10.257+0000] {processor.py:830} INFO - Processing file /home/vscode/.local/lib/python3.11/site-packages/airflow/example_dags/example_skip_dag.py for tasks to queue
[2026-05-09T11:54:10.257+0000] {logging_mixin.py:188} INFO - [2026-05-09T11:54:10.257+0000] {dagbag.py:545} INFO - Filling up the DagBag from /home/vscode/.local/lib/python3.11/site-packages/airflow/example_dags/example_skip_dag.py
[2026-05-09T11:54:10.262+0000] {processor.py:840} INFO - DAG(s) 'example_skip_dag' retrieved from /home/vscode/.local/lib/python3.11/site-packages/airflow/example_dags/example_skip_dag.py
[2026-05-09T11:54:10.274+0000] {logging_mixin.py:188} INFO - [2026-05-09T11:54:10.274+0000] {dag.py:3096} INFO - Sync 1 DAGs
[2026-05-09T11:54:10.288+0000] {logging_mixin.py:188} INFO - [2026-05-09T11:54:10.288+0000] {dag.py:3954} INFO - Setting next_dagrun for example_skip_dag to 2026-05-08 00:00:00+00:00, run_after=2026-05-09 00:00:00+00:00
[2026-05-09T11:54:10.303+0000] {processor.py:183} INFO - Processing /home/vscode/.local/lib/python3.11/site-packages/airflow/example_dags/example_skip_dag.py took 0.054 seconds
[2026-05-09T11:54:51.372+0000] {processor.py:161} INFO - Started process (PID=28716) to work on /home/vscode/.local/lib/python3.11/site-packages/airflow/example_dags/example_skip_dag.py
[2026-05-09T11:54:51.372+0000] {processor.py:830} INFO - Processing file /home/vscode/.local/lib/python3.11/site-packages/airflow/example_dags/example_skip_dag.py for tasks to queue
[2026-05-09T11:54:51.373+0000] {logging_mixin.py:188} INFO - [2026-05-09T11:54:51.373+0000] {dagbag.py:545} INFO - Filling up the DagBag from /home/vscode/.local/lib/python3.11/site-packages/airflow/example_dags/example_skip_dag.py
[2026-05-09T11:54:51.378+0000] {processor.py:840} INFO - DAG(s) 'example_skip_dag' retrieved from /home/vscode/.local/lib/python3.11/site-packages/airflow/example_dags/example_skip_dag.py
[2026-05-09T11:54:51.389+0000] {logging_mixin.py:188} INFO - [2026-05-09T11:54:51.389+0000] {dag.py:3096} INFO - Sync 1 DAGs
[2026-05-09T11:54:51.402+0000] {logging_mixin.py:188} INFO - [2026-05-09T11:54:51.402+0000] {dag.py:3954} INFO - Setting next_dagrun for example_skip_dag to 2026-05-08 00:00:00+00:00, run_after=2026-05-09 00:00:00+00:00
[2026-05-09T11:54:51.417+0000] {processor.py:183} INFO - Processing /home/vscode/.local/lib/python3.11/site-packages/airflow/example_dags/example_skip_dag.py took 0.051 seconds
[2026-05-09T11:55:33.037+0000] {processor.py:161} INFO - Started process (PID=29011) to work on /home/vscode/.local/lib/python3.11/site-packages/airflow/example_dags/example_skip_dag.py
[2026-05-09T11:55:33.038+0000] {processor.py:830} INFO - Processing file /home/vscode/.local/lib/python3.11/site-packages/airflow/example_dags/example_skip_dag.py for tasks to queue
[2026-05-09T11:55:33.038+0000] {logging_mixin.py:188} INFO - [2026-05-09T11:55:33.038+0000] {dagbag.py:545} INFO - Filling up the DagBag from /home/vscode/.local/lib/python3.11/site-packages/airflow/example_dags/example_skip_dag.py
[2026-05-09T11:55:33.043+0000] {processor.py:840} INFO - DAG(s) 'example_skip_dag' retrieved from /home/vscode/.local/lib/python3.11/site-packages/airflow/example_dags/example_skip_dag.py
[2026-05-09T11:55:33.055+0000] {logging_mixin.py:188} INFO - [2026-05-09T11:55:33.055+0000] {dag.py:3096} INFO - Sync 1 DAGs
[2026-05-09T11:55:33.069+0000] {logging_mixin.py:188} INFO - [2026-05-09T11:55:33.068+0000] {dag.py:3954} INFO - Setting next_dagrun for example_skip_dag to 2026-05-08 00:00:00+00:00, run_after=2026-05-09 00:00:00+00:00
[2026-05-09T11:55:33.084+0000] {processor.py:183} INFO - Processing /home/vscode/.local/lib/python3.11/site-packages/airflow/example_dags/example_skip_dag.py took 0.053 seconds
[2026-05-09T11:56:14.634+0000] {processor.py:161} INFO - Started process (PID=29368) to work on /home/vscode/.local/lib/python3.11/site-packages/airflow/example_dags/example_skip_dag.py
[2026-05-09T11:56:14.634+0000] {processor.py:830} INFO - Processing file /home/vscode/.local/lib/python3.11/site-packages/airflow/example_dags/example_skip_dag.py for tasks to queue
[2026-05-09T11:56:14.635+0000] {logging_mixin.py:188} INFO - [2026-05-09T11:56:14.634+0000] {dagbag.py:545} INFO - Filling up the DagBag from /home/vscode/.local/lib/python3.11/site-packages/airflow/example_dags/example_skip_dag.py
[2026-05-09T11:56:14.640+0000] {processor.py:840} INFO - DAG(s) 'example_skip_dag' retrieved from /home/vscode/.local/lib/python3.11/site-packages/airflow/example_dags/example_skip_dag.py
[2026-05-09T11:56:14.652+0000] {logging_mixin.py:188} INFO - [2026-05-09T11:56:14.652+0000] {dag.py:3096} INFO - Sync 1 DAGs
[2026-05-09T11:56:14.667+0000] {logging_mixin.py:188} INFO - [2026-05-09T11:56:14.666+0000] {dag.py:3954} INFO - Setting next_dagrun for example_skip_dag to 2026-05-08 00:00:00+00:00, run_after=2026-05-09 00:00:00+00:00
[2026-05-09T11:56:14.682+0000] {processor.py:183} INFO - Processing /home/vscode/.local/lib/python3.11/site-packages/airflow/example_dags/example_skip_dag.py took 0.055 seconds
[2026-05-09T11:56:55.681+0000] {processor.py:161} INFO - Started process (PID=29719) to work on /home/vscode/.local/lib/python3.11/site-packages/airflow/example_dags/example_skip_dag.py
[2026-05-09T11:56:55.682+0000] {processor.py:830} INFO - Processing file /home/vscode/.local/lib/python3.11/site-packages/airflow/example_dags/example_skip_dag.py for tasks to queue
[2026-05-09T11:56:55.683+0000] {logging_mixin.py:188} INFO - [2026-05-09T11:56:55.682+0000] {dagbag.py:545} INFO - Filling up the DagBag from /home/vscode/.local/lib/python3.11/site-packages/airflow/example_dags/example_skip_dag.py
[2026-05-09T11:56:55.688+0000] {processor.py:840} INFO - DAG(s) 'example_skip_dag' retrieved from /home/vscode/.local/lib/python3.11/site-packages/airflow/example_dags/example_skip_dag.py
[2026-05-09T11:56:55.700+0000] {logging_mixin.py:188} INFO - [2026-05-09T11:56:55.700+0000] {dag.py:3096} INFO - Sync 1 DAGs
[2026-05-09T11:56:55.716+0000] {logging_mixin.py:188} INFO - [2026-05-09T11:56:55.716+0000] {dag.py:3954} INFO - Setting next_dagrun for example_skip_dag to 2026-05-08 00:00:00+00:00, run_after=2026-05-09 00:00:00+00:00
[2026-05-09T11:56:55.731+0000] {processor.py:183} INFO - Processing /home/vscode/.local/lib/python3.11/site-packages/airflow/example_dags/example_skip_dag.py took 0.056 seconds
[2026-05-09T11:57:36.394+0000] {processor.py:161} INFO - Started process (PID=30065) to work on /home/vscode/.local/lib/python3.11/site-packages/airflow/example_dags/example_skip_dag.py
[2026-05-09T11:57:36.394+0000] {processor.py:830} INFO - Processing file /home/vscode/.local/lib/python3.11/site-packages/airflow/example_dags/example_skip_dag.py for tasks to queue
[2026-05-09T11:57:36.395+0000] {logging_mixin.py:188} INFO - [2026-05-09T11:57:36.395+0000] {dagbag.py:545} INFO - Filling up the DagBag from /home/vscode/.local/lib/python3.11/site-packages/airflow/example_dags/example_skip_dag.py
[2026-05-09T11:57:36.400+0000] {processor.py:840} INFO - DAG(s) 'example_skip_dag' retrieved from /home/vscode/.local/lib/python3.11/site-packages/airflow/example_dags/example_skip_dag.py
[2026-05-09T11:57:36.411+0000] {logging_mixin.py:188} INFO - [2026-05-09T11:57:36.411+0000] {dag.py:3096} INFO - Sync 1 DAGs
[2026-05-09T11:57:36.425+0000] {logging_mixin.py:188} INFO - [2026-05-09T11:57:36.425+0000] {dag.py:3954} INFO - Setting next_dagrun for example_skip_dag to 2026-05-08 00:00:00+00:00, run_after=2026-05-09 00:00:00+00:00
[2026-05-09T11:57:36.440+0000] {processor.py:183} INFO - Processing /home/vscode/.local/lib/python3.11/site-packages/airflow/example_dags/example_skip_dag.py took 0.053 seconds
[2026-05-09T11:58:20.469+0000] {processor.py:161} INFO - Started process (PID=30378) to work on /home/vscode/.local/lib/python3.11/site-packages/airflow/example_dags/example_skip_dag.py
[2026-05-09T11:58:20.470+0000] {processor.py:830} INFO - Processing file /home/vscode/.local/lib/python3.11/site-packages/airflow/example_dags/example_skip_dag.py for tasks to queue
[2026-05-09T11:58:20.470+0000] {logging_mixin.py:188} INFO - [2026-05-09T11:58:20.470+0000] {dagbag.py:545} INFO - Filling up the DagBag from /home/vscode/.local/lib/python3.11/site-packages/airflow/example_dags/example_skip_dag.py
[2026-05-09T11:58:20.475+0000] {processor.py:840} INFO - DAG(s) 'example_skip_dag' retrieved from /home/vscode/.local/lib/python3.11/site-packages/airflow/example_dags/example_skip_dag.py
[2026-05-09T11:58:20.487+0000] {logging_mixin.py:188} INFO - [2026-05-09T11:58:20.487+0000] {dag.py:3096} INFO - Sync 1 DAGs
[2026-05-09T11:58:20.501+0000] {logging_mixin.py:188} INFO - [2026-05-09T11:58:20.501+0000] {dag.py:3954} INFO - Setting next_dagrun for example_skip_dag to 2026-05-08 00:00:00+00:00, run_after=2026-05-09 00:00:00+00:00
[2026-05-09T11:58:20.518+0000] {processor.py:183} INFO - Processing /home/vscode/.local/lib/python3.11/site-packages/airflow/example_dags/example_skip_dag.py took 0.055 seconds
[2026-05-09T11:59:03.839+0000] {processor.py:161} INFO - Started process (PID=30738) to work on /home/vscode/.local/lib/python3.11/site-packages/airflow/example_dags/example_skip_dag.py
[2026-05-09T11:59:03.840+0000] {processor.py:830} INFO - Processing file /home/vscode/.local/lib/python3.11/site-packages/airflow/example_dags/example_skip_dag.py for tasks to queue
[2026-05-09T11:59:03.840+0000] {logging_mixin.py:188} INFO - [2026-05-09T11:59:03.840+0000] {dagbag.py:545} INFO - Filling up the DagBag from /home/vscode/.local/lib/python3.11/site-packages/airflow/example_dags/example_skip_dag.py
[2026-05-09T11:59:03.845+0000] {processor.py:840} INFO - DAG(s) 'example_skip_dag' retrieved from /home/vscode/.local/lib/python3.11/site-packages/airflow/example_dags/example_skip_dag.py
[2026-05-09T11:59:03.857+0000] {logging_mixin.py:188} INFO - [2026-05-09T11:59:03.857+0000] {dag.py:3096} INFO - Sync 1 DAGs
[2026-05-09T11:59:03.872+0000] {logging_mixin.py:188} INFO - [2026-05-09T11:59:03.872+0000] {dag.py:3954} INFO - Setting next_dagrun for example_skip_dag to 2026-05-08 00:00:00+00:00, run_after=2026-05-09 00:00:00+00:00
[2026-05-09T11:59:03.889+0000] {processor.py:183} INFO - Processing /home/vscode/.local/lib/python3.11/site-packages/airflow/example_dags/example_skip_dag.py took 0.056 seconds
[2026-05-09T11:59:45.021+0000] {processor.py:161} INFO - Started process (PID=31096) to work on /home/vscode/.local/lib/python3.11/site-packages/airflow/example_dags/example_skip_dag.py
[2026-05-09T11:59:45.021+0000] {processor.py:830} INFO - Processing file /home/vscode/.local/lib/python3.11/site-packages/airflow/example_dags/example_skip_dag.py for tasks to queue
[2026-05-09T11:59:45.022+0000] {logging_mixin.py:188} INFO - [2026-05-09T11:59:45.021+0000] {dagbag.py:545} INFO - Filling up the DagBag from /home/vscode/.local/lib/python3.11/site-packages/airflow/example_dags/example_skip_dag.py
[2026-05-09T11:59:45.027+0000] {processor.py:840} INFO - DAG(s) 'example_skip_dag' retrieved from /home/vscode/.local/lib/python3.11/site-packages/airflow/example_dags/example_skip_dag.py
[2026-05-09T11:59:45.038+0000] {logging_mixin.py:188} INFO - [2026-05-09T11:59:45.038+0000] {dag.py:3096} INFO - Sync 1 DAGs
[2026-05-09T11:59:45.053+0000] {logging_mixin.py:188} INFO - [2026-05-09T11:59:45.052+0000] {dag.py:3954} INFO - Setting next_dagrun for example_skip_dag to 2026-05-08 00:00:00+00:00, run_after=2026-05-09 00:00:00+00:00
[2026-05-09T11:59:45.067+0000] {processor.py:183} INFO - Processing /home/vscode/.local/lib/python3.11/site-packages/airflow/example_dags/example_skip_dag.py took 0.054 seconds
[2026-05-09T12:00:25.546+0000] {processor.py:161} INFO - Started process (PID=31385) to work on /home/vscode/.local/lib/python3.11/site-packages/airflow/example_dags/example_skip_dag.py
[2026-05-09T12:00:25.547+0000] {processor.py:830} INFO - Processing file /home/vscode/.local/lib/python3.11/site-packages/airflow/example_dags/example_skip_dag.py for tasks to queue
[2026-05-09T12:00:25.547+0000] {logging_mixin.py:188} INFO - [2026-05-09T12:00:25.547+0000] {dagbag.py:545} INFO - Filling up the DagBag from /home/vscode/.local/lib/python3.11/site-packages/airflow/example_dags/example_skip_dag.py
[2026-05-09T12:00:25.553+0000] {processor.py:840} INFO - DAG(s) 'example_skip_dag' retrieved from /home/vscode/.local/lib/python3.11/site-packages/airflow/example_dags/example_skip_dag.py
[2026-05-09T12:00:25.565+0000] {logging_mixin.py:188} INFO - [2026-05-09T12:00:25.565+0000] {dag.py:3096} INFO - Sync 1 DAGs
[2026-05-09T12:00:25.578+0000] {logging_mixin.py:188} INFO - [2026-05-09T12:00:25.578+0000] {dag.py:3954} INFO - Setting next_dagrun for example_skip_dag to 2026-05-08 00:00:00+00:00, run_after=2026-05-09 00:00:00+00:00
[2026-05-09T12:00:25.594+0000] {processor.py:183} INFO - Processing /home/vscode/.local/lib/python3.11/site-packages/airflow/example_dags/example_skip_dag.py took 0.055 seconds
[2026-05-09T12:01:07.341+0000] {processor.py:161} INFO - Started process (PID=31736) to work on /home/vscode/.local/lib/python3.11/site-packages/airflow/example_dags/example_skip_dag.py
[2026-05-09T12:01:07.341+0000] {processor.py:830} INFO - Processing file /home/vscode/.local/lib/python3.11/site-packages/airflow/example_dags/example_skip_dag.py for tasks to queue
[2026-05-09T12:01:07.342+0000] {logging_mixin.py:188} INFO - [2026-05-09T12:01:07.342+0000] {dagbag.py:545} INFO - Filling up the DagBag from /home/vscode/.local/lib/python3.11/site-packages/airflow/example_dags/example_skip_dag.py
[2026-05-09T12:01:07.347+0000] {processor.py:840} INFO - DAG(s) 'example_skip_dag' retrieved from /home/vscode/.local/lib/python3.11/site-packages/airflow/example_dags/example_skip_dag.py
[2026-05-09T12:01:07.359+0000] {logging_mixin.py:188} INFO - [2026-05-09T12:01:07.359+0000] {dag.py:3096} INFO - Sync 1 DAGs
[2026-05-09T12:01:07.373+0000] {logging_mixin.py:188} INFO - [2026-05-09T12:01:07.373+0000] {dag.py:3954} INFO - Setting next_dagrun for example_skip_dag to 2026-05-08 00:00:00+00:00, run_after=2026-05-09 00:00:00+00:00
[2026-05-09T12:01:07.389+0000] {processor.py:183} INFO - Processing /home/vscode/.local/lib/python3.11/site-packages/airflow/example_dags/example_skip_dag.py took 0.055 seconds
[2026-05-09T12:01:51.734+0000] {processor.py:161} INFO - Started process (PID=32107) to work on /home/vscode/.local/lib/python3.11/site-packages/airflow/example_dags/example_skip_dag.py
[2026-05-09T12:01:51.734+0000] {processor.py:830} INFO - Processing file /home/vscode/.local/lib/python3.11/site-packages/airflow/example_dags/example_skip_dag.py for tasks to queue
[2026-05-09T12:01:51.735+0000] {logging_mixin.py:188} INFO - [2026-05-09T12:01:51.735+0000] {dagbag.py:545} INFO - Filling up the DagBag from /home/vscode/.local/lib/python3.11/site-packages/airflow/example_dags/example_skip_dag.py
[2026-05-09T12:01:51.740+0000] {processor.py:840} INFO - DAG(s) 'example_skip_dag' retrieved from /home/vscode/.local/lib/python3.11/site-packages/airflow/example_dags/example_skip_dag.py
[2026-05-09T12:01:51.752+0000] {logging_mixin.py:188} INFO - [2026-05-09T12:01:51.752+0000] {dag.py:3096} INFO - Sync 1 DAGs
[2026-05-09T12:01:51.767+0000] {logging_mixin.py:188} INFO - [2026-05-09T12:01:51.767+0000] {dag.py:3954} INFO - Setting next_dagrun for example_skip_dag to 2026-05-08 00:00:00+00:00, run_after=2026-05-09 00:00:00+00:00
[2026-05-09T12:01:51.783+0000] {processor.py:183} INFO - Processing /home/vscode/.local/lib/python3.11/site-packages/airflow/example_dags/example_skip_dag.py took 0.056 seconds
[2026-05-09T12:02:33.395+0000] {processor.py:161} INFO - Started process (PID=32404) to work on /home/vscode/.local/lib/python3.11/site-packages/airflow/example_dags/example_skip_dag.py
[2026-05-09T12:02:33.396+0000] {processor.py:830} INFO - Processing file /home/vscode/.local/lib/python3.11/site-packages/airflow/example_dags/example_skip_dag.py for tasks to queue
[2026-05-09T12:02:33.396+0000] {logging_mixin.py:188} INFO - [2026-05-09T12:02:33.396+0000] {dagbag.py:545} INFO - Filling up the DagBag from /home/vscode/.local/lib/python3.11/site-packages/airflow/example_dags/example_skip_dag.py
[2026-05-09T12:02:33.401+0000] {processor.py:840} INFO - DAG(s) 'example_skip_dag' retrieved from /home/vscode/.local/lib/python3.11/site-packages/airflow/example_dags/example_skip_dag.py
[2026-05-09T12:02:33.413+0000] {logging_mixin.py:188} INFO - [2026-05-09T12:02:33.413+0000] {dag.py:3096} INFO - Sync 1 DAGs
[2026-05-09T12:02:33.426+0000] {logging_mixin.py:188} INFO - [2026-05-09T12:02:33.426+0000] {dag.py:3954} INFO - Setting next_dagrun for example_skip_dag to 2026-05-08 00:00:00+00:00, run_after=2026-05-09 00:00:00+00:00
[2026-05-09T12:02:33.441+0000] {processor.py:183} INFO - Processing /home/vscode/.local/lib/python3.11/site-packages/airflow/example_dags/example_skip_dag.py took 0.053 seconds
[2026-05-09T12:03:14.983+0000] {processor.py:161} INFO - Started process (PID=32756) to work on /home/vscode/.local/lib/python3.11/site-packages/airflow/example_dags/example_skip_dag.py
[2026-05-09T12:03:14.983+0000] {processor.py:830} INFO - Processing file /home/vscode/.local/lib/python3.11/site-packages/airflow/example_dags/example_skip_dag.py for tasks to queue
[2026-05-09T12:03:14.984+0000] {logging_mixin.py:188} INFO - [2026-05-09T12:03:14.984+0000] {dagbag.py:545} INFO - Filling up the DagBag from /home/vscode/.local/lib/python3.11/site-packages/airflow/example_dags/example_skip_dag.py
[2026-05-09T12:03:14.989+0000] {processor.py:840} INFO - DAG(s) 'example_skip_dag' retrieved from /home/vscode/.local/lib/python3.11/site-packages/airflow/example_dags/example_skip_dag.py
[2026-05-09T12:03:15.001+0000] {logging_mixin.py:188} INFO - [2026-05-09T12:03:15.001+0000] {dag.py:3096} INFO - Sync 1 DAGs
[2026-05-09T12:03:15.015+0000] {logging_mixin.py:188} INFO - [2026-05-09T12:03:15.014+0000] {dag.py:3954} INFO - Setting next_dagrun for example_skip_dag to 2026-05-08 00:00:00+00:00, run_after=2026-05-09 00:00:00+00:00
[2026-05-09T12:03:15.029+0000] {processor.py:183} INFO - Processing /home/vscode/.local/lib/python3.11/site-packages/airflow/example_dags/example_skip_dag.py took 0.053 seconds
[2026-05-09T12:03:56.423+0000] {processor.py:161} INFO - Started process (PID=33172) to work on /home/vscode/.local/lib/python3.11/site-packages/airflow/example_dags/example_skip_dag.py
[2026-05-09T12:03:56.424+0000] {processor.py:830} INFO - Processing file /home/vscode/.local/lib/python3.11/site-packages/airflow/example_dags/example_skip_dag.py for tasks to queue
[2026-05-09T12:03:56.424+0000] {logging_mixin.py:188} INFO - [2026-05-09T12:03:56.424+0000] {dagbag.py:545} INFO - Filling up the DagBag from /home/vscode/.local/lib/python3.11/site-packages/airflow/example_dags/example_skip_dag.py
[2026-05-09T12:03:56.429+0000] {processor.py:840} INFO - DAG(s) 'example_skip_dag' retrieved from /home/vscode/.local/lib/python3.11/site-packages/airflow/example_dags/example_skip_dag.py
[2026-05-09T12:03:56.441+0000] {logging_mixin.py:188} INFO - [2026-05-09T12:03:56.441+0000] {dag.py:3096} INFO - Sync 1 DAGs
[2026-05-09T12:03:56.455+0000] {logging_mixin.py:188} INFO - [2026-05-09T12:03:56.455+0000] {dag.py:3954} INFO - Setting next_dagrun for example_skip_dag to 2026-05-08 00:00:00+00:00, run_after=2026-05-09 00:00:00+00:00
[2026-05-09T12:03:56.470+0000] {processor.py:183} INFO - Processing /home/vscode/.local/lib/python3.11/site-packages/airflow/example_dags/example_skip_dag.py took 0.053 seconds
[2026-05-09T12:04:38.764+0000] {processor.py:161} INFO - Started process (PID=33531) to work on /home/vscode/.local/lib/python3.11/site-packages/airflow/example_dags/example_skip_dag.py
[2026-05-09T12:04:38.765+0000] {processor.py:830} INFO - Processing file /home/vscode/.local/lib/python3.11/site-packages/airflow/example_dags/example_skip_dag.py for tasks to queue
[2026-05-09T12:04:38.765+0000] {logging_mixin.py:188} INFO - [2026-05-09T12:04:38.765+0000] {dagbag.py:545} INFO - Filling up the DagBag from /home/vscode/.local/lib/python3.11/site-packages/airflow/example_dags/example_skip_dag.py
[2026-05-09T12:04:38.770+0000] {processor.py:840} INFO - DAG(s) 'example_skip_dag' retrieved from /home/vscode/.local/lib/python3.11/site-packages/airflow/example_dags/example_skip_dag.py
[2026-05-09T12:04:38.782+0000] {logging_mixin.py:188} INFO - [2026-05-09T12:04:38.782+0000] {dag.py:3096} INFO - Sync 1 DAGs
[2026-05-09T12:04:38.796+0000] {logging_mixin.py:188} INFO - [2026-05-09T12:04:38.796+0000] {dag.py:3954} INFO - Setting next_dagrun for example_skip_dag to 2026-05-08 00:00:00+00:00, run_after=2026-05-09 00:00:00+00:00
[2026-05-09T12:04:38.812+0000] {processor.py:183} INFO - Processing /home/vscode/.local/lib/python3.11/site-packages/airflow/example_dags/example_skip_dag.py took 0.055 seconds
[2026-05-09T12:05:20.502+0000] {processor.py:161} INFO - Started process (PID=33821) to work on /home/vscode/.local/lib/python3.11/site-packages/airflow/example_dags/example_skip_dag.py
[2026-05-09T12:05:20.503+0000] {processor.py:830} INFO - Processing file /home/vscode/.local/lib/python3.11/site-packages/airflow/example_dags/example_skip_dag.py for tasks to queue
[2026-05-09T12:05:20.504+0000] {logging_mixin.py:188} INFO - [2026-05-09T12:05:20.503+0000] {dagbag.py:545} INFO - Filling up the DagBag from /home/vscode/.local/lib/python3.11/site-packages/airflow/example_dags/example_skip_dag.py
[2026-05-09T12:05:20.508+0000] {processor.py:840} INFO - DAG(s) 'example_skip_dag' retrieved from /home/vscode/.local/lib/python3.11/site-packages/airflow/example_dags/example_skip_dag.py
[2026-05-09T12:05:20.522+0000] {logging_mixin.py:188} INFO - [2026-05-09T12:05:20.522+0000] {dag.py:3096} INFO - Sync 1 DAGs
[2026-05-09T12:05:20.538+0000] {logging_mixin.py:188} INFO - [2026-05-09T12:05:20.537+0000] {dag.py:3954} INFO - Setting next_dagrun for example_skip_dag to 2026-05-08 00:00:00+00:00, run_after=2026-05-09 00:00:00+00:00
[2026-05-09T12:05:20.553+0000] {processor.py:183} INFO - Processing /home/vscode/.local/lib/python3.11/site-packages/airflow/example_dags/example_skip_dag.py took 0.057 seconds
[2026-05-09T12:06:02.173+0000] {processor.py:161} INFO - Started process (PID=34185) to work on /home/vscode/.local/lib/python3.11/site-packages/airflow/example_dags/example_skip_dag.py
[2026-05-09T12:06:02.173+0000] {processor.py:830} INFO - Processing file /home/vscode/.local/lib/python3.11/site-packages/airflow/example_dags/example_skip_dag.py for tasks to queue
[2026-05-09T12:06:02.174+0000] {logging_mixin.py:188} INFO - [2026-05-09T12:06:02.174+0000] {dagbag.py:545} INFO - Filling up the DagBag from /home/vscode/.local/lib/python3.11/site-packages/airflow/example_dags/example_skip_dag.py
[2026-05-09T12:06:02.179+0000] {processor.py:840} INFO - DAG(s) 'example_skip_dag' retrieved from /home/vscode/.local/lib/python3.11/site-packages/airflow/example_dags/example_skip_dag.py
[2026-05-09T12:06:02.192+0000] {logging_mixin.py:188} INFO - [2026-05-09T12:06:02.192+0000] {dag.py:3096} INFO - Sync 1 DAGs
[2026-05-09T12:06:02.207+0000] {logging_mixin.py:188} INFO - [2026-05-09T12:06:02.207+0000] {dag.py:3954} INFO - Setting next_dagrun for example_skip_dag to 2026-05-08 00:00:00+00:00, run_after=2026-05-09 00:00:00+00:00
[2026-05-09T12:06:02.222+0000] {processor.py:183} INFO - Processing /home/vscode/.local/lib/python3.11/site-packages/airflow/example_dags/example_skip_dag.py took 0.056 seconds
[2026-05-09T12:06:44.994+0000] {processor.py:161} INFO - Started process (PID=34546) to work on /home/vscode/.local/lib/python3.11/site-packages/airflow/example_dags/example_skip_dag.py
[2026-05-09T12:06:44.994+0000] {processor.py:830} INFO - Processing file /home/vscode/.local/lib/python3.11/site-packages/airflow/example_dags/example_skip_dag.py for tasks to queue
[2026-05-09T12:06:44.995+0000] {logging_mixin.py:188} INFO - [2026-05-09T12:06:44.995+0000] {dagbag.py:545} INFO - Filling up the DagBag from /home/vscode/.local/lib/python3.11/site-packages/airflow/example_dags/example_skip_dag.py
[2026-05-09T12:06:45.002+0000] {processor.py:840} INFO - DAG(s) 'example_skip_dag' retrieved from /home/vscode/.local/lib/python3.11/site-packages/airflow/example_dags/example_skip_dag.py
[2026-05-09T12:06:45.015+0000] {logging_mixin.py:188} INFO - [2026-05-09T12:06:45.015+0000] {dag.py:3096} INFO - Sync 1 DAGs
[2026-05-09T12:06:45.031+0000] {logging_mixin.py:188} INFO - [2026-05-09T12:06:45.031+0000] {dag.py:3954} INFO - Setting next_dagrun for example_skip_dag to 2026-05-08 00:00:00+00:00, run_after=2026-05-09 00:00:00+00:00
[2026-05-09T12:06:45.048+0000] {processor.py:183} INFO - Processing /home/vscode/.local/lib/python3.11/site-packages/airflow/example_dags/example_skip_dag.py took 0.061 seconds
[2026-05-09T12:07:29.588+0000] {processor.py:161} INFO - Started process (PID=34859) to work on /home/vscode/.local/lib/python3.11/site-packages/airflow/example_dags/example_skip_dag.py
[2026-05-09T12:07:29.589+0000] {processor.py:830} INFO - Processing file /home/vscode/.local/lib/python3.11/site-packages/airflow/example_dags/example_skip_dag.py for tasks to queue
[2026-05-09T12:07:29.589+0000] {logging_mixin.py:188} INFO - [2026-05-09T12:07:29.589+0000] {dagbag.py:545} INFO - Filling up the DagBag from /home/vscode/.local/lib/python3.11/site-packages/airflow/example_dags/example_skip_dag.py
[2026-05-09T12:07:29.594+0000] {processor.py:840} INFO - DAG(s) 'example_skip_dag' retrieved from /home/vscode/.local/lib/python3.11/site-packages/airflow/example_dags/example_skip_dag.py
[2026-05-09T12:07:29.607+0000] {logging_mixin.py:188} INFO - [2026-05-09T12:07:29.607+0000] {dag.py:3096} INFO - Sync 1 DAGs
[2026-05-09T12:07:29.622+0000] {logging_mixin.py:188} INFO - [2026-05-09T12:07:29.622+0000] {dag.py:3954} INFO - Setting next_dagrun for example_skip_dag to 2026-05-08 00:00:00+00:00, run_after=2026-05-09 00:00:00+00:00
[2026-05-09T12:07:29.640+0000] {processor.py:183} INFO - Processing /home/vscode/.local/lib/python3.11/site-packages/airflow/example_dags/example_skip_dag.py took 0.058 seconds
[2026-05-09T12:08:11.139+0000] {processor.py:161} INFO - Started process (PID=35211) to work on /home/vscode/.local/lib/python3.11/site-packages/airflow/example_dags/example_skip_dag.py
[2026-05-09T12:08:11.140+0000] {processor.py:830} INFO - Processing file /home/vscode/.local/lib/python3.11/site-packages/airflow/example_dags/example_skip_dag.py for tasks to queue
[2026-05-09T12:08:11.140+0000] {logging_mixin.py:188} INFO - [2026-05-09T12:08:11.140+0000] {dagbag.py:545} INFO - Filling up the DagBag from /home/vscode/.local/lib/python3.11/site-packages/airflow/example_dags/example_skip_dag.py
[2026-05-09T12:08:11.146+0000] {processor.py:840} INFO - DAG(s) 'example_skip_dag' retrieved from /home/vscode/.local/lib/python3.11/site-packages/airflow/example_dags/example_skip_dag.py
[2026-05-09T12:08:11.158+0000] {logging_mixin.py:188} INFO - [2026-05-09T12:08:11.158+0000] {dag.py:3096} INFO - Sync 1 DAGs
[2026-05-09T12:08:11.172+0000] {logging_mixin.py:188} INFO - [2026-05-09T12:08:11.172+0000] {dag.py:3954} INFO - Setting next_dagrun for example_skip_dag to 2026-05-08 00:00:00+00:00, run_after=2026-05-09 00:00:00+00:00
[2026-05-09T12:08:11.187+0000] {processor.py:183} INFO - Processing /home/vscode/.local/lib/python3.11/site-packages/airflow/example_dags/example_skip_dag.py took 0.057 seconds
[2026-05-09T12:08:52.477+0000] {processor.py:161} INFO - Started process (PID=35629) to work on /home/vscode/.local/lib/python3.11/site-packages/airflow/example_dags/example_skip_dag.py
[2026-05-09T12:08:52.478+0000] {processor.py:830} INFO - Processing file /home/vscode/.local/lib/python3.11/site-packages/airflow/example_dags/example_skip_dag.py for tasks to queue
[2026-05-09T12:08:52.478+0000] {logging_mixin.py:188} INFO - [2026-05-09T12:08:52.478+0000] {dagbag.py:545} INFO - Filling up the DagBag from /home/vscode/.local/lib/python3.11/site-packages/airflow/example_dags/example_skip_dag.py
[2026-05-09T12:08:52.484+0000] {processor.py:840} INFO - DAG(s) 'example_skip_dag' retrieved from /home/vscode/.local/lib/python3.11/site-packages/airflow/example_dags/example_skip_dag.py
[2026-05-09T12:08:52.496+0000] {logging_mixin.py:188} INFO - [2026-05-09T12:08:52.496+0000] {dag.py:3096} INFO - Sync 1 DAGs
[2026-05-09T12:08:52.511+0000] {logging_mixin.py:188} INFO - [2026-05-09T12:08:52.511+0000] {dag.py:3954} INFO - Setting next_dagrun for example_skip_dag to 2026-05-08 00:00:00+00:00, run_after=2026-05-09 00:00:00+00:00
[2026-05-09T12:08:52.528+0000] {processor.py:183} INFO - Processing /home/vscode/.local/lib/python3.11/site-packages/airflow/example_dags/example_skip_dag.py took 0.058 seconds
[2026-05-09T12:09:49.230+0000] {processor.py:161} INFO - Started process (PID=36128) to work on /home/vscode/.local/lib/python3.11/site-packages/airflow/example_dags/example_skip_dag.py
[2026-05-09T12:09:49.230+0000] {processor.py:830} INFO - Processing file /home/vscode/.local/lib/python3.11/site-packages/airflow/example_dags/example_skip_dag.py for tasks to queue
[2026-05-09T12:09:49.231+0000] {logging_mixin.py:188} INFO - [2026-05-09T12:09:49.230+0000] {dagbag.py:545} INFO - Filling up the DagBag from /home/vscode/.local/lib/python3.11/site-packages/airflow/example_dags/example_skip_dag.py
[2026-05-09T12:09:49.236+0000] {processor.py:840} INFO - DAG(s) 'example_skip_dag' retrieved from /home/vscode/.local/lib/python3.11/site-packages/airflow/example_dags/example_skip_dag.py
[2026-05-09T12:09:49.252+0000] {logging_mixin.py:188} INFO - [2026-05-09T12:09:49.252+0000] {dag.py:3096} INFO - Sync 1 DAGs
[2026-05-09T12:09:49.270+0000] {logging_mixin.py:188} INFO - [2026-05-09T12:09:49.270+0000] {dag.py:3954} INFO - Setting next_dagrun for example_skip_dag to 2026-05-08 00:00:00+00:00, run_after=2026-05-09 00:00:00+00:00
[2026-05-09T12:09:49.289+0000] {processor.py:183} INFO - Processing /home/vscode/.local/lib/python3.11/site-packages/airflow/example_dags/example_skip_dag.py took 0.068 seconds
[2026-05-09T12:10:30.074+0000] {processor.py:161} INFO - Started process (PID=36421) to work on /home/vscode/.local/lib/python3.11/site-packages/airflow/example_dags/example_skip_dag.py
[2026-05-09T12:10:30.074+0000] {processor.py:830} INFO - Processing file /home/vscode/.local/lib/python3.11/site-packages/airflow/example_dags/example_skip_dag.py for tasks to queue
[2026-05-09T12:10:30.075+0000] {logging_mixin.py:188} INFO - [2026-05-09T12:10:30.075+0000] {dagbag.py:545} INFO - Filling up the DagBag from /home/vscode/.local/lib/python3.11/site-packages/airflow/example_dags/example_skip_dag.py
[2026-05-09T12:10:30.080+0000] {processor.py:840} INFO - DAG(s) 'example_skip_dag' retrieved from /home/vscode/.local/lib/python3.11/site-packages/airflow/example_dags/example_skip_dag.py
[2026-05-09T12:10:30.093+0000] {logging_mixin.py:188} INFO - [2026-05-09T12:10:30.093+0000] {dag.py:3096} INFO - Sync 1 DAGs
[2026-05-09T12:10:30.107+0000] {logging_mixin.py:188} INFO - [2026-05-09T12:10:30.106+0000] {dag.py:3954} INFO - Setting next_dagrun for example_skip_dag to 2026-05-08 00:00:00+00:00, run_after=2026-05-09 00:00:00+00:00
[2026-05-09T12:10:30.122+0000] {processor.py:183} INFO - Processing /home/vscode/.local/lib/python3.11/site-packages/airflow/example_dags/example_skip_dag.py took 0.055 seconds
[2026-05-09T12:11:11.536+0000] {processor.py:161} INFO - Started process (PID=36772) to work on /home/vscode/.local/lib/python3.11/site-packages/airflow/example_dags/example_skip_dag.py
[2026-05-09T12:11:11.537+0000] {processor.py:830} INFO - Processing file /home/vscode/.local/lib/python3.11/site-packages/airflow/example_dags/example_skip_dag.py for tasks to queue
[2026-05-09T12:11:11.537+0000] {logging_mixin.py:188} INFO - [2026-05-09T12:11:11.537+0000] {dagbag.py:545} INFO - Filling up the DagBag from /home/vscode/.local/lib/python3.11/site-packages/airflow/example_dags/example_skip_dag.py
[2026-05-09T12:11:11.544+0000] {processor.py:840} INFO - DAG(s) 'example_skip_dag' retrieved from /home/vscode/.local/lib/python3.11/site-packages/airflow/example_dags/example_skip_dag.py
[2026-05-09T12:11:11.558+0000] {logging_mixin.py:188} INFO - [2026-05-09T12:11:11.558+0000] {dag.py:3096} INFO - Sync 1 DAGs
[2026-05-09T12:11:11.577+0000] {logging_mixin.py:188} INFO - [2026-05-09T12:11:11.577+0000] {dag.py:3954} INFO - Setting next_dagrun for example_skip_dag to 2026-05-08 00:00:00+00:00, run_after=2026-05-09 00:00:00+00:00
[2026-05-09T12:11:11.593+0000] {processor.py:183} INFO - Processing /home/vscode/.local/lib/python3.11/site-packages/airflow/example_dags/example_skip_dag.py took 0.066 seconds
[2026-05-09T12:11:52.684+0000] {processor.py:161} INFO - Started process (PID=37125) to work on /home/vscode/.local/lib/python3.11/site-packages/airflow/example_dags/example_skip_dag.py
[2026-05-09T12:11:52.684+0000] {processor.py:830} INFO - Processing file /home/vscode/.local/lib/python3.11/site-packages/airflow/example_dags/example_skip_dag.py for tasks to queue
[2026-05-09T12:11:52.685+0000] {logging_mixin.py:188} INFO - [2026-05-09T12:11:52.685+0000] {dagbag.py:545} INFO - Filling up the DagBag from /home/vscode/.local/lib/python3.11/site-packages/airflow/example_dags/example_skip_dag.py
[2026-05-09T12:11:52.700+0000] {processor.py:840} INFO - DAG(s) 'example_skip_dag' retrieved from /home/vscode/.local/lib/python3.11/site-packages/airflow/example_dags/example_skip_dag.py
[2026-05-09T12:11:52.730+0000] {logging_mixin.py:188} INFO - [2026-05-09T12:11:52.730+0000] {dag.py:3096} INFO - Sync 1 DAGs
[2026-05-09T12:11:52.747+0000] {logging_mixin.py:188} INFO - [2026-05-09T12:11:52.747+0000] {dag.py:3954} INFO - Setting next_dagrun for example_skip_dag to 2026-05-08 00:00:00+00:00, run_after=2026-05-09 00:00:00+00:00
[2026-05-09T12:11:52.764+0000] {processor.py:183} INFO - Processing /home/vscode/.local/lib/python3.11/site-packages/airflow/example_dags/example_skip_dag.py took 0.098 seconds
[2026-05-09T12:12:33.817+0000] {processor.py:161} INFO - Started process (PID=37423) to work on /home/vscode/.local/lib/python3.11/site-packages/airflow/example_dags/example_skip_dag.py
[2026-05-09T12:12:33.817+0000] {processor.py:830} INFO - Processing file /home/vscode/.local/lib/python3.11/site-packages/airflow/example_dags/example_skip_dag.py for tasks to queue
[2026-05-09T12:12:33.818+0000] {logging_mixin.py:188} INFO - [2026-05-09T12:12:33.817+0000] {dagbag.py:545} INFO - Filling up the DagBag from /home/vscode/.local/lib/python3.11/site-packages/airflow/example_dags/example_skip_dag.py
[2026-05-09T12:12:33.823+0000] {processor.py:840} INFO - DAG(s) 'example_skip_dag' retrieved from /home/vscode/.local/lib/python3.11/site-packages/airflow/example_dags/example_skip_dag.py
[2026-05-09T12:12:33.839+0000] {logging_mixin.py:188} INFO - [2026-05-09T12:12:33.839+0000] {dag.py:3096} INFO - Sync 1 DAGs
[2026-05-09T12:12:33.854+0000] {logging_mixin.py:188} INFO - [2026-05-09T12:12:33.854+0000] {dag.py:3954} INFO - Setting next_dagrun for example_skip_dag to 2026-05-08 00:00:00+00:00, run_after=2026-05-09 00:00:00+00:00
[2026-05-09T12:12:33.870+0000] {processor.py:183} INFO - Processing /home/vscode/.local/lib/python3.11/site-packages/airflow/example_dags/example_skip_dag.py took 0.060 seconds
[2026-05-09T12:13:13.613+0000] {processor.py:161} INFO - Started process (PID=37765) to work on /home/vscode/.local/lib/python3.11/site-packages/airflow/example_dags/example_skip_dag.py
[2026-05-09T12:13:13.614+0000] {processor.py:830} INFO - Processing file /home/vscode/.local/lib/python3.11/site-packages/airflow/example_dags/example_skip_dag.py for tasks to queue
[2026-05-09T12:13:13.614+0000] {logging_mixin.py:188} INFO - [2026-05-09T12:13:13.614+0000] {dagbag.py:545} INFO - Filling up the DagBag from /home/vscode/.local/lib/python3.11/site-packages/airflow/example_dags/example_skip_dag.py
[2026-05-09T12:13:13.620+0000] {processor.py:840} INFO - DAG(s) 'example_skip_dag' retrieved from /home/vscode/.local/lib/python3.11/site-packages/airflow/example_dags/example_skip_dag.py
[2026-05-09T12:13:13.635+0000] {logging_mixin.py:188} INFO - [2026-05-09T12:13:13.635+0000] {dag.py:3096} INFO - Sync 1 DAGs
[2026-05-09T12:13:13.652+0000] {logging_mixin.py:188} INFO - [2026-05-09T12:13:13.651+0000] {dag.py:3954} INFO - Setting next_dagrun for example_skip_dag to 2026-05-08 00:00:00+00:00, run_after=2026-05-09 00:00:00+00:00
[2026-05-09T12:13:13.669+0000] {processor.py:183} INFO - Processing /home/vscode/.local/lib/python3.11/site-packages/airflow/example_dags/example_skip_dag.py took 0.062 seconds
[2026-05-09T12:13:56.319+0000] {processor.py:161} INFO - Started process (PID=38188) to work on /home/vscode/.local/lib/python3.11/site-packages/airflow/example_dags/example_skip_dag.py
[2026-05-09T12:13:56.320+0000] {processor.py:830} INFO - Processing file /home/vscode/.local/lib/python3.11/site-packages/airflow/example_dags/example_skip_dag.py for tasks to queue
[2026-05-09T12:13:56.320+0000] {logging_mixin.py:188} INFO - [2026-05-09T12:13:56.320+0000] {dagbag.py:545} INFO - Filling up the DagBag from /home/vscode/.local/lib/python3.11/site-packages/airflow/example_dags/example_skip_dag.py
[2026-05-09T12:13:56.326+0000] {processor.py:840} INFO - DAG(s) 'example_skip_dag' retrieved from /home/vscode/.local/lib/python3.11/site-packages/airflow/example_dags/example_skip_dag.py
[2026-05-09T12:13:56.343+0000] {logging_mixin.py:188} INFO - [2026-05-09T12:13:56.342+0000] {dag.py:3096} INFO - Sync 1 DAGs
[2026-05-09T12:13:56.357+0000] {logging_mixin.py:188} INFO - [2026-05-09T12:13:56.357+0000] {dag.py:3954} INFO - Setting next_dagrun for example_skip_dag to 2026-05-08 00:00:00+00:00, run_after=2026-05-09 00:00:00+00:00
[2026-05-09T12:13:56.372+0000] {processor.py:183} INFO - Processing /home/vscode/.local/lib/python3.11/site-packages/airflow/example_dags/example_skip_dag.py took 0.060 seconds
[2026-05-09T12:14:41.208+0000] {processor.py:161} INFO - Started process (PID=38557) to work on /home/vscode/.local/lib/python3.11/site-packages/airflow/example_dags/example_skip_dag.py
[2026-05-09T12:14:41.209+0000] {processor.py:830} INFO - Processing file /home/vscode/.local/lib/python3.11/site-packages/airflow/example_dags/example_skip_dag.py for tasks to queue
[2026-05-09T12:14:41.210+0000] {logging_mixin.py:188} INFO - [2026-05-09T12:14:41.209+0000] {dagbag.py:545} INFO - Filling up the DagBag from /home/vscode/.local/lib/python3.11/site-packages/airflow/example_dags/example_skip_dag.py
[2026-05-09T12:14:41.215+0000] {processor.py:840} INFO - DAG(s) 'example_skip_dag' retrieved from /home/vscode/.local/lib/python3.11/site-packages/airflow/example_dags/example_skip_dag.py
[2026-05-09T12:14:41.229+0000] {logging_mixin.py:188} INFO - [2026-05-09T12:14:41.229+0000] {dag.py:3096} INFO - Sync 1 DAGs
[2026-05-09T12:14:41.246+0000] {logging_mixin.py:188} INFO - [2026-05-09T12:14:41.246+0000] {dag.py:3954} INFO - Setting next_dagrun for example_skip_dag to 2026-05-08 00:00:00+00:00, run_after=2026-05-09 00:00:00+00:00
[2026-05-09T12:14:41.262+0000] {processor.py:183} INFO - Processing /home/vscode/.local/lib/python3.11/site-packages/airflow/example_dags/example_skip_dag.py took 0.060 seconds
[2026-05-09T12:15:22.148+0000] {processor.py:161} INFO - Started process (PID=38847) to work on /home/vscode/.local/lib/python3.11/site-packages/airflow/example_dags/example_skip_dag.py
[2026-05-09T12:15:22.149+0000] {processor.py:830} INFO - Processing file /home/vscode/.local/lib/python3.11/site-packages/airflow/example_dags/example_skip_dag.py for tasks to queue
[2026-05-09T12:15:22.149+0000] {logging_mixin.py:188} INFO - [2026-05-09T12:15:22.149+0000] {dagbag.py:545} INFO - Filling up the DagBag from /home/vscode/.local/lib/python3.11/site-packages/airflow/example_dags/example_skip_dag.py
[2026-05-09T12:15:22.154+0000] {processor.py:840} INFO - DAG(s) 'example_skip_dag' retrieved from /home/vscode/.local/lib/python3.11/site-packages/airflow/example_dags/example_skip_dag.py
[2026-05-09T12:15:22.166+0000] {logging_mixin.py:188} INFO - [2026-05-09T12:15:22.166+0000] {dag.py:3096} INFO - Sync 1 DAGs
[2026-05-09T12:15:22.183+0000] {logging_mixin.py:188} INFO - [2026-05-09T12:15:22.183+0000] {dag.py:3954} INFO - Setting next_dagrun for example_skip_dag to 2026-05-08 00:00:00+00:00, run_after=2026-05-09 00:00:00+00:00
[2026-05-09T12:15:22.199+0000] {processor.py:183} INFO - Processing /home/vscode/.local/lib/python3.11/site-packages/airflow/example_dags/example_skip_dag.py took 0.058 seconds
[2026-05-09T12:16:04.969+0000] {processor.py:161} INFO - Started process (PID=39211) to work on /home/vscode/.local/lib/python3.11/site-packages/airflow/example_dags/example_skip_dag.py
[2026-05-09T12:16:04.969+0000] {processor.py:830} INFO - Processing file /home/vscode/.local/lib/python3.11/site-packages/airflow/example_dags/example_skip_dag.py for tasks to queue
[2026-05-09T12:16:04.970+0000] {logging_mixin.py:188} INFO - [2026-05-09T12:16:04.970+0000] {dagbag.py:545} INFO - Filling up the DagBag from /home/vscode/.local/lib/python3.11/site-packages/airflow/example_dags/example_skip_dag.py
[2026-05-09T12:16:04.975+0000] {processor.py:840} INFO - DAG(s) 'example_skip_dag' retrieved from /home/vscode/.local/lib/python3.11/site-packages/airflow/example_dags/example_skip_dag.py
[2026-05-09T12:16:04.987+0000] {logging_mixin.py:188} INFO - [2026-05-09T12:16:04.987+0000] {dag.py:3096} INFO - Sync 1 DAGs
[2026-05-09T12:16:05.001+0000] {logging_mixin.py:188} INFO - [2026-05-09T12:16:05.001+0000] {dag.py:3954} INFO - Setting next_dagrun for example_skip_dag to 2026-05-08 00:00:00+00:00, run_after=2026-05-09 00:00:00+00:00
[2026-05-09T12:16:05.019+0000] {processor.py:183} INFO - Processing /home/vscode/.local/lib/python3.11/site-packages/airflow/example_dags/example_skip_dag.py took 0.057 seconds
[2026-05-09T12:16:49.242+0000] {processor.py:161} INFO - Started process (PID=39580) to work on /home/vscode/.local/lib/python3.11/site-packages/airflow/example_dags/example_skip_dag.py
[2026-05-09T12:16:49.244+0000] {processor.py:830} INFO - Processing file /home/vscode/.local/lib/python3.11/site-packages/airflow/example_dags/example_skip_dag.py for tasks to queue
[2026-05-09T12:16:49.244+0000] {logging_mixin.py:188} INFO - [2026-05-09T12:16:49.244+0000] {dagbag.py:545} INFO - Filling up the DagBag from /home/vscode/.local/lib/python3.11/site-packages/airflow/example_dags/example_skip_dag.py
[2026-05-09T12:16:49.249+0000] {processor.py:840} INFO - DAG(s) 'example_skip_dag' retrieved from /home/vscode/.local/lib/python3.11/site-packages/airflow/example_dags/example_skip_dag.py
[2026-05-09T12:16:49.262+0000] {logging_mixin.py:188} INFO - [2026-05-09T12:16:49.262+0000] {dag.py:3096} INFO - Sync 1 DAGs
[2026-05-09T12:16:49.277+0000] {logging_mixin.py:188} INFO - [2026-05-09T12:16:49.277+0000] {dag.py:3954} INFO - Setting next_dagrun for example_skip_dag to 2026-05-08 00:00:00+00:00, run_after=2026-05-09 00:00:00+00:00
[2026-05-09T12:16:49.294+0000] {processor.py:183} INFO - Processing /home/vscode/.local/lib/python3.11/site-packages/airflow/example_dags/example_skip_dag.py took 0.061 seconds
[2026-05-09T12:17:34.590+0000] {processor.py:161} INFO - Started process (PID=39919) to work on /home/vscode/.local/lib/python3.11/site-packages/airflow/example_dags/example_skip_dag.py
[2026-05-09T12:17:34.590+0000] {processor.py:830} INFO - Processing file /home/vscode/.local/lib/python3.11/site-packages/airflow/example_dags/example_skip_dag.py for tasks to queue
[2026-05-09T12:17:34.591+0000] {logging_mixin.py:188} INFO - [2026-05-09T12:17:34.590+0000] {dagbag.py:545} INFO - Filling up the DagBag from /home/vscode/.local/lib/python3.11/site-packages/airflow/example_dags/example_skip_dag.py
[2026-05-09T12:17:34.596+0000] {processor.py:840} INFO - DAG(s) 'example_skip_dag' retrieved from /home/vscode/.local/lib/python3.11/site-packages/airflow/example_dags/example_skip_dag.py
[2026-05-09T12:17:34.608+0000] {logging_mixin.py:188} INFO - [2026-05-09T12:17:34.608+0000] {dag.py:3096} INFO - Sync 1 DAGs
[2026-05-09T12:17:34.628+0000] {logging_mixin.py:188} INFO - [2026-05-09T12:17:34.625+0000] {dag.py:3954} INFO - Setting next_dagrun for example_skip_dag to 2026-05-08 00:00:00+00:00, run_after=2026-05-09 00:00:00+00:00
[2026-05-09T12:17:34.657+0000] {processor.py:183} INFO - Processing /home/vscode/.local/lib/python3.11/site-packages/airflow/example_dags/example_skip_dag.py took 0.074 seconds
[2026-05-09T12:18:17.812+0000] {processor.py:161} INFO - Started process (PID=40261) to work on /home/vscode/.local/lib/python3.11/site-packages/airflow/example_dags/example_skip_dag.py
[2026-05-09T12:18:17.813+0000] {processor.py:830} INFO - Processing file /home/vscode/.local/lib/python3.11/site-packages/airflow/example_dags/example_skip_dag.py for tasks to queue
[2026-05-09T12:18:17.813+0000] {logging_mixin.py:188} INFO - [2026-05-09T12:18:17.813+0000] {dagbag.py:545} INFO - Filling up the DagBag from /home/vscode/.local/lib/python3.11/site-packages/airflow/example_dags/example_skip_dag.py
[2026-05-09T12:18:17.818+0000] {processor.py:840} INFO - DAG(s) 'example_skip_dag' retrieved from /home/vscode/.local/lib/python3.11/site-packages/airflow/example_dags/example_skip_dag.py
[2026-05-09T12:18:17.832+0000] {logging_mixin.py:188} INFO - [2026-05-09T12:18:17.832+0000] {dag.py:3096} INFO - Sync 1 DAGs
[2026-05-09T12:18:17.848+0000] {logging_mixin.py:188} INFO - [2026-05-09T12:18:17.848+0000] {dag.py:3954} INFO - Setting next_dagrun for example_skip_dag to 2026-05-08 00:00:00+00:00, run_after=2026-05-09 00:00:00+00:00
[2026-05-09T12:18:17.863+0000] {processor.py:183} INFO - Processing /home/vscode/.local/lib/python3.11/site-packages/airflow/example_dags/example_skip_dag.py took 0.057 seconds
[2026-05-09T12:18:58.163+0000] {processor.py:161} INFO - Started process (PID=40670) to work on /home/vscode/.local/lib/python3.11/site-packages/airflow/example_dags/example_skip_dag.py
[2026-05-09T12:18:58.164+0000] {processor.py:830} INFO - Processing file /home/vscode/.local/lib/python3.11/site-packages/airflow/example_dags/example_skip_dag.py for tasks to queue
[2026-05-09T12:18:58.164+0000] {logging_mixin.py:188} INFO - [2026-05-09T12:18:58.164+0000] {dagbag.py:545} INFO - Filling up the DagBag from /home/vscode/.local/lib/python3.11/site-packages/airflow/example_dags/example_skip_dag.py
[2026-05-09T12:18:58.169+0000] {processor.py:840} INFO - DAG(s) 'example_skip_dag' retrieved from /home/vscode/.local/lib/python3.11/site-packages/airflow/example_dags/example_skip_dag.py
[2026-05-09T12:18:58.181+0000] {logging_mixin.py:188} INFO - [2026-05-09T12:18:58.181+0000] {dag.py:3096} INFO - Sync 1 DAGs
[2026-05-09T12:18:58.195+0000] {logging_mixin.py:188} INFO - [2026-05-09T12:18:58.195+0000] {dag.py:3954} INFO - Setting next_dagrun for example_skip_dag to 2026-05-08 00:00:00+00:00, run_after=2026-05-09 00:00:00+00:00
[2026-05-09T12:18:58.211+0000] {processor.py:183} INFO - Processing /home/vscode/.local/lib/python3.11/site-packages/airflow/example_dags/example_skip_dag.py took 0.054 seconds
[2026-05-09T12:19:39.597+0000] {processor.py:161} INFO - Started process (PID=41026) to work on /home/vscode/.local/lib/python3.11/site-packages/airflow/example_dags/example_skip_dag.py
[2026-05-09T12:19:39.598+0000] {processor.py:830} INFO - Processing file /home/vscode/.local/lib/python3.11/site-packages/airflow/example_dags/example_skip_dag.py for tasks to queue
[2026-05-09T12:19:39.599+0000] {logging_mixin.py:188} INFO - [2026-05-09T12:19:39.598+0000] {dagbag.py:545} INFO - Filling up the DagBag from /home/vscode/.local/lib/python3.11/site-packages/airflow/example_dags/example_skip_dag.py
[2026-05-09T12:19:39.604+0000] {processor.py:840} INFO - DAG(s) 'example_skip_dag' retrieved from /home/vscode/.local/lib/python3.11/site-packages/airflow/example_dags/example_skip_dag.py
[2026-05-09T12:19:39.616+0000] {logging_mixin.py:188} INFO - [2026-05-09T12:19:39.616+0000] {dag.py:3096} INFO - Sync 1 DAGs
[2026-05-09T12:19:39.632+0000] {logging_mixin.py:188} INFO - [2026-05-09T12:19:39.631+0000] {dag.py:3954} INFO - Setting next_dagrun for example_skip_dag to 2026-05-08 00:00:00+00:00, run_after=2026-05-09 00:00:00+00:00
[2026-05-09T12:19:39.649+0000] {processor.py:183} INFO - Processing /home/vscode/.local/lib/python3.11/site-packages/airflow/example_dags/example_skip_dag.py took 0.058 seconds
[2026-05-09T12:20:25.918+0000] {processor.py:161} INFO - Started process (PID=41343) to work on /home/vscode/.local/lib/python3.11/site-packages/airflow/example_dags/example_skip_dag.py
[2026-05-09T12:20:25.919+0000] {processor.py:830} INFO - Processing file /home/vscode/.local/lib/python3.11/site-packages/airflow/example_dags/example_skip_dag.py for tasks to queue
[2026-05-09T12:20:25.919+0000] {logging_mixin.py:188} INFO - [2026-05-09T12:20:25.919+0000] {dagbag.py:545} INFO - Filling up the DagBag from /home/vscode/.local/lib/python3.11/site-packages/airflow/example_dags/example_skip_dag.py
[2026-05-09T12:20:25.925+0000] {processor.py:840} INFO - DAG(s) 'example_skip_dag' retrieved from /home/vscode/.local/lib/python3.11/site-packages/airflow/example_dags/example_skip_dag.py
[2026-05-09T12:20:25.941+0000] {logging_mixin.py:188} INFO - [2026-05-09T12:20:25.941+0000] {dag.py:3096} INFO - Sync 1 DAGs
[2026-05-09T12:20:25.955+0000] {logging_mixin.py:188} INFO - [2026-05-09T12:20:25.955+0000] {dag.py:3954} INFO - Setting next_dagrun for example_skip_dag to 2026-05-08 00:00:00+00:00, run_after=2026-05-09 00:00:00+00:00
[2026-05-09T12:20:25.971+0000] {processor.py:183} INFO - Processing /home/vscode/.local/lib/python3.11/site-packages/airflow/example_dags/example_skip_dag.py took 0.059 seconds
[2026-05-09T12:21:06.670+0000] {processor.py:161} INFO - Started process (PID=41699) to work on /home/vscode/.local/lib/python3.11/site-packages/airflow/example_dags/example_skip_dag.py
[2026-05-09T12:21:06.670+0000] {processor.py:830} INFO - Processing file /home/vscode/.local/lib/python3.11/site-packages/airflow/example_dags/example_skip_dag.py for tasks to queue
[2026-05-09T12:21:06.671+0000] {logging_mixin.py:188} INFO - [2026-05-09T12:21:06.670+0000] {dagbag.py:545} INFO - Filling up the DagBag from /home/vscode/.local/lib/python3.11/site-packages/airflow/example_dags/example_skip_dag.py
[2026-05-09T12:21:06.676+0000] {processor.py:840} INFO - DAG(s) 'example_skip_dag' retrieved from /home/vscode/.local/lib/python3.11/site-packages/airflow/example_dags/example_skip_dag.py
[2026-05-09T12:21:06.688+0000] {logging_mixin.py:188} INFO - [2026-05-09T12:21:06.687+0000] {dag.py:3096} INFO - Sync 1 DAGs
[2026-05-09T12:21:06.703+0000] {logging_mixin.py:188} INFO - [2026-05-09T12:21:06.703+0000] {dag.py:3954} INFO - Setting next_dagrun for example_skip_dag to 2026-05-08 00:00:00+00:00, run_after=2026-05-09 00:00:00+00:00
[2026-05-09T12:21:06.719+0000] {processor.py:183} INFO - Processing /home/vscode/.local/lib/python3.11/site-packages/airflow/example_dags/example_skip_dag.py took 0.056 seconds
