[2026-05-09T11:18:50.716+0000] {processor.py:161} INFO - Started process (PID=7155) to work on /home/vscode/.local/lib/python3.11/site-packages/airflow/example_dags/example_short_circuit_decorator.py
[2026-05-09T11:18:50.717+0000] {processor.py:830} INFO - Processing file /home/vscode/.local/lib/python3.11/site-packages/airflow/example_dags/example_short_circuit_decorator.py for tasks to queue
[2026-05-09T11:18:50.718+0000] {logging_mixin.py:188} INFO - [2026-05-09T11:18:50.718+0000] {dagbag.py:545} INFO - Filling up the DagBag from /home/vscode/.local/lib/python3.11/site-packages/airflow/example_dags/example_short_circuit_decorator.py
[2026-05-09T11:18:50.730+0000] {processor.py:840} INFO - DAG(s) 'example_short_circuit_decorator' retrieved from /home/vscode/.local/lib/python3.11/site-packages/airflow/example_dags/example_short_circuit_decorator.py
[2026-05-09T11:18:50.736+0000] {logging_mixin.py:188} INFO - [2026-05-09T11:18:50.736+0000] {dag.py:3096} INFO - Sync 1 DAGs
[2026-05-09T11:18:50.752+0000] {logging_mixin.py:188} INFO - [2026-05-09T11:18:50.752+0000] {dag.py:3954} INFO - Setting next_dagrun for example_short_circuit_decorator to 2026-05-08 00:00:00+00:00, run_after=2026-05-09 00:00:00+00:00
[2026-05-09T11:18:50.767+0000] {processor.py:183} INFO - Processing /home/vscode/.local/lib/python3.11/site-packages/airflow/example_dags/example_short_circuit_decorator.py took 0.062 seconds
[2026-05-09T11:19:50.244+0000] {processor.py:161} INFO - Started process (PID=7662) to work on /home/vscode/.local/lib/python3.11/site-packages/airflow/example_dags/example_short_circuit_decorator.py
[2026-05-09T11:19:50.245+0000] {processor.py:830} INFO - Processing file /home/vscode/.local/lib/python3.11/site-packages/airflow/example_dags/example_short_circuit_decorator.py for tasks to queue
[2026-05-09T11:19:50.246+0000] {logging_mixin.py:188} INFO - [2026-05-09T11:19:50.245+0000] {dagbag.py:545} INFO - Filling up the DagBag from /home/vscode/.local/lib/python3.11/site-packages/airflow/example_dags/example_short_circuit_decorator.py
[2026-05-09T11:19:50.253+0000] {processor.py:840} INFO - DAG(s) 'example_short_circuit_decorator' retrieved from /home/vscode/.local/lib/python3.11/site-packages/airflow/example_dags/example_short_circuit_decorator.py
[2026-05-09T11:19:50.421+0000] {logging_mixin.py:188} INFO - [2026-05-09T11:19:50.420+0000] {dag.py:3096} INFO - Sync 1 DAGs
[2026-05-09T11:19:50.431+0000] {logging_mixin.py:188} INFO - [2026-05-09T11:19:50.431+0000] {dag.py:3954} INFO - Setting next_dagrun for example_short_circuit_decorator to 2026-05-08 00:00:00+00:00, run_after=2026-05-09 00:00:00+00:00
[2026-05-09T11:19:50.447+0000] {processor.py:183} INFO - Processing /home/vscode/.local/lib/python3.11/site-packages/airflow/example_dags/example_short_circuit_decorator.py took 0.209 seconds
[2026-05-09T11:20:42.167+0000] {processor.py:161} INFO - Started process (PID=8109) to work on /home/vscode/.local/lib/python3.11/site-packages/airflow/example_dags/example_short_circuit_decorator.py
[2026-05-09T11:20:42.168+0000] {processor.py:830} INFO - Processing file /home/vscode/.local/lib/python3.11/site-packages/airflow/example_dags/example_short_circuit_decorator.py for tasks to queue
[2026-05-09T11:20:42.168+0000] {logging_mixin.py:188} INFO - [2026-05-09T11:20:42.168+0000] {dagbag.py:545} INFO - Filling up the DagBag from /home/vscode/.local/lib/python3.11/site-packages/airflow/example_dags/example_short_circuit_decorator.py
[2026-05-09T11:20:42.179+0000] {processor.py:840} INFO - DAG(s) 'example_short_circuit_decorator' retrieved from /home/vscode/.local/lib/python3.11/site-packages/airflow/example_dags/example_short_circuit_decorator.py
[2026-05-09T11:20:42.194+0000] {logging_mixin.py:188} INFO - [2026-05-09T11:20:42.194+0000] {dag.py:3096} INFO - Sync 1 DAGs
[2026-05-09T11:20:42.208+0000] {logging_mixin.py:188} INFO - [2026-05-09T11:20:42.208+0000] {dag.py:3954} INFO - Setting next_dagrun for example_short_circuit_decorator to 2026-05-08 00:00:00+00:00, run_after=2026-05-09 00:00:00+00:00
[2026-05-09T11:20:42.224+0000] {processor.py:183} INFO - Processing /home/vscode/.local/lib/python3.11/site-packages/airflow/example_dags/example_short_circuit_decorator.py took 0.063 seconds
[2026-05-09T11:21:33.587+0000] {processor.py:161} INFO - Started process (PID=8610) to work on /home/vscode/.local/lib/python3.11/site-packages/airflow/example_dags/example_short_circuit_decorator.py
[2026-05-09T11:21:33.587+0000] {processor.py:830} INFO - Processing file /home/vscode/.local/lib/python3.11/site-packages/airflow/example_dags/example_short_circuit_decorator.py for tasks to queue
[2026-05-09T11:21:33.588+0000] {logging_mixin.py:188} INFO - [2026-05-09T11:21:33.588+0000] {dagbag.py:545} INFO - Filling up the DagBag from /home/vscode/.local/lib/python3.11/site-packages/airflow/example_dags/example_short_circuit_decorator.py
[2026-05-09T11:21:33.594+0000] {processor.py:840} INFO - DAG(s) 'example_short_circuit_decorator' retrieved from /home/vscode/.local/lib/python3.11/site-packages/airflow/example_dags/example_short_circuit_decorator.py
[2026-05-09T11:21:33.607+0000] {logging_mixin.py:188} INFO - [2026-05-09T11:21:33.607+0000] {dag.py:3096} INFO - Sync 1 DAGs
[2026-05-09T11:21:33.620+0000] {logging_mixin.py:188} INFO - [2026-05-09T11:21:33.620+0000] {dag.py:3954} INFO - Setting next_dagrun for example_short_circuit_decorator to 2026-05-08 00:00:00+00:00, run_after=2026-05-09 00:00:00+00:00
[2026-05-09T11:21:33.635+0000] {processor.py:183} INFO - Processing /home/vscode/.local/lib/python3.11/site-packages/airflow/example_dags/example_short_circuit_decorator.py took 0.054 seconds
[2026-05-09T11:22:17.548+0000] {processor.py:161} INFO - Started process (PID=8994) to work on /home/vscode/.local/lib/python3.11/site-packages/airflow/example_dags/example_short_circuit_decorator.py
[2026-05-09T11:22:17.549+0000] {processor.py:830} INFO - Processing file /home/vscode/.local/lib/python3.11/site-packages/airflow/example_dags/example_short_circuit_decorator.py for tasks to queue
[2026-05-09T11:22:17.549+0000] {logging_mixin.py:188} INFO - [2026-05-09T11:22:17.549+0000] {dagbag.py:545} INFO - Filling up the DagBag from /home/vscode/.local/lib/python3.11/site-packages/airflow/example_dags/example_short_circuit_decorator.py
[2026-05-09T11:22:17.557+0000] {processor.py:840} INFO - DAG(s) 'example_short_circuit_decorator' retrieved from /home/vscode/.local/lib/python3.11/site-packages/airflow/example_dags/example_short_circuit_decorator.py
[2026-05-09T11:22:17.570+0000] {logging_mixin.py:188} INFO - [2026-05-09T11:22:17.570+0000] {dag.py:3096} INFO - Sync 1 DAGs
[2026-05-09T11:22:17.584+0000] {logging_mixin.py:188} INFO - [2026-05-09T11:22:17.584+0000] {dag.py:3954} INFO - Setting next_dagrun for example_short_circuit_decorator to 2026-05-08 00:00:00+00:00, run_after=2026-05-09 00:00:00+00:00
[2026-05-09T11:22:17.599+0000] {processor.py:183} INFO - Processing /home/vscode/.local/lib/python3.11/site-packages/airflow/example_dags/example_short_circuit_decorator.py took 0.058 seconds
[2026-05-09T11:22:54.668+0000] {processor.py:161} INFO - Started process (PID=9446) to work on /home/vscode/.local/lib/python3.11/site-packages/airflow/example_dags/example_short_circuit_decorator.py
[2026-05-09T11:22:54.669+0000] {processor.py:830} INFO - Processing file /home/vscode/.local/lib/python3.11/site-packages/airflow/example_dags/example_short_circuit_decorator.py for tasks to queue
[2026-05-09T11:22:54.669+0000] {logging_mixin.py:188} INFO - [2026-05-09T11:22:54.669+0000] {dagbag.py:545} INFO - Filling up the DagBag from /home/vscode/.local/lib/python3.11/site-packages/airflow/example_dags/example_short_circuit_decorator.py
[2026-05-09T11:22:54.677+0000] {processor.py:840} INFO - DAG(s) 'example_short_circuit_decorator' retrieved from /home/vscode/.local/lib/python3.11/site-packages/airflow/example_dags/example_short_circuit_decorator.py
[2026-05-09T11:22:54.690+0000] {logging_mixin.py:188} INFO - [2026-05-09T11:22:54.690+0000] {dag.py:3096} INFO - Sync 1 DAGs
[2026-05-09T11:22:54.705+0000] {logging_mixin.py:188} INFO - [2026-05-09T11:22:54.704+0000] {dag.py:3954} INFO - Setting next_dagrun for example_short_circuit_decorator to 2026-05-08 00:00:00+00:00, run_after=2026-05-09 00:00:00+00:00
[2026-05-09T11:22:54.722+0000] {processor.py:183} INFO - Processing /home/vscode/.local/lib/python3.11/site-packages/airflow/example_dags/example_short_circuit_decorator.py took 0.061 seconds
[2026-05-09T11:23:35.107+0000] {processor.py:161} INFO - Started process (PID=10018) to work on /home/vscode/.local/lib/python3.11/site-packages/airflow/example_dags/example_short_circuit_decorator.py
[2026-05-09T11:23:35.108+0000] {processor.py:830} INFO - Processing file /home/vscode/.local/lib/python3.11/site-packages/airflow/example_dags/example_short_circuit_decorator.py for tasks to queue
[2026-05-09T11:23:35.108+0000] {logging_mixin.py:188} INFO - [2026-05-09T11:23:35.108+0000] {dagbag.py:545} INFO - Filling up the DagBag from /home/vscode/.local/lib/python3.11/site-packages/airflow/example_dags/example_short_circuit_decorator.py
[2026-05-09T11:23:35.115+0000] {processor.py:840} INFO - DAG(s) 'example_short_circuit_decorator' retrieved from /home/vscode/.local/lib/python3.11/site-packages/airflow/example_dags/example_short_circuit_decorator.py
[2026-05-09T11:23:35.128+0000] {logging_mixin.py:188} INFO - [2026-05-09T11:23:35.128+0000] {dag.py:3096} INFO - Sync 1 DAGs
[2026-05-09T11:23:35.142+0000] {logging_mixin.py:188} INFO - [2026-05-09T11:23:35.142+0000] {dag.py:3954} INFO - Setting next_dagrun for example_short_circuit_decorator to 2026-05-08 00:00:00+00:00, run_after=2026-05-09 00:00:00+00:00
[2026-05-09T11:23:35.157+0000] {processor.py:183} INFO - Processing /home/vscode/.local/lib/python3.11/site-packages/airflow/example_dags/example_short_circuit_decorator.py took 0.056 seconds
[2026-05-09T11:24:16.967+0000] {processor.py:161} INFO - Started process (PID=10558) to work on /home/vscode/.local/lib/python3.11/site-packages/airflow/example_dags/example_short_circuit_decorator.py
[2026-05-09T11:24:16.968+0000] {processor.py:830} INFO - Processing file /home/vscode/.local/lib/python3.11/site-packages/airflow/example_dags/example_short_circuit_decorator.py for tasks to queue
[2026-05-09T11:24:16.969+0000] {logging_mixin.py:188} INFO - [2026-05-09T11:24:16.968+0000] {dagbag.py:545} INFO - Filling up the DagBag from /home/vscode/.local/lib/python3.11/site-packages/airflow/example_dags/example_short_circuit_decorator.py
[2026-05-09T11:24:16.975+0000] {processor.py:840} INFO - DAG(s) 'example_short_circuit_decorator' retrieved from /home/vscode/.local/lib/python3.11/site-packages/airflow/example_dags/example_short_circuit_decorator.py
[2026-05-09T11:24:16.988+0000] {logging_mixin.py:188} INFO - [2026-05-09T11:24:16.988+0000] {dag.py:3096} INFO - Sync 1 DAGs
[2026-05-09T11:24:17.001+0000] {logging_mixin.py:188} INFO - [2026-05-09T11:24:17.001+0000] {dag.py:3954} INFO - Setting next_dagrun for example_short_circuit_decorator to 2026-05-08 00:00:00+00:00, run_after=2026-05-09 00:00:00+00:00
[2026-05-09T11:24:17.017+0000] {processor.py:183} INFO - Processing /home/vscode/.local/lib/python3.11/site-packages/airflow/example_dags/example_short_circuit_decorator.py took 0.056 seconds
[2026-05-09T11:25:13.930+0000] {processor.py:161} INFO - Started process (PID=11265) to work on /home/vscode/.local/lib/python3.11/site-packages/airflow/example_dags/example_short_circuit_decorator.py
[2026-05-09T11:25:13.930+0000] {processor.py:830} INFO - Processing file /home/vscode/.local/lib/python3.11/site-packages/airflow/example_dags/example_short_circuit_decorator.py for tasks to queue
[2026-05-09T11:25:13.931+0000] {logging_mixin.py:188} INFO - [2026-05-09T11:25:13.931+0000] {dagbag.py:545} INFO - Filling up the DagBag from /home/vscode/.local/lib/python3.11/site-packages/airflow/example_dags/example_short_circuit_decorator.py
[2026-05-09T11:25:13.938+0000] {processor.py:840} INFO - DAG(s) 'example_short_circuit_decorator' retrieved from /home/vscode/.local/lib/python3.11/site-packages/airflow/example_dags/example_short_circuit_decorator.py
[2026-05-09T11:25:13.950+0000] {logging_mixin.py:188} INFO - [2026-05-09T11:25:13.950+0000] {dag.py:3096} INFO - Sync 1 DAGs
[2026-05-09T11:25:13.963+0000] {logging_mixin.py:188} INFO - [2026-05-09T11:25:13.963+0000] {dag.py:3954} INFO - Setting next_dagrun for example_short_circuit_decorator to 2026-05-08 00:00:00+00:00, run_after=2026-05-09 00:00:00+00:00
[2026-05-09T11:25:13.978+0000] {processor.py:183} INFO - Processing /home/vscode/.local/lib/python3.11/site-packages/airflow/example_dags/example_short_circuit_decorator.py took 0.055 seconds
[2026-05-09T11:25:54.885+0000] {processor.py:161} INFO - Started process (PID=11601) to work on /home/vscode/.local/lib/python3.11/site-packages/airflow/example_dags/example_short_circuit_decorator.py
[2026-05-09T11:25:54.885+0000] {processor.py:830} INFO - Processing file /home/vscode/.local/lib/python3.11/site-packages/airflow/example_dags/example_short_circuit_decorator.py for tasks to queue
[2026-05-09T11:25:54.886+0000] {logging_mixin.py:188} INFO - [2026-05-09T11:25:54.886+0000] {dagbag.py:545} INFO - Filling up the DagBag from /home/vscode/.local/lib/python3.11/site-packages/airflow/example_dags/example_short_circuit_decorator.py
[2026-05-09T11:25:54.893+0000] {processor.py:840} INFO - DAG(s) 'example_short_circuit_decorator' retrieved from /home/vscode/.local/lib/python3.11/site-packages/airflow/example_dags/example_short_circuit_decorator.py
[2026-05-09T11:25:54.905+0000] {logging_mixin.py:188} INFO - [2026-05-09T11:25:54.905+0000] {dag.py:3096} INFO - Sync 1 DAGs
[2026-05-09T11:25:54.919+0000] {logging_mixin.py:188} INFO - [2026-05-09T11:25:54.919+0000] {dag.py:3954} INFO - Setting next_dagrun for example_short_circuit_decorator to 2026-05-08 00:00:00+00:00, run_after=2026-05-09 00:00:00+00:00
[2026-05-09T11:25:54.934+0000] {processor.py:183} INFO - Processing /home/vscode/.local/lib/python3.11/site-packages/airflow/example_dags/example_short_circuit_decorator.py took 0.056 seconds
[2026-05-09T11:26:35.157+0000] {processor.py:161} INFO - Started process (PID=12044) to work on /home/vscode/.local/lib/python3.11/site-packages/airflow/example_dags/example_short_circuit_decorator.py
[2026-05-09T11:26:35.157+0000] {processor.py:830} INFO - Processing file /home/vscode/.local/lib/python3.11/site-packages/airflow/example_dags/example_short_circuit_decorator.py for tasks to queue
[2026-05-09T11:26:35.158+0000] {logging_mixin.py:188} INFO - [2026-05-09T11:26:35.158+0000] {dagbag.py:545} INFO - Filling up the DagBag from /home/vscode/.local/lib/python3.11/site-packages/airflow/example_dags/example_short_circuit_decorator.py
[2026-05-09T11:26:35.165+0000] {processor.py:840} INFO - DAG(s) 'example_short_circuit_decorator' retrieved from /home/vscode/.local/lib/python3.11/site-packages/airflow/example_dags/example_short_circuit_decorator.py
[2026-05-09T11:26:35.178+0000] {logging_mixin.py:188} INFO - [2026-05-09T11:26:35.178+0000] {dag.py:3096} INFO - Sync 1 DAGs
[2026-05-09T11:26:35.193+0000] {logging_mixin.py:188} INFO - [2026-05-09T11:26:35.193+0000] {dag.py:3954} INFO - Setting next_dagrun for example_short_circuit_decorator to 2026-05-08 00:00:00+00:00, run_after=2026-05-09 00:00:00+00:00
[2026-05-09T11:26:35.208+0000] {processor.py:183} INFO - Processing /home/vscode/.local/lib/python3.11/site-packages/airflow/example_dags/example_short_circuit_decorator.py took 0.058 seconds
[2026-05-09T11:27:15.670+0000] {processor.py:161} INFO - Started process (PID=12481) to work on /home/vscode/.local/lib/python3.11/site-packages/airflow/example_dags/example_short_circuit_decorator.py
[2026-05-09T11:27:15.671+0000] {processor.py:830} INFO - Processing file /home/vscode/.local/lib/python3.11/site-packages/airflow/example_dags/example_short_circuit_decorator.py for tasks to queue
[2026-05-09T11:27:15.671+0000] {logging_mixin.py:188} INFO - [2026-05-09T11:27:15.671+0000] {dagbag.py:545} INFO - Filling up the DagBag from /home/vscode/.local/lib/python3.11/site-packages/airflow/example_dags/example_short_circuit_decorator.py
[2026-05-09T11:27:15.679+0000] {processor.py:840} INFO - DAG(s) 'example_short_circuit_decorator' retrieved from /home/vscode/.local/lib/python3.11/site-packages/airflow/example_dags/example_short_circuit_decorator.py
[2026-05-09T11:27:15.694+0000] {logging_mixin.py:188} INFO - [2026-05-09T11:27:15.694+0000] {dag.py:3096} INFO - Sync 1 DAGs
[2026-05-09T11:27:15.708+0000] {logging_mixin.py:188} INFO - [2026-05-09T11:27:15.708+0000] {dag.py:3954} INFO - Setting next_dagrun for example_short_circuit_decorator to 2026-05-08 00:00:00+00:00, run_after=2026-05-09 00:00:00+00:00
[2026-05-09T11:27:15.724+0000] {processor.py:183} INFO - Processing /home/vscode/.local/lib/python3.11/site-packages/airflow/example_dags/example_short_circuit_decorator.py took 0.060 seconds
[2026-05-09T11:27:55.634+0000] {processor.py:161} INFO - Started process (PID=12982) to work on /home/vscode/.local/lib/python3.11/site-packages/airflow/example_dags/example_short_circuit_decorator.py
[2026-05-09T11:27:55.634+0000] {processor.py:830} INFO - Processing file /home/vscode/.local/lib/python3.11/site-packages/airflow/example_dags/example_short_circuit_decorator.py for tasks to queue
[2026-05-09T11:27:55.635+0000] {logging_mixin.py:188} INFO - [2026-05-09T11:27:55.634+0000] {dagbag.py:545} INFO - Filling up the DagBag from /home/vscode/.local/lib/python3.11/site-packages/airflow/example_dags/example_short_circuit_decorator.py
[2026-05-09T11:27:55.641+0000] {processor.py:840} INFO - DAG(s) 'example_short_circuit_decorator' retrieved from /home/vscode/.local/lib/python3.11/site-packages/airflow/example_dags/example_short_circuit_decorator.py
[2026-05-09T11:27:55.654+0000] {logging_mixin.py:188} INFO - [2026-05-09T11:27:55.654+0000] {dag.py:3096} INFO - Sync 1 DAGs
[2026-05-09T11:27:55.668+0000] {logging_mixin.py:188} INFO - [2026-05-09T11:27:55.667+0000] {dag.py:3954} INFO - Setting next_dagrun for example_short_circuit_decorator to 2026-05-08 00:00:00+00:00, run_after=2026-05-09 00:00:00+00:00
[2026-05-09T11:27:55.686+0000] {processor.py:183} INFO - Processing /home/vscode/.local/lib/python3.11/site-packages/airflow/example_dags/example_short_circuit_decorator.py took 0.059 seconds
[2026-05-09T11:28:35.817+0000] {processor.py:161} INFO - Started process (PID=13491) to work on /home/vscode/.local/lib/python3.11/site-packages/airflow/example_dags/example_short_circuit_decorator.py
[2026-05-09T11:28:35.817+0000] {processor.py:830} INFO - Processing file /home/vscode/.local/lib/python3.11/site-packages/airflow/example_dags/example_short_circuit_decorator.py for tasks to queue
[2026-05-09T11:28:35.818+0000] {logging_mixin.py:188} INFO - [2026-05-09T11:28:35.818+0000] {dagbag.py:545} INFO - Filling up the DagBag from /home/vscode/.local/lib/python3.11/site-packages/airflow/example_dags/example_short_circuit_decorator.py
[2026-05-09T11:28:35.825+0000] {processor.py:840} INFO - DAG(s) 'example_short_circuit_decorator' retrieved from /home/vscode/.local/lib/python3.11/site-packages/airflow/example_dags/example_short_circuit_decorator.py
[2026-05-09T11:28:35.838+0000] {logging_mixin.py:188} INFO - [2026-05-09T11:28:35.838+0000] {dag.py:3096} INFO - Sync 1 DAGs
[2026-05-09T11:28:35.854+0000] {logging_mixin.py:188} INFO - [2026-05-09T11:28:35.853+0000] {dag.py:3954} INFO - Setting next_dagrun for example_short_circuit_decorator to 2026-05-08 00:00:00+00:00, run_after=2026-05-09 00:00:00+00:00
[2026-05-09T11:28:35.869+0000] {processor.py:183} INFO - Processing /home/vscode/.local/lib/python3.11/site-packages/airflow/example_dags/example_short_circuit_decorator.py took 0.059 seconds
[2026-05-09T11:29:15.803+0000] {processor.py:161} INFO - Started process (PID=13860) to work on /home/vscode/.local/lib/python3.11/site-packages/airflow/example_dags/example_short_circuit_decorator.py
[2026-05-09T11:29:15.803+0000] {processor.py:830} INFO - Processing file /home/vscode/.local/lib/python3.11/site-packages/airflow/example_dags/example_short_circuit_decorator.py for tasks to queue
[2026-05-09T11:29:15.804+0000] {logging_mixin.py:188} INFO - [2026-05-09T11:29:15.804+0000] {dagbag.py:545} INFO - Filling up the DagBag from /home/vscode/.local/lib/python3.11/site-packages/airflow/example_dags/example_short_circuit_decorator.py
[2026-05-09T11:29:15.811+0000] {processor.py:840} INFO - DAG(s) 'example_short_circuit_decorator' retrieved from /home/vscode/.local/lib/python3.11/site-packages/airflow/example_dags/example_short_circuit_decorator.py
[2026-05-09T11:29:15.824+0000] {logging_mixin.py:188} INFO - [2026-05-09T11:29:15.824+0000] {dag.py:3096} INFO - Sync 1 DAGs
[2026-05-09T11:29:15.839+0000] {logging_mixin.py:188} INFO - [2026-05-09T11:29:15.839+0000] {dag.py:3954} INFO - Setting next_dagrun for example_short_circuit_decorator to 2026-05-08 00:00:00+00:00, run_after=2026-05-09 00:00:00+00:00
[2026-05-09T11:29:15.856+0000] {processor.py:183} INFO - Processing /home/vscode/.local/lib/python3.11/site-packages/airflow/example_dags/example_short_circuit_decorator.py took 0.062 seconds
[2026-05-09T11:30:00.531+0000] {processor.py:161} INFO - Started process (PID=14267) to work on /home/vscode/.local/lib/python3.11/site-packages/airflow/example_dags/example_short_circuit_decorator.py
[2026-05-09T11:30:00.532+0000] {processor.py:830} INFO - Processing file /home/vscode/.local/lib/python3.11/site-packages/airflow/example_dags/example_short_circuit_decorator.py for tasks to queue
[2026-05-09T11:30:00.532+0000] {logging_mixin.py:188} INFO - [2026-05-09T11:30:00.532+0000] {dagbag.py:545} INFO - Filling up the DagBag from /home/vscode/.local/lib/python3.11/site-packages/airflow/example_dags/example_short_circuit_decorator.py
[2026-05-09T11:30:00.546+0000] {processor.py:840} INFO - DAG(s) 'example_short_circuit_decorator' retrieved from /home/vscode/.local/lib/python3.11/site-packages/airflow/example_dags/example_short_circuit_decorator.py
[2026-05-09T11:30:00.567+0000] {logging_mixin.py:188} INFO - [2026-05-09T11:30:00.567+0000] {dag.py:3096} INFO - Sync 1 DAGs
[2026-05-09T11:30:00.581+0000] {logging_mixin.py:188} INFO - [2026-05-09T11:30:00.581+0000] {dag.py:3954} INFO - Setting next_dagrun for example_short_circuit_decorator to 2026-05-08 00:00:00+00:00, run_after=2026-05-09 00:00:00+00:00
[2026-05-09T11:30:00.597+0000] {processor.py:183} INFO - Processing /home/vscode/.local/lib/python3.11/site-packages/airflow/example_dags/example_short_circuit_decorator.py took 0.079 seconds
[2026-05-09T11:30:42.209+0000] {processor.py:161} INFO - Started process (PID=14811) to work on /home/vscode/.local/lib/python3.11/site-packages/airflow/example_dags/example_short_circuit_decorator.py
[2026-05-09T11:30:42.210+0000] {processor.py:830} INFO - Processing file /home/vscode/.local/lib/python3.11/site-packages/airflow/example_dags/example_short_circuit_decorator.py for tasks to queue
[2026-05-09T11:30:42.211+0000] {logging_mixin.py:188} INFO - [2026-05-09T11:30:42.210+0000] {dagbag.py:545} INFO - Filling up the DagBag from /home/vscode/.local/lib/python3.11/site-packages/airflow/example_dags/example_short_circuit_decorator.py
[2026-05-09T11:30:42.221+0000] {processor.py:840} INFO - DAG(s) 'example_short_circuit_decorator' retrieved from /home/vscode/.local/lib/python3.11/site-packages/airflow/example_dags/example_short_circuit_decorator.py
[2026-05-09T11:30:42.266+0000] {logging_mixin.py:188} INFO - [2026-05-09T11:30:42.266+0000] {dag.py:3096} INFO - Sync 1 DAGs
[2026-05-09T11:30:42.305+0000] {logging_mixin.py:188} INFO - [2026-05-09T11:30:42.305+0000] {dag.py:3954} INFO - Setting next_dagrun for example_short_circuit_decorator to 2026-05-08 00:00:00+00:00, run_after=2026-05-09 00:00:00+00:00
[2026-05-09T11:30:42.322+0000] {processor.py:183} INFO - Processing /home/vscode/.local/lib/python3.11/site-packages/airflow/example_dags/example_short_circuit_decorator.py took 0.125 seconds
[2026-05-09T11:31:43.196+0000] {processor.py:161} INFO - Started process (PID=15563) to work on /home/vscode/.local/lib/python3.11/site-packages/airflow/example_dags/example_short_circuit_decorator.py
[2026-05-09T11:31:43.197+0000] {processor.py:830} INFO - Processing file /home/vscode/.local/lib/python3.11/site-packages/airflow/example_dags/example_short_circuit_decorator.py for tasks to queue
[2026-05-09T11:31:43.197+0000] {logging_mixin.py:188} INFO - [2026-05-09T11:31:43.197+0000] {dagbag.py:545} INFO - Filling up the DagBag from /home/vscode/.local/lib/python3.11/site-packages/airflow/example_dags/example_short_circuit_decorator.py
[2026-05-09T11:31:43.205+0000] {processor.py:840} INFO - DAG(s) 'example_short_circuit_decorator' retrieved from /home/vscode/.local/lib/python3.11/site-packages/airflow/example_dags/example_short_circuit_decorator.py
[2026-05-09T11:31:43.219+0000] {logging_mixin.py:188} INFO - [2026-05-09T11:31:43.219+0000] {dag.py:3096} INFO - Sync 1 DAGs
[2026-05-09T11:31:43.237+0000] {logging_mixin.py:188} INFO - [2026-05-09T11:31:43.237+0000] {dag.py:3954} INFO - Setting next_dagrun for example_short_circuit_decorator to 2026-05-08 00:00:00+00:00, run_after=2026-05-09 00:00:00+00:00
[2026-05-09T11:31:43.280+0000] {processor.py:183} INFO - Processing /home/vscode/.local/lib/python3.11/site-packages/airflow/example_dags/example_short_circuit_decorator.py took 0.091 seconds
[2026-05-09T11:32:29.654+0000] {processor.py:161} INFO - Started process (PID=15896) to work on /home/vscode/.local/lib/python3.11/site-packages/airflow/example_dags/example_short_circuit_decorator.py
[2026-05-09T11:32:29.654+0000] {processor.py:830} INFO - Processing file /home/vscode/.local/lib/python3.11/site-packages/airflow/example_dags/example_short_circuit_decorator.py for tasks to queue
[2026-05-09T11:32:29.655+0000] {logging_mixin.py:188} INFO - [2026-05-09T11:32:29.655+0000] {dagbag.py:545} INFO - Filling up the DagBag from /home/vscode/.local/lib/python3.11/site-packages/airflow/example_dags/example_short_circuit_decorator.py
[2026-05-09T11:32:29.662+0000] {processor.py:840} INFO - DAG(s) 'example_short_circuit_decorator' retrieved from /home/vscode/.local/lib/python3.11/site-packages/airflow/example_dags/example_short_circuit_decorator.py
[2026-05-09T11:32:29.677+0000] {logging_mixin.py:188} INFO - [2026-05-09T11:32:29.676+0000] {dag.py:3096} INFO - Sync 1 DAGs
[2026-05-09T11:32:29.694+0000] {logging_mixin.py:188} INFO - [2026-05-09T11:32:29.694+0000] {dag.py:3954} INFO - Setting next_dagrun for example_short_circuit_decorator to 2026-05-08 00:00:00+00:00, run_after=2026-05-09 00:00:00+00:00
[2026-05-09T11:32:29.710+0000] {processor.py:183} INFO - Processing /home/vscode/.local/lib/python3.11/site-packages/airflow/example_dags/example_short_circuit_decorator.py took 0.065 seconds
[2026-05-09T11:33:11.321+0000] {processor.py:161} INFO - Started process (PID=16263) to work on /home/vscode/.local/lib/python3.11/site-packages/airflow/example_dags/example_short_circuit_decorator.py
[2026-05-09T11:33:11.322+0000] {processor.py:830} INFO - Processing file /home/vscode/.local/lib/python3.11/site-packages/airflow/example_dags/example_short_circuit_decorator.py for tasks to queue
[2026-05-09T11:33:11.322+0000] {logging_mixin.py:188} INFO - [2026-05-09T11:33:11.322+0000] {dagbag.py:545} INFO - Filling up the DagBag from /home/vscode/.local/lib/python3.11/site-packages/airflow/example_dags/example_short_circuit_decorator.py
[2026-05-09T11:33:11.330+0000] {processor.py:840} INFO - DAG(s) 'example_short_circuit_decorator' retrieved from /home/vscode/.local/lib/python3.11/site-packages/airflow/example_dags/example_short_circuit_decorator.py
[2026-05-09T11:33:11.345+0000] {logging_mixin.py:188} INFO - [2026-05-09T11:33:11.344+0000] {dag.py:3096} INFO - Sync 1 DAGs
[2026-05-09T11:33:11.364+0000] {logging_mixin.py:188} INFO - [2026-05-09T11:33:11.364+0000] {dag.py:3954} INFO - Setting next_dagrun for example_short_circuit_decorator to 2026-05-08 00:00:00+00:00, run_after=2026-05-09 00:00:00+00:00
[2026-05-09T11:33:11.386+0000] {processor.py:183} INFO - Processing /home/vscode/.local/lib/python3.11/site-packages/airflow/example_dags/example_short_circuit_decorator.py took 0.072 seconds
[2026-05-09T11:33:53.860+0000] {processor.py:161} INFO - Started process (PID=16697) to work on /home/vscode/.local/lib/python3.11/site-packages/airflow/example_dags/example_short_circuit_decorator.py
[2026-05-09T11:33:53.861+0000] {processor.py:830} INFO - Processing file /home/vscode/.local/lib/python3.11/site-packages/airflow/example_dags/example_short_circuit_decorator.py for tasks to queue
[2026-05-09T11:33:53.861+0000] {logging_mixin.py:188} INFO - [2026-05-09T11:33:53.861+0000] {dagbag.py:545} INFO - Filling up the DagBag from /home/vscode/.local/lib/python3.11/site-packages/airflow/example_dags/example_short_circuit_decorator.py
[2026-05-09T11:33:53.868+0000] {processor.py:840} INFO - DAG(s) 'example_short_circuit_decorator' retrieved from /home/vscode/.local/lib/python3.11/site-packages/airflow/example_dags/example_short_circuit_decorator.py
[2026-05-09T11:33:53.881+0000] {logging_mixin.py:188} INFO - [2026-05-09T11:33:53.881+0000] {dag.py:3096} INFO - Sync 1 DAGs
[2026-05-09T11:33:53.895+0000] {logging_mixin.py:188} INFO - [2026-05-09T11:33:53.895+0000] {dag.py:3954} INFO - Setting next_dagrun for example_short_circuit_decorator to 2026-05-08 00:00:00+00:00, run_after=2026-05-09 00:00:00+00:00
[2026-05-09T11:33:53.911+0000] {processor.py:183} INFO - Processing /home/vscode/.local/lib/python3.11/site-packages/airflow/example_dags/example_short_circuit_decorator.py took 0.057 seconds
[2026-05-09T11:34:35.553+0000] {processor.py:161} INFO - Started process (PID=17078) to work on /home/vscode/.local/lib/python3.11/site-packages/airflow/example_dags/example_short_circuit_decorator.py
[2026-05-09T11:34:35.554+0000] {processor.py:830} INFO - Processing file /home/vscode/.local/lib/python3.11/site-packages/airflow/example_dags/example_short_circuit_decorator.py for tasks to queue
[2026-05-09T11:34:35.554+0000] {logging_mixin.py:188} INFO - [2026-05-09T11:34:35.554+0000] {dagbag.py:545} INFO - Filling up the DagBag from /home/vscode/.local/lib/python3.11/site-packages/airflow/example_dags/example_short_circuit_decorator.py
[2026-05-09T11:34:35.562+0000] {processor.py:840} INFO - DAG(s) 'example_short_circuit_decorator' retrieved from /home/vscode/.local/lib/python3.11/site-packages/airflow/example_dags/example_short_circuit_decorator.py
[2026-05-09T11:34:35.575+0000] {logging_mixin.py:188} INFO - [2026-05-09T11:34:35.575+0000] {dag.py:3096} INFO - Sync 1 DAGs
[2026-05-09T11:34:35.590+0000] {logging_mixin.py:188} INFO - [2026-05-09T11:34:35.590+0000] {dag.py:3954} INFO - Setting next_dagrun for example_short_circuit_decorator to 2026-05-08 00:00:00+00:00, run_after=2026-05-09 00:00:00+00:00
[2026-05-09T11:34:35.605+0000] {processor.py:183} INFO - Processing /home/vscode/.local/lib/python3.11/site-packages/airflow/example_dags/example_short_circuit_decorator.py took 0.059 seconds
[2026-05-09T11:35:16.152+0000] {processor.py:161} INFO - Started process (PID=17376) to work on /home/vscode/.local/lib/python3.11/site-packages/airflow/example_dags/example_short_circuit_decorator.py
[2026-05-09T11:35:16.153+0000] {processor.py:830} INFO - Processing file /home/vscode/.local/lib/python3.11/site-packages/airflow/example_dags/example_short_circuit_decorator.py for tasks to queue
[2026-05-09T11:35:16.154+0000] {logging_mixin.py:188} INFO - [2026-05-09T11:35:16.153+0000] {dagbag.py:545} INFO - Filling up the DagBag from /home/vscode/.local/lib/python3.11/site-packages/airflow/example_dags/example_short_circuit_decorator.py
[2026-05-09T11:35:16.162+0000] {processor.py:840} INFO - DAG(s) 'example_short_circuit_decorator' retrieved from /home/vscode/.local/lib/python3.11/site-packages/airflow/example_dags/example_short_circuit_decorator.py
[2026-05-09T11:35:16.176+0000] {logging_mixin.py:188} INFO - [2026-05-09T11:35:16.176+0000] {dag.py:3096} INFO - Sync 1 DAGs
[2026-05-09T11:35:16.191+0000] {logging_mixin.py:188} INFO - [2026-05-09T11:35:16.190+0000] {dag.py:3954} INFO - Setting next_dagrun for example_short_circuit_decorator to 2026-05-08 00:00:00+00:00, run_after=2026-05-09 00:00:00+00:00
[2026-05-09T11:35:16.207+0000] {processor.py:183} INFO - Processing /home/vscode/.local/lib/python3.11/site-packages/airflow/example_dags/example_short_circuit_decorator.py took 0.066 seconds
[2026-05-09T11:36:13.987+0000] {processor.py:161} INFO - Started process (PID=17866) to work on /home/vscode/.local/lib/python3.11/site-packages/airflow/example_dags/example_short_circuit_decorator.py
[2026-05-09T11:36:13.990+0000] {processor.py:830} INFO - Processing file /home/vscode/.local/lib/python3.11/site-packages/airflow/example_dags/example_short_circuit_decorator.py for tasks to queue
[2026-05-09T11:36:13.991+0000] {logging_mixin.py:188} INFO - [2026-05-09T11:36:13.990+0000] {dagbag.py:545} INFO - Filling up the DagBag from /home/vscode/.local/lib/python3.11/site-packages/airflow/example_dags/example_short_circuit_decorator.py
[2026-05-09T11:36:14.008+0000] {processor.py:840} INFO - DAG(s) 'example_short_circuit_decorator' retrieved from /home/vscode/.local/lib/python3.11/site-packages/airflow/example_dags/example_short_circuit_decorator.py
[2026-05-09T11:36:14.030+0000] {logging_mixin.py:188} INFO - [2026-05-09T11:36:14.030+0000] {dag.py:3096} INFO - Sync 1 DAGs
[2026-05-09T11:36:14.046+0000] {logging_mixin.py:188} INFO - [2026-05-09T11:36:14.046+0000] {dag.py:3954} INFO - Setting next_dagrun for example_short_circuit_decorator to 2026-05-08 00:00:00+00:00, run_after=2026-05-09 00:00:00+00:00
[2026-05-09T11:36:14.067+0000] {processor.py:183} INFO - Processing /home/vscode/.local/lib/python3.11/site-packages/airflow/example_dags/example_short_circuit_decorator.py took 0.091 seconds
[2026-05-09T11:36:55.185+0000] {processor.py:161} INFO - Started process (PID=18231) to work on /home/vscode/.local/lib/python3.11/site-packages/airflow/example_dags/example_short_circuit_decorator.py
[2026-05-09T11:36:55.186+0000] {processor.py:830} INFO - Processing file /home/vscode/.local/lib/python3.11/site-packages/airflow/example_dags/example_short_circuit_decorator.py for tasks to queue
[2026-05-09T11:36:55.186+0000] {logging_mixin.py:188} INFO - [2026-05-09T11:36:55.186+0000] {dagbag.py:545} INFO - Filling up the DagBag from /home/vscode/.local/lib/python3.11/site-packages/airflow/example_dags/example_short_circuit_decorator.py
[2026-05-09T11:36:55.194+0000] {processor.py:840} INFO - DAG(s) 'example_short_circuit_decorator' retrieved from /home/vscode/.local/lib/python3.11/site-packages/airflow/example_dags/example_short_circuit_decorator.py
[2026-05-09T11:36:55.208+0000] {logging_mixin.py:188} INFO - [2026-05-09T11:36:55.208+0000] {dag.py:3096} INFO - Sync 1 DAGs
[2026-05-09T11:36:55.223+0000] {logging_mixin.py:188} INFO - [2026-05-09T11:36:55.223+0000] {dag.py:3954} INFO - Setting next_dagrun for example_short_circuit_decorator to 2026-05-08 00:00:00+00:00, run_after=2026-05-09 00:00:00+00:00
[2026-05-09T11:36:55.241+0000] {processor.py:183} INFO - Processing /home/vscode/.local/lib/python3.11/site-packages/airflow/example_dags/example_short_circuit_decorator.py took 0.063 seconds
[2026-05-09T11:37:36.373+0000] {processor.py:161} INFO - Started process (PID=18758) to work on /home/vscode/.local/lib/python3.11/site-packages/airflow/example_dags/example_short_circuit_decorator.py
[2026-05-09T11:37:36.374+0000] {processor.py:830} INFO - Processing file /home/vscode/.local/lib/python3.11/site-packages/airflow/example_dags/example_short_circuit_decorator.py for tasks to queue
[2026-05-09T11:37:36.375+0000] {logging_mixin.py:188} INFO - [2026-05-09T11:37:36.374+0000] {dagbag.py:545} INFO - Filling up the DagBag from /home/vscode/.local/lib/python3.11/site-packages/airflow/example_dags/example_short_circuit_decorator.py
[2026-05-09T11:37:36.381+0000] {processor.py:840} INFO - DAG(s) 'example_short_circuit_decorator' retrieved from /home/vscode/.local/lib/python3.11/site-packages/airflow/example_dags/example_short_circuit_decorator.py
[2026-05-09T11:37:36.394+0000] {logging_mixin.py:188} INFO - [2026-05-09T11:37:36.394+0000] {dag.py:3096} INFO - Sync 1 DAGs
[2026-05-09T11:37:36.408+0000] {logging_mixin.py:188} INFO - [2026-05-09T11:37:36.408+0000] {dag.py:3954} INFO - Setting next_dagrun for example_short_circuit_decorator to 2026-05-08 00:00:00+00:00, run_after=2026-05-09 00:00:00+00:00
[2026-05-09T11:37:36.423+0000] {processor.py:183} INFO - Processing /home/vscode/.local/lib/python3.11/site-packages/airflow/example_dags/example_short_circuit_decorator.py took 0.056 seconds
[2026-05-09T11:38:17.468+0000] {processor.py:161} INFO - Started process (PID=19282) to work on /home/vscode/.local/lib/python3.11/site-packages/airflow/example_dags/example_short_circuit_decorator.py
[2026-05-09T11:38:17.469+0000] {processor.py:830} INFO - Processing file /home/vscode/.local/lib/python3.11/site-packages/airflow/example_dags/example_short_circuit_decorator.py for tasks to queue
[2026-05-09T11:38:17.470+0000] {logging_mixin.py:188} INFO - [2026-05-09T11:38:17.470+0000] {dagbag.py:545} INFO - Filling up the DagBag from /home/vscode/.local/lib/python3.11/site-packages/airflow/example_dags/example_short_circuit_decorator.py
[2026-05-09T11:38:17.481+0000] {processor.py:840} INFO - DAG(s) 'example_short_circuit_decorator' retrieved from /home/vscode/.local/lib/python3.11/site-packages/airflow/example_dags/example_short_circuit_decorator.py
[2026-05-09T11:38:17.502+0000] {logging_mixin.py:188} INFO - [2026-05-09T11:38:17.502+0000] {dag.py:3096} INFO - Sync 1 DAGs
[2026-05-09T11:38:17.526+0000] {logging_mixin.py:188} INFO - [2026-05-09T11:38:17.526+0000] {dag.py:3954} INFO - Setting next_dagrun for example_short_circuit_decorator to 2026-05-08 00:00:00+00:00, run_after=2026-05-09 00:00:00+00:00
[2026-05-09T11:38:17.573+0000] {processor.py:183} INFO - Processing /home/vscode/.local/lib/python3.11/site-packages/airflow/example_dags/example_short_circuit_decorator.py took 0.114 seconds
[2026-05-09T11:38:58.267+0000] {processor.py:161} INFO - Started process (PID=19688) to work on /home/vscode/.local/lib/python3.11/site-packages/airflow/example_dags/example_short_circuit_decorator.py
[2026-05-09T11:38:58.268+0000] {processor.py:830} INFO - Processing file /home/vscode/.local/lib/python3.11/site-packages/airflow/example_dags/example_short_circuit_decorator.py for tasks to queue
[2026-05-09T11:38:58.268+0000] {logging_mixin.py:188} INFO - [2026-05-09T11:38:58.268+0000] {dagbag.py:545} INFO - Filling up the DagBag from /home/vscode/.local/lib/python3.11/site-packages/airflow/example_dags/example_short_circuit_decorator.py
[2026-05-09T11:38:58.276+0000] {processor.py:840} INFO - DAG(s) 'example_short_circuit_decorator' retrieved from /home/vscode/.local/lib/python3.11/site-packages/airflow/example_dags/example_short_circuit_decorator.py
[2026-05-09T11:38:58.289+0000] {logging_mixin.py:188} INFO - [2026-05-09T11:38:58.289+0000] {dag.py:3096} INFO - Sync 1 DAGs
[2026-05-09T11:38:58.303+0000] {logging_mixin.py:188} INFO - [2026-05-09T11:38:58.303+0000] {dag.py:3954} INFO - Setting next_dagrun for example_short_circuit_decorator to 2026-05-08 00:00:00+00:00, run_after=2026-05-09 00:00:00+00:00
[2026-05-09T11:38:58.319+0000] {processor.py:183} INFO - Processing /home/vscode/.local/lib/python3.11/site-packages/airflow/example_dags/example_short_circuit_decorator.py took 0.058 seconds
[2026-05-09T11:39:59.045+0000] {processor.py:161} INFO - Started process (PID=20461) to work on /home/vscode/.local/lib/python3.11/site-packages/airflow/example_dags/example_short_circuit_decorator.py
[2026-05-09T11:39:59.046+0000] {processor.py:830} INFO - Processing file /home/vscode/.local/lib/python3.11/site-packages/airflow/example_dags/example_short_circuit_decorator.py for tasks to queue
[2026-05-09T11:39:59.046+0000] {logging_mixin.py:188} INFO - [2026-05-09T11:39:59.046+0000] {dagbag.py:545} INFO - Filling up the DagBag from /home/vscode/.local/lib/python3.11/site-packages/airflow/example_dags/example_short_circuit_decorator.py
[2026-05-09T11:39:59.053+0000] {processor.py:840} INFO - DAG(s) 'example_short_circuit_decorator' retrieved from /home/vscode/.local/lib/python3.11/site-packages/airflow/example_dags/example_short_circuit_decorator.py
[2026-05-09T11:39:59.068+0000] {logging_mixin.py:188} INFO - [2026-05-09T11:39:59.068+0000] {dag.py:3096} INFO - Sync 1 DAGs
[2026-05-09T11:39:59.082+0000] {logging_mixin.py:188} INFO - [2026-05-09T11:39:59.082+0000] {dag.py:3954} INFO - Setting next_dagrun for example_short_circuit_decorator to 2026-05-08 00:00:00+00:00, run_after=2026-05-09 00:00:00+00:00
[2026-05-09T11:39:59.097+0000] {processor.py:183} INFO - Processing /home/vscode/.local/lib/python3.11/site-packages/airflow/example_dags/example_short_circuit_decorator.py took 0.058 seconds
[2026-05-09T11:40:40.707+0000] {processor.py:161} INFO - Started process (PID=20801) to work on /home/vscode/.local/lib/python3.11/site-packages/airflow/example_dags/example_short_circuit_decorator.py
[2026-05-09T11:40:40.707+0000] {processor.py:830} INFO - Processing file /home/vscode/.local/lib/python3.11/site-packages/airflow/example_dags/example_short_circuit_decorator.py for tasks to queue
[2026-05-09T11:40:40.708+0000] {logging_mixin.py:188} INFO - [2026-05-09T11:40:40.708+0000] {dagbag.py:545} INFO - Filling up the DagBag from /home/vscode/.local/lib/python3.11/site-packages/airflow/example_dags/example_short_circuit_decorator.py
[2026-05-09T11:40:40.715+0000] {processor.py:840} INFO - DAG(s) 'example_short_circuit_decorator' retrieved from /home/vscode/.local/lib/python3.11/site-packages/airflow/example_dags/example_short_circuit_decorator.py
[2026-05-09T11:40:40.728+0000] {logging_mixin.py:188} INFO - [2026-05-09T11:40:40.728+0000] {dag.py:3096} INFO - Sync 1 DAGs
[2026-05-09T11:40:40.742+0000] {logging_mixin.py:188} INFO - [2026-05-09T11:40:40.742+0000] {dag.py:3954} INFO - Setting next_dagrun for example_short_circuit_decorator to 2026-05-08 00:00:00+00:00, run_after=2026-05-09 00:00:00+00:00
[2026-05-09T11:40:40.758+0000] {processor.py:183} INFO - Processing /home/vscode/.local/lib/python3.11/site-packages/airflow/example_dags/example_short_circuit_decorator.py took 0.057 seconds
[2026-05-09T11:41:23.987+0000] {processor.py:161} INFO - Started process (PID=21278) to work on /home/vscode/.local/lib/python3.11/site-packages/airflow/example_dags/example_short_circuit_decorator.py
[2026-05-09T11:41:23.988+0000] {processor.py:830} INFO - Processing file /home/vscode/.local/lib/python3.11/site-packages/airflow/example_dags/example_short_circuit_decorator.py for tasks to queue
[2026-05-09T11:41:23.988+0000] {logging_mixin.py:188} INFO - [2026-05-09T11:41:23.988+0000] {dagbag.py:545} INFO - Filling up the DagBag from /home/vscode/.local/lib/python3.11/site-packages/airflow/example_dags/example_short_circuit_decorator.py
[2026-05-09T11:41:23.999+0000] {processor.py:840} INFO - DAG(s) 'example_short_circuit_decorator' retrieved from /home/vscode/.local/lib/python3.11/site-packages/airflow/example_dags/example_short_circuit_decorator.py
[2026-05-09T11:41:24.013+0000] {logging_mixin.py:188} INFO - [2026-05-09T11:41:24.013+0000] {dag.py:3096} INFO - Sync 1 DAGs
[2026-05-09T11:41:24.028+0000] {logging_mixin.py:188} INFO - [2026-05-09T11:41:24.028+0000] {dag.py:3954} INFO - Setting next_dagrun for example_short_circuit_decorator to 2026-05-08 00:00:00+00:00, run_after=2026-05-09 00:00:00+00:00
[2026-05-09T11:41:24.043+0000] {processor.py:183} INFO - Processing /home/vscode/.local/lib/python3.11/site-packages/airflow/example_dags/example_short_circuit_decorator.py took 0.074 seconds
[2026-05-09T11:42:09.418+0000] {processor.py:161} INFO - Started process (PID=21673) to work on /home/vscode/.local/lib/python3.11/site-packages/airflow/example_dags/example_short_circuit_decorator.py
[2026-05-09T11:42:09.419+0000] {processor.py:830} INFO - Processing file /home/vscode/.local/lib/python3.11/site-packages/airflow/example_dags/example_short_circuit_decorator.py for tasks to queue
[2026-05-09T11:42:09.419+0000] {logging_mixin.py:188} INFO - [2026-05-09T11:42:09.419+0000] {dagbag.py:545} INFO - Filling up the DagBag from /home/vscode/.local/lib/python3.11/site-packages/airflow/example_dags/example_short_circuit_decorator.py
[2026-05-09T11:42:09.427+0000] {processor.py:840} INFO - DAG(s) 'example_short_circuit_decorator' retrieved from /home/vscode/.local/lib/python3.11/site-packages/airflow/example_dags/example_short_circuit_decorator.py
[2026-05-09T11:42:09.440+0000] {logging_mixin.py:188} INFO - [2026-05-09T11:42:09.440+0000] {dag.py:3096} INFO - Sync 1 DAGs
[2026-05-09T11:42:09.454+0000] {logging_mixin.py:188} INFO - [2026-05-09T11:42:09.454+0000] {dag.py:3954} INFO - Setting next_dagrun for example_short_circuit_decorator to 2026-05-08 00:00:00+00:00, run_after=2026-05-09 00:00:00+00:00
[2026-05-09T11:42:09.469+0000] {processor.py:183} INFO - Processing /home/vscode/.local/lib/python3.11/site-packages/airflow/example_dags/example_short_circuit_decorator.py took 0.059 seconds
[2026-05-09T11:42:52.927+0000] {processor.py:161} INFO - Started process (PID=22052) to work on /home/vscode/.local/lib/python3.11/site-packages/airflow/example_dags/example_short_circuit_decorator.py
[2026-05-09T11:42:52.927+0000] {processor.py:830} INFO - Processing file /home/vscode/.local/lib/python3.11/site-packages/airflow/example_dags/example_short_circuit_decorator.py for tasks to queue
[2026-05-09T11:42:52.928+0000] {logging_mixin.py:188} INFO - [2026-05-09T11:42:52.927+0000] {dagbag.py:545} INFO - Filling up the DagBag from /home/vscode/.local/lib/python3.11/site-packages/airflow/example_dags/example_short_circuit_decorator.py
[2026-05-09T11:42:52.935+0000] {processor.py:840} INFO - DAG(s) 'example_short_circuit_decorator' retrieved from /home/vscode/.local/lib/python3.11/site-packages/airflow/example_dags/example_short_circuit_decorator.py
[2026-05-09T11:42:52.951+0000] {logging_mixin.py:188} INFO - [2026-05-09T11:42:52.951+0000] {dag.py:3096} INFO - Sync 1 DAGs
[2026-05-09T11:42:52.973+0000] {logging_mixin.py:188} INFO - [2026-05-09T11:42:52.973+0000] {dag.py:3954} INFO - Setting next_dagrun for example_short_circuit_decorator to 2026-05-08 00:00:00+00:00, run_after=2026-05-09 00:00:00+00:00
[2026-05-09T11:42:52.989+0000] {processor.py:183} INFO - Processing /home/vscode/.local/lib/python3.11/site-packages/airflow/example_dags/example_short_circuit_decorator.py took 0.072 seconds
[2026-05-09T11:43:36.982+0000] {processor.py:161} INFO - Started process (PID=22438) to work on /home/vscode/.local/lib/python3.11/site-packages/airflow/example_dags/example_short_circuit_decorator.py
[2026-05-09T11:43:36.983+0000] {processor.py:830} INFO - Processing file /home/vscode/.local/lib/python3.11/site-packages/airflow/example_dags/example_short_circuit_decorator.py for tasks to queue
[2026-05-09T11:43:36.984+0000] {logging_mixin.py:188} INFO - [2026-05-09T11:43:36.983+0000] {dagbag.py:545} INFO - Filling up the DagBag from /home/vscode/.local/lib/python3.11/site-packages/airflow/example_dags/example_short_circuit_decorator.py
[2026-05-09T11:43:36.990+0000] {processor.py:840} INFO - DAG(s) 'example_short_circuit_decorator' retrieved from /home/vscode/.local/lib/python3.11/site-packages/airflow/example_dags/example_short_circuit_decorator.py
[2026-05-09T11:43:37.003+0000] {logging_mixin.py:188} INFO - [2026-05-09T11:43:37.003+0000] {dag.py:3096} INFO - Sync 1 DAGs
[2026-05-09T11:43:37.021+0000] {logging_mixin.py:188} INFO - [2026-05-09T11:43:37.021+0000] {dag.py:3954} INFO - Setting next_dagrun for example_short_circuit_decorator to 2026-05-08 00:00:00+00:00, run_after=2026-05-09 00:00:00+00:00
[2026-05-09T11:43:37.036+0000] {processor.py:183} INFO - Processing /home/vscode/.local/lib/python3.11/site-packages/airflow/example_dags/example_short_circuit_decorator.py took 0.060 seconds
[2026-05-09T11:44:19.529+0000] {processor.py:161} INFO - Started process (PID=22812) to work on /home/vscode/.local/lib/python3.11/site-packages/airflow/example_dags/example_short_circuit_decorator.py
[2026-05-09T11:44:19.529+0000] {processor.py:830} INFO - Processing file /home/vscode/.local/lib/python3.11/site-packages/airflow/example_dags/example_short_circuit_decorator.py for tasks to queue
[2026-05-09T11:44:19.530+0000] {logging_mixin.py:188} INFO - [2026-05-09T11:44:19.529+0000] {dagbag.py:545} INFO - Filling up the DagBag from /home/vscode/.local/lib/python3.11/site-packages/airflow/example_dags/example_short_circuit_decorator.py
[2026-05-09T11:44:19.537+0000] {processor.py:840} INFO - DAG(s) 'example_short_circuit_decorator' retrieved from /home/vscode/.local/lib/python3.11/site-packages/airflow/example_dags/example_short_circuit_decorator.py
[2026-05-09T11:44:19.558+0000] {logging_mixin.py:188} INFO - [2026-05-09T11:44:19.557+0000] {dag.py:3096} INFO - Sync 1 DAGs
[2026-05-09T11:44:19.580+0000] {logging_mixin.py:188} INFO - [2026-05-09T11:44:19.580+0000] {dag.py:3954} INFO - Setting next_dagrun for example_short_circuit_decorator to 2026-05-08 00:00:00+00:00, run_after=2026-05-09 00:00:00+00:00
[2026-05-09T11:44:19.613+0000] {processor.py:183} INFO - Processing /home/vscode/.local/lib/python3.11/site-packages/airflow/example_dags/example_short_circuit_decorator.py took 0.091 seconds
[2026-05-09T11:45:00.495+0000] {processor.py:161} INFO - Started process (PID=23172) to work on /home/vscode/.local/lib/python3.11/site-packages/airflow/example_dags/example_short_circuit_decorator.py
[2026-05-09T11:45:00.496+0000] {processor.py:830} INFO - Processing file /home/vscode/.local/lib/python3.11/site-packages/airflow/example_dags/example_short_circuit_decorator.py for tasks to queue
[2026-05-09T11:45:00.496+0000] {logging_mixin.py:188} INFO - [2026-05-09T11:45:00.496+0000] {dagbag.py:545} INFO - Filling up the DagBag from /home/vscode/.local/lib/python3.11/site-packages/airflow/example_dags/example_short_circuit_decorator.py
[2026-05-09T11:45:00.503+0000] {processor.py:840} INFO - DAG(s) 'example_short_circuit_decorator' retrieved from /home/vscode/.local/lib/python3.11/site-packages/airflow/example_dags/example_short_circuit_decorator.py
[2026-05-09T11:45:00.516+0000] {logging_mixin.py:188} INFO - [2026-05-09T11:45:00.516+0000] {dag.py:3096} INFO - Sync 1 DAGs
[2026-05-09T11:45:00.531+0000] {logging_mixin.py:188} INFO - [2026-05-09T11:45:00.531+0000] {dag.py:3954} INFO - Setting next_dagrun for example_short_circuit_decorator to 2026-05-08 00:00:00+00:00, run_after=2026-05-09 00:00:00+00:00
[2026-05-09T11:45:00.547+0000] {processor.py:183} INFO - Processing /home/vscode/.local/lib/python3.11/site-packages/airflow/example_dags/example_short_circuit_decorator.py took 0.059 seconds
[2026-05-09T11:45:45.435+0000] {processor.py:161} INFO - Started process (PID=23566) to work on /home/vscode/.local/lib/python3.11/site-packages/airflow/example_dags/example_short_circuit_decorator.py
[2026-05-09T11:45:45.436+0000] {processor.py:830} INFO - Processing file /home/vscode/.local/lib/python3.11/site-packages/airflow/example_dags/example_short_circuit_decorator.py for tasks to queue
[2026-05-09T11:45:45.436+0000] {logging_mixin.py:188} INFO - [2026-05-09T11:45:45.436+0000] {dagbag.py:545} INFO - Filling up the DagBag from /home/vscode/.local/lib/python3.11/site-packages/airflow/example_dags/example_short_circuit_decorator.py
[2026-05-09T11:45:45.443+0000] {processor.py:840} INFO - DAG(s) 'example_short_circuit_decorator' retrieved from /home/vscode/.local/lib/python3.11/site-packages/airflow/example_dags/example_short_circuit_decorator.py
[2026-05-09T11:45:45.456+0000] {logging_mixin.py:188} INFO - [2026-05-09T11:45:45.456+0000] {dag.py:3096} INFO - Sync 1 DAGs
[2026-05-09T11:45:45.470+0000] {logging_mixin.py:188} INFO - [2026-05-09T11:45:45.470+0000] {dag.py:3954} INFO - Setting next_dagrun for example_short_circuit_decorator to 2026-05-08 00:00:00+00:00, run_after=2026-05-09 00:00:00+00:00
[2026-05-09T11:45:45.486+0000] {processor.py:183} INFO - Processing /home/vscode/.local/lib/python3.11/site-packages/airflow/example_dags/example_short_circuit_decorator.py took 0.057 seconds
[2026-05-09T11:46:27.342+0000] {processor.py:161} INFO - Started process (PID=23878) to work on /home/vscode/.local/lib/python3.11/site-packages/airflow/example_dags/example_short_circuit_decorator.py
[2026-05-09T11:46:27.343+0000] {processor.py:830} INFO - Processing file /home/vscode/.local/lib/python3.11/site-packages/airflow/example_dags/example_short_circuit_decorator.py for tasks to queue
[2026-05-09T11:46:27.343+0000] {logging_mixin.py:188} INFO - [2026-05-09T11:46:27.343+0000] {dagbag.py:545} INFO - Filling up the DagBag from /home/vscode/.local/lib/python3.11/site-packages/airflow/example_dags/example_short_circuit_decorator.py
[2026-05-09T11:46:27.350+0000] {processor.py:840} INFO - DAG(s) 'example_short_circuit_decorator' retrieved from /home/vscode/.local/lib/python3.11/site-packages/airflow/example_dags/example_short_circuit_decorator.py
[2026-05-09T11:46:27.363+0000] {logging_mixin.py:188} INFO - [2026-05-09T11:46:27.363+0000] {dag.py:3096} INFO - Sync 1 DAGs
[2026-05-09T11:46:27.378+0000] {logging_mixin.py:188} INFO - [2026-05-09T11:46:27.378+0000] {dag.py:3954} INFO - Setting next_dagrun for example_short_circuit_decorator to 2026-05-08 00:00:00+00:00, run_after=2026-05-09 00:00:00+00:00
[2026-05-09T11:46:27.393+0000] {processor.py:183} INFO - Processing /home/vscode/.local/lib/python3.11/site-packages/airflow/example_dags/example_short_circuit_decorator.py took 0.058 seconds
[2026-05-09T11:47:12.403+0000] {processor.py:161} INFO - Started process (PID=24427) to work on /home/vscode/.local/lib/python3.11/site-packages/airflow/example_dags/example_short_circuit_decorator.py
[2026-05-09T11:47:12.404+0000] {processor.py:830} INFO - Processing file /home/vscode/.local/lib/python3.11/site-packages/airflow/example_dags/example_short_circuit_decorator.py for tasks to queue
[2026-05-09T11:47:12.404+0000] {logging_mixin.py:188} INFO - [2026-05-09T11:47:12.404+0000] {dagbag.py:545} INFO - Filling up the DagBag from /home/vscode/.local/lib/python3.11/site-packages/airflow/example_dags/example_short_circuit_decorator.py
[2026-05-09T11:47:12.411+0000] {processor.py:840} INFO - DAG(s) 'example_short_circuit_decorator' retrieved from /home/vscode/.local/lib/python3.11/site-packages/airflow/example_dags/example_short_circuit_decorator.py
[2026-05-09T11:47:12.424+0000] {logging_mixin.py:188} INFO - [2026-05-09T11:47:12.424+0000] {dag.py:3096} INFO - Sync 1 DAGs
[2026-05-09T11:47:12.438+0000] {logging_mixin.py:188} INFO - [2026-05-09T11:47:12.437+0000] {dag.py:3954} INFO - Setting next_dagrun for example_short_circuit_decorator to 2026-05-08 00:00:00+00:00, run_after=2026-05-09 00:00:00+00:00
[2026-05-09T11:47:12.455+0000] {processor.py:183} INFO - Processing /home/vscode/.local/lib/python3.11/site-packages/airflow/example_dags/example_short_circuit_decorator.py took 0.058 seconds
[2026-05-09T11:47:55.256+0000] {processor.py:161} INFO - Started process (PID=24769) to work on /home/vscode/.local/lib/python3.11/site-packages/airflow/example_dags/example_short_circuit_decorator.py
[2026-05-09T11:47:55.256+0000] {processor.py:830} INFO - Processing file /home/vscode/.local/lib/python3.11/site-packages/airflow/example_dags/example_short_circuit_decorator.py for tasks to queue
[2026-05-09T11:47:55.257+0000] {logging_mixin.py:188} INFO - [2026-05-09T11:47:55.256+0000] {dagbag.py:545} INFO - Filling up the DagBag from /home/vscode/.local/lib/python3.11/site-packages/airflow/example_dags/example_short_circuit_decorator.py
[2026-05-09T11:47:55.264+0000] {processor.py:840} INFO - DAG(s) 'example_short_circuit_decorator' retrieved from /home/vscode/.local/lib/python3.11/site-packages/airflow/example_dags/example_short_circuit_decorator.py
[2026-05-09T11:47:55.276+0000] {logging_mixin.py:188} INFO - [2026-05-09T11:47:55.276+0000] {dag.py:3096} INFO - Sync 1 DAGs
[2026-05-09T11:47:55.290+0000] {logging_mixin.py:188} INFO - [2026-05-09T11:47:55.290+0000] {dag.py:3954} INFO - Setting next_dagrun for example_short_circuit_decorator to 2026-05-08 00:00:00+00:00, run_after=2026-05-09 00:00:00+00:00
[2026-05-09T11:47:55.305+0000] {processor.py:183} INFO - Processing /home/vscode/.local/lib/python3.11/site-packages/airflow/example_dags/example_short_circuit_decorator.py took 0.056 seconds
[2026-05-09T11:48:39.067+0000] {processor.py:161} INFO - Started process (PID=25213) to work on /home/vscode/.local/lib/python3.11/site-packages/airflow/example_dags/example_short_circuit_decorator.py
[2026-05-09T11:48:39.067+0000] {processor.py:830} INFO - Processing file /home/vscode/.local/lib/python3.11/site-packages/airflow/example_dags/example_short_circuit_decorator.py for tasks to queue
[2026-05-09T11:48:39.068+0000] {logging_mixin.py:188} INFO - [2026-05-09T11:48:39.068+0000] {dagbag.py:545} INFO - Filling up the DagBag from /home/vscode/.local/lib/python3.11/site-packages/airflow/example_dags/example_short_circuit_decorator.py
[2026-05-09T11:48:39.075+0000] {processor.py:840} INFO - DAG(s) 'example_short_circuit_decorator' retrieved from /home/vscode/.local/lib/python3.11/site-packages/airflow/example_dags/example_short_circuit_decorator.py
[2026-05-09T11:48:39.088+0000] {logging_mixin.py:188} INFO - [2026-05-09T11:48:39.087+0000] {dag.py:3096} INFO - Sync 1 DAGs
[2026-05-09T11:48:39.102+0000] {logging_mixin.py:188} INFO - [2026-05-09T11:48:39.101+0000] {dag.py:3954} INFO - Setting next_dagrun for example_short_circuit_decorator to 2026-05-08 00:00:00+00:00, run_after=2026-05-09 00:00:00+00:00
[2026-05-09T11:48:39.116+0000] {processor.py:183} INFO - Processing /home/vscode/.local/lib/python3.11/site-packages/airflow/example_dags/example_short_circuit_decorator.py took 0.058 seconds
[2026-05-09T11:49:18.932+0000] {processor.py:161} INFO - Started process (PID=25509) to work on /home/vscode/.local/lib/python3.11/site-packages/airflow/example_dags/example_short_circuit_decorator.py
[2026-05-09T11:49:18.933+0000] {processor.py:830} INFO - Processing file /home/vscode/.local/lib/python3.11/site-packages/airflow/example_dags/example_short_circuit_decorator.py for tasks to queue
[2026-05-09T11:49:18.933+0000] {logging_mixin.py:188} INFO - [2026-05-09T11:49:18.933+0000] {dagbag.py:545} INFO - Filling up the DagBag from /home/vscode/.local/lib/python3.11/site-packages/airflow/example_dags/example_short_circuit_decorator.py
[2026-05-09T11:49:18.942+0000] {processor.py:840} INFO - DAG(s) 'example_short_circuit_decorator' retrieved from /home/vscode/.local/lib/python3.11/site-packages/airflow/example_dags/example_short_circuit_decorator.py
[2026-05-09T11:49:18.955+0000] {logging_mixin.py:188} INFO - [2026-05-09T11:49:18.954+0000] {dag.py:3096} INFO - Sync 1 DAGs
[2026-05-09T11:49:18.968+0000] {logging_mixin.py:188} INFO - [2026-05-09T11:49:18.968+0000] {dag.py:3954} INFO - Setting next_dagrun for example_short_circuit_decorator to 2026-05-08 00:00:00+00:00, run_after=2026-05-09 00:00:00+00:00
[2026-05-09T11:49:18.984+0000] {processor.py:183} INFO - Processing /home/vscode/.local/lib/python3.11/site-packages/airflow/example_dags/example_short_circuit_decorator.py took 0.058 seconds
[2026-05-09T11:50:02.406+0000] {processor.py:161} INFO - Started process (PID=25950) to work on /home/vscode/.local/lib/python3.11/site-packages/airflow/example_dags/example_short_circuit_decorator.py
[2026-05-09T11:50:02.407+0000] {processor.py:830} INFO - Processing file /home/vscode/.local/lib/python3.11/site-packages/airflow/example_dags/example_short_circuit_decorator.py for tasks to queue
[2026-05-09T11:50:02.407+0000] {logging_mixin.py:188} INFO - [2026-05-09T11:50:02.407+0000] {dagbag.py:545} INFO - Filling up the DagBag from /home/vscode/.local/lib/python3.11/site-packages/airflow/example_dags/example_short_circuit_decorator.py
[2026-05-09T11:50:02.414+0000] {processor.py:840} INFO - DAG(s) 'example_short_circuit_decorator' retrieved from /home/vscode/.local/lib/python3.11/site-packages/airflow/example_dags/example_short_circuit_decorator.py
[2026-05-09T11:50:02.427+0000] {logging_mixin.py:188} INFO - [2026-05-09T11:50:02.427+0000] {dag.py:3096} INFO - Sync 1 DAGs
[2026-05-09T11:50:02.440+0000] {logging_mixin.py:188} INFO - [2026-05-09T11:50:02.440+0000] {dag.py:3954} INFO - Setting next_dagrun for example_short_circuit_decorator to 2026-05-08 00:00:00+00:00, run_after=2026-05-09 00:00:00+00:00
[2026-05-09T11:50:02.456+0000] {processor.py:183} INFO - Processing /home/vscode/.local/lib/python3.11/site-packages/airflow/example_dags/example_short_circuit_decorator.py took 0.056 seconds
[2026-05-09T11:50:45.218+0000] {processor.py:161} INFO - Started process (PID=26384) to work on /home/vscode/.local/lib/python3.11/site-packages/airflow/example_dags/example_short_circuit_decorator.py
[2026-05-09T11:50:45.218+0000] {processor.py:830} INFO - Processing file /home/vscode/.local/lib/python3.11/site-packages/airflow/example_dags/example_short_circuit_decorator.py for tasks to queue
[2026-05-09T11:50:45.219+0000] {logging_mixin.py:188} INFO - [2026-05-09T11:50:45.219+0000] {dagbag.py:545} INFO - Filling up the DagBag from /home/vscode/.local/lib/python3.11/site-packages/airflow/example_dags/example_short_circuit_decorator.py
[2026-05-09T11:50:45.226+0000] {processor.py:840} INFO - DAG(s) 'example_short_circuit_decorator' retrieved from /home/vscode/.local/lib/python3.11/site-packages/airflow/example_dags/example_short_circuit_decorator.py
[2026-05-09T11:50:45.240+0000] {logging_mixin.py:188} INFO - [2026-05-09T11:50:45.240+0000] {dag.py:3096} INFO - Sync 1 DAGs
[2026-05-09T11:50:45.254+0000] {logging_mixin.py:188} INFO - [2026-05-09T11:50:45.254+0000] {dag.py:3954} INFO - Setting next_dagrun for example_short_circuit_decorator to 2026-05-08 00:00:00+00:00, run_after=2026-05-09 00:00:00+00:00
[2026-05-09T11:50:45.270+0000] {processor.py:183} INFO - Processing /home/vscode/.local/lib/python3.11/site-packages/airflow/example_dags/example_short_circuit_decorator.py took 0.059 seconds
[2026-05-09T11:51:28.492+0000] {processor.py:161} INFO - Started process (PID=26893) to work on /home/vscode/.local/lib/python3.11/site-packages/airflow/example_dags/example_short_circuit_decorator.py
[2026-05-09T11:51:28.493+0000] {processor.py:830} INFO - Processing file /home/vscode/.local/lib/python3.11/site-packages/airflow/example_dags/example_short_circuit_decorator.py for tasks to queue
[2026-05-09T11:51:28.493+0000] {logging_mixin.py:188} INFO - [2026-05-09T11:51:28.493+0000] {dagbag.py:545} INFO - Filling up the DagBag from /home/vscode/.local/lib/python3.11/site-packages/airflow/example_dags/example_short_circuit_decorator.py
[2026-05-09T11:51:28.500+0000] {processor.py:840} INFO - DAG(s) 'example_short_circuit_decorator' retrieved from /home/vscode/.local/lib/python3.11/site-packages/airflow/example_dags/example_short_circuit_decorator.py
[2026-05-09T11:51:28.514+0000] {logging_mixin.py:188} INFO - [2026-05-09T11:51:28.514+0000] {dag.py:3096} INFO - Sync 1 DAGs
[2026-05-09T11:51:28.528+0000] {logging_mixin.py:188} INFO - [2026-05-09T11:51:28.528+0000] {dag.py:3954} INFO - Setting next_dagrun for example_short_circuit_decorator to 2026-05-08 00:00:00+00:00, run_after=2026-05-09 00:00:00+00:00
[2026-05-09T11:51:28.543+0000] {processor.py:183} INFO - Processing /home/vscode/.local/lib/python3.11/site-packages/airflow/example_dags/example_short_circuit_decorator.py took 0.058 seconds
[2026-05-09T11:52:10.581+0000] {processor.py:161} INFO - Started process (PID=27308) to work on /home/vscode/.local/lib/python3.11/site-packages/airflow/example_dags/example_short_circuit_decorator.py
[2026-05-09T11:52:10.582+0000] {processor.py:830} INFO - Processing file /home/vscode/.local/lib/python3.11/site-packages/airflow/example_dags/example_short_circuit_decorator.py for tasks to queue
[2026-05-09T11:52:10.582+0000] {logging_mixin.py:188} INFO - [2026-05-09T11:52:10.582+0000] {dagbag.py:545} INFO - Filling up the DagBag from /home/vscode/.local/lib/python3.11/site-packages/airflow/example_dags/example_short_circuit_decorator.py
[2026-05-09T11:52:10.589+0000] {processor.py:840} INFO - DAG(s) 'example_short_circuit_decorator' retrieved from /home/vscode/.local/lib/python3.11/site-packages/airflow/example_dags/example_short_circuit_decorator.py
[2026-05-09T11:52:10.602+0000] {logging_mixin.py:188} INFO - [2026-05-09T11:52:10.602+0000] {dag.py:3096} INFO - Sync 1 DAGs
[2026-05-09T11:52:10.616+0000] {logging_mixin.py:188} INFO - [2026-05-09T11:52:10.616+0000] {dag.py:3954} INFO - Setting next_dagrun for example_short_circuit_decorator to 2026-05-08 00:00:00+00:00, run_after=2026-05-09 00:00:00+00:00
[2026-05-09T11:52:10.633+0000] {processor.py:183} INFO - Processing /home/vscode/.local/lib/python3.11/site-packages/airflow/example_dags/example_short_circuit_decorator.py took 0.058 seconds
[2026-05-09T11:52:49.966+0000] {processor.py:161} INFO - Started process (PID=27670) to work on /home/vscode/.local/lib/python3.11/site-packages/airflow/example_dags/example_short_circuit_decorator.py
[2026-05-09T11:52:49.967+0000] {processor.py:830} INFO - Processing file /home/vscode/.local/lib/python3.11/site-packages/airflow/example_dags/example_short_circuit_decorator.py for tasks to queue
[2026-05-09T11:52:49.967+0000] {logging_mixin.py:188} INFO - [2026-05-09T11:52:49.967+0000] {dagbag.py:545} INFO - Filling up the DagBag from /home/vscode/.local/lib/python3.11/site-packages/airflow/example_dags/example_short_circuit_decorator.py
[2026-05-09T11:52:49.975+0000] {processor.py:840} INFO - DAG(s) 'example_short_circuit_decorator' retrieved from /home/vscode/.local/lib/python3.11/site-packages/airflow/example_dags/example_short_circuit_decorator.py
[2026-05-09T11:52:49.988+0000] {logging_mixin.py:188} INFO - [2026-05-09T11:52:49.988+0000] {dag.py:3096} INFO - Sync 1 DAGs
[2026-05-09T11:52:50.002+0000] {logging_mixin.py:188} INFO - [2026-05-09T11:52:50.002+0000] {dag.py:3954} INFO - Setting next_dagrun for example_short_circuit_decorator to 2026-05-08 00:00:00+00:00, run_after=2026-05-09 00:00:00+00:00
[2026-05-09T11:52:50.018+0000] {processor.py:183} INFO - Processing /home/vscode/.local/lib/python3.11/site-packages/airflow/example_dags/example_short_circuit_decorator.py took 0.058 seconds
[2026-05-09T11:53:50.322+0000] {processor.py:161} INFO - Started process (PID=28254) to work on /home/vscode/.local/lib/python3.11/site-packages/airflow/example_dags/example_short_circuit_decorator.py
[2026-05-09T11:53:50.323+0000] {processor.py:830} INFO - Processing file /home/vscode/.local/lib/python3.11/site-packages/airflow/example_dags/example_short_circuit_decorator.py for tasks to queue
[2026-05-09T11:53:50.323+0000] {logging_mixin.py:188} INFO - [2026-05-09T11:53:50.323+0000] {dagbag.py:545} INFO - Filling up the DagBag from /home/vscode/.local/lib/python3.11/site-packages/airflow/example_dags/example_short_circuit_decorator.py
[2026-05-09T11:53:50.330+0000] {processor.py:840} INFO - DAG(s) 'example_short_circuit_decorator' retrieved from /home/vscode/.local/lib/python3.11/site-packages/airflow/example_dags/example_short_circuit_decorator.py
[2026-05-09T11:53:50.347+0000] {logging_mixin.py:188} INFO - [2026-05-09T11:53:50.347+0000] {dag.py:3096} INFO - Sync 1 DAGs
[2026-05-09T11:53:50.363+0000] {logging_mixin.py:188} INFO - [2026-05-09T11:53:50.363+0000] {dag.py:3954} INFO - Setting next_dagrun for example_short_circuit_decorator to 2026-05-08 00:00:00+00:00, run_after=2026-05-09 00:00:00+00:00
[2026-05-09T11:53:50.378+0000] {processor.py:183} INFO - Processing /home/vscode/.local/lib/python3.11/site-packages/airflow/example_dags/example_short_circuit_decorator.py took 0.063 seconds
[2026-05-09T11:54:31.110+0000] {processor.py:161} INFO - Started process (PID=28541) to work on /home/vscode/.local/lib/python3.11/site-packages/airflow/example_dags/example_short_circuit_decorator.py
[2026-05-09T11:54:31.110+0000] {processor.py:830} INFO - Processing file /home/vscode/.local/lib/python3.11/site-packages/airflow/example_dags/example_short_circuit_decorator.py for tasks to queue
[2026-05-09T11:54:31.111+0000] {logging_mixin.py:188} INFO - [2026-05-09T11:54:31.110+0000] {dagbag.py:545} INFO - Filling up the DagBag from /home/vscode/.local/lib/python3.11/site-packages/airflow/example_dags/example_short_circuit_decorator.py
[2026-05-09T11:54:31.118+0000] {processor.py:840} INFO - DAG(s) 'example_short_circuit_decorator' retrieved from /home/vscode/.local/lib/python3.11/site-packages/airflow/example_dags/example_short_circuit_decorator.py
[2026-05-09T11:54:31.130+0000] {logging_mixin.py:188} INFO - [2026-05-09T11:54:31.130+0000] {dag.py:3096} INFO - Sync 1 DAGs
[2026-05-09T11:54:31.144+0000] {logging_mixin.py:188} INFO - [2026-05-09T11:54:31.144+0000] {dag.py:3954} INFO - Setting next_dagrun for example_short_circuit_decorator to 2026-05-08 00:00:00+00:00, run_after=2026-05-09 00:00:00+00:00
[2026-05-09T11:54:31.159+0000] {processor.py:183} INFO - Processing /home/vscode/.local/lib/python3.11/site-packages/airflow/example_dags/example_short_circuit_decorator.py took 0.056 seconds
[2026-05-09T11:55:12.766+0000] {processor.py:161} INFO - Started process (PID=28892) to work on /home/vscode/.local/lib/python3.11/site-packages/airflow/example_dags/example_short_circuit_decorator.py
[2026-05-09T11:55:12.766+0000] {processor.py:830} INFO - Processing file /home/vscode/.local/lib/python3.11/site-packages/airflow/example_dags/example_short_circuit_decorator.py for tasks to queue
[2026-05-09T11:55:12.767+0000] {logging_mixin.py:188} INFO - [2026-05-09T11:55:12.767+0000] {dagbag.py:545} INFO - Filling up the DagBag from /home/vscode/.local/lib/python3.11/site-packages/airflow/example_dags/example_short_circuit_decorator.py
[2026-05-09T11:55:12.774+0000] {processor.py:840} INFO - DAG(s) 'example_short_circuit_decorator' retrieved from /home/vscode/.local/lib/python3.11/site-packages/airflow/example_dags/example_short_circuit_decorator.py
[2026-05-09T11:55:12.787+0000] {logging_mixin.py:188} INFO - [2026-05-09T11:55:12.787+0000] {dag.py:3096} INFO - Sync 1 DAGs
[2026-05-09T11:55:12.801+0000] {logging_mixin.py:188} INFO - [2026-05-09T11:55:12.801+0000] {dag.py:3954} INFO - Setting next_dagrun for example_short_circuit_decorator to 2026-05-08 00:00:00+00:00, run_after=2026-05-09 00:00:00+00:00
[2026-05-09T11:55:12.817+0000] {processor.py:183} INFO - Processing /home/vscode/.local/lib/python3.11/site-packages/airflow/example_dags/example_short_circuit_decorator.py took 0.057 seconds
[2026-05-09T11:55:53.993+0000] {processor.py:161} INFO - Started process (PID=29248) to work on /home/vscode/.local/lib/python3.11/site-packages/airflow/example_dags/example_short_circuit_decorator.py
[2026-05-09T11:55:53.994+0000] {processor.py:830} INFO - Processing file /home/vscode/.local/lib/python3.11/site-packages/airflow/example_dags/example_short_circuit_decorator.py for tasks to queue
[2026-05-09T11:55:53.994+0000] {logging_mixin.py:188} INFO - [2026-05-09T11:55:53.994+0000] {dagbag.py:545} INFO - Filling up the DagBag from /home/vscode/.local/lib/python3.11/site-packages/airflow/example_dags/example_short_circuit_decorator.py
[2026-05-09T11:55:54.001+0000] {processor.py:840} INFO - DAG(s) 'example_short_circuit_decorator' retrieved from /home/vscode/.local/lib/python3.11/site-packages/airflow/example_dags/example_short_circuit_decorator.py
[2026-05-09T11:55:54.014+0000] {logging_mixin.py:188} INFO - [2026-05-09T11:55:54.014+0000] {dag.py:3096} INFO - Sync 1 DAGs
[2026-05-09T11:55:54.027+0000] {logging_mixin.py:188} INFO - [2026-05-09T11:55:54.027+0000] {dag.py:3954} INFO - Setting next_dagrun for example_short_circuit_decorator to 2026-05-08 00:00:00+00:00, run_after=2026-05-09 00:00:00+00:00
[2026-05-09T11:55:54.042+0000] {processor.py:183} INFO - Processing /home/vscode/.local/lib/python3.11/site-packages/airflow/example_dags/example_short_circuit_decorator.py took 0.056 seconds
[2026-05-09T11:56:35.123+0000] {processor.py:161} INFO - Started process (PID=29603) to work on /home/vscode/.local/lib/python3.11/site-packages/airflow/example_dags/example_short_circuit_decorator.py
[2026-05-09T11:56:35.124+0000] {processor.py:830} INFO - Processing file /home/vscode/.local/lib/python3.11/site-packages/airflow/example_dags/example_short_circuit_decorator.py for tasks to queue
[2026-05-09T11:56:35.125+0000] {logging_mixin.py:188} INFO - [2026-05-09T11:56:35.124+0000] {dagbag.py:545} INFO - Filling up the DagBag from /home/vscode/.local/lib/python3.11/site-packages/airflow/example_dags/example_short_circuit_decorator.py
[2026-05-09T11:56:35.132+0000] {processor.py:840} INFO - DAG(s) 'example_short_circuit_decorator' retrieved from /home/vscode/.local/lib/python3.11/site-packages/airflow/example_dags/example_short_circuit_decorator.py
[2026-05-09T11:56:35.149+0000] {logging_mixin.py:188} INFO - [2026-05-09T11:56:35.149+0000] {dag.py:3096} INFO - Sync 1 DAGs
[2026-05-09T11:56:35.163+0000] {logging_mixin.py:188} INFO - [2026-05-09T11:56:35.163+0000] {dag.py:3954} INFO - Setting next_dagrun for example_short_circuit_decorator to 2026-05-08 00:00:00+00:00, run_after=2026-05-09 00:00:00+00:00
[2026-05-09T11:56:35.180+0000] {processor.py:183} INFO - Processing /home/vscode/.local/lib/python3.11/site-packages/airflow/example_dags/example_short_circuit_decorator.py took 0.064 seconds
[2026-05-09T11:57:35.261+0000] {processor.py:161} INFO - Started process (PID=30063) to work on /home/vscode/.local/lib/python3.11/site-packages/airflow/example_dags/example_short_circuit_decorator.py
[2026-05-09T11:57:35.262+0000] {processor.py:830} INFO - Processing file /home/vscode/.local/lib/python3.11/site-packages/airflow/example_dags/example_short_circuit_decorator.py for tasks to queue
[2026-05-09T11:57:35.262+0000] {logging_mixin.py:188} INFO - [2026-05-09T11:57:35.262+0000] {dagbag.py:545} INFO - Filling up the DagBag from /home/vscode/.local/lib/python3.11/site-packages/airflow/example_dags/example_short_circuit_decorator.py
[2026-05-09T11:57:35.270+0000] {processor.py:840} INFO - DAG(s) 'example_short_circuit_decorator' retrieved from /home/vscode/.local/lib/python3.11/site-packages/airflow/example_dags/example_short_circuit_decorator.py
[2026-05-09T11:57:35.284+0000] {logging_mixin.py:188} INFO - [2026-05-09T11:57:35.284+0000] {dag.py:3096} INFO - Sync 1 DAGs
[2026-05-09T11:57:35.298+0000] {logging_mixin.py:188} INFO - [2026-05-09T11:57:35.298+0000] {dag.py:3954} INFO - Setting next_dagrun for example_short_circuit_decorator to 2026-05-08 00:00:00+00:00, run_after=2026-05-09 00:00:00+00:00
[2026-05-09T11:57:35.314+0000] {processor.py:183} INFO - Processing /home/vscode/.local/lib/python3.11/site-packages/airflow/example_dags/example_short_circuit_decorator.py took 0.059 seconds
[2026-05-09T11:58:19.342+0000] {processor.py:161} INFO - Started process (PID=30370) to work on /home/vscode/.local/lib/python3.11/site-packages/airflow/example_dags/example_short_circuit_decorator.py
[2026-05-09T11:58:19.343+0000] {processor.py:830} INFO - Processing file /home/vscode/.local/lib/python3.11/site-packages/airflow/example_dags/example_short_circuit_decorator.py for tasks to queue
[2026-05-09T11:58:19.344+0000] {logging_mixin.py:188} INFO - [2026-05-09T11:58:19.343+0000] {dagbag.py:545} INFO - Filling up the DagBag from /home/vscode/.local/lib/python3.11/site-packages/airflow/example_dags/example_short_circuit_decorator.py
[2026-05-09T11:58:19.356+0000] {processor.py:840} INFO - DAG(s) 'example_short_circuit_decorator' retrieved from /home/vscode/.local/lib/python3.11/site-packages/airflow/example_dags/example_short_circuit_decorator.py
[2026-05-09T11:58:19.379+0000] {logging_mixin.py:188} INFO - [2026-05-09T11:58:19.379+0000] {dag.py:3096} INFO - Sync 1 DAGs
[2026-05-09T11:58:19.401+0000] {logging_mixin.py:188} INFO - [2026-05-09T11:58:19.400+0000] {dag.py:3954} INFO - Setting next_dagrun for example_short_circuit_decorator to 2026-05-08 00:00:00+00:00, run_after=2026-05-09 00:00:00+00:00
[2026-05-09T11:58:19.418+0000] {processor.py:183} INFO - Processing /home/vscode/.local/lib/python3.11/site-packages/airflow/example_dags/example_short_circuit_decorator.py took 0.085 seconds
[2026-05-09T11:59:02.707+0000] {processor.py:161} INFO - Started process (PID=30729) to work on /home/vscode/.local/lib/python3.11/site-packages/airflow/example_dags/example_short_circuit_decorator.py
[2026-05-09T11:59:02.708+0000] {processor.py:830} INFO - Processing file /home/vscode/.local/lib/python3.11/site-packages/airflow/example_dags/example_short_circuit_decorator.py for tasks to queue
[2026-05-09T11:59:02.708+0000] {logging_mixin.py:188} INFO - [2026-05-09T11:59:02.708+0000] {dagbag.py:545} INFO - Filling up the DagBag from /home/vscode/.local/lib/python3.11/site-packages/airflow/example_dags/example_short_circuit_decorator.py
[2026-05-09T11:59:02.715+0000] {processor.py:840} INFO - DAG(s) 'example_short_circuit_decorator' retrieved from /home/vscode/.local/lib/python3.11/site-packages/airflow/example_dags/example_short_circuit_decorator.py
[2026-05-09T11:59:02.728+0000] {logging_mixin.py:188} INFO - [2026-05-09T11:59:02.728+0000] {dag.py:3096} INFO - Sync 1 DAGs
[2026-05-09T11:59:02.741+0000] {logging_mixin.py:188} INFO - [2026-05-09T11:59:02.741+0000] {dag.py:3954} INFO - Setting next_dagrun for example_short_circuit_decorator to 2026-05-08 00:00:00+00:00, run_after=2026-05-09 00:00:00+00:00
[2026-05-09T11:59:02.757+0000] {processor.py:183} INFO - Processing /home/vscode/.local/lib/python3.11/site-packages/airflow/example_dags/example_short_circuit_decorator.py took 0.056 seconds
[2026-05-09T11:59:43.891+0000] {processor.py:161} INFO - Started process (PID=31088) to work on /home/vscode/.local/lib/python3.11/site-packages/airflow/example_dags/example_short_circuit_decorator.py
[2026-05-09T11:59:43.892+0000] {processor.py:830} INFO - Processing file /home/vscode/.local/lib/python3.11/site-packages/airflow/example_dags/example_short_circuit_decorator.py for tasks to queue
[2026-05-09T11:59:43.893+0000] {logging_mixin.py:188} INFO - [2026-05-09T11:59:43.892+0000] {dagbag.py:545} INFO - Filling up the DagBag from /home/vscode/.local/lib/python3.11/site-packages/airflow/example_dags/example_short_circuit_decorator.py
[2026-05-09T11:59:43.902+0000] {processor.py:840} INFO - DAG(s) 'example_short_circuit_decorator' retrieved from /home/vscode/.local/lib/python3.11/site-packages/airflow/example_dags/example_short_circuit_decorator.py
[2026-05-09T11:59:43.915+0000] {logging_mixin.py:188} INFO - [2026-05-09T11:59:43.915+0000] {dag.py:3096} INFO - Sync 1 DAGs
[2026-05-09T11:59:43.928+0000] {logging_mixin.py:188} INFO - [2026-05-09T11:59:43.928+0000] {dag.py:3954} INFO - Setting next_dagrun for example_short_circuit_decorator to 2026-05-08 00:00:00+00:00, run_after=2026-05-09 00:00:00+00:00
[2026-05-09T11:59:43.944+0000] {processor.py:183} INFO - Processing /home/vscode/.local/lib/python3.11/site-packages/airflow/example_dags/example_short_circuit_decorator.py took 0.060 seconds
[2026-05-09T12:00:24.660+0000] {processor.py:161} INFO - Started process (PID=31383) to work on /home/vscode/.local/lib/python3.11/site-packages/airflow/example_dags/example_short_circuit_decorator.py
[2026-05-09T12:00:24.660+0000] {processor.py:830} INFO - Processing file /home/vscode/.local/lib/python3.11/site-packages/airflow/example_dags/example_short_circuit_decorator.py for tasks to queue
[2026-05-09T12:00:24.661+0000] {logging_mixin.py:188} INFO - [2026-05-09T12:00:24.660+0000] {dagbag.py:545} INFO - Filling up the DagBag from /home/vscode/.local/lib/python3.11/site-packages/airflow/example_dags/example_short_circuit_decorator.py
[2026-05-09T12:00:24.667+0000] {processor.py:840} INFO - DAG(s) 'example_short_circuit_decorator' retrieved from /home/vscode/.local/lib/python3.11/site-packages/airflow/example_dags/example_short_circuit_decorator.py
[2026-05-09T12:00:24.680+0000] {logging_mixin.py:188} INFO - [2026-05-09T12:00:24.680+0000] {dag.py:3096} INFO - Sync 1 DAGs
[2026-05-09T12:00:24.693+0000] {logging_mixin.py:188} INFO - [2026-05-09T12:00:24.693+0000] {dag.py:3954} INFO - Setting next_dagrun for example_short_circuit_decorator to 2026-05-08 00:00:00+00:00, run_after=2026-05-09 00:00:00+00:00
[2026-05-09T12:00:24.713+0000] {processor.py:183} INFO - Processing /home/vscode/.local/lib/python3.11/site-packages/airflow/example_dags/example_short_circuit_decorator.py took 0.060 seconds
[2026-05-09T12:01:06.212+0000] {processor.py:161} INFO - Started process (PID=31733) to work on /home/vscode/.local/lib/python3.11/site-packages/airflow/example_dags/example_short_circuit_decorator.py
[2026-05-09T12:01:06.212+0000] {processor.py:830} INFO - Processing file /home/vscode/.local/lib/python3.11/site-packages/airflow/example_dags/example_short_circuit_decorator.py for tasks to queue
[2026-05-09T12:01:06.213+0000] {logging_mixin.py:188} INFO - [2026-05-09T12:01:06.213+0000] {dagbag.py:545} INFO - Filling up the DagBag from /home/vscode/.local/lib/python3.11/site-packages/airflow/example_dags/example_short_circuit_decorator.py
[2026-05-09T12:01:06.220+0000] {processor.py:840} INFO - DAG(s) 'example_short_circuit_decorator' retrieved from /home/vscode/.local/lib/python3.11/site-packages/airflow/example_dags/example_short_circuit_decorator.py
[2026-05-09T12:01:06.233+0000] {logging_mixin.py:188} INFO - [2026-05-09T12:01:06.233+0000] {dag.py:3096} INFO - Sync 1 DAGs
[2026-05-09T12:01:06.247+0000] {logging_mixin.py:188} INFO - [2026-05-09T12:01:06.247+0000] {dag.py:3954} INFO - Setting next_dagrun for example_short_circuit_decorator to 2026-05-08 00:00:00+00:00, run_after=2026-05-09 00:00:00+00:00
[2026-05-09T12:01:06.262+0000] {processor.py:183} INFO - Processing /home/vscode/.local/lib/python3.11/site-packages/airflow/example_dags/example_short_circuit_decorator.py took 0.059 seconds
[2026-05-09T12:01:50.601+0000] {processor.py:161} INFO - Started process (PID=32105) to work on /home/vscode/.local/lib/python3.11/site-packages/airflow/example_dags/example_short_circuit_decorator.py
[2026-05-09T12:01:50.601+0000] {processor.py:830} INFO - Processing file /home/vscode/.local/lib/python3.11/site-packages/airflow/example_dags/example_short_circuit_decorator.py for tasks to queue
[2026-05-09T12:01:50.602+0000] {logging_mixin.py:188} INFO - [2026-05-09T12:01:50.602+0000] {dagbag.py:545} INFO - Filling up the DagBag from /home/vscode/.local/lib/python3.11/site-packages/airflow/example_dags/example_short_circuit_decorator.py
[2026-05-09T12:01:50.609+0000] {processor.py:840} INFO - DAG(s) 'example_short_circuit_decorator' retrieved from /home/vscode/.local/lib/python3.11/site-packages/airflow/example_dags/example_short_circuit_decorator.py
[2026-05-09T12:01:50.621+0000] {logging_mixin.py:188} INFO - [2026-05-09T12:01:50.621+0000] {dag.py:3096} INFO - Sync 1 DAGs
[2026-05-09T12:01:50.635+0000] {logging_mixin.py:188} INFO - [2026-05-09T12:01:50.635+0000] {dag.py:3954} INFO - Setting next_dagrun for example_short_circuit_decorator to 2026-05-08 00:00:00+00:00, run_after=2026-05-09 00:00:00+00:00
[2026-05-09T12:01:50.650+0000] {processor.py:183} INFO - Processing /home/vscode/.local/lib/python3.11/site-packages/airflow/example_dags/example_short_circuit_decorator.py took 0.057 seconds
[2026-05-09T12:02:32.803+0000] {processor.py:161} INFO - Started process (PID=32402) to work on /home/vscode/.local/lib/python3.11/site-packages/airflow/example_dags/example_short_circuit_decorator.py
[2026-05-09T12:02:32.803+0000] {processor.py:830} INFO - Processing file /home/vscode/.local/lib/python3.11/site-packages/airflow/example_dags/example_short_circuit_decorator.py for tasks to queue
[2026-05-09T12:02:32.804+0000] {logging_mixin.py:188} INFO - [2026-05-09T12:02:32.804+0000] {dagbag.py:545} INFO - Filling up the DagBag from /home/vscode/.local/lib/python3.11/site-packages/airflow/example_dags/example_short_circuit_decorator.py
[2026-05-09T12:02:32.811+0000] {processor.py:840} INFO - DAG(s) 'example_short_circuit_decorator' retrieved from /home/vscode/.local/lib/python3.11/site-packages/airflow/example_dags/example_short_circuit_decorator.py
[2026-05-09T12:02:32.824+0000] {logging_mixin.py:188} INFO - [2026-05-09T12:02:32.823+0000] {dag.py:3096} INFO - Sync 1 DAGs
[2026-05-09T12:02:32.837+0000] {logging_mixin.py:188} INFO - [2026-05-09T12:02:32.837+0000] {dag.py:3954} INFO - Setting next_dagrun for example_short_circuit_decorator to 2026-05-08 00:00:00+00:00, run_after=2026-05-09 00:00:00+00:00
[2026-05-09T12:02:32.852+0000] {processor.py:183} INFO - Processing /home/vscode/.local/lib/python3.11/site-packages/airflow/example_dags/example_short_circuit_decorator.py took 0.056 seconds
[2026-05-09T12:03:13.855+0000] {processor.py:161} INFO - Started process (PID=32754) to work on /home/vscode/.local/lib/python3.11/site-packages/airflow/example_dags/example_short_circuit_decorator.py
[2026-05-09T12:03:13.855+0000] {processor.py:830} INFO - Processing file /home/vscode/.local/lib/python3.11/site-packages/airflow/example_dags/example_short_circuit_decorator.py for tasks to queue
[2026-05-09T12:03:13.856+0000] {logging_mixin.py:188} INFO - [2026-05-09T12:03:13.856+0000] {dagbag.py:545} INFO - Filling up the DagBag from /home/vscode/.local/lib/python3.11/site-packages/airflow/example_dags/example_short_circuit_decorator.py
[2026-05-09T12:03:13.865+0000] {processor.py:840} INFO - DAG(s) 'example_short_circuit_decorator' retrieved from /home/vscode/.local/lib/python3.11/site-packages/airflow/example_dags/example_short_circuit_decorator.py
[2026-05-09T12:03:13.878+0000] {logging_mixin.py:188} INFO - [2026-05-09T12:03:13.878+0000] {dag.py:3096} INFO - Sync 1 DAGs
[2026-05-09T12:03:13.891+0000] {logging_mixin.py:188} INFO - [2026-05-09T12:03:13.891+0000] {dag.py:3954} INFO - Setting next_dagrun for example_short_circuit_decorator to 2026-05-08 00:00:00+00:00, run_after=2026-05-09 00:00:00+00:00
[2026-05-09T12:03:13.907+0000] {processor.py:183} INFO - Processing /home/vscode/.local/lib/python3.11/site-packages/airflow/example_dags/example_short_circuit_decorator.py took 0.059 seconds
[2026-05-09T12:03:55.290+0000] {processor.py:161} INFO - Started process (PID=33169) to work on /home/vscode/.local/lib/python3.11/site-packages/airflow/example_dags/example_short_circuit_decorator.py
[2026-05-09T12:03:55.290+0000] {processor.py:830} INFO - Processing file /home/vscode/.local/lib/python3.11/site-packages/airflow/example_dags/example_short_circuit_decorator.py for tasks to queue
[2026-05-09T12:03:55.291+0000] {logging_mixin.py:188} INFO - [2026-05-09T12:03:55.291+0000] {dagbag.py:545} INFO - Filling up the DagBag from /home/vscode/.local/lib/python3.11/site-packages/airflow/example_dags/example_short_circuit_decorator.py
[2026-05-09T12:03:55.298+0000] {processor.py:840} INFO - DAG(s) 'example_short_circuit_decorator' retrieved from /home/vscode/.local/lib/python3.11/site-packages/airflow/example_dags/example_short_circuit_decorator.py
[2026-05-09T12:03:55.311+0000] {logging_mixin.py:188} INFO - [2026-05-09T12:03:55.311+0000] {dag.py:3096} INFO - Sync 1 DAGs
[2026-05-09T12:03:55.326+0000] {logging_mixin.py:188} INFO - [2026-05-09T12:03:55.326+0000] {dag.py:3954} INFO - Setting next_dagrun for example_short_circuit_decorator to 2026-05-08 00:00:00+00:00, run_after=2026-05-09 00:00:00+00:00
[2026-05-09T12:03:55.341+0000] {processor.py:183} INFO - Processing /home/vscode/.local/lib/python3.11/site-packages/airflow/example_dags/example_short_circuit_decorator.py took 0.058 seconds
[2026-05-09T12:04:37.636+0000] {processor.py:161} INFO - Started process (PID=33529) to work on /home/vscode/.local/lib/python3.11/site-packages/airflow/example_dags/example_short_circuit_decorator.py
[2026-05-09T12:04:37.637+0000] {processor.py:830} INFO - Processing file /home/vscode/.local/lib/python3.11/site-packages/airflow/example_dags/example_short_circuit_decorator.py for tasks to queue
[2026-05-09T12:04:37.638+0000] {logging_mixin.py:188} INFO - [2026-05-09T12:04:37.637+0000] {dagbag.py:545} INFO - Filling up the DagBag from /home/vscode/.local/lib/python3.11/site-packages/airflow/example_dags/example_short_circuit_decorator.py
[2026-05-09T12:04:37.648+0000] {processor.py:840} INFO - DAG(s) 'example_short_circuit_decorator' retrieved from /home/vscode/.local/lib/python3.11/site-packages/airflow/example_dags/example_short_circuit_decorator.py
[2026-05-09T12:04:37.662+0000] {logging_mixin.py:188} INFO - [2026-05-09T12:04:37.662+0000] {dag.py:3096} INFO - Sync 1 DAGs
[2026-05-09T12:04:37.676+0000] {logging_mixin.py:188} INFO - [2026-05-09T12:04:37.676+0000] {dag.py:3954} INFO - Setting next_dagrun for example_short_circuit_decorator to 2026-05-08 00:00:00+00:00, run_after=2026-05-09 00:00:00+00:00
[2026-05-09T12:04:37.691+0000] {processor.py:183} INFO - Processing /home/vscode/.local/lib/python3.11/site-packages/airflow/example_dags/example_short_circuit_decorator.py took 0.065 seconds
[2026-05-09T12:05:19.372+0000] {processor.py:161} INFO - Started process (PID=33819) to work on /home/vscode/.local/lib/python3.11/site-packages/airflow/example_dags/example_short_circuit_decorator.py
[2026-05-09T12:05:19.373+0000] {processor.py:830} INFO - Processing file /home/vscode/.local/lib/python3.11/site-packages/airflow/example_dags/example_short_circuit_decorator.py for tasks to queue
[2026-05-09T12:05:19.373+0000] {logging_mixin.py:188} INFO - [2026-05-09T12:05:19.373+0000] {dagbag.py:545} INFO - Filling up the DagBag from /home/vscode/.local/lib/python3.11/site-packages/airflow/example_dags/example_short_circuit_decorator.py
[2026-05-09T12:05:19.380+0000] {processor.py:840} INFO - DAG(s) 'example_short_circuit_decorator' retrieved from /home/vscode/.local/lib/python3.11/site-packages/airflow/example_dags/example_short_circuit_decorator.py
[2026-05-09T12:05:19.393+0000] {logging_mixin.py:188} INFO - [2026-05-09T12:05:19.393+0000] {dag.py:3096} INFO - Sync 1 DAGs
[2026-05-09T12:05:19.408+0000] {logging_mixin.py:188} INFO - [2026-05-09T12:05:19.407+0000] {dag.py:3954} INFO - Setting next_dagrun for example_short_circuit_decorator to 2026-05-08 00:00:00+00:00, run_after=2026-05-09 00:00:00+00:00
[2026-05-09T12:05:19.424+0000] {processor.py:183} INFO - Processing /home/vscode/.local/lib/python3.11/site-packages/airflow/example_dags/example_short_circuit_decorator.py took 0.059 seconds
[2026-05-09T12:06:01.056+0000] {processor.py:161} INFO - Started process (PID=34175) to work on /home/vscode/.local/lib/python3.11/site-packages/airflow/example_dags/example_short_circuit_decorator.py
[2026-05-09T12:06:01.057+0000] {processor.py:830} INFO - Processing file /home/vscode/.local/lib/python3.11/site-packages/airflow/example_dags/example_short_circuit_decorator.py for tasks to queue
[2026-05-09T12:06:01.057+0000] {logging_mixin.py:188} INFO - [2026-05-09T12:06:01.057+0000] {dagbag.py:545} INFO - Filling up the DagBag from /home/vscode/.local/lib/python3.11/site-packages/airflow/example_dags/example_short_circuit_decorator.py
[2026-05-09T12:06:01.065+0000] {processor.py:840} INFO - DAG(s) 'example_short_circuit_decorator' retrieved from /home/vscode/.local/lib/python3.11/site-packages/airflow/example_dags/example_short_circuit_decorator.py
[2026-05-09T12:06:01.079+0000] {logging_mixin.py:188} INFO - [2026-05-09T12:06:01.079+0000] {dag.py:3096} INFO - Sync 1 DAGs
[2026-05-09T12:06:01.094+0000] {logging_mixin.py:188} INFO - [2026-05-09T12:06:01.094+0000] {dag.py:3954} INFO - Setting next_dagrun for example_short_circuit_decorator to 2026-05-08 00:00:00+00:00, run_after=2026-05-09 00:00:00+00:00
[2026-05-09T12:06:01.111+0000] {processor.py:183} INFO - Processing /home/vscode/.local/lib/python3.11/site-packages/airflow/example_dags/example_short_circuit_decorator.py took 0.075 seconds
[2026-05-09T12:06:43.856+0000] {processor.py:161} INFO - Started process (PID=34544) to work on /home/vscode/.local/lib/python3.11/site-packages/airflow/example_dags/example_short_circuit_decorator.py
[2026-05-09T12:06:43.857+0000] {processor.py:830} INFO - Processing file /home/vscode/.local/lib/python3.11/site-packages/airflow/example_dags/example_short_circuit_decorator.py for tasks to queue
[2026-05-09T12:06:43.857+0000] {logging_mixin.py:188} INFO - [2026-05-09T12:06:43.857+0000] {dagbag.py:545} INFO - Filling up the DagBag from /home/vscode/.local/lib/python3.11/site-packages/airflow/example_dags/example_short_circuit_decorator.py
[2026-05-09T12:06:43.864+0000] {processor.py:840} INFO - DAG(s) 'example_short_circuit_decorator' retrieved from /home/vscode/.local/lib/python3.11/site-packages/airflow/example_dags/example_short_circuit_decorator.py
[2026-05-09T12:06:43.878+0000] {logging_mixin.py:188} INFO - [2026-05-09T12:06:43.877+0000] {dag.py:3096} INFO - Sync 1 DAGs
[2026-05-09T12:06:43.893+0000] {logging_mixin.py:188} INFO - [2026-05-09T12:06:43.893+0000] {dag.py:3954} INFO - Setting next_dagrun for example_short_circuit_decorator to 2026-05-08 00:00:00+00:00, run_after=2026-05-09 00:00:00+00:00
[2026-05-09T12:06:43.909+0000] {processor.py:183} INFO - Processing /home/vscode/.local/lib/python3.11/site-packages/airflow/example_dags/example_short_circuit_decorator.py took 0.059 seconds
[2026-05-09T12:07:28.464+0000] {processor.py:161} INFO - Started process (PID=34851) to work on /home/vscode/.local/lib/python3.11/site-packages/airflow/example_dags/example_short_circuit_decorator.py
[2026-05-09T12:07:28.465+0000] {processor.py:830} INFO - Processing file /home/vscode/.local/lib/python3.11/site-packages/airflow/example_dags/example_short_circuit_decorator.py for tasks to queue
[2026-05-09T12:07:28.466+0000] {logging_mixin.py:188} INFO - [2026-05-09T12:07:28.465+0000] {dagbag.py:545} INFO - Filling up the DagBag from /home/vscode/.local/lib/python3.11/site-packages/airflow/example_dags/example_short_circuit_decorator.py
[2026-05-09T12:07:28.474+0000] {processor.py:840} INFO - DAG(s) 'example_short_circuit_decorator' retrieved from /home/vscode/.local/lib/python3.11/site-packages/airflow/example_dags/example_short_circuit_decorator.py
[2026-05-09T12:07:28.487+0000] {logging_mixin.py:188} INFO - [2026-05-09T12:07:28.487+0000] {dag.py:3096} INFO - Sync 1 DAGs
[2026-05-09T12:07:28.501+0000] {logging_mixin.py:188} INFO - [2026-05-09T12:07:28.501+0000] {dag.py:3954} INFO - Setting next_dagrun for example_short_circuit_decorator to 2026-05-08 00:00:00+00:00, run_after=2026-05-09 00:00:00+00:00
[2026-05-09T12:07:28.516+0000] {processor.py:183} INFO - Processing /home/vscode/.local/lib/python3.11/site-packages/airflow/example_dags/example_short_circuit_decorator.py took 0.062 seconds
[2026-05-09T12:08:10.531+0000] {processor.py:161} INFO - Started process (PID=35203) to work on /home/vscode/.local/lib/python3.11/site-packages/airflow/example_dags/example_short_circuit_decorator.py
[2026-05-09T12:08:10.532+0000] {processor.py:830} INFO - Processing file /home/vscode/.local/lib/python3.11/site-packages/airflow/example_dags/example_short_circuit_decorator.py for tasks to queue
[2026-05-09T12:08:10.532+0000] {logging_mixin.py:188} INFO - [2026-05-09T12:08:10.532+0000] {dagbag.py:545} INFO - Filling up the DagBag from /home/vscode/.local/lib/python3.11/site-packages/airflow/example_dags/example_short_circuit_decorator.py
[2026-05-09T12:08:10.542+0000] {processor.py:840} INFO - DAG(s) 'example_short_circuit_decorator' retrieved from /home/vscode/.local/lib/python3.11/site-packages/airflow/example_dags/example_short_circuit_decorator.py
[2026-05-09T12:08:10.557+0000] {logging_mixin.py:188} INFO - [2026-05-09T12:08:10.557+0000] {dag.py:3096} INFO - Sync 1 DAGs
[2026-05-09T12:08:10.571+0000] {logging_mixin.py:188} INFO - [2026-05-09T12:08:10.570+0000] {dag.py:3954} INFO - Setting next_dagrun for example_short_circuit_decorator to 2026-05-08 00:00:00+00:00, run_after=2026-05-09 00:00:00+00:00
[2026-05-09T12:08:10.586+0000] {processor.py:183} INFO - Processing /home/vscode/.local/lib/python3.11/site-packages/airflow/example_dags/example_short_circuit_decorator.py took 0.064 seconds
[2026-05-09T12:08:51.976+0000] {processor.py:161} INFO - Started process (PID=35621) to work on /home/vscode/.local/lib/python3.11/site-packages/airflow/example_dags/example_short_circuit_decorator.py
[2026-05-09T12:08:51.976+0000] {processor.py:830} INFO - Processing file /home/vscode/.local/lib/python3.11/site-packages/airflow/example_dags/example_short_circuit_decorator.py for tasks to queue
[2026-05-09T12:08:51.977+0000] {logging_mixin.py:188} INFO - [2026-05-09T12:08:51.977+0000] {dagbag.py:545} INFO - Filling up the DagBag from /home/vscode/.local/lib/python3.11/site-packages/airflow/example_dags/example_short_circuit_decorator.py
[2026-05-09T12:08:51.984+0000] {processor.py:840} INFO - DAG(s) 'example_short_circuit_decorator' retrieved from /home/vscode/.local/lib/python3.11/site-packages/airflow/example_dags/example_short_circuit_decorator.py
[2026-05-09T12:08:51.998+0000] {logging_mixin.py:188} INFO - [2026-05-09T12:08:51.997+0000] {dag.py:3096} INFO - Sync 1 DAGs
[2026-05-09T12:08:52.012+0000] {logging_mixin.py:188} INFO - [2026-05-09T12:08:52.012+0000] {dag.py:3954} INFO - Setting next_dagrun for example_short_circuit_decorator to 2026-05-08 00:00:00+00:00, run_after=2026-05-09 00:00:00+00:00
[2026-05-09T12:08:52.029+0000] {processor.py:183} INFO - Processing /home/vscode/.local/lib/python3.11/site-packages/airflow/example_dags/example_short_circuit_decorator.py took 0.059 seconds
[2026-05-09T12:09:48.620+0000] {processor.py:161} INFO - Started process (PID=36126) to work on /home/vscode/.local/lib/python3.11/site-packages/airflow/example_dags/example_short_circuit_decorator.py
[2026-05-09T12:09:48.621+0000] {processor.py:830} INFO - Processing file /home/vscode/.local/lib/python3.11/site-packages/airflow/example_dags/example_short_circuit_decorator.py for tasks to queue
[2026-05-09T12:09:48.622+0000] {logging_mixin.py:188} INFO - [2026-05-09T12:09:48.621+0000] {dagbag.py:545} INFO - Filling up the DagBag from /home/vscode/.local/lib/python3.11/site-packages/airflow/example_dags/example_short_circuit_decorator.py
[2026-05-09T12:09:48.629+0000] {processor.py:840} INFO - DAG(s) 'example_short_circuit_decorator' retrieved from /home/vscode/.local/lib/python3.11/site-packages/airflow/example_dags/example_short_circuit_decorator.py
[2026-05-09T12:09:48.648+0000] {logging_mixin.py:188} INFO - [2026-05-09T12:09:48.648+0000] {dag.py:3096} INFO - Sync 1 DAGs
[2026-05-09T12:09:48.663+0000] {logging_mixin.py:188} INFO - [2026-05-09T12:09:48.663+0000] {dag.py:3954} INFO - Setting next_dagrun for example_short_circuit_decorator to 2026-05-08 00:00:00+00:00, run_after=2026-05-09 00:00:00+00:00
[2026-05-09T12:09:48.680+0000] {processor.py:183} INFO - Processing /home/vscode/.local/lib/python3.11/site-packages/airflow/example_dags/example_short_circuit_decorator.py took 0.066 seconds
[2026-05-09T12:10:28.915+0000] {processor.py:161} INFO - Started process (PID=36413) to work on /home/vscode/.local/lib/python3.11/site-packages/airflow/example_dags/example_short_circuit_decorator.py
[2026-05-09T12:10:28.915+0000] {processor.py:830} INFO - Processing file /home/vscode/.local/lib/python3.11/site-packages/airflow/example_dags/example_short_circuit_decorator.py for tasks to queue
[2026-05-09T12:10:28.916+0000] {logging_mixin.py:188} INFO - [2026-05-09T12:10:28.916+0000] {dagbag.py:545} INFO - Filling up the DagBag from /home/vscode/.local/lib/python3.11/site-packages/airflow/example_dags/example_short_circuit_decorator.py
[2026-05-09T12:10:28.923+0000] {processor.py:840} INFO - DAG(s) 'example_short_circuit_decorator' retrieved from /home/vscode/.local/lib/python3.11/site-packages/airflow/example_dags/example_short_circuit_decorator.py
[2026-05-09T12:10:28.940+0000] {logging_mixin.py:188} INFO - [2026-05-09T12:10:28.940+0000] {dag.py:3096} INFO - Sync 1 DAGs
[2026-05-09T12:10:28.954+0000] {logging_mixin.py:188} INFO - [2026-05-09T12:10:28.954+0000] {dag.py:3954} INFO - Setting next_dagrun for example_short_circuit_decorator to 2026-05-08 00:00:00+00:00, run_after=2026-05-09 00:00:00+00:00
[2026-05-09T12:10:28.970+0000] {processor.py:183} INFO - Processing /home/vscode/.local/lib/python3.11/site-packages/airflow/example_dags/example_short_circuit_decorator.py took 0.062 seconds
[2026-05-09T12:11:10.949+0000] {processor.py:161} INFO - Started process (PID=36767) to work on /home/vscode/.local/lib/python3.11/site-packages/airflow/example_dags/example_short_circuit_decorator.py
[2026-05-09T12:11:10.950+0000] {processor.py:830} INFO - Processing file /home/vscode/.local/lib/python3.11/site-packages/airflow/example_dags/example_short_circuit_decorator.py for tasks to queue
[2026-05-09T12:11:10.951+0000] {logging_mixin.py:188} INFO - [2026-05-09T12:11:10.951+0000] {dagbag.py:545} INFO - Filling up the DagBag from /home/vscode/.local/lib/python3.11/site-packages/airflow/example_dags/example_short_circuit_decorator.py
[2026-05-09T12:11:10.962+0000] {processor.py:840} INFO - DAG(s) 'example_short_circuit_decorator' retrieved from /home/vscode/.local/lib/python3.11/site-packages/airflow/example_dags/example_short_circuit_decorator.py
[2026-05-09T12:11:10.995+0000] {logging_mixin.py:188} INFO - [2026-05-09T12:11:10.994+0000] {dag.py:3096} INFO - Sync 1 DAGs
[2026-05-09T12:11:11.011+0000] {logging_mixin.py:188} INFO - [2026-05-09T12:11:11.010+0000] {dag.py:3954} INFO - Setting next_dagrun for example_short_circuit_decorator to 2026-05-08 00:00:00+00:00, run_after=2026-05-09 00:00:00+00:00
[2026-05-09T12:11:11.029+0000] {processor.py:183} INFO - Processing /home/vscode/.local/lib/python3.11/site-packages/airflow/example_dags/example_short_circuit_decorator.py took 0.091 seconds
[2026-05-09T12:11:52.045+0000] {processor.py:161} INFO - Started process (PID=37120) to work on /home/vscode/.local/lib/python3.11/site-packages/airflow/example_dags/example_short_circuit_decorator.py
[2026-05-09T12:11:52.046+0000] {processor.py:830} INFO - Processing file /home/vscode/.local/lib/python3.11/site-packages/airflow/example_dags/example_short_circuit_decorator.py for tasks to queue
[2026-05-09T12:11:52.047+0000] {logging_mixin.py:188} INFO - [2026-05-09T12:11:52.046+0000] {dagbag.py:545} INFO - Filling up the DagBag from /home/vscode/.local/lib/python3.11/site-packages/airflow/example_dags/example_short_circuit_decorator.py
[2026-05-09T12:11:52.058+0000] {processor.py:840} INFO - DAG(s) 'example_short_circuit_decorator' retrieved from /home/vscode/.local/lib/python3.11/site-packages/airflow/example_dags/example_short_circuit_decorator.py
[2026-05-09T12:11:52.078+0000] {logging_mixin.py:188} INFO - [2026-05-09T12:11:52.078+0000] {dag.py:3096} INFO - Sync 1 DAGs
[2026-05-09T12:11:52.095+0000] {logging_mixin.py:188} INFO - [2026-05-09T12:11:52.095+0000] {dag.py:3954} INFO - Setting next_dagrun for example_short_circuit_decorator to 2026-05-08 00:00:00+00:00, run_after=2026-05-09 00:00:00+00:00
[2026-05-09T12:11:52.111+0000] {processor.py:183} INFO - Processing /home/vscode/.local/lib/python3.11/site-packages/airflow/example_dags/example_short_circuit_decorator.py took 0.074 seconds
[2026-05-09T12:12:33.220+0000] {processor.py:161} INFO - Started process (PID=37421) to work on /home/vscode/.local/lib/python3.11/site-packages/airflow/example_dags/example_short_circuit_decorator.py
[2026-05-09T12:12:33.220+0000] {processor.py:830} INFO - Processing file /home/vscode/.local/lib/python3.11/site-packages/airflow/example_dags/example_short_circuit_decorator.py for tasks to queue
[2026-05-09T12:12:33.221+0000] {logging_mixin.py:188} INFO - [2026-05-09T12:12:33.221+0000] {dagbag.py:545} INFO - Filling up the DagBag from /home/vscode/.local/lib/python3.11/site-packages/airflow/example_dags/example_short_circuit_decorator.py
[2026-05-09T12:12:33.230+0000] {processor.py:840} INFO - DAG(s) 'example_short_circuit_decorator' retrieved from /home/vscode/.local/lib/python3.11/site-packages/airflow/example_dags/example_short_circuit_decorator.py
[2026-05-09T12:12:33.248+0000] {logging_mixin.py:188} INFO - [2026-05-09T12:12:33.248+0000] {dag.py:3096} INFO - Sync 1 DAGs
[2026-05-09T12:12:33.263+0000] {logging_mixin.py:188} INFO - [2026-05-09T12:12:33.263+0000] {dag.py:3954} INFO - Setting next_dagrun for example_short_circuit_decorator to 2026-05-08 00:00:00+00:00, run_after=2026-05-09 00:00:00+00:00
[2026-05-09T12:12:33.280+0000] {processor.py:183} INFO - Processing /home/vscode/.local/lib/python3.11/site-packages/airflow/example_dags/example_short_circuit_decorator.py took 0.068 seconds
[2026-05-09T12:13:12.483+0000] {processor.py:161} INFO - Started process (PID=37757) to work on /home/vscode/.local/lib/python3.11/site-packages/airflow/example_dags/example_short_circuit_decorator.py
[2026-05-09T12:13:12.484+0000] {processor.py:830} INFO - Processing file /home/vscode/.local/lib/python3.11/site-packages/airflow/example_dags/example_short_circuit_decorator.py for tasks to queue
[2026-05-09T12:13:12.484+0000] {logging_mixin.py:188} INFO - [2026-05-09T12:13:12.484+0000] {dagbag.py:545} INFO - Filling up the DagBag from /home/vscode/.local/lib/python3.11/site-packages/airflow/example_dags/example_short_circuit_decorator.py
[2026-05-09T12:13:12.491+0000] {processor.py:840} INFO - DAG(s) 'example_short_circuit_decorator' retrieved from /home/vscode/.local/lib/python3.11/site-packages/airflow/example_dags/example_short_circuit_decorator.py
[2026-05-09T12:13:12.505+0000] {logging_mixin.py:188} INFO - [2026-05-09T12:13:12.505+0000] {dag.py:3096} INFO - Sync 1 DAGs
[2026-05-09T12:13:12.520+0000] {logging_mixin.py:188} INFO - [2026-05-09T12:13:12.520+0000] {dag.py:3954} INFO - Setting next_dagrun for example_short_circuit_decorator to 2026-05-08 00:00:00+00:00, run_after=2026-05-09 00:00:00+00:00
[2026-05-09T12:13:12.538+0000] {processor.py:183} INFO - Processing /home/vscode/.local/lib/python3.11/site-packages/airflow/example_dags/example_short_circuit_decorator.py took 0.062 seconds
[2026-05-09T12:13:55.709+0000] {processor.py:161} INFO - Started process (PID=38180) to work on /home/vscode/.local/lib/python3.11/site-packages/airflow/example_dags/example_short_circuit_decorator.py
[2026-05-09T12:13:55.710+0000] {processor.py:830} INFO - Processing file /home/vscode/.local/lib/python3.11/site-packages/airflow/example_dags/example_short_circuit_decorator.py for tasks to queue
[2026-05-09T12:13:55.710+0000] {logging_mixin.py:188} INFO - [2026-05-09T12:13:55.710+0000] {dagbag.py:545} INFO - Filling up the DagBag from /home/vscode/.local/lib/python3.11/site-packages/airflow/example_dags/example_short_circuit_decorator.py
[2026-05-09T12:13:55.718+0000] {processor.py:840} INFO - DAG(s) 'example_short_circuit_decorator' retrieved from /home/vscode/.local/lib/python3.11/site-packages/airflow/example_dags/example_short_circuit_decorator.py
[2026-05-09T12:13:55.734+0000] {logging_mixin.py:188} INFO - [2026-05-09T12:13:55.734+0000] {dag.py:3096} INFO - Sync 1 DAGs
[2026-05-09T12:13:55.752+0000] {logging_mixin.py:188} INFO - [2026-05-09T12:13:55.751+0000] {dag.py:3954} INFO - Setting next_dagrun for example_short_circuit_decorator to 2026-05-08 00:00:00+00:00, run_after=2026-05-09 00:00:00+00:00
[2026-05-09T12:13:55.767+0000] {processor.py:183} INFO - Processing /home/vscode/.local/lib/python3.11/site-packages/airflow/example_dags/example_short_circuit_decorator.py took 0.066 seconds
[2026-05-09T12:14:40.075+0000] {processor.py:161} INFO - Started process (PID=38555) to work on /home/vscode/.local/lib/python3.11/site-packages/airflow/example_dags/example_short_circuit_decorator.py
[2026-05-09T12:14:40.076+0000] {processor.py:830} INFO - Processing file /home/vscode/.local/lib/python3.11/site-packages/airflow/example_dags/example_short_circuit_decorator.py for tasks to queue
[2026-05-09T12:14:40.076+0000] {logging_mixin.py:188} INFO - [2026-05-09T12:14:40.076+0000] {dagbag.py:545} INFO - Filling up the DagBag from /home/vscode/.local/lib/python3.11/site-packages/airflow/example_dags/example_short_circuit_decorator.py
[2026-05-09T12:14:40.083+0000] {processor.py:840} INFO - DAG(s) 'example_short_circuit_decorator' retrieved from /home/vscode/.local/lib/python3.11/site-packages/airflow/example_dags/example_short_circuit_decorator.py
[2026-05-09T12:14:40.096+0000] {logging_mixin.py:188} INFO - [2026-05-09T12:14:40.096+0000] {dag.py:3096} INFO - Sync 1 DAGs
[2026-05-09T12:14:40.110+0000] {logging_mixin.py:188} INFO - [2026-05-09T12:14:40.110+0000] {dag.py:3954} INFO - Setting next_dagrun for example_short_circuit_decorator to 2026-05-08 00:00:00+00:00, run_after=2026-05-09 00:00:00+00:00
[2026-05-09T12:14:40.126+0000] {processor.py:183} INFO - Processing /home/vscode/.local/lib/python3.11/site-packages/airflow/example_dags/example_short_circuit_decorator.py took 0.058 seconds
[2026-05-09T12:15:21.015+0000] {processor.py:161} INFO - Started process (PID=38839) to work on /home/vscode/.local/lib/python3.11/site-packages/airflow/example_dags/example_short_circuit_decorator.py
[2026-05-09T12:15:21.015+0000] {processor.py:830} INFO - Processing file /home/vscode/.local/lib/python3.11/site-packages/airflow/example_dags/example_short_circuit_decorator.py for tasks to queue
[2026-05-09T12:15:21.016+0000] {logging_mixin.py:188} INFO - [2026-05-09T12:15:21.015+0000] {dagbag.py:545} INFO - Filling up the DagBag from /home/vscode/.local/lib/python3.11/site-packages/airflow/example_dags/example_short_circuit_decorator.py
[2026-05-09T12:15:21.023+0000] {processor.py:840} INFO - DAG(s) 'example_short_circuit_decorator' retrieved from /home/vscode/.local/lib/python3.11/site-packages/airflow/example_dags/example_short_circuit_decorator.py
[2026-05-09T12:15:21.039+0000] {logging_mixin.py:188} INFO - [2026-05-09T12:15:21.039+0000] {dag.py:3096} INFO - Sync 1 DAGs
[2026-05-09T12:15:21.056+0000] {logging_mixin.py:188} INFO - [2026-05-09T12:15:21.056+0000] {dag.py:3954} INFO - Setting next_dagrun for example_short_circuit_decorator to 2026-05-08 00:00:00+00:00, run_after=2026-05-09 00:00:00+00:00
[2026-05-09T12:15:21.071+0000] {processor.py:183} INFO - Processing /home/vscode/.local/lib/python3.11/site-packages/airflow/example_dags/example_short_circuit_decorator.py took 0.063 seconds
[2026-05-09T12:16:03.836+0000] {processor.py:161} INFO - Started process (PID=39203) to work on /home/vscode/.local/lib/python3.11/site-packages/airflow/example_dags/example_short_circuit_decorator.py
[2026-05-09T12:16:03.836+0000] {processor.py:830} INFO - Processing file /home/vscode/.local/lib/python3.11/site-packages/airflow/example_dags/example_short_circuit_decorator.py for tasks to queue
[2026-05-09T12:16:03.837+0000] {logging_mixin.py:188} INFO - [2026-05-09T12:16:03.837+0000] {dagbag.py:545} INFO - Filling up the DagBag from /home/vscode/.local/lib/python3.11/site-packages/airflow/example_dags/example_short_circuit_decorator.py
[2026-05-09T12:16:03.846+0000] {processor.py:840} INFO - DAG(s) 'example_short_circuit_decorator' retrieved from /home/vscode/.local/lib/python3.11/site-packages/airflow/example_dags/example_short_circuit_decorator.py
[2026-05-09T12:16:03.862+0000] {logging_mixin.py:188} INFO - [2026-05-09T12:16:03.862+0000] {dag.py:3096} INFO - Sync 1 DAGs
[2026-05-09T12:16:03.875+0000] {logging_mixin.py:188} INFO - [2026-05-09T12:16:03.875+0000] {dag.py:3954} INFO - Setting next_dagrun for example_short_circuit_decorator to 2026-05-08 00:00:00+00:00, run_after=2026-05-09 00:00:00+00:00
[2026-05-09T12:16:03.891+0000] {processor.py:183} INFO - Processing /home/vscode/.local/lib/python3.11/site-packages/airflow/example_dags/example_short_circuit_decorator.py took 0.062 seconds
[2026-05-09T12:16:48.107+0000] {processor.py:161} INFO - Started process (PID=39577) to work on /home/vscode/.local/lib/python3.11/site-packages/airflow/example_dags/example_short_circuit_decorator.py
[2026-05-09T12:16:48.109+0000] {processor.py:830} INFO - Processing file /home/vscode/.local/lib/python3.11/site-packages/airflow/example_dags/example_short_circuit_decorator.py for tasks to queue
[2026-05-09T12:16:48.110+0000] {logging_mixin.py:188} INFO - [2026-05-09T12:16:48.109+0000] {dagbag.py:545} INFO - Filling up the DagBag from /home/vscode/.local/lib/python3.11/site-packages/airflow/example_dags/example_short_circuit_decorator.py
[2026-05-09T12:16:48.117+0000] {processor.py:840} INFO - DAG(s) 'example_short_circuit_decorator' retrieved from /home/vscode/.local/lib/python3.11/site-packages/airflow/example_dags/example_short_circuit_decorator.py
[2026-05-09T12:16:48.133+0000] {logging_mixin.py:188} INFO - [2026-05-09T12:16:48.133+0000] {dag.py:3096} INFO - Sync 1 DAGs
[2026-05-09T12:16:48.150+0000] {logging_mixin.py:188} INFO - [2026-05-09T12:16:48.150+0000] {dag.py:3954} INFO - Setting next_dagrun for example_short_circuit_decorator to 2026-05-08 00:00:00+00:00, run_after=2026-05-09 00:00:00+00:00
[2026-05-09T12:16:48.166+0000] {processor.py:183} INFO - Processing /home/vscode/.local/lib/python3.11/site-packages/airflow/example_dags/example_short_circuit_decorator.py took 0.065 seconds
[2026-05-09T12:17:33.470+0000] {processor.py:161} INFO - Started process (PID=39889) to work on /home/vscode/.local/lib/python3.11/site-packages/airflow/example_dags/example_short_circuit_decorator.py
[2026-05-09T12:17:33.471+0000] {processor.py:830} INFO - Processing file /home/vscode/.local/lib/python3.11/site-packages/airflow/example_dags/example_short_circuit_decorator.py for tasks to queue
[2026-05-09T12:17:33.472+0000] {logging_mixin.py:188} INFO - [2026-05-09T12:17:33.472+0000] {dagbag.py:545} INFO - Filling up the DagBag from /home/vscode/.local/lib/python3.11/site-packages/airflow/example_dags/example_short_circuit_decorator.py
[2026-05-09T12:17:33.483+0000] {processor.py:840} INFO - DAG(s) 'example_short_circuit_decorator' retrieved from /home/vscode/.local/lib/python3.11/site-packages/airflow/example_dags/example_short_circuit_decorator.py
[2026-05-09T12:17:33.502+0000] {logging_mixin.py:188} INFO - [2026-05-09T12:17:33.501+0000] {dag.py:3096} INFO - Sync 1 DAGs
[2026-05-09T12:17:33.517+0000] {logging_mixin.py:188} INFO - [2026-05-09T12:17:33.517+0000] {dag.py:3954} INFO - Setting next_dagrun for example_short_circuit_decorator to 2026-05-08 00:00:00+00:00, run_after=2026-05-09 00:00:00+00:00
[2026-05-09T12:17:33.535+0000] {processor.py:183} INFO - Processing /home/vscode/.local/lib/python3.11/site-packages/airflow/example_dags/example_short_circuit_decorator.py took 0.080 seconds
[2026-05-09T12:18:17.079+0000] {processor.py:161} INFO - Started process (PID=40253) to work on /home/vscode/.local/lib/python3.11/site-packages/airflow/example_dags/example_short_circuit_decorator.py
[2026-05-09T12:18:17.080+0000] {processor.py:830} INFO - Processing file /home/vscode/.local/lib/python3.11/site-packages/airflow/example_dags/example_short_circuit_decorator.py for tasks to queue
[2026-05-09T12:18:17.080+0000] {logging_mixin.py:188} INFO - [2026-05-09T12:18:17.080+0000] {dagbag.py:545} INFO - Filling up the DagBag from /home/vscode/.local/lib/python3.11/site-packages/airflow/example_dags/example_short_circuit_decorator.py
[2026-05-09T12:18:17.087+0000] {processor.py:840} INFO - DAG(s) 'example_short_circuit_decorator' retrieved from /home/vscode/.local/lib/python3.11/site-packages/airflow/example_dags/example_short_circuit_decorator.py
[2026-05-09T12:18:17.101+0000] {logging_mixin.py:188} INFO - [2026-05-09T12:18:17.101+0000] {dag.py:3096} INFO - Sync 1 DAGs
[2026-05-09T12:18:17.115+0000] {logging_mixin.py:188} INFO - [2026-05-09T12:18:17.115+0000] {dag.py:3954} INFO - Setting next_dagrun for example_short_circuit_decorator to 2026-05-08 00:00:00+00:00, run_after=2026-05-09 00:00:00+00:00
[2026-05-09T12:18:17.130+0000] {processor.py:183} INFO - Processing /home/vscode/.local/lib/python3.11/site-packages/airflow/example_dags/example_short_circuit_decorator.py took 0.058 seconds
[2026-05-09T12:18:56.931+0000] {processor.py:161} INFO - Started process (PID=40662) to work on /home/vscode/.local/lib/python3.11/site-packages/airflow/example_dags/example_short_circuit_decorator.py
[2026-05-09T12:18:56.933+0000] {processor.py:830} INFO - Processing file /home/vscode/.local/lib/python3.11/site-packages/airflow/example_dags/example_short_circuit_decorator.py for tasks to queue
[2026-05-09T12:18:56.937+0000] {logging_mixin.py:188} INFO - [2026-05-09T12:18:56.937+0000] {dagbag.py:545} INFO - Filling up the DagBag from /home/vscode/.local/lib/python3.11/site-packages/airflow/example_dags/example_short_circuit_decorator.py
[2026-05-09T12:18:56.973+0000] {processor.py:840} INFO - DAG(s) 'example_short_circuit_decorator' retrieved from /home/vscode/.local/lib/python3.11/site-packages/airflow/example_dags/example_short_circuit_decorator.py
[2026-05-09T12:18:56.996+0000] {logging_mixin.py:188} INFO - [2026-05-09T12:18:56.996+0000] {dag.py:3096} INFO - Sync 1 DAGs
[2026-05-09T12:18:57.027+0000] {logging_mixin.py:188} INFO - [2026-05-09T12:18:57.027+0000] {dag.py:3954} INFO - Setting next_dagrun for example_short_circuit_decorator to 2026-05-08 00:00:00+00:00, run_after=2026-05-09 00:00:00+00:00
[2026-05-09T12:18:57.045+0000] {processor.py:183} INFO - Processing /home/vscode/.local/lib/python3.11/site-packages/airflow/example_dags/example_short_circuit_decorator.py took 0.123 seconds
[2026-05-09T12:19:38.464+0000] {processor.py:161} INFO - Started process (PID=41017) to work on /home/vscode/.local/lib/python3.11/site-packages/airflow/example_dags/example_short_circuit_decorator.py
[2026-05-09T12:19:38.465+0000] {processor.py:830} INFO - Processing file /home/vscode/.local/lib/python3.11/site-packages/airflow/example_dags/example_short_circuit_decorator.py for tasks to queue
[2026-05-09T12:19:38.466+0000] {logging_mixin.py:188} INFO - [2026-05-09T12:19:38.465+0000] {dagbag.py:545} INFO - Filling up the DagBag from /home/vscode/.local/lib/python3.11/site-packages/airflow/example_dags/example_short_circuit_decorator.py
[2026-05-09T12:19:38.473+0000] {processor.py:840} INFO - DAG(s) 'example_short_circuit_decorator' retrieved from /home/vscode/.local/lib/python3.11/site-packages/airflow/example_dags/example_short_circuit_decorator.py
[2026-05-09T12:19:38.486+0000] {logging_mixin.py:188} INFO - [2026-05-09T12:19:38.485+0000] {dag.py:3096} INFO - Sync 1 DAGs
[2026-05-09T12:19:38.500+0000] {logging_mixin.py:188} INFO - [2026-05-09T12:19:38.500+0000] {dag.py:3954} INFO - Setting next_dagrun for example_short_circuit_decorator to 2026-05-08 00:00:00+00:00, run_after=2026-05-09 00:00:00+00:00
[2026-05-09T12:19:38.517+0000] {processor.py:183} INFO - Processing /home/vscode/.local/lib/python3.11/site-packages/airflow/example_dags/example_short_circuit_decorator.py took 0.059 seconds
[2026-05-09T12:20:24.793+0000] {processor.py:161} INFO - Started process (PID=41332) to work on /home/vscode/.local/lib/python3.11/site-packages/airflow/example_dags/example_short_circuit_decorator.py
[2026-05-09T12:20:24.794+0000] {processor.py:830} INFO - Processing file /home/vscode/.local/lib/python3.11/site-packages/airflow/example_dags/example_short_circuit_decorator.py for tasks to queue
[2026-05-09T12:20:24.794+0000] {logging_mixin.py:188} INFO - [2026-05-09T12:20:24.794+0000] {dagbag.py:545} INFO - Filling up the DagBag from /home/vscode/.local/lib/python3.11/site-packages/airflow/example_dags/example_short_circuit_decorator.py
[2026-05-09T12:20:24.807+0000] {processor.py:840} INFO - DAG(s) 'example_short_circuit_decorator' retrieved from /home/vscode/.local/lib/python3.11/site-packages/airflow/example_dags/example_short_circuit_decorator.py
[2026-05-09T12:20:24.829+0000] {logging_mixin.py:188} INFO - [2026-05-09T12:20:24.829+0000] {dag.py:3096} INFO - Sync 1 DAGs
[2026-05-09T12:20:24.846+0000] {logging_mixin.py:188} INFO - [2026-05-09T12:20:24.846+0000] {dag.py:3954} INFO - Setting next_dagrun for example_short_circuit_decorator to 2026-05-08 00:00:00+00:00, run_after=2026-05-09 00:00:00+00:00
[2026-05-09T12:20:24.862+0000] {processor.py:183} INFO - Processing /home/vscode/.local/lib/python3.11/site-packages/airflow/example_dags/example_short_circuit_decorator.py took 0.078 seconds
[2026-05-09T12:21:05.537+0000] {processor.py:161} INFO - Started process (PID=41685) to work on /home/vscode/.local/lib/python3.11/site-packages/airflow/example_dags/example_short_circuit_decorator.py
[2026-05-09T12:21:05.538+0000] {processor.py:830} INFO - Processing file /home/vscode/.local/lib/python3.11/site-packages/airflow/example_dags/example_short_circuit_decorator.py for tasks to queue
[2026-05-09T12:21:05.538+0000] {logging_mixin.py:188} INFO - [2026-05-09T12:21:05.538+0000] {dagbag.py:545} INFO - Filling up the DagBag from /home/vscode/.local/lib/python3.11/site-packages/airflow/example_dags/example_short_circuit_decorator.py
[2026-05-09T12:21:05.548+0000] {processor.py:840} INFO - DAG(s) 'example_short_circuit_decorator' retrieved from /home/vscode/.local/lib/python3.11/site-packages/airflow/example_dags/example_short_circuit_decorator.py
[2026-05-09T12:21:05.563+0000] {logging_mixin.py:188} INFO - [2026-05-09T12:21:05.563+0000] {dag.py:3096} INFO - Sync 1 DAGs
[2026-05-09T12:21:05.577+0000] {logging_mixin.py:188} INFO - [2026-05-09T12:21:05.577+0000] {dag.py:3954} INFO - Setting next_dagrun for example_short_circuit_decorator to 2026-05-08 00:00:00+00:00, run_after=2026-05-09 00:00:00+00:00
[2026-05-09T12:21:05.594+0000] {processor.py:183} INFO - Processing /home/vscode/.local/lib/python3.11/site-packages/airflow/example_dags/example_short_circuit_decorator.py took 0.064 seconds
