[2026-05-09T11:18:48.972+0000] {processor.py:161} INFO - Started process (PID=7145) to work on /home/vscode/.local/lib/python3.11/site-packages/airflow/example_dags/example_subdag_operator.py
[2026-05-09T11:18:48.973+0000] {processor.py:830} INFO - Processing file /home/vscode/.local/lib/python3.11/site-packages/airflow/example_dags/example_subdag_operator.py for tasks to queue
[2026-05-09T11:18:48.974+0000] {logging_mixin.py:188} INFO - [2026-05-09T11:18:48.974+0000] {dagbag.py:545} INFO - Filling up the DagBag from /home/vscode/.local/lib/python3.11/site-packages/airflow/example_dags/example_subdag_operator.py
[2026-05-09T11:18:48.988+0000] {processor.py:840} INFO - DAG(s) 'example_subdag_operator.section-1', 'example_subdag_operator.section-2', 'example_subdag_operator' retrieved from /home/vscode/.local/lib/python3.11/site-packages/airflow/example_dags/example_subdag_operator.py
[2026-05-09T11:18:48.990+0000] {logging_mixin.py:188} INFO - [2026-05-09T11:18:48.990+0000] {dag.py:3096} INFO - Sync 3 DAGs
[2026-05-09T11:18:49.006+0000] {logging_mixin.py:188} INFO - [2026-05-09T11:18:49.005+0000] {dag.py:3954} INFO - Setting next_dagrun for example_subdag_operator to 2022-01-01 00:00:00+00:00, run_after=2022-01-01 00:00:00+00:00
[2026-05-09T11:18:49.008+0000] {logging_mixin.py:188} INFO - [2026-05-09T11:18:49.008+0000] {dag.py:3954} INFO - Setting next_dagrun for example_subdag_operator.section-1 to None, run_after=None
[2026-05-09T11:18:49.009+0000] {logging_mixin.py:188} INFO - [2026-05-09T11:18:49.008+0000] {dag.py:3954} INFO - Setting next_dagrun for example_subdag_operator.section-2 to None, run_after=None
[2026-05-09T11:18:49.014+0000] {logging_mixin.py:188} INFO - [2026-05-09T11:18:49.013+0000] {dag.py:3096} INFO - Sync 2 DAGs
[2026-05-09T11:18:49.016+0000] {logging_mixin.py:188} INFO - [2026-05-09T11:18:49.016+0000] {dag.py:3954} INFO - Setting next_dagrun for example_subdag_operator.section-1 to None, run_after=None
[2026-05-09T11:18:49.017+0000] {logging_mixin.py:188} INFO - [2026-05-09T11:18:49.017+0000] {dag.py:3954} INFO - Setting next_dagrun for example_subdag_operator.section-2 to None, run_after=None
[2026-05-09T11:18:49.028+0000] {processor.py:183} INFO - Processing /home/vscode/.local/lib/python3.11/site-packages/airflow/example_dags/example_subdag_operator.py took 0.063 seconds
[2026-05-09T11:19:47.571+0000] {processor.py:161} INFO - Started process (PID=7640) to work on /home/vscode/.local/lib/python3.11/site-packages/airflow/example_dags/example_subdag_operator.py
[2026-05-09T11:19:47.571+0000] {processor.py:830} INFO - Processing file /home/vscode/.local/lib/python3.11/site-packages/airflow/example_dags/example_subdag_operator.py for tasks to queue
[2026-05-09T11:19:47.572+0000] {logging_mixin.py:188} INFO - [2026-05-09T11:19:47.572+0000] {dagbag.py:545} INFO - Filling up the DagBag from /home/vscode/.local/lib/python3.11/site-packages/airflow/example_dags/example_subdag_operator.py
[2026-05-09T11:19:47.587+0000] {processor.py:840} INFO - DAG(s) 'example_subdag_operator.section-1', 'example_subdag_operator.section-2', 'example_subdag_operator' retrieved from /home/vscode/.local/lib/python3.11/site-packages/airflow/example_dags/example_subdag_operator.py
[2026-05-09T11:19:47.758+0000] {logging_mixin.py:188} INFO - [2026-05-09T11:19:47.757+0000] {dag.py:3096} INFO - Sync 3 DAGs
[2026-05-09T11:19:47.769+0000] {logging_mixin.py:188} INFO - [2026-05-09T11:19:47.769+0000] {dag.py:3954} INFO - Setting next_dagrun for example_subdag_operator to 2022-01-01 00:00:00+00:00, run_after=2022-01-01 00:00:00+00:00
[2026-05-09T11:19:47.771+0000] {logging_mixin.py:188} INFO - [2026-05-09T11:19:47.771+0000] {dag.py:3954} INFO - Setting next_dagrun for example_subdag_operator.section-1 to None, run_after=None
[2026-05-09T11:19:47.772+0000] {logging_mixin.py:188} INFO - [2026-05-09T11:19:47.771+0000] {dag.py:3954} INFO - Setting next_dagrun for example_subdag_operator.section-2 to None, run_after=None
[2026-05-09T11:19:47.777+0000] {logging_mixin.py:188} INFO - [2026-05-09T11:19:47.777+0000] {dag.py:3096} INFO - Sync 2 DAGs
[2026-05-09T11:19:47.780+0000] {logging_mixin.py:188} INFO - [2026-05-09T11:19:47.779+0000] {dag.py:3954} INFO - Setting next_dagrun for example_subdag_operator.section-1 to None, run_after=None
[2026-05-09T11:19:47.780+0000] {logging_mixin.py:188} INFO - [2026-05-09T11:19:47.780+0000] {dag.py:3954} INFO - Setting next_dagrun for example_subdag_operator.section-2 to None, run_after=None
[2026-05-09T11:19:47.791+0000] {processor.py:183} INFO - Processing /home/vscode/.local/lib/python3.11/site-packages/airflow/example_dags/example_subdag_operator.py took 0.227 seconds
[2026-05-09T11:20:40.657+0000] {processor.py:161} INFO - Started process (PID=8106) to work on /home/vscode/.local/lib/python3.11/site-packages/airflow/example_dags/example_subdag_operator.py
[2026-05-09T11:20:40.658+0000] {processor.py:830} INFO - Processing file /home/vscode/.local/lib/python3.11/site-packages/airflow/example_dags/example_subdag_operator.py for tasks to queue
[2026-05-09T11:20:40.658+0000] {logging_mixin.py:188} INFO - [2026-05-09T11:20:40.658+0000] {dagbag.py:545} INFO - Filling up the DagBag from /home/vscode/.local/lib/python3.11/site-packages/airflow/example_dags/example_subdag_operator.py
[2026-05-09T11:20:40.673+0000] {processor.py:840} INFO - DAG(s) 'example_subdag_operator.section-1', 'example_subdag_operator.section-2', 'example_subdag_operator' retrieved from /home/vscode/.local/lib/python3.11/site-packages/airflow/example_dags/example_subdag_operator.py
[2026-05-09T11:20:40.684+0000] {logging_mixin.py:188} INFO - [2026-05-09T11:20:40.684+0000] {dag.py:3096} INFO - Sync 3 DAGs
[2026-05-09T11:20:40.699+0000] {logging_mixin.py:188} INFO - [2026-05-09T11:20:40.699+0000] {dag.py:3954} INFO - Setting next_dagrun for example_subdag_operator to 2022-01-01 00:00:00+00:00, run_after=2022-01-01 00:00:00+00:00
[2026-05-09T11:20:40.702+0000] {logging_mixin.py:188} INFO - [2026-05-09T11:20:40.702+0000] {dag.py:3954} INFO - Setting next_dagrun for example_subdag_operator.section-1 to None, run_after=None
[2026-05-09T11:20:40.703+0000] {logging_mixin.py:188} INFO - [2026-05-09T11:20:40.703+0000] {dag.py:3954} INFO - Setting next_dagrun for example_subdag_operator.section-2 to None, run_after=None
[2026-05-09T11:20:40.709+0000] {logging_mixin.py:188} INFO - [2026-05-09T11:20:40.708+0000] {dag.py:3096} INFO - Sync 2 DAGs
[2026-05-09T11:20:40.712+0000] {logging_mixin.py:188} INFO - [2026-05-09T11:20:40.712+0000] {dag.py:3954} INFO - Setting next_dagrun for example_subdag_operator.section-1 to None, run_after=None
[2026-05-09T11:20:40.713+0000] {logging_mixin.py:188} INFO - [2026-05-09T11:20:40.713+0000] {dag.py:3954} INFO - Setting next_dagrun for example_subdag_operator.section-2 to None, run_after=None
[2026-05-09T11:20:40.727+0000] {processor.py:183} INFO - Processing /home/vscode/.local/lib/python3.11/site-packages/airflow/example_dags/example_subdag_operator.py took 0.077 seconds
[2026-05-09T11:21:31.834+0000] {processor.py:161} INFO - Started process (PID=8600) to work on /home/vscode/.local/lib/python3.11/site-packages/airflow/example_dags/example_subdag_operator.py
[2026-05-09T11:21:31.835+0000] {processor.py:830} INFO - Processing file /home/vscode/.local/lib/python3.11/site-packages/airflow/example_dags/example_subdag_operator.py for tasks to queue
[2026-05-09T11:21:31.835+0000] {logging_mixin.py:188} INFO - [2026-05-09T11:21:31.835+0000] {dagbag.py:545} INFO - Filling up the DagBag from /home/vscode/.local/lib/python3.11/site-packages/airflow/example_dags/example_subdag_operator.py
[2026-05-09T11:21:31.849+0000] {processor.py:840} INFO - DAG(s) 'example_subdag_operator.section-1', 'example_subdag_operator.section-2', 'example_subdag_operator' retrieved from /home/vscode/.local/lib/python3.11/site-packages/airflow/example_dags/example_subdag_operator.py
[2026-05-09T11:21:31.860+0000] {logging_mixin.py:188} INFO - [2026-05-09T11:21:31.860+0000] {dag.py:3096} INFO - Sync 3 DAGs
[2026-05-09T11:21:31.874+0000] {logging_mixin.py:188} INFO - [2026-05-09T11:21:31.873+0000] {dag.py:3954} INFO - Setting next_dagrun for example_subdag_operator to 2022-01-01 00:00:00+00:00, run_after=2022-01-01 00:00:00+00:00
[2026-05-09T11:21:31.876+0000] {logging_mixin.py:188} INFO - [2026-05-09T11:21:31.876+0000] {dag.py:3954} INFO - Setting next_dagrun for example_subdag_operator.section-1 to None, run_after=None
[2026-05-09T11:21:31.876+0000] {logging_mixin.py:188} INFO - [2026-05-09T11:21:31.876+0000] {dag.py:3954} INFO - Setting next_dagrun for example_subdag_operator.section-2 to None, run_after=None
[2026-05-09T11:21:31.881+0000] {logging_mixin.py:188} INFO - [2026-05-09T11:21:31.880+0000] {dag.py:3096} INFO - Sync 2 DAGs
[2026-05-09T11:21:31.883+0000] {logging_mixin.py:188} INFO - [2026-05-09T11:21:31.883+0000] {dag.py:3954} INFO - Setting next_dagrun for example_subdag_operator.section-1 to None, run_after=None
[2026-05-09T11:21:31.883+0000] {logging_mixin.py:188} INFO - [2026-05-09T11:21:31.883+0000] {dag.py:3954} INFO - Setting next_dagrun for example_subdag_operator.section-2 to None, run_after=None
[2026-05-09T11:21:31.894+0000] {processor.py:183} INFO - Processing /home/vscode/.local/lib/python3.11/site-packages/airflow/example_dags/example_subdag_operator.py took 0.066 seconds
[2026-05-09T11:22:15.273+0000] {processor.py:161} INFO - Started process (PID=8983) to work on /home/vscode/.local/lib/python3.11/site-packages/airflow/example_dags/example_subdag_operator.py
[2026-05-09T11:22:15.274+0000] {processor.py:830} INFO - Processing file /home/vscode/.local/lib/python3.11/site-packages/airflow/example_dags/example_subdag_operator.py for tasks to queue
[2026-05-09T11:22:15.274+0000] {logging_mixin.py:188} INFO - [2026-05-09T11:22:15.274+0000] {dagbag.py:545} INFO - Filling up the DagBag from /home/vscode/.local/lib/python3.11/site-packages/airflow/example_dags/example_subdag_operator.py
[2026-05-09T11:22:15.288+0000] {processor.py:840} INFO - DAG(s) 'example_subdag_operator.section-1', 'example_subdag_operator.section-2', 'example_subdag_operator' retrieved from /home/vscode/.local/lib/python3.11/site-packages/airflow/example_dags/example_subdag_operator.py
[2026-05-09T11:22:15.300+0000] {logging_mixin.py:188} INFO - [2026-05-09T11:22:15.299+0000] {dag.py:3096} INFO - Sync 3 DAGs
[2026-05-09T11:22:15.313+0000] {logging_mixin.py:188} INFO - [2026-05-09T11:22:15.313+0000] {dag.py:3954} INFO - Setting next_dagrun for example_subdag_operator to 2022-01-01 00:00:00+00:00, run_after=2022-01-01 00:00:00+00:00
[2026-05-09T11:22:15.315+0000] {logging_mixin.py:188} INFO - [2026-05-09T11:22:15.315+0000] {dag.py:3954} INFO - Setting next_dagrun for example_subdag_operator.section-1 to None, run_after=None
[2026-05-09T11:22:15.316+0000] {logging_mixin.py:188} INFO - [2026-05-09T11:22:15.316+0000] {dag.py:3954} INFO - Setting next_dagrun for example_subdag_operator.section-2 to None, run_after=None
[2026-05-09T11:22:15.320+0000] {logging_mixin.py:188} INFO - [2026-05-09T11:22:15.320+0000] {dag.py:3096} INFO - Sync 2 DAGs
[2026-05-09T11:22:15.323+0000] {logging_mixin.py:188} INFO - [2026-05-09T11:22:15.322+0000] {dag.py:3954} INFO - Setting next_dagrun for example_subdag_operator.section-1 to None, run_after=None
[2026-05-09T11:22:15.323+0000] {logging_mixin.py:188} INFO - [2026-05-09T11:22:15.323+0000] {dag.py:3954} INFO - Setting next_dagrun for example_subdag_operator.section-2 to None, run_after=None
[2026-05-09T11:22:15.333+0000] {processor.py:183} INFO - Processing /home/vscode/.local/lib/python3.11/site-packages/airflow/example_dags/example_subdag_operator.py took 0.066 seconds
[2026-05-09T11:22:53.132+0000] {processor.py:161} INFO - Started process (PID=9436) to work on /home/vscode/.local/lib/python3.11/site-packages/airflow/example_dags/example_subdag_operator.py
[2026-05-09T11:22:53.133+0000] {processor.py:830} INFO - Processing file /home/vscode/.local/lib/python3.11/site-packages/airflow/example_dags/example_subdag_operator.py for tasks to queue
[2026-05-09T11:22:53.133+0000] {logging_mixin.py:188} INFO - [2026-05-09T11:22:53.133+0000] {dagbag.py:545} INFO - Filling up the DagBag from /home/vscode/.local/lib/python3.11/site-packages/airflow/example_dags/example_subdag_operator.py
[2026-05-09T11:22:53.147+0000] {processor.py:840} INFO - DAG(s) 'example_subdag_operator.section-1', 'example_subdag_operator.section-2', 'example_subdag_operator' retrieved from /home/vscode/.local/lib/python3.11/site-packages/airflow/example_dags/example_subdag_operator.py
[2026-05-09T11:22:53.159+0000] {logging_mixin.py:188} INFO - [2026-05-09T11:22:53.159+0000] {dag.py:3096} INFO - Sync 3 DAGs
[2026-05-09T11:22:53.174+0000] {logging_mixin.py:188} INFO - [2026-05-09T11:22:53.173+0000] {dag.py:3954} INFO - Setting next_dagrun for example_subdag_operator to 2022-01-01 00:00:00+00:00, run_after=2022-01-01 00:00:00+00:00
[2026-05-09T11:22:53.177+0000] {logging_mixin.py:188} INFO - [2026-05-09T11:22:53.177+0000] {dag.py:3954} INFO - Setting next_dagrun for example_subdag_operator.section-1 to None, run_after=None
[2026-05-09T11:22:53.177+0000] {logging_mixin.py:188} INFO - [2026-05-09T11:22:53.177+0000] {dag.py:3954} INFO - Setting next_dagrun for example_subdag_operator.section-2 to None, run_after=None
[2026-05-09T11:22:53.183+0000] {logging_mixin.py:188} INFO - [2026-05-09T11:22:53.183+0000] {dag.py:3096} INFO - Sync 2 DAGs
[2026-05-09T11:22:53.185+0000] {logging_mixin.py:188} INFO - [2026-05-09T11:22:53.185+0000] {dag.py:3954} INFO - Setting next_dagrun for example_subdag_operator.section-1 to None, run_after=None
[2026-05-09T11:22:53.185+0000] {logging_mixin.py:188} INFO - [2026-05-09T11:22:53.185+0000] {dag.py:3954} INFO - Setting next_dagrun for example_subdag_operator.section-2 to None, run_after=None
[2026-05-09T11:22:53.200+0000] {processor.py:183} INFO - Processing /home/vscode/.local/lib/python3.11/site-packages/airflow/example_dags/example_subdag_operator.py took 0.074 seconds
[2026-05-09T11:23:33.526+0000] {processor.py:161} INFO - Started process (PID=9996) to work on /home/vscode/.local/lib/python3.11/site-packages/airflow/example_dags/example_subdag_operator.py
[2026-05-09T11:23:33.527+0000] {processor.py:830} INFO - Processing file /home/vscode/.local/lib/python3.11/site-packages/airflow/example_dags/example_subdag_operator.py for tasks to queue
[2026-05-09T11:23:33.527+0000] {logging_mixin.py:188} INFO - [2026-05-09T11:23:33.527+0000] {dagbag.py:545} INFO - Filling up the DagBag from /home/vscode/.local/lib/python3.11/site-packages/airflow/example_dags/example_subdag_operator.py
[2026-05-09T11:23:33.543+0000] {processor.py:840} INFO - DAG(s) 'example_subdag_operator.section-1', 'example_subdag_operator.section-2', 'example_subdag_operator' retrieved from /home/vscode/.local/lib/python3.11/site-packages/airflow/example_dags/example_subdag_operator.py
[2026-05-09T11:23:33.554+0000] {logging_mixin.py:188} INFO - [2026-05-09T11:23:33.554+0000] {dag.py:3096} INFO - Sync 3 DAGs
[2026-05-09T11:23:33.567+0000] {logging_mixin.py:188} INFO - [2026-05-09T11:23:33.567+0000] {dag.py:3954} INFO - Setting next_dagrun for example_subdag_operator to 2022-01-01 00:00:00+00:00, run_after=2022-01-01 00:00:00+00:00
[2026-05-09T11:23:33.570+0000] {logging_mixin.py:188} INFO - [2026-05-09T11:23:33.569+0000] {dag.py:3954} INFO - Setting next_dagrun for example_subdag_operator.section-1 to None, run_after=None
[2026-05-09T11:23:33.570+0000] {logging_mixin.py:188} INFO - [2026-05-09T11:23:33.570+0000] {dag.py:3954} INFO - Setting next_dagrun for example_subdag_operator.section-2 to None, run_after=None
[2026-05-09T11:23:33.574+0000] {logging_mixin.py:188} INFO - [2026-05-09T11:23:33.574+0000] {dag.py:3096} INFO - Sync 2 DAGs
[2026-05-09T11:23:33.577+0000] {logging_mixin.py:188} INFO - [2026-05-09T11:23:33.577+0000] {dag.py:3954} INFO - Setting next_dagrun for example_subdag_operator.section-1 to None, run_after=None
[2026-05-09T11:23:33.577+0000] {logging_mixin.py:188} INFO - [2026-05-09T11:23:33.577+0000] {dag.py:3954} INFO - Setting next_dagrun for example_subdag_operator.section-2 to None, run_after=None
[2026-05-09T11:23:33.587+0000] {processor.py:183} INFO - Processing /home/vscode/.local/lib/python3.11/site-packages/airflow/example_dags/example_subdag_operator.py took 0.071 seconds
[2026-05-09T11:24:15.607+0000] {processor.py:161} INFO - Started process (PID=10542) to work on /home/vscode/.local/lib/python3.11/site-packages/airflow/example_dags/example_subdag_operator.py
[2026-05-09T11:24:15.608+0000] {processor.py:830} INFO - Processing file /home/vscode/.local/lib/python3.11/site-packages/airflow/example_dags/example_subdag_operator.py for tasks to queue
[2026-05-09T11:24:15.609+0000] {logging_mixin.py:188} INFO - [2026-05-09T11:24:15.609+0000] {dagbag.py:545} INFO - Filling up the DagBag from /home/vscode/.local/lib/python3.11/site-packages/airflow/example_dags/example_subdag_operator.py
[2026-05-09T11:24:15.634+0000] {processor.py:840} INFO - DAG(s) 'example_subdag_operator.section-1', 'example_subdag_operator.section-2', 'example_subdag_operator' retrieved from /home/vscode/.local/lib/python3.11/site-packages/airflow/example_dags/example_subdag_operator.py
[2026-05-09T11:24:15.651+0000] {logging_mixin.py:188} INFO - [2026-05-09T11:24:15.651+0000] {dag.py:3096} INFO - Sync 3 DAGs
[2026-05-09T11:24:15.665+0000] {logging_mixin.py:188} INFO - [2026-05-09T11:24:15.664+0000] {dag.py:3954} INFO - Setting next_dagrun for example_subdag_operator to 2022-01-01 00:00:00+00:00, run_after=2022-01-01 00:00:00+00:00
[2026-05-09T11:24:15.667+0000] {logging_mixin.py:188} INFO - [2026-05-09T11:24:15.667+0000] {dag.py:3954} INFO - Setting next_dagrun for example_subdag_operator.section-1 to None, run_after=None
[2026-05-09T11:24:15.667+0000] {logging_mixin.py:188} INFO - [2026-05-09T11:24:15.667+0000] {dag.py:3954} INFO - Setting next_dagrun for example_subdag_operator.section-2 to None, run_after=None
[2026-05-09T11:24:15.671+0000] {logging_mixin.py:188} INFO - [2026-05-09T11:24:15.671+0000] {dag.py:3096} INFO - Sync 2 DAGs
[2026-05-09T11:24:15.674+0000] {logging_mixin.py:188} INFO - [2026-05-09T11:24:15.674+0000] {dag.py:3954} INFO - Setting next_dagrun for example_subdag_operator.section-1 to None, run_after=None
[2026-05-09T11:24:15.674+0000] {logging_mixin.py:188} INFO - [2026-05-09T11:24:15.674+0000] {dag.py:3954} INFO - Setting next_dagrun for example_subdag_operator.section-2 to None, run_after=None
[2026-05-09T11:24:15.686+0000] {processor.py:183} INFO - Processing /home/vscode/.local/lib/python3.11/site-packages/airflow/example_dags/example_subdag_operator.py took 0.088 seconds
[2026-05-09T11:24:56.242+0000] {processor.py:161} INFO - Started process (PID=11115) to work on /home/vscode/.local/lib/python3.11/site-packages/airflow/example_dags/example_subdag_operator.py
[2026-05-09T11:24:56.243+0000] {processor.py:830} INFO - Processing file /home/vscode/.local/lib/python3.11/site-packages/airflow/example_dags/example_subdag_operator.py for tasks to queue
[2026-05-09T11:24:56.243+0000] {logging_mixin.py:188} INFO - [2026-05-09T11:24:56.243+0000] {dagbag.py:545} INFO - Filling up the DagBag from /home/vscode/.local/lib/python3.11/site-packages/airflow/example_dags/example_subdag_operator.py
[2026-05-09T11:24:56.258+0000] {processor.py:840} INFO - DAG(s) 'example_subdag_operator.section-1', 'example_subdag_operator.section-2', 'example_subdag_operator' retrieved from /home/vscode/.local/lib/python3.11/site-packages/airflow/example_dags/example_subdag_operator.py
[2026-05-09T11:24:56.269+0000] {logging_mixin.py:188} INFO - [2026-05-09T11:24:56.269+0000] {dag.py:3096} INFO - Sync 3 DAGs
[2026-05-09T11:24:56.282+0000] {logging_mixin.py:188} INFO - [2026-05-09T11:24:56.282+0000] {dag.py:3954} INFO - Setting next_dagrun for example_subdag_operator to 2022-01-01 00:00:00+00:00, run_after=2022-01-01 00:00:00+00:00
[2026-05-09T11:24:56.284+0000] {logging_mixin.py:188} INFO - [2026-05-09T11:24:56.284+0000] {dag.py:3954} INFO - Setting next_dagrun for example_subdag_operator.section-1 to None, run_after=None
[2026-05-09T11:24:56.285+0000] {logging_mixin.py:188} INFO - [2026-05-09T11:24:56.285+0000] {dag.py:3954} INFO - Setting next_dagrun for example_subdag_operator.section-2 to None, run_after=None
[2026-05-09T11:24:56.289+0000] {logging_mixin.py:188} INFO - [2026-05-09T11:24:56.289+0000] {dag.py:3096} INFO - Sync 2 DAGs
[2026-05-09T11:24:56.291+0000] {logging_mixin.py:188} INFO - [2026-05-09T11:24:56.291+0000] {dag.py:3954} INFO - Setting next_dagrun for example_subdag_operator.section-1 to None, run_after=None
[2026-05-09T11:24:56.292+0000] {logging_mixin.py:188} INFO - [2026-05-09T11:24:56.291+0000] {dag.py:3954} INFO - Setting next_dagrun for example_subdag_operator.section-2 to None, run_after=None
[2026-05-09T11:24:56.302+0000] {processor.py:183} INFO - Processing /home/vscode/.local/lib/python3.11/site-packages/airflow/example_dags/example_subdag_operator.py took 0.066 seconds
[2026-05-09T11:25:36.867+0000] {processor.py:161} INFO - Started process (PID=11480) to work on /home/vscode/.local/lib/python3.11/site-packages/airflow/example_dags/example_subdag_operator.py
[2026-05-09T11:25:36.867+0000] {processor.py:830} INFO - Processing file /home/vscode/.local/lib/python3.11/site-packages/airflow/example_dags/example_subdag_operator.py for tasks to queue
[2026-05-09T11:25:36.868+0000] {logging_mixin.py:188} INFO - [2026-05-09T11:25:36.867+0000] {dagbag.py:545} INFO - Filling up the DagBag from /home/vscode/.local/lib/python3.11/site-packages/airflow/example_dags/example_subdag_operator.py
[2026-05-09T11:25:36.881+0000] {processor.py:840} INFO - DAG(s) 'example_subdag_operator.section-1', 'example_subdag_operator.section-2', 'example_subdag_operator' retrieved from /home/vscode/.local/lib/python3.11/site-packages/airflow/example_dags/example_subdag_operator.py
[2026-05-09T11:25:36.892+0000] {logging_mixin.py:188} INFO - [2026-05-09T11:25:36.892+0000] {dag.py:3096} INFO - Sync 3 DAGs
[2026-05-09T11:25:36.905+0000] {logging_mixin.py:188} INFO - [2026-05-09T11:25:36.905+0000] {dag.py:3954} INFO - Setting next_dagrun for example_subdag_operator to 2022-01-01 00:00:00+00:00, run_after=2022-01-01 00:00:00+00:00
[2026-05-09T11:25:36.907+0000] {logging_mixin.py:188} INFO - [2026-05-09T11:25:36.907+0000] {dag.py:3954} INFO - Setting next_dagrun for example_subdag_operator.section-1 to None, run_after=None
[2026-05-09T11:25:36.907+0000] {logging_mixin.py:188} INFO - [2026-05-09T11:25:36.907+0000] {dag.py:3954} INFO - Setting next_dagrun for example_subdag_operator.section-2 to None, run_after=None
[2026-05-09T11:25:36.911+0000] {logging_mixin.py:188} INFO - [2026-05-09T11:25:36.911+0000] {dag.py:3096} INFO - Sync 2 DAGs
[2026-05-09T11:25:36.914+0000] {logging_mixin.py:188} INFO - [2026-05-09T11:25:36.914+0000] {dag.py:3954} INFO - Setting next_dagrun for example_subdag_operator.section-1 to None, run_after=None
[2026-05-09T11:25:36.914+0000] {logging_mixin.py:188} INFO - [2026-05-09T11:25:36.914+0000] {dag.py:3954} INFO - Setting next_dagrun for example_subdag_operator.section-2 to None, run_after=None
[2026-05-09T11:25:36.925+0000] {processor.py:183} INFO - Processing /home/vscode/.local/lib/python3.11/site-packages/airflow/example_dags/example_subdag_operator.py took 0.064 seconds
[2026-05-09T11:26:17.374+0000] {processor.py:161} INFO - Started process (PID=11804) to work on /home/vscode/.local/lib/python3.11/site-packages/airflow/example_dags/example_subdag_operator.py
[2026-05-09T11:26:17.375+0000] {processor.py:830} INFO - Processing file /home/vscode/.local/lib/python3.11/site-packages/airflow/example_dags/example_subdag_operator.py for tasks to queue
[2026-05-09T11:26:17.375+0000] {logging_mixin.py:188} INFO - [2026-05-09T11:26:17.375+0000] {dagbag.py:545} INFO - Filling up the DagBag from /home/vscode/.local/lib/python3.11/site-packages/airflow/example_dags/example_subdag_operator.py
[2026-05-09T11:26:17.393+0000] {processor.py:840} INFO - DAG(s) 'example_subdag_operator.section-1', 'example_subdag_operator.section-2', 'example_subdag_operator' retrieved from /home/vscode/.local/lib/python3.11/site-packages/airflow/example_dags/example_subdag_operator.py
[2026-05-09T11:26:17.406+0000] {logging_mixin.py:188} INFO - [2026-05-09T11:26:17.406+0000] {dag.py:3096} INFO - Sync 3 DAGs
[2026-05-09T11:26:17.423+0000] {logging_mixin.py:188} INFO - [2026-05-09T11:26:17.422+0000] {dag.py:3954} INFO - Setting next_dagrun for example_subdag_operator to 2022-01-01 00:00:00+00:00, run_after=2022-01-01 00:00:00+00:00
[2026-05-09T11:26:17.425+0000] {logging_mixin.py:188} INFO - [2026-05-09T11:26:17.425+0000] {dag.py:3954} INFO - Setting next_dagrun for example_subdag_operator.section-1 to None, run_after=None
[2026-05-09T11:26:17.425+0000] {logging_mixin.py:188} INFO - [2026-05-09T11:26:17.425+0000] {dag.py:3954} INFO - Setting next_dagrun for example_subdag_operator.section-2 to None, run_after=None
[2026-05-09T11:26:17.430+0000] {logging_mixin.py:188} INFO - [2026-05-09T11:26:17.429+0000] {dag.py:3096} INFO - Sync 2 DAGs
[2026-05-09T11:26:17.432+0000] {logging_mixin.py:188} INFO - [2026-05-09T11:26:17.432+0000] {dag.py:3954} INFO - Setting next_dagrun for example_subdag_operator.section-1 to None, run_after=None
[2026-05-09T11:26:17.432+0000] {logging_mixin.py:188} INFO - [2026-05-09T11:26:17.432+0000] {dag.py:3954} INFO - Setting next_dagrun for example_subdag_operator.section-2 to None, run_after=None
[2026-05-09T11:26:17.444+0000] {processor.py:183} INFO - Processing /home/vscode/.local/lib/python3.11/site-packages/airflow/example_dags/example_subdag_operator.py took 0.080 seconds
[2026-05-09T11:26:57.683+0000] {processor.py:161} INFO - Started process (PID=12286) to work on /home/vscode/.local/lib/python3.11/site-packages/airflow/example_dags/example_subdag_operator.py
[2026-05-09T11:26:57.684+0000] {processor.py:830} INFO - Processing file /home/vscode/.local/lib/python3.11/site-packages/airflow/example_dags/example_subdag_operator.py for tasks to queue
[2026-05-09T11:26:57.685+0000] {logging_mixin.py:188} INFO - [2026-05-09T11:26:57.684+0000] {dagbag.py:545} INFO - Filling up the DagBag from /home/vscode/.local/lib/python3.11/site-packages/airflow/example_dags/example_subdag_operator.py
[2026-05-09T11:26:57.699+0000] {processor.py:840} INFO - DAG(s) 'example_subdag_operator.section-1', 'example_subdag_operator.section-2', 'example_subdag_operator' retrieved from /home/vscode/.local/lib/python3.11/site-packages/airflow/example_dags/example_subdag_operator.py
[2026-05-09T11:26:57.710+0000] {logging_mixin.py:188} INFO - [2026-05-09T11:26:57.710+0000] {dag.py:3096} INFO - Sync 3 DAGs
[2026-05-09T11:26:57.726+0000] {logging_mixin.py:188} INFO - [2026-05-09T11:26:57.725+0000] {dag.py:3954} INFO - Setting next_dagrun for example_subdag_operator to 2022-01-01 00:00:00+00:00, run_after=2022-01-01 00:00:00+00:00
[2026-05-09T11:26:57.729+0000] {logging_mixin.py:188} INFO - [2026-05-09T11:26:57.728+0000] {dag.py:3954} INFO - Setting next_dagrun for example_subdag_operator.section-1 to None, run_after=None
[2026-05-09T11:26:57.729+0000] {logging_mixin.py:188} INFO - [2026-05-09T11:26:57.729+0000] {dag.py:3954} INFO - Setting next_dagrun for example_subdag_operator.section-2 to None, run_after=None
[2026-05-09T11:26:57.734+0000] {logging_mixin.py:188} INFO - [2026-05-09T11:26:57.734+0000] {dag.py:3096} INFO - Sync 2 DAGs
[2026-05-09T11:26:57.738+0000] {logging_mixin.py:188} INFO - [2026-05-09T11:26:57.738+0000] {dag.py:3954} INFO - Setting next_dagrun for example_subdag_operator.section-1 to None, run_after=None
[2026-05-09T11:26:57.738+0000] {logging_mixin.py:188} INFO - [2026-05-09T11:26:57.738+0000] {dag.py:3954} INFO - Setting next_dagrun for example_subdag_operator.section-2 to None, run_after=None
[2026-05-09T11:26:57.749+0000] {processor.py:183} INFO - Processing /home/vscode/.local/lib/python3.11/site-packages/airflow/example_dags/example_subdag_operator.py took 0.072 seconds
[2026-05-09T11:27:53.359+0000] {processor.py:161} INFO - Started process (PID=12969) to work on /home/vscode/.local/lib/python3.11/site-packages/airflow/example_dags/example_subdag_operator.py
[2026-05-09T11:27:53.360+0000] {processor.py:830} INFO - Processing file /home/vscode/.local/lib/python3.11/site-packages/airflow/example_dags/example_subdag_operator.py for tasks to queue
[2026-05-09T11:27:53.360+0000] {logging_mixin.py:188} INFO - [2026-05-09T11:27:53.360+0000] {dagbag.py:545} INFO - Filling up the DagBag from /home/vscode/.local/lib/python3.11/site-packages/airflow/example_dags/example_subdag_operator.py
[2026-05-09T11:27:53.375+0000] {processor.py:840} INFO - DAG(s) 'example_subdag_operator.section-1', 'example_subdag_operator.section-2', 'example_subdag_operator' retrieved from /home/vscode/.local/lib/python3.11/site-packages/airflow/example_dags/example_subdag_operator.py
[2026-05-09T11:27:53.386+0000] {logging_mixin.py:188} INFO - [2026-05-09T11:27:53.386+0000] {dag.py:3096} INFO - Sync 3 DAGs
[2026-05-09T11:27:53.399+0000] {logging_mixin.py:188} INFO - [2026-05-09T11:27:53.399+0000] {dag.py:3954} INFO - Setting next_dagrun for example_subdag_operator to 2022-01-01 00:00:00+00:00, run_after=2022-01-01 00:00:00+00:00
[2026-05-09T11:27:53.402+0000] {logging_mixin.py:188} INFO - [2026-05-09T11:27:53.401+0000] {dag.py:3954} INFO - Setting next_dagrun for example_subdag_operator.section-1 to None, run_after=None
[2026-05-09T11:27:53.402+0000] {logging_mixin.py:188} INFO - [2026-05-09T11:27:53.402+0000] {dag.py:3954} INFO - Setting next_dagrun for example_subdag_operator.section-2 to None, run_after=None
[2026-05-09T11:27:53.406+0000] {logging_mixin.py:188} INFO - [2026-05-09T11:27:53.406+0000] {dag.py:3096} INFO - Sync 2 DAGs
[2026-05-09T11:27:53.409+0000] {logging_mixin.py:188} INFO - [2026-05-09T11:27:53.409+0000] {dag.py:3954} INFO - Setting next_dagrun for example_subdag_operator.section-1 to None, run_after=None
[2026-05-09T11:27:53.409+0000] {logging_mixin.py:188} INFO - [2026-05-09T11:27:53.409+0000] {dag.py:3954} INFO - Setting next_dagrun for example_subdag_operator.section-2 to None, run_after=None
[2026-05-09T11:27:53.420+0000] {processor.py:183} INFO - Processing /home/vscode/.local/lib/python3.11/site-packages/airflow/example_dags/example_subdag_operator.py took 0.067 seconds
[2026-05-09T11:28:33.804+0000] {processor.py:161} INFO - Started process (PID=13481) to work on /home/vscode/.local/lib/python3.11/site-packages/airflow/example_dags/example_subdag_operator.py
[2026-05-09T11:28:33.804+0000] {processor.py:830} INFO - Processing file /home/vscode/.local/lib/python3.11/site-packages/airflow/example_dags/example_subdag_operator.py for tasks to queue
[2026-05-09T11:28:33.805+0000] {logging_mixin.py:188} INFO - [2026-05-09T11:28:33.805+0000] {dagbag.py:545} INFO - Filling up the DagBag from /home/vscode/.local/lib/python3.11/site-packages/airflow/example_dags/example_subdag_operator.py
[2026-05-09T11:28:33.819+0000] {processor.py:840} INFO - DAG(s) 'example_subdag_operator.section-1', 'example_subdag_operator.section-2', 'example_subdag_operator' retrieved from /home/vscode/.local/lib/python3.11/site-packages/airflow/example_dags/example_subdag_operator.py
[2026-05-09T11:28:33.830+0000] {logging_mixin.py:188} INFO - [2026-05-09T11:28:33.830+0000] {dag.py:3096} INFO - Sync 3 DAGs
[2026-05-09T11:28:33.844+0000] {logging_mixin.py:188} INFO - [2026-05-09T11:28:33.844+0000] {dag.py:3954} INFO - Setting next_dagrun for example_subdag_operator to 2022-01-01 00:00:00+00:00, run_after=2022-01-01 00:00:00+00:00
[2026-05-09T11:28:33.846+0000] {logging_mixin.py:188} INFO - [2026-05-09T11:28:33.846+0000] {dag.py:3954} INFO - Setting next_dagrun for example_subdag_operator.section-1 to None, run_after=None
[2026-05-09T11:28:33.847+0000] {logging_mixin.py:188} INFO - [2026-05-09T11:28:33.847+0000] {dag.py:3954} INFO - Setting next_dagrun for example_subdag_operator.section-2 to None, run_after=None
[2026-05-09T11:28:33.851+0000] {logging_mixin.py:188} INFO - [2026-05-09T11:28:33.851+0000] {dag.py:3096} INFO - Sync 2 DAGs
[2026-05-09T11:28:33.853+0000] {logging_mixin.py:188} INFO - [2026-05-09T11:28:33.853+0000] {dag.py:3954} INFO - Setting next_dagrun for example_subdag_operator.section-1 to None, run_after=None
[2026-05-09T11:28:33.854+0000] {logging_mixin.py:188} INFO - [2026-05-09T11:28:33.854+0000] {dag.py:3954} INFO - Setting next_dagrun for example_subdag_operator.section-2 to None, run_after=None
[2026-05-09T11:28:33.865+0000] {processor.py:183} INFO - Processing /home/vscode/.local/lib/python3.11/site-packages/airflow/example_dags/example_subdag_operator.py took 0.069 seconds
[2026-05-09T11:29:14.062+0000] {processor.py:161} INFO - Started process (PID=13844) to work on /home/vscode/.local/lib/python3.11/site-packages/airflow/example_dags/example_subdag_operator.py
[2026-05-09T11:29:14.062+0000] {processor.py:830} INFO - Processing file /home/vscode/.local/lib/python3.11/site-packages/airflow/example_dags/example_subdag_operator.py for tasks to queue
[2026-05-09T11:29:14.063+0000] {logging_mixin.py:188} INFO - [2026-05-09T11:29:14.063+0000] {dagbag.py:545} INFO - Filling up the DagBag from /home/vscode/.local/lib/python3.11/site-packages/airflow/example_dags/example_subdag_operator.py
[2026-05-09T11:29:14.084+0000] {processor.py:840} INFO - DAG(s) 'example_subdag_operator.section-1', 'example_subdag_operator.section-2', 'example_subdag_operator' retrieved from /home/vscode/.local/lib/python3.11/site-packages/airflow/example_dags/example_subdag_operator.py
[2026-05-09T11:29:14.103+0000] {logging_mixin.py:188} INFO - [2026-05-09T11:29:14.103+0000] {dag.py:3096} INFO - Sync 3 DAGs
[2026-05-09T11:29:14.126+0000] {logging_mixin.py:188} INFO - [2026-05-09T11:29:14.126+0000] {dag.py:3954} INFO - Setting next_dagrun for example_subdag_operator to 2022-01-01 00:00:00+00:00, run_after=2022-01-01 00:00:00+00:00
[2026-05-09T11:29:14.128+0000] {logging_mixin.py:188} INFO - [2026-05-09T11:29:14.128+0000] {dag.py:3954} INFO - Setting next_dagrun for example_subdag_operator.section-1 to None, run_after=None
[2026-05-09T11:29:14.129+0000] {logging_mixin.py:188} INFO - [2026-05-09T11:29:14.129+0000] {dag.py:3954} INFO - Setting next_dagrun for example_subdag_operator.section-2 to None, run_after=None
[2026-05-09T11:29:14.133+0000] {logging_mixin.py:188} INFO - [2026-05-09T11:29:14.133+0000] {dag.py:3096} INFO - Sync 2 DAGs
[2026-05-09T11:29:14.138+0000] {logging_mixin.py:188} INFO - [2026-05-09T11:29:14.137+0000] {dag.py:3954} INFO - Setting next_dagrun for example_subdag_operator.section-1 to None, run_after=None
[2026-05-09T11:29:14.138+0000] {logging_mixin.py:188} INFO - [2026-05-09T11:29:14.138+0000] {dag.py:3954} INFO - Setting next_dagrun for example_subdag_operator.section-2 to None, run_after=None
[2026-05-09T11:29:14.149+0000] {processor.py:183} INFO - Processing /home/vscode/.local/lib/python3.11/site-packages/airflow/example_dags/example_subdag_operator.py took 0.094 seconds
[2026-05-09T11:29:58.192+0000] {processor.py:161} INFO - Started process (PID=14242) to work on /home/vscode/.local/lib/python3.11/site-packages/airflow/example_dags/example_subdag_operator.py
[2026-05-09T11:29:58.194+0000] {processor.py:830} INFO - Processing file /home/vscode/.local/lib/python3.11/site-packages/airflow/example_dags/example_subdag_operator.py for tasks to queue
[2026-05-09T11:29:58.196+0000] {logging_mixin.py:188} INFO - [2026-05-09T11:29:58.196+0000] {dagbag.py:545} INFO - Filling up the DagBag from /home/vscode/.local/lib/python3.11/site-packages/airflow/example_dags/example_subdag_operator.py
[2026-05-09T11:29:58.242+0000] {processor.py:840} INFO - DAG(s) 'example_subdag_operator.section-1', 'example_subdag_operator.section-2', 'example_subdag_operator' retrieved from /home/vscode/.local/lib/python3.11/site-packages/airflow/example_dags/example_subdag_operator.py
[2026-05-09T11:29:58.261+0000] {logging_mixin.py:188} INFO - [2026-05-09T11:29:58.260+0000] {dag.py:3096} INFO - Sync 3 DAGs
[2026-05-09T11:29:58.293+0000] {logging_mixin.py:188} INFO - [2026-05-09T11:29:58.293+0000] {dag.py:3954} INFO - Setting next_dagrun for example_subdag_operator to 2022-01-01 00:00:00+00:00, run_after=2022-01-01 00:00:00+00:00
[2026-05-09T11:29:58.296+0000] {logging_mixin.py:188} INFO - [2026-05-09T11:29:58.296+0000] {dag.py:3954} INFO - Setting next_dagrun for example_subdag_operator.section-1 to None, run_after=None
[2026-05-09T11:29:58.297+0000] {logging_mixin.py:188} INFO - [2026-05-09T11:29:58.297+0000] {dag.py:3954} INFO - Setting next_dagrun for example_subdag_operator.section-2 to None, run_after=None
[2026-05-09T11:29:58.304+0000] {logging_mixin.py:188} INFO - [2026-05-09T11:29:58.304+0000] {dag.py:3096} INFO - Sync 2 DAGs
[2026-05-09T11:29:58.310+0000] {logging_mixin.py:188} INFO - [2026-05-09T11:29:58.310+0000] {dag.py:3954} INFO - Setting next_dagrun for example_subdag_operator.section-1 to None, run_after=None
[2026-05-09T11:29:58.310+0000] {logging_mixin.py:188} INFO - [2026-05-09T11:29:58.310+0000] {dag.py:3954} INFO - Setting next_dagrun for example_subdag_operator.section-2 to None, run_after=None
[2026-05-09T11:29:58.321+0000] {processor.py:183} INFO - Processing /home/vscode/.local/lib/python3.11/site-packages/airflow/example_dags/example_subdag_operator.py took 0.170 seconds
[2026-05-09T11:30:40.560+0000] {processor.py:161} INFO - Started process (PID=14783) to work on /home/vscode/.local/lib/python3.11/site-packages/airflow/example_dags/example_subdag_operator.py
[2026-05-09T11:30:40.561+0000] {processor.py:830} INFO - Processing file /home/vscode/.local/lib/python3.11/site-packages/airflow/example_dags/example_subdag_operator.py for tasks to queue
[2026-05-09T11:30:40.561+0000] {logging_mixin.py:188} INFO - [2026-05-09T11:30:40.561+0000] {dagbag.py:545} INFO - Filling up the DagBag from /home/vscode/.local/lib/python3.11/site-packages/airflow/example_dags/example_subdag_operator.py
[2026-05-09T11:30:40.577+0000] {processor.py:840} INFO - DAG(s) 'example_subdag_operator.section-1', 'example_subdag_operator.section-2', 'example_subdag_operator' retrieved from /home/vscode/.local/lib/python3.11/site-packages/airflow/example_dags/example_subdag_operator.py
[2026-05-09T11:30:40.589+0000] {logging_mixin.py:188} INFO - [2026-05-09T11:30:40.589+0000] {dag.py:3096} INFO - Sync 3 DAGs
[2026-05-09T11:30:40.603+0000] {logging_mixin.py:188} INFO - [2026-05-09T11:30:40.603+0000] {dag.py:3954} INFO - Setting next_dagrun for example_subdag_operator to 2022-01-01 00:00:00+00:00, run_after=2022-01-01 00:00:00+00:00
[2026-05-09T11:30:40.605+0000] {logging_mixin.py:188} INFO - [2026-05-09T11:30:40.605+0000] {dag.py:3954} INFO - Setting next_dagrun for example_subdag_operator.section-1 to None, run_after=None
[2026-05-09T11:30:40.606+0000] {logging_mixin.py:188} INFO - [2026-05-09T11:30:40.606+0000] {dag.py:3954} INFO - Setting next_dagrun for example_subdag_operator.section-2 to None, run_after=None
[2026-05-09T11:30:40.610+0000] {logging_mixin.py:188} INFO - [2026-05-09T11:30:40.610+0000] {dag.py:3096} INFO - Sync 2 DAGs
[2026-05-09T11:30:40.613+0000] {logging_mixin.py:188} INFO - [2026-05-09T11:30:40.613+0000] {dag.py:3954} INFO - Setting next_dagrun for example_subdag_operator.section-1 to None, run_after=None
[2026-05-09T11:30:40.614+0000] {logging_mixin.py:188} INFO - [2026-05-09T11:30:40.613+0000] {dag.py:3954} INFO - Setting next_dagrun for example_subdag_operator.section-2 to None, run_after=None
[2026-05-09T11:30:40.626+0000] {processor.py:183} INFO - Processing /home/vscode/.local/lib/python3.11/site-packages/airflow/example_dags/example_subdag_operator.py took 0.072 seconds
[2026-05-09T11:31:19.106+0000] {processor.py:161} INFO - Started process (PID=15245) to work on /home/vscode/.local/lib/python3.11/site-packages/airflow/example_dags/example_subdag_operator.py
[2026-05-09T11:31:19.106+0000] {processor.py:830} INFO - Processing file /home/vscode/.local/lib/python3.11/site-packages/airflow/example_dags/example_subdag_operator.py for tasks to queue
[2026-05-09T11:31:19.107+0000] {logging_mixin.py:188} INFO - [2026-05-09T11:31:19.107+0000] {dagbag.py:545} INFO - Filling up the DagBag from /home/vscode/.local/lib/python3.11/site-packages/airflow/example_dags/example_subdag_operator.py
[2026-05-09T11:31:19.121+0000] {processor.py:840} INFO - DAG(s) 'example_subdag_operator.section-1', 'example_subdag_operator.section-2', 'example_subdag_operator' retrieved from /home/vscode/.local/lib/python3.11/site-packages/airflow/example_dags/example_subdag_operator.py
[2026-05-09T11:31:19.132+0000] {logging_mixin.py:188} INFO - [2026-05-09T11:31:19.132+0000] {dag.py:3096} INFO - Sync 3 DAGs
[2026-05-09T11:31:19.145+0000] {logging_mixin.py:188} INFO - [2026-05-09T11:31:19.145+0000] {dag.py:3954} INFO - Setting next_dagrun for example_subdag_operator to 2022-01-01 00:00:00+00:00, run_after=2022-01-01 00:00:00+00:00
[2026-05-09T11:31:19.147+0000] {logging_mixin.py:188} INFO - [2026-05-09T11:31:19.147+0000] {dag.py:3954} INFO - Setting next_dagrun for example_subdag_operator.section-1 to None, run_after=None
[2026-05-09T11:31:19.148+0000] {logging_mixin.py:188} INFO - [2026-05-09T11:31:19.148+0000] {dag.py:3954} INFO - Setting next_dagrun for example_subdag_operator.section-2 to None, run_after=None
[2026-05-09T11:31:19.152+0000] {logging_mixin.py:188} INFO - [2026-05-09T11:31:19.152+0000] {dag.py:3096} INFO - Sync 2 DAGs
[2026-05-09T11:31:19.155+0000] {logging_mixin.py:188} INFO - [2026-05-09T11:31:19.155+0000] {dag.py:3954} INFO - Setting next_dagrun for example_subdag_operator.section-1 to None, run_after=None
[2026-05-09T11:31:19.155+0000] {logging_mixin.py:188} INFO - [2026-05-09T11:31:19.155+0000] {dag.py:3954} INFO - Setting next_dagrun for example_subdag_operator.section-2 to None, run_after=None
[2026-05-09T11:31:19.166+0000] {processor.py:183} INFO - Processing /home/vscode/.local/lib/python3.11/site-packages/airflow/example_dags/example_subdag_operator.py took 0.066 seconds
[2026-05-09T11:32:02.327+0000] {processor.py:161} INFO - Started process (PID=15708) to work on /home/vscode/.local/lib/python3.11/site-packages/airflow/example_dags/example_subdag_operator.py
[2026-05-09T11:32:02.327+0000] {processor.py:830} INFO - Processing file /home/vscode/.local/lib/python3.11/site-packages/airflow/example_dags/example_subdag_operator.py for tasks to queue
[2026-05-09T11:32:02.328+0000] {logging_mixin.py:188} INFO - [2026-05-09T11:32:02.328+0000] {dagbag.py:545} INFO - Filling up the DagBag from /home/vscode/.local/lib/python3.11/site-packages/airflow/example_dags/example_subdag_operator.py
[2026-05-09T11:32:02.343+0000] {processor.py:840} INFO - DAG(s) 'example_subdag_operator.section-1', 'example_subdag_operator.section-2', 'example_subdag_operator' retrieved from /home/vscode/.local/lib/python3.11/site-packages/airflow/example_dags/example_subdag_operator.py
[2026-05-09T11:32:02.354+0000] {logging_mixin.py:188} INFO - [2026-05-09T11:32:02.354+0000] {dag.py:3096} INFO - Sync 3 DAGs
[2026-05-09T11:32:02.369+0000] {logging_mixin.py:188} INFO - [2026-05-09T11:32:02.368+0000] {dag.py:3954} INFO - Setting next_dagrun for example_subdag_operator to 2022-01-01 00:00:00+00:00, run_after=2022-01-01 00:00:00+00:00
[2026-05-09T11:32:02.371+0000] {logging_mixin.py:188} INFO - [2026-05-09T11:32:02.371+0000] {dag.py:3954} INFO - Setting next_dagrun for example_subdag_operator.section-1 to None, run_after=None
[2026-05-09T11:32:02.371+0000] {logging_mixin.py:188} INFO - [2026-05-09T11:32:02.371+0000] {dag.py:3954} INFO - Setting next_dagrun for example_subdag_operator.section-2 to None, run_after=None
[2026-05-09T11:32:02.376+0000] {logging_mixin.py:188} INFO - [2026-05-09T11:32:02.376+0000] {dag.py:3096} INFO - Sync 2 DAGs
[2026-05-09T11:32:02.379+0000] {logging_mixin.py:188} INFO - [2026-05-09T11:32:02.378+0000] {dag.py:3954} INFO - Setting next_dagrun for example_subdag_operator.section-1 to None, run_after=None
[2026-05-09T11:32:02.379+0000] {logging_mixin.py:188} INFO - [2026-05-09T11:32:02.379+0000] {dag.py:3954} INFO - Setting next_dagrun for example_subdag_operator.section-2 to None, run_after=None
[2026-05-09T11:32:02.391+0000] {processor.py:183} INFO - Processing /home/vscode/.local/lib/python3.11/site-packages/airflow/example_dags/example_subdag_operator.py took 0.071 seconds
[2026-05-09T11:32:47.390+0000] {processor.py:161} INFO - Started process (PID=16085) to work on /home/vscode/.local/lib/python3.11/site-packages/airflow/example_dags/example_subdag_operator.py
[2026-05-09T11:32:47.391+0000] {processor.py:830} INFO - Processing file /home/vscode/.local/lib/python3.11/site-packages/airflow/example_dags/example_subdag_operator.py for tasks to queue
[2026-05-09T11:32:47.391+0000] {logging_mixin.py:188} INFO - [2026-05-09T11:32:47.391+0000] {dagbag.py:545} INFO - Filling up the DagBag from /home/vscode/.local/lib/python3.11/site-packages/airflow/example_dags/example_subdag_operator.py
[2026-05-09T11:32:47.406+0000] {processor.py:840} INFO - DAG(s) 'example_subdag_operator.section-1', 'example_subdag_operator.section-2', 'example_subdag_operator' retrieved from /home/vscode/.local/lib/python3.11/site-packages/airflow/example_dags/example_subdag_operator.py
[2026-05-09T11:32:47.417+0000] {logging_mixin.py:188} INFO - [2026-05-09T11:32:47.417+0000] {dag.py:3096} INFO - Sync 3 DAGs
[2026-05-09T11:32:47.430+0000] {logging_mixin.py:188} INFO - [2026-05-09T11:32:47.430+0000] {dag.py:3954} INFO - Setting next_dagrun for example_subdag_operator to 2022-01-01 00:00:00+00:00, run_after=2022-01-01 00:00:00+00:00
[2026-05-09T11:32:47.433+0000] {logging_mixin.py:188} INFO - [2026-05-09T11:32:47.433+0000] {dag.py:3954} INFO - Setting next_dagrun for example_subdag_operator.section-1 to None, run_after=None
[2026-05-09T11:32:47.436+0000] {logging_mixin.py:188} INFO - [2026-05-09T11:32:47.436+0000] {dag.py:3954} INFO - Setting next_dagrun for example_subdag_operator.section-2 to None, run_after=None
[2026-05-09T11:32:47.440+0000] {logging_mixin.py:188} INFO - [2026-05-09T11:32:47.440+0000] {dag.py:3096} INFO - Sync 2 DAGs
[2026-05-09T11:32:47.447+0000] {logging_mixin.py:188} INFO - [2026-05-09T11:32:47.447+0000] {dag.py:3954} INFO - Setting next_dagrun for example_subdag_operator.section-1 to None, run_after=None
[2026-05-09T11:32:47.447+0000] {logging_mixin.py:188} INFO - [2026-05-09T11:32:47.447+0000] {dag.py:3954} INFO - Setting next_dagrun for example_subdag_operator.section-2 to None, run_after=None
[2026-05-09T11:32:47.461+0000] {processor.py:183} INFO - Processing /home/vscode/.local/lib/python3.11/site-packages/airflow/example_dags/example_subdag_operator.py took 0.077 seconds
[2026-05-09T11:33:30.752+0000] {processor.py:161} INFO - Started process (PID=16402) to work on /home/vscode/.local/lib/python3.11/site-packages/airflow/example_dags/example_subdag_operator.py
[2026-05-09T11:33:30.752+0000] {processor.py:830} INFO - Processing file /home/vscode/.local/lib/python3.11/site-packages/airflow/example_dags/example_subdag_operator.py for tasks to queue
[2026-05-09T11:33:30.753+0000] {logging_mixin.py:188} INFO - [2026-05-09T11:33:30.753+0000] {dagbag.py:545} INFO - Filling up the DagBag from /home/vscode/.local/lib/python3.11/site-packages/airflow/example_dags/example_subdag_operator.py
[2026-05-09T11:33:30.772+0000] {processor.py:840} INFO - DAG(s) 'example_subdag_operator.section-1', 'example_subdag_operator.section-2', 'example_subdag_operator' retrieved from /home/vscode/.local/lib/python3.11/site-packages/airflow/example_dags/example_subdag_operator.py
[2026-05-09T11:33:30.789+0000] {logging_mixin.py:188} INFO - [2026-05-09T11:33:30.789+0000] {dag.py:3096} INFO - Sync 3 DAGs
[2026-05-09T11:33:30.825+0000] {logging_mixin.py:188} INFO - [2026-05-09T11:33:30.825+0000] {dag.py:3954} INFO - Setting next_dagrun for example_subdag_operator to 2022-01-01 00:00:00+00:00, run_after=2022-01-01 00:00:00+00:00
[2026-05-09T11:33:30.830+0000] {logging_mixin.py:188} INFO - [2026-05-09T11:33:30.830+0000] {dag.py:3954} INFO - Setting next_dagrun for example_subdag_operator.section-1 to None, run_after=None
[2026-05-09T11:33:30.831+0000] {logging_mixin.py:188} INFO - [2026-05-09T11:33:30.831+0000] {dag.py:3954} INFO - Setting next_dagrun for example_subdag_operator.section-2 to None, run_after=None
[2026-05-09T11:33:30.839+0000] {logging_mixin.py:188} INFO - [2026-05-09T11:33:30.839+0000] {dag.py:3096} INFO - Sync 2 DAGs
[2026-05-09T11:33:30.845+0000] {logging_mixin.py:188} INFO - [2026-05-09T11:33:30.845+0000] {dag.py:3954} INFO - Setting next_dagrun for example_subdag_operator.section-1 to None, run_after=None
[2026-05-09T11:33:30.846+0000] {logging_mixin.py:188} INFO - [2026-05-09T11:33:30.846+0000] {dag.py:3954} INFO - Setting next_dagrun for example_subdag_operator.section-2 to None, run_after=None
[2026-05-09T11:33:30.863+0000] {processor.py:183} INFO - Processing /home/vscode/.local/lib/python3.11/site-packages/airflow/example_dags/example_subdag_operator.py took 0.118 seconds
[2026-05-09T11:34:12.433+0000] {processor.py:161} INFO - Started process (PID=16844) to work on /home/vscode/.local/lib/python3.11/site-packages/airflow/example_dags/example_subdag_operator.py
[2026-05-09T11:34:12.433+0000] {processor.py:830} INFO - Processing file /home/vscode/.local/lib/python3.11/site-packages/airflow/example_dags/example_subdag_operator.py for tasks to queue
[2026-05-09T11:34:12.434+0000] {logging_mixin.py:188} INFO - [2026-05-09T11:34:12.433+0000] {dagbag.py:545} INFO - Filling up the DagBag from /home/vscode/.local/lib/python3.11/site-packages/airflow/example_dags/example_subdag_operator.py
[2026-05-09T11:34:12.448+0000] {processor.py:840} INFO - DAG(s) 'example_subdag_operator.section-1', 'example_subdag_operator.section-2', 'example_subdag_operator' retrieved from /home/vscode/.local/lib/python3.11/site-packages/airflow/example_dags/example_subdag_operator.py
[2026-05-09T11:34:12.459+0000] {logging_mixin.py:188} INFO - [2026-05-09T11:34:12.459+0000] {dag.py:3096} INFO - Sync 3 DAGs
[2026-05-09T11:34:12.473+0000] {logging_mixin.py:188} INFO - [2026-05-09T11:34:12.473+0000] {dag.py:3954} INFO - Setting next_dagrun for example_subdag_operator to 2022-01-01 00:00:00+00:00, run_after=2022-01-01 00:00:00+00:00
[2026-05-09T11:34:12.475+0000] {logging_mixin.py:188} INFO - [2026-05-09T11:34:12.475+0000] {dag.py:3954} INFO - Setting next_dagrun for example_subdag_operator.section-1 to None, run_after=None
[2026-05-09T11:34:12.476+0000] {logging_mixin.py:188} INFO - [2026-05-09T11:34:12.476+0000] {dag.py:3954} INFO - Setting next_dagrun for example_subdag_operator.section-2 to None, run_after=None
[2026-05-09T11:34:12.480+0000] {logging_mixin.py:188} INFO - [2026-05-09T11:34:12.480+0000] {dag.py:3096} INFO - Sync 2 DAGs
[2026-05-09T11:34:12.484+0000] {logging_mixin.py:188} INFO - [2026-05-09T11:34:12.483+0000] {dag.py:3954} INFO - Setting next_dagrun for example_subdag_operator.section-1 to None, run_after=None
[2026-05-09T11:34:12.484+0000] {logging_mixin.py:188} INFO - [2026-05-09T11:34:12.484+0000] {dag.py:3954} INFO - Setting next_dagrun for example_subdag_operator.section-2 to None, run_after=None
[2026-05-09T11:34:12.498+0000] {processor.py:183} INFO - Processing /home/vscode/.local/lib/python3.11/site-packages/airflow/example_dags/example_subdag_operator.py took 0.071 seconds
[2026-05-09T11:34:54.013+0000] {processor.py:161} INFO - Started process (PID=17212) to work on /home/vscode/.local/lib/python3.11/site-packages/airflow/example_dags/example_subdag_operator.py
[2026-05-09T11:34:54.014+0000] {processor.py:830} INFO - Processing file /home/vscode/.local/lib/python3.11/site-packages/airflow/example_dags/example_subdag_operator.py for tasks to queue
[2026-05-09T11:34:54.014+0000] {logging_mixin.py:188} INFO - [2026-05-09T11:34:54.014+0000] {dagbag.py:545} INFO - Filling up the DagBag from /home/vscode/.local/lib/python3.11/site-packages/airflow/example_dags/example_subdag_operator.py
[2026-05-09T11:34:54.031+0000] {processor.py:840} INFO - DAG(s) 'example_subdag_operator.section-1', 'example_subdag_operator.section-2', 'example_subdag_operator' retrieved from /home/vscode/.local/lib/python3.11/site-packages/airflow/example_dags/example_subdag_operator.py
[2026-05-09T11:34:54.043+0000] {logging_mixin.py:188} INFO - [2026-05-09T11:34:54.043+0000] {dag.py:3096} INFO - Sync 3 DAGs
[2026-05-09T11:34:54.057+0000] {logging_mixin.py:188} INFO - [2026-05-09T11:34:54.057+0000] {dag.py:3954} INFO - Setting next_dagrun for example_subdag_operator to 2022-01-01 00:00:00+00:00, run_after=2022-01-01 00:00:00+00:00
[2026-05-09T11:34:54.059+0000] {logging_mixin.py:188} INFO - [2026-05-09T11:34:54.059+0000] {dag.py:3954} INFO - Setting next_dagrun for example_subdag_operator.section-1 to None, run_after=None
[2026-05-09T11:34:54.060+0000] {logging_mixin.py:188} INFO - [2026-05-09T11:34:54.060+0000] {dag.py:3954} INFO - Setting next_dagrun for example_subdag_operator.section-2 to None, run_after=None
[2026-05-09T11:34:54.064+0000] {logging_mixin.py:188} INFO - [2026-05-09T11:34:54.064+0000] {dag.py:3096} INFO - Sync 2 DAGs
[2026-05-09T11:34:54.066+0000] {logging_mixin.py:188} INFO - [2026-05-09T11:34:54.066+0000] {dag.py:3954} INFO - Setting next_dagrun for example_subdag_operator.section-1 to None, run_after=None
[2026-05-09T11:34:54.067+0000] {logging_mixin.py:188} INFO - [2026-05-09T11:34:54.067+0000] {dag.py:3954} INFO - Setting next_dagrun for example_subdag_operator.section-2 to None, run_after=None
[2026-05-09T11:34:54.078+0000] {processor.py:183} INFO - Processing /home/vscode/.local/lib/python3.11/site-packages/airflow/example_dags/example_subdag_operator.py took 0.071 seconds
[2026-05-09T11:35:32.823+0000] {processor.py:161} INFO - Started process (PID=17527) to work on /home/vscode/.local/lib/python3.11/site-packages/airflow/example_dags/example_subdag_operator.py
[2026-05-09T11:35:32.824+0000] {processor.py:830} INFO - Processing file /home/vscode/.local/lib/python3.11/site-packages/airflow/example_dags/example_subdag_operator.py for tasks to queue
[2026-05-09T11:35:32.825+0000] {logging_mixin.py:188} INFO - [2026-05-09T11:35:32.824+0000] {dagbag.py:545} INFO - Filling up the DagBag from /home/vscode/.local/lib/python3.11/site-packages/airflow/example_dags/example_subdag_operator.py
[2026-05-09T11:35:32.840+0000] {processor.py:840} INFO - DAG(s) 'example_subdag_operator.section-1', 'example_subdag_operator.section-2', 'example_subdag_operator' retrieved from /home/vscode/.local/lib/python3.11/site-packages/airflow/example_dags/example_subdag_operator.py
[2026-05-09T11:35:32.850+0000] {logging_mixin.py:188} INFO - [2026-05-09T11:35:32.850+0000] {dag.py:3096} INFO - Sync 3 DAGs
[2026-05-09T11:35:32.864+0000] {logging_mixin.py:188} INFO - [2026-05-09T11:35:32.863+0000] {dag.py:3954} INFO - Setting next_dagrun for example_subdag_operator to 2022-01-01 00:00:00+00:00, run_after=2022-01-01 00:00:00+00:00
[2026-05-09T11:35:32.866+0000] {logging_mixin.py:188} INFO - [2026-05-09T11:35:32.865+0000] {dag.py:3954} INFO - Setting next_dagrun for example_subdag_operator.section-1 to None, run_after=None
[2026-05-09T11:35:32.866+0000] {logging_mixin.py:188} INFO - [2026-05-09T11:35:32.866+0000] {dag.py:3954} INFO - Setting next_dagrun for example_subdag_operator.section-2 to None, run_after=None
[2026-05-09T11:35:32.870+0000] {logging_mixin.py:188} INFO - [2026-05-09T11:35:32.870+0000] {dag.py:3096} INFO - Sync 2 DAGs
[2026-05-09T11:35:32.873+0000] {logging_mixin.py:188} INFO - [2026-05-09T11:35:32.873+0000] {dag.py:3954} INFO - Setting next_dagrun for example_subdag_operator.section-1 to None, run_after=None
[2026-05-09T11:35:32.874+0000] {logging_mixin.py:188} INFO - [2026-05-09T11:35:32.874+0000] {dag.py:3954} INFO - Setting next_dagrun for example_subdag_operator.section-2 to None, run_after=None
[2026-05-09T11:35:32.885+0000] {processor.py:183} INFO - Processing /home/vscode/.local/lib/python3.11/site-packages/airflow/example_dags/example_subdag_operator.py took 0.069 seconds
[2026-05-09T11:36:11.826+0000] {processor.py:161} INFO - Started process (PID=17846) to work on /home/vscode/.local/lib/python3.11/site-packages/airflow/example_dags/example_subdag_operator.py
[2026-05-09T11:36:11.827+0000] {processor.py:830} INFO - Processing file /home/vscode/.local/lib/python3.11/site-packages/airflow/example_dags/example_subdag_operator.py for tasks to queue
[2026-05-09T11:36:11.828+0000] {logging_mixin.py:188} INFO - [2026-05-09T11:36:11.827+0000] {dagbag.py:545} INFO - Filling up the DagBag from /home/vscode/.local/lib/python3.11/site-packages/airflow/example_dags/example_subdag_operator.py
[2026-05-09T11:36:11.844+0000] {processor.py:840} INFO - DAG(s) 'example_subdag_operator.section-1', 'example_subdag_operator.section-2', 'example_subdag_operator' retrieved from /home/vscode/.local/lib/python3.11/site-packages/airflow/example_dags/example_subdag_operator.py
[2026-05-09T11:36:11.856+0000] {logging_mixin.py:188} INFO - [2026-05-09T11:36:11.856+0000] {dag.py:3096} INFO - Sync 3 DAGs
[2026-05-09T11:36:11.872+0000] {logging_mixin.py:188} INFO - [2026-05-09T11:36:11.871+0000] {dag.py:3954} INFO - Setting next_dagrun for example_subdag_operator to 2022-01-01 00:00:00+00:00, run_after=2022-01-01 00:00:00+00:00
[2026-05-09T11:36:11.874+0000] {logging_mixin.py:188} INFO - [2026-05-09T11:36:11.874+0000] {dag.py:3954} INFO - Setting next_dagrun for example_subdag_operator.section-1 to None, run_after=None
[2026-05-09T11:36:11.875+0000] {logging_mixin.py:188} INFO - [2026-05-09T11:36:11.875+0000] {dag.py:3954} INFO - Setting next_dagrun for example_subdag_operator.section-2 to None, run_after=None
[2026-05-09T11:36:11.879+0000] {logging_mixin.py:188} INFO - [2026-05-09T11:36:11.879+0000] {dag.py:3096} INFO - Sync 2 DAGs
[2026-05-09T11:36:11.882+0000] {logging_mixin.py:188} INFO - [2026-05-09T11:36:11.882+0000] {dag.py:3954} INFO - Setting next_dagrun for example_subdag_operator.section-1 to None, run_after=None
[2026-05-09T11:36:11.882+0000] {logging_mixin.py:188} INFO - [2026-05-09T11:36:11.882+0000] {dag.py:3954} INFO - Setting next_dagrun for example_subdag_operator.section-2 to None, run_after=None
[2026-05-09T11:36:11.894+0000] {processor.py:183} INFO - Processing /home/vscode/.local/lib/python3.11/site-packages/airflow/example_dags/example_subdag_operator.py took 0.075 seconds
[2026-05-09T11:36:53.521+0000] {processor.py:161} INFO - Started process (PID=18221) to work on /home/vscode/.local/lib/python3.11/site-packages/airflow/example_dags/example_subdag_operator.py
[2026-05-09T11:36:53.522+0000] {processor.py:830} INFO - Processing file /home/vscode/.local/lib/python3.11/site-packages/airflow/example_dags/example_subdag_operator.py for tasks to queue
[2026-05-09T11:36:53.522+0000] {logging_mixin.py:188} INFO - [2026-05-09T11:36:53.522+0000] {dagbag.py:545} INFO - Filling up the DagBag from /home/vscode/.local/lib/python3.11/site-packages/airflow/example_dags/example_subdag_operator.py
[2026-05-09T11:36:53.543+0000] {processor.py:840} INFO - DAG(s) 'example_subdag_operator.section-1', 'example_subdag_operator.section-2', 'example_subdag_operator' retrieved from /home/vscode/.local/lib/python3.11/site-packages/airflow/example_dags/example_subdag_operator.py
[2026-05-09T11:36:53.559+0000] {logging_mixin.py:188} INFO - [2026-05-09T11:36:53.559+0000] {dag.py:3096} INFO - Sync 3 DAGs
[2026-05-09T11:36:53.576+0000] {logging_mixin.py:188} INFO - [2026-05-09T11:36:53.576+0000] {dag.py:3954} INFO - Setting next_dagrun for example_subdag_operator to 2022-01-01 00:00:00+00:00, run_after=2022-01-01 00:00:00+00:00
[2026-05-09T11:36:53.579+0000] {logging_mixin.py:188} INFO - [2026-05-09T11:36:53.579+0000] {dag.py:3954} INFO - Setting next_dagrun for example_subdag_operator.section-1 to None, run_after=None
[2026-05-09T11:36:53.580+0000] {logging_mixin.py:188} INFO - [2026-05-09T11:36:53.580+0000] {dag.py:3954} INFO - Setting next_dagrun for example_subdag_operator.section-2 to None, run_after=None
[2026-05-09T11:36:53.587+0000] {logging_mixin.py:188} INFO - [2026-05-09T11:36:53.586+0000] {dag.py:3096} INFO - Sync 2 DAGs
[2026-05-09T11:36:53.590+0000] {logging_mixin.py:188} INFO - [2026-05-09T11:36:53.590+0000] {dag.py:3954} INFO - Setting next_dagrun for example_subdag_operator.section-1 to None, run_after=None
[2026-05-09T11:36:53.591+0000] {logging_mixin.py:188} INFO - [2026-05-09T11:36:53.591+0000] {dag.py:3954} INFO - Setting next_dagrun for example_subdag_operator.section-2 to None, run_after=None
[2026-05-09T11:36:53.612+0000] {processor.py:183} INFO - Processing /home/vscode/.local/lib/python3.11/site-packages/airflow/example_dags/example_subdag_operator.py took 0.100 seconds
[2026-05-09T11:37:34.115+0000] {processor.py:161} INFO - Started process (PID=18744) to work on /home/vscode/.local/lib/python3.11/site-packages/airflow/example_dags/example_subdag_operator.py
[2026-05-09T11:37:34.116+0000] {processor.py:830} INFO - Processing file /home/vscode/.local/lib/python3.11/site-packages/airflow/example_dags/example_subdag_operator.py for tasks to queue
[2026-05-09T11:37:34.117+0000] {logging_mixin.py:188} INFO - [2026-05-09T11:37:34.116+0000] {dagbag.py:545} INFO - Filling up the DagBag from /home/vscode/.local/lib/python3.11/site-packages/airflow/example_dags/example_subdag_operator.py
[2026-05-09T11:37:34.138+0000] {processor.py:840} INFO - DAG(s) 'example_subdag_operator.section-1', 'example_subdag_operator.section-2', 'example_subdag_operator' retrieved from /home/vscode/.local/lib/python3.11/site-packages/airflow/example_dags/example_subdag_operator.py
[2026-05-09T11:37:34.156+0000] {logging_mixin.py:188} INFO - [2026-05-09T11:37:34.155+0000] {dag.py:3096} INFO - Sync 3 DAGs
[2026-05-09T11:37:34.175+0000] {logging_mixin.py:188} INFO - [2026-05-09T11:37:34.175+0000] {dag.py:3954} INFO - Setting next_dagrun for example_subdag_operator to 2022-01-01 00:00:00+00:00, run_after=2022-01-01 00:00:00+00:00
[2026-05-09T11:37:34.177+0000] {logging_mixin.py:188} INFO - [2026-05-09T11:37:34.177+0000] {dag.py:3954} INFO - Setting next_dagrun for example_subdag_operator.section-1 to None, run_after=None
[2026-05-09T11:37:34.178+0000] {logging_mixin.py:188} INFO - [2026-05-09T11:37:34.178+0000] {dag.py:3954} INFO - Setting next_dagrun for example_subdag_operator.section-2 to None, run_after=None
[2026-05-09T11:37:34.182+0000] {logging_mixin.py:188} INFO - [2026-05-09T11:37:34.182+0000] {dag.py:3096} INFO - Sync 2 DAGs
[2026-05-09T11:37:34.185+0000] {logging_mixin.py:188} INFO - [2026-05-09T11:37:34.185+0000] {dag.py:3954} INFO - Setting next_dagrun for example_subdag_operator.section-1 to None, run_after=None
[2026-05-09T11:37:34.185+0000] {logging_mixin.py:188} INFO - [2026-05-09T11:37:34.185+0000] {dag.py:3954} INFO - Setting next_dagrun for example_subdag_operator.section-2 to None, run_after=None
[2026-05-09T11:37:34.195+0000] {processor.py:183} INFO - Processing /home/vscode/.local/lib/python3.11/site-packages/airflow/example_dags/example_subdag_operator.py took 0.089 seconds
[2026-05-09T11:38:15.749+0000] {processor.py:161} INFO - Started process (PID=19266) to work on /home/vscode/.local/lib/python3.11/site-packages/airflow/example_dags/example_subdag_operator.py
[2026-05-09T11:38:15.749+0000] {processor.py:830} INFO - Processing file /home/vscode/.local/lib/python3.11/site-packages/airflow/example_dags/example_subdag_operator.py for tasks to queue
[2026-05-09T11:38:15.750+0000] {logging_mixin.py:188} INFO - [2026-05-09T11:38:15.750+0000] {dagbag.py:545} INFO - Filling up the DagBag from /home/vscode/.local/lib/python3.11/site-packages/airflow/example_dags/example_subdag_operator.py
[2026-05-09T11:38:15.764+0000] {processor.py:840} INFO - DAG(s) 'example_subdag_operator.section-1', 'example_subdag_operator.section-2', 'example_subdag_operator' retrieved from /home/vscode/.local/lib/python3.11/site-packages/airflow/example_dags/example_subdag_operator.py
[2026-05-09T11:38:15.775+0000] {logging_mixin.py:188} INFO - [2026-05-09T11:38:15.775+0000] {dag.py:3096} INFO - Sync 3 DAGs
[2026-05-09T11:38:15.788+0000] {logging_mixin.py:188} INFO - [2026-05-09T11:38:15.788+0000] {dag.py:3954} INFO - Setting next_dagrun for example_subdag_operator to 2022-01-01 00:00:00+00:00, run_after=2022-01-01 00:00:00+00:00
[2026-05-09T11:38:15.790+0000] {logging_mixin.py:188} INFO - [2026-05-09T11:38:15.790+0000] {dag.py:3954} INFO - Setting next_dagrun for example_subdag_operator.section-1 to None, run_after=None
[2026-05-09T11:38:15.791+0000] {logging_mixin.py:188} INFO - [2026-05-09T11:38:15.791+0000] {dag.py:3954} INFO - Setting next_dagrun for example_subdag_operator.section-2 to None, run_after=None
[2026-05-09T11:38:15.795+0000] {logging_mixin.py:188} INFO - [2026-05-09T11:38:15.795+0000] {dag.py:3096} INFO - Sync 2 DAGs
[2026-05-09T11:38:15.797+0000] {logging_mixin.py:188} INFO - [2026-05-09T11:38:15.797+0000] {dag.py:3954} INFO - Setting next_dagrun for example_subdag_operator.section-1 to None, run_after=None
[2026-05-09T11:38:15.798+0000] {logging_mixin.py:188} INFO - [2026-05-09T11:38:15.797+0000] {dag.py:3954} INFO - Setting next_dagrun for example_subdag_operator.section-2 to None, run_after=None
[2026-05-09T11:38:15.808+0000] {processor.py:183} INFO - Processing /home/vscode/.local/lib/python3.11/site-packages/airflow/example_dags/example_subdag_operator.py took 0.065 seconds
[2026-05-09T11:38:56.827+0000] {processor.py:161} INFO - Started process (PID=19678) to work on /home/vscode/.local/lib/python3.11/site-packages/airflow/example_dags/example_subdag_operator.py
[2026-05-09T11:38:56.827+0000] {processor.py:830} INFO - Processing file /home/vscode/.local/lib/python3.11/site-packages/airflow/example_dags/example_subdag_operator.py for tasks to queue
[2026-05-09T11:38:56.828+0000] {logging_mixin.py:188} INFO - [2026-05-09T11:38:56.828+0000] {dagbag.py:545} INFO - Filling up the DagBag from /home/vscode/.local/lib/python3.11/site-packages/airflow/example_dags/example_subdag_operator.py
[2026-05-09T11:38:56.846+0000] {processor.py:840} INFO - DAG(s) 'example_subdag_operator.section-1', 'example_subdag_operator.section-2', 'example_subdag_operator' retrieved from /home/vscode/.local/lib/python3.11/site-packages/airflow/example_dags/example_subdag_operator.py
[2026-05-09T11:38:56.879+0000] {logging_mixin.py:188} INFO - [2026-05-09T11:38:56.879+0000] {dag.py:3096} INFO - Sync 3 DAGs
[2026-05-09T11:38:56.917+0000] {logging_mixin.py:188} INFO - [2026-05-09T11:38:56.917+0000] {dag.py:3954} INFO - Setting next_dagrun for example_subdag_operator to 2022-01-01 00:00:00+00:00, run_after=2022-01-01 00:00:00+00:00
[2026-05-09T11:38:56.924+0000] {logging_mixin.py:188} INFO - [2026-05-09T11:38:56.923+0000] {dag.py:3954} INFO - Setting next_dagrun for example_subdag_operator.section-1 to None, run_after=None
[2026-05-09T11:38:56.925+0000] {logging_mixin.py:188} INFO - [2026-05-09T11:38:56.925+0000] {dag.py:3954} INFO - Setting next_dagrun for example_subdag_operator.section-2 to None, run_after=None
[2026-05-09T11:38:56.936+0000] {logging_mixin.py:188} INFO - [2026-05-09T11:38:56.936+0000] {dag.py:3096} INFO - Sync 2 DAGs
[2026-05-09T11:38:56.940+0000] {logging_mixin.py:188} INFO - [2026-05-09T11:38:56.940+0000] {dag.py:3954} INFO - Setting next_dagrun for example_subdag_operator.section-1 to None, run_after=None
[2026-05-09T11:38:56.941+0000] {logging_mixin.py:188} INFO - [2026-05-09T11:38:56.940+0000] {dag.py:3954} INFO - Setting next_dagrun for example_subdag_operator.section-2 to None, run_after=None
[2026-05-09T11:38:56.953+0000] {processor.py:183} INFO - Processing /home/vscode/.local/lib/python3.11/site-packages/airflow/example_dags/example_subdag_operator.py took 0.132 seconds
[2026-05-09T11:39:37.027+0000] {processor.py:161} INFO - Started process (PID=20321) to work on /home/vscode/.local/lib/python3.11/site-packages/airflow/example_dags/example_subdag_operator.py
[2026-05-09T11:39:37.028+0000] {processor.py:830} INFO - Processing file /home/vscode/.local/lib/python3.11/site-packages/airflow/example_dags/example_subdag_operator.py for tasks to queue
[2026-05-09T11:39:37.028+0000] {logging_mixin.py:188} INFO - [2026-05-09T11:39:37.028+0000] {dagbag.py:545} INFO - Filling up the DagBag from /home/vscode/.local/lib/python3.11/site-packages/airflow/example_dags/example_subdag_operator.py
[2026-05-09T11:39:37.043+0000] {processor.py:840} INFO - DAG(s) 'example_subdag_operator.section-1', 'example_subdag_operator.section-2', 'example_subdag_operator' retrieved from /home/vscode/.local/lib/python3.11/site-packages/airflow/example_dags/example_subdag_operator.py
[2026-05-09T11:39:37.055+0000] {logging_mixin.py:188} INFO - [2026-05-09T11:39:37.054+0000] {dag.py:3096} INFO - Sync 3 DAGs
[2026-05-09T11:39:37.068+0000] {logging_mixin.py:188} INFO - [2026-05-09T11:39:37.068+0000] {dag.py:3954} INFO - Setting next_dagrun for example_subdag_operator to 2022-01-01 00:00:00+00:00, run_after=2022-01-01 00:00:00+00:00
[2026-05-09T11:39:37.070+0000] {logging_mixin.py:188} INFO - [2026-05-09T11:39:37.070+0000] {dag.py:3954} INFO - Setting next_dagrun for example_subdag_operator.section-1 to None, run_after=None
[2026-05-09T11:39:37.071+0000] {logging_mixin.py:188} INFO - [2026-05-09T11:39:37.071+0000] {dag.py:3954} INFO - Setting next_dagrun for example_subdag_operator.section-2 to None, run_after=None
[2026-05-09T11:39:37.075+0000] {logging_mixin.py:188} INFO - [2026-05-09T11:39:37.075+0000] {dag.py:3096} INFO - Sync 2 DAGs
[2026-05-09T11:39:37.078+0000] {logging_mixin.py:188} INFO - [2026-05-09T11:39:37.078+0000] {dag.py:3954} INFO - Setting next_dagrun for example_subdag_operator.section-1 to None, run_after=None
[2026-05-09T11:39:37.078+0000] {logging_mixin.py:188} INFO - [2026-05-09T11:39:37.078+0000] {dag.py:3954} INFO - Setting next_dagrun for example_subdag_operator.section-2 to None, run_after=None
[2026-05-09T11:39:37.090+0000] {processor.py:183} INFO - Processing /home/vscode/.local/lib/python3.11/site-packages/airflow/example_dags/example_subdag_operator.py took 0.069 seconds
[2026-05-09T11:40:19.046+0000] {processor.py:161} INFO - Started process (PID=20599) to work on /home/vscode/.local/lib/python3.11/site-packages/airflow/example_dags/example_subdag_operator.py
[2026-05-09T11:40:19.046+0000] {processor.py:830} INFO - Processing file /home/vscode/.local/lib/python3.11/site-packages/airflow/example_dags/example_subdag_operator.py for tasks to queue
[2026-05-09T11:40:19.047+0000] {logging_mixin.py:188} INFO - [2026-05-09T11:40:19.047+0000] {dagbag.py:545} INFO - Filling up the DagBag from /home/vscode/.local/lib/python3.11/site-packages/airflow/example_dags/example_subdag_operator.py
[2026-05-09T11:40:19.062+0000] {processor.py:840} INFO - DAG(s) 'example_subdag_operator.section-1', 'example_subdag_operator.section-2', 'example_subdag_operator' retrieved from /home/vscode/.local/lib/python3.11/site-packages/airflow/example_dags/example_subdag_operator.py
[2026-05-09T11:40:19.073+0000] {logging_mixin.py:188} INFO - [2026-05-09T11:40:19.073+0000] {dag.py:3096} INFO - Sync 3 DAGs
[2026-05-09T11:40:19.086+0000] {logging_mixin.py:188} INFO - [2026-05-09T11:40:19.086+0000] {dag.py:3954} INFO - Setting next_dagrun for example_subdag_operator to 2022-01-01 00:00:00+00:00, run_after=2022-01-01 00:00:00+00:00
[2026-05-09T11:40:19.088+0000] {logging_mixin.py:188} INFO - [2026-05-09T11:40:19.088+0000] {dag.py:3954} INFO - Setting next_dagrun for example_subdag_operator.section-1 to None, run_after=None
[2026-05-09T11:40:19.089+0000] {logging_mixin.py:188} INFO - [2026-05-09T11:40:19.089+0000] {dag.py:3954} INFO - Setting next_dagrun for example_subdag_operator.section-2 to None, run_after=None
[2026-05-09T11:40:19.093+0000] {logging_mixin.py:188} INFO - [2026-05-09T11:40:19.093+0000] {dag.py:3096} INFO - Sync 2 DAGs
[2026-05-09T11:40:19.096+0000] {logging_mixin.py:188} INFO - [2026-05-09T11:40:19.096+0000] {dag.py:3954} INFO - Setting next_dagrun for example_subdag_operator.section-1 to None, run_after=None
[2026-05-09T11:40:19.096+0000] {logging_mixin.py:188} INFO - [2026-05-09T11:40:19.096+0000] {dag.py:3954} INFO - Setting next_dagrun for example_subdag_operator.section-2 to None, run_after=None
[2026-05-09T11:40:19.109+0000] {processor.py:183} INFO - Processing /home/vscode/.local/lib/python3.11/site-packages/airflow/example_dags/example_subdag_operator.py took 0.069 seconds
[2026-05-09T11:40:59.868+0000] {processor.py:161} INFO - Started process (PID=20972) to work on /home/vscode/.local/lib/python3.11/site-packages/airflow/example_dags/example_subdag_operator.py
[2026-05-09T11:40:59.869+0000] {processor.py:830} INFO - Processing file /home/vscode/.local/lib/python3.11/site-packages/airflow/example_dags/example_subdag_operator.py for tasks to queue
[2026-05-09T11:40:59.870+0000] {logging_mixin.py:188} INFO - [2026-05-09T11:40:59.869+0000] {dagbag.py:545} INFO - Filling up the DagBag from /home/vscode/.local/lib/python3.11/site-packages/airflow/example_dags/example_subdag_operator.py
[2026-05-09T11:40:59.887+0000] {processor.py:840} INFO - DAG(s) 'example_subdag_operator.section-1', 'example_subdag_operator.section-2', 'example_subdag_operator' retrieved from /home/vscode/.local/lib/python3.11/site-packages/airflow/example_dags/example_subdag_operator.py
[2026-05-09T11:40:59.899+0000] {logging_mixin.py:188} INFO - [2026-05-09T11:40:59.899+0000] {dag.py:3096} INFO - Sync 3 DAGs
[2026-05-09T11:40:59.912+0000] {logging_mixin.py:188} INFO - [2026-05-09T11:40:59.912+0000] {dag.py:3954} INFO - Setting next_dagrun for example_subdag_operator to 2022-01-01 00:00:00+00:00, run_after=2022-01-01 00:00:00+00:00
[2026-05-09T11:40:59.914+0000] {logging_mixin.py:188} INFO - [2026-05-09T11:40:59.914+0000] {dag.py:3954} INFO - Setting next_dagrun for example_subdag_operator.section-1 to None, run_after=None
[2026-05-09T11:40:59.915+0000] {logging_mixin.py:188} INFO - [2026-05-09T11:40:59.915+0000] {dag.py:3954} INFO - Setting next_dagrun for example_subdag_operator.section-2 to None, run_after=None
[2026-05-09T11:40:59.919+0000] {logging_mixin.py:188} INFO - [2026-05-09T11:40:59.919+0000] {dag.py:3096} INFO - Sync 2 DAGs
[2026-05-09T11:40:59.922+0000] {logging_mixin.py:188} INFO - [2026-05-09T11:40:59.922+0000] {dag.py:3954} INFO - Setting next_dagrun for example_subdag_operator.section-1 to None, run_after=None
[2026-05-09T11:40:59.922+0000] {logging_mixin.py:188} INFO - [2026-05-09T11:40:59.922+0000] {dag.py:3954} INFO - Setting next_dagrun for example_subdag_operator.section-2 to None, run_after=None
[2026-05-09T11:40:59.933+0000] {processor.py:183} INFO - Processing /home/vscode/.local/lib/python3.11/site-packages/airflow/example_dags/example_subdag_operator.py took 0.075 seconds
[2026-05-09T11:41:44.638+0000] {processor.py:161} INFO - Started process (PID=21489) to work on /home/vscode/.local/lib/python3.11/site-packages/airflow/example_dags/example_subdag_operator.py
[2026-05-09T11:41:44.639+0000] {processor.py:830} INFO - Processing file /home/vscode/.local/lib/python3.11/site-packages/airflow/example_dags/example_subdag_operator.py for tasks to queue
[2026-05-09T11:41:44.639+0000] {logging_mixin.py:188} INFO - [2026-05-09T11:41:44.639+0000] {dagbag.py:545} INFO - Filling up the DagBag from /home/vscode/.local/lib/python3.11/site-packages/airflow/example_dags/example_subdag_operator.py
[2026-05-09T11:41:44.655+0000] {processor.py:840} INFO - DAG(s) 'example_subdag_operator.section-1', 'example_subdag_operator.section-2', 'example_subdag_operator' retrieved from /home/vscode/.local/lib/python3.11/site-packages/airflow/example_dags/example_subdag_operator.py
[2026-05-09T11:41:44.667+0000] {logging_mixin.py:188} INFO - [2026-05-09T11:41:44.667+0000] {dag.py:3096} INFO - Sync 3 DAGs
[2026-05-09T11:41:44.683+0000] {logging_mixin.py:188} INFO - [2026-05-09T11:41:44.683+0000] {dag.py:3954} INFO - Setting next_dagrun for example_subdag_operator to 2022-01-01 00:00:00+00:00, run_after=2022-01-01 00:00:00+00:00
[2026-05-09T11:41:44.685+0000] {logging_mixin.py:188} INFO - [2026-05-09T11:41:44.685+0000] {dag.py:3954} INFO - Setting next_dagrun for example_subdag_operator.section-1 to None, run_after=None
[2026-05-09T11:41:44.686+0000] {logging_mixin.py:188} INFO - [2026-05-09T11:41:44.686+0000] {dag.py:3954} INFO - Setting next_dagrun for example_subdag_operator.section-2 to None, run_after=None
[2026-05-09T11:41:44.690+0000] {logging_mixin.py:188} INFO - [2026-05-09T11:41:44.690+0000] {dag.py:3096} INFO - Sync 2 DAGs
[2026-05-09T11:41:44.693+0000] {logging_mixin.py:188} INFO - [2026-05-09T11:41:44.693+0000] {dag.py:3954} INFO - Setting next_dagrun for example_subdag_operator.section-1 to None, run_after=None
[2026-05-09T11:41:44.693+0000] {logging_mixin.py:188} INFO - [2026-05-09T11:41:44.693+0000] {dag.py:3954} INFO - Setting next_dagrun for example_subdag_operator.section-2 to None, run_after=None
[2026-05-09T11:41:44.704+0000] {processor.py:183} INFO - Processing /home/vscode/.local/lib/python3.11/site-packages/airflow/example_dags/example_subdag_operator.py took 0.073 seconds
[2026-05-09T11:42:28.933+0000] {processor.py:161} INFO - Started process (PID=21810) to work on /home/vscode/.local/lib/python3.11/site-packages/airflow/example_dags/example_subdag_operator.py
[2026-05-09T11:42:28.934+0000] {processor.py:830} INFO - Processing file /home/vscode/.local/lib/python3.11/site-packages/airflow/example_dags/example_subdag_operator.py for tasks to queue
[2026-05-09T11:42:28.935+0000] {logging_mixin.py:188} INFO - [2026-05-09T11:42:28.935+0000] {dagbag.py:545} INFO - Filling up the DagBag from /home/vscode/.local/lib/python3.11/site-packages/airflow/example_dags/example_subdag_operator.py
[2026-05-09T11:42:28.954+0000] {processor.py:840} INFO - DAG(s) 'example_subdag_operator.section-1', 'example_subdag_operator.section-2', 'example_subdag_operator' retrieved from /home/vscode/.local/lib/python3.11/site-packages/airflow/example_dags/example_subdag_operator.py
[2026-05-09T11:42:28.968+0000] {logging_mixin.py:188} INFO - [2026-05-09T11:42:28.968+0000] {dag.py:3096} INFO - Sync 3 DAGs
[2026-05-09T11:42:28.986+0000] {logging_mixin.py:188} INFO - [2026-05-09T11:42:28.985+0000] {dag.py:3954} INFO - Setting next_dagrun for example_subdag_operator to 2022-01-01 00:00:00+00:00, run_after=2022-01-01 00:00:00+00:00
[2026-05-09T11:42:28.988+0000] {logging_mixin.py:188} INFO - [2026-05-09T11:42:28.988+0000] {dag.py:3954} INFO - Setting next_dagrun for example_subdag_operator.section-1 to None, run_after=None
[2026-05-09T11:42:28.989+0000] {logging_mixin.py:188} INFO - [2026-05-09T11:42:28.988+0000] {dag.py:3954} INFO - Setting next_dagrun for example_subdag_operator.section-2 to None, run_after=None
[2026-05-09T11:42:28.993+0000] {logging_mixin.py:188} INFO - [2026-05-09T11:42:28.993+0000] {dag.py:3096} INFO - Sync 2 DAGs
[2026-05-09T11:42:28.996+0000] {logging_mixin.py:188} INFO - [2026-05-09T11:42:28.996+0000] {dag.py:3954} INFO - Setting next_dagrun for example_subdag_operator.section-1 to None, run_after=None
[2026-05-09T11:42:28.996+0000] {logging_mixin.py:188} INFO - [2026-05-09T11:42:28.996+0000] {dag.py:3954} INFO - Setting next_dagrun for example_subdag_operator.section-2 to None, run_after=None
[2026-05-09T11:42:29.008+0000] {processor.py:183} INFO - Processing /home/vscode/.local/lib/python3.11/site-packages/airflow/example_dags/example_subdag_operator.py took 0.085 seconds
[2026-05-09T11:43:13.203+0000] {processor.py:161} INFO - Started process (PID=22193) to work on /home/vscode/.local/lib/python3.11/site-packages/airflow/example_dags/example_subdag_operator.py
[2026-05-09T11:43:13.206+0000] {processor.py:830} INFO - Processing file /home/vscode/.local/lib/python3.11/site-packages/airflow/example_dags/example_subdag_operator.py for tasks to queue
[2026-05-09T11:43:13.209+0000] {logging_mixin.py:188} INFO - [2026-05-09T11:43:13.208+0000] {dagbag.py:545} INFO - Filling up the DagBag from /home/vscode/.local/lib/python3.11/site-packages/airflow/example_dags/example_subdag_operator.py
[2026-05-09T11:43:13.236+0000] {processor.py:840} INFO - DAG(s) 'example_subdag_operator.section-1', 'example_subdag_operator.section-2', 'example_subdag_operator' retrieved from /home/vscode/.local/lib/python3.11/site-packages/airflow/example_dags/example_subdag_operator.py
[2026-05-09T11:43:13.252+0000] {logging_mixin.py:188} INFO - [2026-05-09T11:43:13.252+0000] {dag.py:3096} INFO - Sync 3 DAGs
[2026-05-09T11:43:13.266+0000] {logging_mixin.py:188} INFO - [2026-05-09T11:43:13.265+0000] {dag.py:3954} INFO - Setting next_dagrun for example_subdag_operator to 2022-01-01 00:00:00+00:00, run_after=2022-01-01 00:00:00+00:00
[2026-05-09T11:43:13.268+0000] {logging_mixin.py:188} INFO - [2026-05-09T11:43:13.268+0000] {dag.py:3954} INFO - Setting next_dagrun for example_subdag_operator.section-1 to None, run_after=None
[2026-05-09T11:43:13.268+0000] {logging_mixin.py:188} INFO - [2026-05-09T11:43:13.268+0000] {dag.py:3954} INFO - Setting next_dagrun for example_subdag_operator.section-2 to None, run_after=None
[2026-05-09T11:43:13.273+0000] {logging_mixin.py:188} INFO - [2026-05-09T11:43:13.273+0000] {dag.py:3096} INFO - Sync 2 DAGs
[2026-05-09T11:43:13.275+0000] {logging_mixin.py:188} INFO - [2026-05-09T11:43:13.275+0000] {dag.py:3954} INFO - Setting next_dagrun for example_subdag_operator.section-1 to None, run_after=None
[2026-05-09T11:43:13.276+0000] {logging_mixin.py:188} INFO - [2026-05-09T11:43:13.276+0000] {dag.py:3954} INFO - Setting next_dagrun for example_subdag_operator.section-2 to None, run_after=None
[2026-05-09T11:43:13.287+0000] {processor.py:183} INFO - Processing /home/vscode/.local/lib/python3.11/site-packages/airflow/example_dags/example_subdag_operator.py took 0.095 seconds
[2026-05-09T11:43:57.545+0000] {processor.py:161} INFO - Started process (PID=22653) to work on /home/vscode/.local/lib/python3.11/site-packages/airflow/example_dags/example_subdag_operator.py
[2026-05-09T11:43:57.546+0000] {processor.py:830} INFO - Processing file /home/vscode/.local/lib/python3.11/site-packages/airflow/example_dags/example_subdag_operator.py for tasks to queue
[2026-05-09T11:43:57.546+0000] {logging_mixin.py:188} INFO - [2026-05-09T11:43:57.546+0000] {dagbag.py:545} INFO - Filling up the DagBag from /home/vscode/.local/lib/python3.11/site-packages/airflow/example_dags/example_subdag_operator.py
[2026-05-09T11:43:57.562+0000] {processor.py:840} INFO - DAG(s) 'example_subdag_operator.section-1', 'example_subdag_operator.section-2', 'example_subdag_operator' retrieved from /home/vscode/.local/lib/python3.11/site-packages/airflow/example_dags/example_subdag_operator.py
[2026-05-09T11:43:57.573+0000] {logging_mixin.py:188} INFO - [2026-05-09T11:43:57.573+0000] {dag.py:3096} INFO - Sync 3 DAGs
[2026-05-09T11:43:57.586+0000] {logging_mixin.py:188} INFO - [2026-05-09T11:43:57.586+0000] {dag.py:3954} INFO - Setting next_dagrun for example_subdag_operator to 2022-01-01 00:00:00+00:00, run_after=2022-01-01 00:00:00+00:00
[2026-05-09T11:43:57.590+0000] {logging_mixin.py:188} INFO - [2026-05-09T11:43:57.589+0000] {dag.py:3954} INFO - Setting next_dagrun for example_subdag_operator.section-1 to None, run_after=None
[2026-05-09T11:43:57.590+0000] {logging_mixin.py:188} INFO - [2026-05-09T11:43:57.590+0000] {dag.py:3954} INFO - Setting next_dagrun for example_subdag_operator.section-2 to None, run_after=None
[2026-05-09T11:43:57.594+0000] {logging_mixin.py:188} INFO - [2026-05-09T11:43:57.594+0000] {dag.py:3096} INFO - Sync 2 DAGs
[2026-05-09T11:43:57.597+0000] {logging_mixin.py:188} INFO - [2026-05-09T11:43:57.597+0000] {dag.py:3954} INFO - Setting next_dagrun for example_subdag_operator.section-1 to None, run_after=None
[2026-05-09T11:43:57.597+0000] {logging_mixin.py:188} INFO - [2026-05-09T11:43:57.597+0000] {dag.py:3954} INFO - Setting next_dagrun for example_subdag_operator.section-2 to None, run_after=None
[2026-05-09T11:43:57.609+0000] {processor.py:183} INFO - Processing /home/vscode/.local/lib/python3.11/site-packages/airflow/example_dags/example_subdag_operator.py took 0.070 seconds
[2026-05-09T11:44:37.294+0000] {processor.py:161} INFO - Started process (PID=23011) to work on /home/vscode/.local/lib/python3.11/site-packages/airflow/example_dags/example_subdag_operator.py
[2026-05-09T11:44:37.294+0000] {processor.py:830} INFO - Processing file /home/vscode/.local/lib/python3.11/site-packages/airflow/example_dags/example_subdag_operator.py for tasks to queue
[2026-05-09T11:44:37.295+0000] {logging_mixin.py:188} INFO - [2026-05-09T11:44:37.295+0000] {dagbag.py:545} INFO - Filling up the DagBag from /home/vscode/.local/lib/python3.11/site-packages/airflow/example_dags/example_subdag_operator.py
[2026-05-09T11:44:37.310+0000] {processor.py:840} INFO - DAG(s) 'example_subdag_operator.section-1', 'example_subdag_operator.section-2', 'example_subdag_operator' retrieved from /home/vscode/.local/lib/python3.11/site-packages/airflow/example_dags/example_subdag_operator.py
[2026-05-09T11:44:37.321+0000] {logging_mixin.py:188} INFO - [2026-05-09T11:44:37.321+0000] {dag.py:3096} INFO - Sync 3 DAGs
[2026-05-09T11:44:37.334+0000] {logging_mixin.py:188} INFO - [2026-05-09T11:44:37.334+0000] {dag.py:3954} INFO - Setting next_dagrun for example_subdag_operator to 2022-01-01 00:00:00+00:00, run_after=2022-01-01 00:00:00+00:00
[2026-05-09T11:44:37.336+0000] {logging_mixin.py:188} INFO - [2026-05-09T11:44:37.336+0000] {dag.py:3954} INFO - Setting next_dagrun for example_subdag_operator.section-1 to None, run_after=None
[2026-05-09T11:44:37.337+0000] {logging_mixin.py:188} INFO - [2026-05-09T11:44:37.337+0000] {dag.py:3954} INFO - Setting next_dagrun for example_subdag_operator.section-2 to None, run_after=None
[2026-05-09T11:44:37.341+0000] {logging_mixin.py:188} INFO - [2026-05-09T11:44:37.341+0000] {dag.py:3096} INFO - Sync 2 DAGs
[2026-05-09T11:44:37.344+0000] {logging_mixin.py:188} INFO - [2026-05-09T11:44:37.344+0000] {dag.py:3954} INFO - Setting next_dagrun for example_subdag_operator.section-1 to None, run_after=None
[2026-05-09T11:44:37.344+0000] {logging_mixin.py:188} INFO - [2026-05-09T11:44:37.344+0000] {dag.py:3954} INFO - Setting next_dagrun for example_subdag_operator.section-2 to None, run_after=None
[2026-05-09T11:44:37.355+0000] {processor.py:183} INFO - Processing /home/vscode/.local/lib/python3.11/site-packages/airflow/example_dags/example_subdag_operator.py took 0.068 seconds
[2026-05-09T11:45:20.746+0000] {processor.py:161} INFO - Started process (PID=23326) to work on /home/vscode/.local/lib/python3.11/site-packages/airflow/example_dags/example_subdag_operator.py
[2026-05-09T11:45:20.747+0000] {processor.py:830} INFO - Processing file /home/vscode/.local/lib/python3.11/site-packages/airflow/example_dags/example_subdag_operator.py for tasks to queue
[2026-05-09T11:45:20.747+0000] {logging_mixin.py:188} INFO - [2026-05-09T11:45:20.747+0000] {dagbag.py:545} INFO - Filling up the DagBag from /home/vscode/.local/lib/python3.11/site-packages/airflow/example_dags/example_subdag_operator.py
[2026-05-09T11:45:20.761+0000] {processor.py:840} INFO - DAG(s) 'example_subdag_operator.section-1', 'example_subdag_operator.section-2', 'example_subdag_operator' retrieved from /home/vscode/.local/lib/python3.11/site-packages/airflow/example_dags/example_subdag_operator.py
[2026-05-09T11:45:20.774+0000] {logging_mixin.py:188} INFO - [2026-05-09T11:45:20.774+0000] {dag.py:3096} INFO - Sync 3 DAGs
[2026-05-09T11:45:20.789+0000] {logging_mixin.py:188} INFO - [2026-05-09T11:45:20.789+0000] {dag.py:3954} INFO - Setting next_dagrun for example_subdag_operator to 2022-01-01 00:00:00+00:00, run_after=2022-01-01 00:00:00+00:00
[2026-05-09T11:45:20.791+0000] {logging_mixin.py:188} INFO - [2026-05-09T11:45:20.791+0000] {dag.py:3954} INFO - Setting next_dagrun for example_subdag_operator.section-1 to None, run_after=None
[2026-05-09T11:45:20.792+0000] {logging_mixin.py:188} INFO - [2026-05-09T11:45:20.792+0000] {dag.py:3954} INFO - Setting next_dagrun for example_subdag_operator.section-2 to None, run_after=None
[2026-05-09T11:45:20.796+0000] {logging_mixin.py:188} INFO - [2026-05-09T11:45:20.796+0000] {dag.py:3096} INFO - Sync 2 DAGs
[2026-05-09T11:45:20.799+0000] {logging_mixin.py:188} INFO - [2026-05-09T11:45:20.799+0000] {dag.py:3954} INFO - Setting next_dagrun for example_subdag_operator.section-1 to None, run_after=None
[2026-05-09T11:45:20.799+0000] {logging_mixin.py:188} INFO - [2026-05-09T11:45:20.799+0000] {dag.py:3954} INFO - Setting next_dagrun for example_subdag_operator.section-2 to None, run_after=None
[2026-05-09T11:45:20.811+0000] {processor.py:183} INFO - Processing /home/vscode/.local/lib/python3.11/site-packages/airflow/example_dags/example_subdag_operator.py took 0.071 seconds
[2026-05-09T11:46:04.757+0000] {processor.py:161} INFO - Started process (PID=23713) to work on /home/vscode/.local/lib/python3.11/site-packages/airflow/example_dags/example_subdag_operator.py
[2026-05-09T11:46:04.758+0000] {processor.py:830} INFO - Processing file /home/vscode/.local/lib/python3.11/site-packages/airflow/example_dags/example_subdag_operator.py for tasks to queue
[2026-05-09T11:46:04.759+0000] {logging_mixin.py:188} INFO - [2026-05-09T11:46:04.758+0000] {dagbag.py:545} INFO - Filling up the DagBag from /home/vscode/.local/lib/python3.11/site-packages/airflow/example_dags/example_subdag_operator.py
[2026-05-09T11:46:04.778+0000] {processor.py:840} INFO - DAG(s) 'example_subdag_operator.section-1', 'example_subdag_operator.section-2', 'example_subdag_operator' retrieved from /home/vscode/.local/lib/python3.11/site-packages/airflow/example_dags/example_subdag_operator.py
[2026-05-09T11:46:04.789+0000] {logging_mixin.py:188} INFO - [2026-05-09T11:46:04.789+0000] {dag.py:3096} INFO - Sync 3 DAGs
[2026-05-09T11:46:04.804+0000] {logging_mixin.py:188} INFO - [2026-05-09T11:46:04.804+0000] {dag.py:3954} INFO - Setting next_dagrun for example_subdag_operator to 2022-01-01 00:00:00+00:00, run_after=2022-01-01 00:00:00+00:00
[2026-05-09T11:46:04.806+0000] {logging_mixin.py:188} INFO - [2026-05-09T11:46:04.806+0000] {dag.py:3954} INFO - Setting next_dagrun for example_subdag_operator.section-1 to None, run_after=None
[2026-05-09T11:46:04.807+0000] {logging_mixin.py:188} INFO - [2026-05-09T11:46:04.806+0000] {dag.py:3954} INFO - Setting next_dagrun for example_subdag_operator.section-2 to None, run_after=None
[2026-05-09T11:46:04.811+0000] {logging_mixin.py:188} INFO - [2026-05-09T11:46:04.810+0000] {dag.py:3096} INFO - Sync 2 DAGs
[2026-05-09T11:46:04.813+0000] {logging_mixin.py:188} INFO - [2026-05-09T11:46:04.813+0000] {dag.py:3954} INFO - Setting next_dagrun for example_subdag_operator.section-1 to None, run_after=None
[2026-05-09T11:46:04.813+0000] {logging_mixin.py:188} INFO - [2026-05-09T11:46:04.813+0000] {dag.py:3954} INFO - Setting next_dagrun for example_subdag_operator.section-2 to None, run_after=None
[2026-05-09T11:46:04.825+0000] {processor.py:183} INFO - Processing /home/vscode/.local/lib/python3.11/site-packages/airflow/example_dags/example_subdag_operator.py took 0.076 seconds
[2026-05-09T11:46:48.513+0000] {processor.py:161} INFO - Started process (PID=24094) to work on /home/vscode/.local/lib/python3.11/site-packages/airflow/example_dags/example_subdag_operator.py
[2026-05-09T11:46:48.514+0000] {processor.py:830} INFO - Processing file /home/vscode/.local/lib/python3.11/site-packages/airflow/example_dags/example_subdag_operator.py for tasks to queue
[2026-05-09T11:46:48.514+0000] {logging_mixin.py:188} INFO - [2026-05-09T11:46:48.514+0000] {dagbag.py:545} INFO - Filling up the DagBag from /home/vscode/.local/lib/python3.11/site-packages/airflow/example_dags/example_subdag_operator.py
[2026-05-09T11:46:48.541+0000] {processor.py:840} INFO - DAG(s) 'example_subdag_operator.section-1', 'example_subdag_operator.section-2', 'example_subdag_operator' retrieved from /home/vscode/.local/lib/python3.11/site-packages/airflow/example_dags/example_subdag_operator.py
[2026-05-09T11:46:48.554+0000] {logging_mixin.py:188} INFO - [2026-05-09T11:46:48.554+0000] {dag.py:3096} INFO - Sync 3 DAGs
[2026-05-09T11:46:48.568+0000] {logging_mixin.py:188} INFO - [2026-05-09T11:46:48.568+0000] {dag.py:3954} INFO - Setting next_dagrun for example_subdag_operator to 2022-01-01 00:00:00+00:00, run_after=2022-01-01 00:00:00+00:00
[2026-05-09T11:46:48.570+0000] {logging_mixin.py:188} INFO - [2026-05-09T11:46:48.570+0000] {dag.py:3954} INFO - Setting next_dagrun for example_subdag_operator.section-1 to None, run_after=None
[2026-05-09T11:46:48.571+0000] {logging_mixin.py:188} INFO - [2026-05-09T11:46:48.571+0000] {dag.py:3954} INFO - Setting next_dagrun for example_subdag_operator.section-2 to None, run_after=None
[2026-05-09T11:46:48.575+0000] {logging_mixin.py:188} INFO - [2026-05-09T11:46:48.575+0000] {dag.py:3096} INFO - Sync 2 DAGs
[2026-05-09T11:46:48.578+0000] {logging_mixin.py:188} INFO - [2026-05-09T11:46:48.577+0000] {dag.py:3954} INFO - Setting next_dagrun for example_subdag_operator.section-1 to None, run_after=None
[2026-05-09T11:46:48.578+0000] {logging_mixin.py:188} INFO - [2026-05-09T11:46:48.578+0000] {dag.py:3954} INFO - Setting next_dagrun for example_subdag_operator.section-2 to None, run_after=None
[2026-05-09T11:46:48.589+0000] {processor.py:183} INFO - Processing /home/vscode/.local/lib/python3.11/site-packages/airflow/example_dags/example_subdag_operator.py took 0.086 seconds
[2026-05-09T11:47:33.926+0000] {processor.py:161} INFO - Started process (PID=24592) to work on /home/vscode/.local/lib/python3.11/site-packages/airflow/example_dags/example_subdag_operator.py
[2026-05-09T11:47:33.926+0000] {processor.py:830} INFO - Processing file /home/vscode/.local/lib/python3.11/site-packages/airflow/example_dags/example_subdag_operator.py for tasks to queue
[2026-05-09T11:47:33.927+0000] {logging_mixin.py:188} INFO - [2026-05-09T11:47:33.927+0000] {dagbag.py:545} INFO - Filling up the DagBag from /home/vscode/.local/lib/python3.11/site-packages/airflow/example_dags/example_subdag_operator.py
[2026-05-09T11:47:33.941+0000] {processor.py:840} INFO - DAG(s) 'example_subdag_operator.section-1', 'example_subdag_operator.section-2', 'example_subdag_operator' retrieved from /home/vscode/.local/lib/python3.11/site-packages/airflow/example_dags/example_subdag_operator.py
[2026-05-09T11:47:33.952+0000] {logging_mixin.py:188} INFO - [2026-05-09T11:47:33.952+0000] {dag.py:3096} INFO - Sync 3 DAGs
[2026-05-09T11:47:33.965+0000] {logging_mixin.py:188} INFO - [2026-05-09T11:47:33.965+0000] {dag.py:3954} INFO - Setting next_dagrun for example_subdag_operator to 2022-01-01 00:00:00+00:00, run_after=2022-01-01 00:00:00+00:00
[2026-05-09T11:47:33.967+0000] {logging_mixin.py:188} INFO - [2026-05-09T11:47:33.967+0000] {dag.py:3954} INFO - Setting next_dagrun for example_subdag_operator.section-1 to None, run_after=None
[2026-05-09T11:47:33.968+0000] {logging_mixin.py:188} INFO - [2026-05-09T11:47:33.967+0000] {dag.py:3954} INFO - Setting next_dagrun for example_subdag_operator.section-2 to None, run_after=None
[2026-05-09T11:47:33.972+0000] {logging_mixin.py:188} INFO - [2026-05-09T11:47:33.971+0000] {dag.py:3096} INFO - Sync 2 DAGs
[2026-05-09T11:47:33.974+0000] {logging_mixin.py:188} INFO - [2026-05-09T11:47:33.974+0000] {dag.py:3954} INFO - Setting next_dagrun for example_subdag_operator.section-1 to None, run_after=None
[2026-05-09T11:47:33.974+0000] {logging_mixin.py:188} INFO - [2026-05-09T11:47:33.974+0000] {dag.py:3954} INFO - Setting next_dagrun for example_subdag_operator.section-2 to None, run_after=None
[2026-05-09T11:47:33.985+0000] {processor.py:183} INFO - Processing /home/vscode/.local/lib/python3.11/site-packages/airflow/example_dags/example_subdag_operator.py took 0.065 seconds
[2026-05-09T11:48:17.321+0000] {processor.py:161} INFO - Started process (PID=24935) to work on /home/vscode/.local/lib/python3.11/site-packages/airflow/example_dags/example_subdag_operator.py
[2026-05-09T11:48:17.322+0000] {processor.py:830} INFO - Processing file /home/vscode/.local/lib/python3.11/site-packages/airflow/example_dags/example_subdag_operator.py for tasks to queue
[2026-05-09T11:48:17.322+0000] {logging_mixin.py:188} INFO - [2026-05-09T11:48:17.322+0000] {dagbag.py:545} INFO - Filling up the DagBag from /home/vscode/.local/lib/python3.11/site-packages/airflow/example_dags/example_subdag_operator.py
[2026-05-09T11:48:17.336+0000] {processor.py:840} INFO - DAG(s) 'example_subdag_operator.section-1', 'example_subdag_operator.section-2', 'example_subdag_operator' retrieved from /home/vscode/.local/lib/python3.11/site-packages/airflow/example_dags/example_subdag_operator.py
[2026-05-09T11:48:17.347+0000] {logging_mixin.py:188} INFO - [2026-05-09T11:48:17.347+0000] {dag.py:3096} INFO - Sync 3 DAGs
[2026-05-09T11:48:17.360+0000] {logging_mixin.py:188} INFO - [2026-05-09T11:48:17.360+0000] {dag.py:3954} INFO - Setting next_dagrun for example_subdag_operator to 2022-01-01 00:00:00+00:00, run_after=2022-01-01 00:00:00+00:00
[2026-05-09T11:48:17.362+0000] {logging_mixin.py:188} INFO - [2026-05-09T11:48:17.362+0000] {dag.py:3954} INFO - Setting next_dagrun for example_subdag_operator.section-1 to None, run_after=None
[2026-05-09T11:48:17.363+0000] {logging_mixin.py:188} INFO - [2026-05-09T11:48:17.363+0000] {dag.py:3954} INFO - Setting next_dagrun for example_subdag_operator.section-2 to None, run_after=None
[2026-05-09T11:48:17.367+0000] {logging_mixin.py:188} INFO - [2026-05-09T11:48:17.367+0000] {dag.py:3096} INFO - Sync 2 DAGs
[2026-05-09T11:48:17.370+0000] {logging_mixin.py:188} INFO - [2026-05-09T11:48:17.370+0000] {dag.py:3954} INFO - Setting next_dagrun for example_subdag_operator.section-1 to None, run_after=None
[2026-05-09T11:48:17.370+0000] {logging_mixin.py:188} INFO - [2026-05-09T11:48:17.370+0000] {dag.py:3954} INFO - Setting next_dagrun for example_subdag_operator.section-2 to None, run_after=None
[2026-05-09T11:48:17.386+0000] {processor.py:183} INFO - Processing /home/vscode/.local/lib/python3.11/site-packages/airflow/example_dags/example_subdag_operator.py took 0.071 seconds
[2026-05-09T11:48:59.517+0000] {processor.py:161} INFO - Started process (PID=25370) to work on /home/vscode/.local/lib/python3.11/site-packages/airflow/example_dags/example_subdag_operator.py
[2026-05-09T11:48:59.518+0000] {processor.py:830} INFO - Processing file /home/vscode/.local/lib/python3.11/site-packages/airflow/example_dags/example_subdag_operator.py for tasks to queue
[2026-05-09T11:48:59.518+0000] {logging_mixin.py:188} INFO - [2026-05-09T11:48:59.518+0000] {dagbag.py:545} INFO - Filling up the DagBag from /home/vscode/.local/lib/python3.11/site-packages/airflow/example_dags/example_subdag_operator.py
[2026-05-09T11:48:59.533+0000] {processor.py:840} INFO - DAG(s) 'example_subdag_operator.section-1', 'example_subdag_operator.section-2', 'example_subdag_operator' retrieved from /home/vscode/.local/lib/python3.11/site-packages/airflow/example_dags/example_subdag_operator.py
[2026-05-09T11:48:59.544+0000] {logging_mixin.py:188} INFO - [2026-05-09T11:48:59.544+0000] {dag.py:3096} INFO - Sync 3 DAGs
[2026-05-09T11:48:59.558+0000] {logging_mixin.py:188} INFO - [2026-05-09T11:48:59.558+0000] {dag.py:3954} INFO - Setting next_dagrun for example_subdag_operator to 2022-01-01 00:00:00+00:00, run_after=2022-01-01 00:00:00+00:00
[2026-05-09T11:48:59.560+0000] {logging_mixin.py:188} INFO - [2026-05-09T11:48:59.560+0000] {dag.py:3954} INFO - Setting next_dagrun for example_subdag_operator.section-1 to None, run_after=None
[2026-05-09T11:48:59.561+0000] {logging_mixin.py:188} INFO - [2026-05-09T11:48:59.561+0000] {dag.py:3954} INFO - Setting next_dagrun for example_subdag_operator.section-2 to None, run_after=None
[2026-05-09T11:48:59.565+0000] {logging_mixin.py:188} INFO - [2026-05-09T11:48:59.565+0000] {dag.py:3096} INFO - Sync 2 DAGs
[2026-05-09T11:48:59.568+0000] {logging_mixin.py:188} INFO - [2026-05-09T11:48:59.568+0000] {dag.py:3954} INFO - Setting next_dagrun for example_subdag_operator.section-1 to None, run_after=None
[2026-05-09T11:48:59.568+0000] {logging_mixin.py:188} INFO - [2026-05-09T11:48:59.568+0000] {dag.py:3954} INFO - Setting next_dagrun for example_subdag_operator.section-2 to None, run_after=None
[2026-05-09T11:48:59.578+0000] {processor.py:183} INFO - Processing /home/vscode/.local/lib/python3.11/site-packages/airflow/example_dags/example_subdag_operator.py took 0.068 seconds
[2026-05-09T11:49:39.615+0000] {processor.py:161} INFO - Started process (PID=25783) to work on /home/vscode/.local/lib/python3.11/site-packages/airflow/example_dags/example_subdag_operator.py
[2026-05-09T11:49:39.616+0000] {processor.py:830} INFO - Processing file /home/vscode/.local/lib/python3.11/site-packages/airflow/example_dags/example_subdag_operator.py for tasks to queue
[2026-05-09T11:49:39.616+0000] {logging_mixin.py:188} INFO - [2026-05-09T11:49:39.616+0000] {dagbag.py:545} INFO - Filling up the DagBag from /home/vscode/.local/lib/python3.11/site-packages/airflow/example_dags/example_subdag_operator.py
[2026-05-09T11:49:39.631+0000] {processor.py:840} INFO - DAG(s) 'example_subdag_operator.section-1', 'example_subdag_operator.section-2', 'example_subdag_operator' retrieved from /home/vscode/.local/lib/python3.11/site-packages/airflow/example_dags/example_subdag_operator.py
[2026-05-09T11:49:39.643+0000] {logging_mixin.py:188} INFO - [2026-05-09T11:49:39.643+0000] {dag.py:3096} INFO - Sync 3 DAGs
[2026-05-09T11:49:39.664+0000] {logging_mixin.py:188} INFO - [2026-05-09T11:49:39.664+0000] {dag.py:3954} INFO - Setting next_dagrun for example_subdag_operator to 2022-01-01 00:00:00+00:00, run_after=2022-01-01 00:00:00+00:00
[2026-05-09T11:49:39.667+0000] {logging_mixin.py:188} INFO - [2026-05-09T11:49:39.667+0000] {dag.py:3954} INFO - Setting next_dagrun for example_subdag_operator.section-1 to None, run_after=None
[2026-05-09T11:49:39.668+0000] {logging_mixin.py:188} INFO - [2026-05-09T11:49:39.668+0000] {dag.py:3954} INFO - Setting next_dagrun for example_subdag_operator.section-2 to None, run_after=None
[2026-05-09T11:49:39.676+0000] {logging_mixin.py:188} INFO - [2026-05-09T11:49:39.676+0000] {dag.py:3096} INFO - Sync 2 DAGs
[2026-05-09T11:49:39.680+0000] {logging_mixin.py:188} INFO - [2026-05-09T11:49:39.680+0000] {dag.py:3954} INFO - Setting next_dagrun for example_subdag_operator.section-1 to None, run_after=None
[2026-05-09T11:49:39.681+0000] {logging_mixin.py:188} INFO - [2026-05-09T11:49:39.681+0000] {dag.py:3954} INFO - Setting next_dagrun for example_subdag_operator.section-2 to None, run_after=None
[2026-05-09T11:49:39.696+0000] {processor.py:183} INFO - Processing /home/vscode/.local/lib/python3.11/site-packages/airflow/example_dags/example_subdag_operator.py took 0.088 seconds
[2026-05-09T11:50:24.032+0000] {processor.py:161} INFO - Started process (PID=26167) to work on /home/vscode/.local/lib/python3.11/site-packages/airflow/example_dags/example_subdag_operator.py
[2026-05-09T11:50:24.032+0000] {processor.py:830} INFO - Processing file /home/vscode/.local/lib/python3.11/site-packages/airflow/example_dags/example_subdag_operator.py for tasks to queue
[2026-05-09T11:50:24.033+0000] {logging_mixin.py:188} INFO - [2026-05-09T11:50:24.032+0000] {dagbag.py:545} INFO - Filling up the DagBag from /home/vscode/.local/lib/python3.11/site-packages/airflow/example_dags/example_subdag_operator.py
[2026-05-09T11:50:24.047+0000] {processor.py:840} INFO - DAG(s) 'example_subdag_operator.section-1', 'example_subdag_operator.section-2', 'example_subdag_operator' retrieved from /home/vscode/.local/lib/python3.11/site-packages/airflow/example_dags/example_subdag_operator.py
[2026-05-09T11:50:24.058+0000] {logging_mixin.py:188} INFO - [2026-05-09T11:50:24.057+0000] {dag.py:3096} INFO - Sync 3 DAGs
[2026-05-09T11:50:24.071+0000] {logging_mixin.py:188} INFO - [2026-05-09T11:50:24.071+0000] {dag.py:3954} INFO - Setting next_dagrun for example_subdag_operator to 2022-01-01 00:00:00+00:00, run_after=2022-01-01 00:00:00+00:00
[2026-05-09T11:50:24.073+0000] {logging_mixin.py:188} INFO - [2026-05-09T11:50:24.073+0000] {dag.py:3954} INFO - Setting next_dagrun for example_subdag_operator.section-1 to None, run_after=None
[2026-05-09T11:50:24.074+0000] {logging_mixin.py:188} INFO - [2026-05-09T11:50:24.074+0000] {dag.py:3954} INFO - Setting next_dagrun for example_subdag_operator.section-2 to None, run_after=None
[2026-05-09T11:50:24.078+0000] {logging_mixin.py:188} INFO - [2026-05-09T11:50:24.078+0000] {dag.py:3096} INFO - Sync 2 DAGs
[2026-05-09T11:50:24.080+0000] {logging_mixin.py:188} INFO - [2026-05-09T11:50:24.080+0000] {dag.py:3954} INFO - Setting next_dagrun for example_subdag_operator.section-1 to None, run_after=None
[2026-05-09T11:50:24.081+0000] {logging_mixin.py:188} INFO - [2026-05-09T11:50:24.080+0000] {dag.py:3954} INFO - Setting next_dagrun for example_subdag_operator.section-2 to None, run_after=None
[2026-05-09T11:50:24.091+0000] {processor.py:183} INFO - Processing /home/vscode/.local/lib/python3.11/site-packages/airflow/example_dags/example_subdag_operator.py took 0.065 seconds
[2026-05-09T11:51:05.771+0000] {processor.py:161} INFO - Started process (PID=26718) to work on /home/vscode/.local/lib/python3.11/site-packages/airflow/example_dags/example_subdag_operator.py
[2026-05-09T11:51:05.771+0000] {processor.py:830} INFO - Processing file /home/vscode/.local/lib/python3.11/site-packages/airflow/example_dags/example_subdag_operator.py for tasks to queue
[2026-05-09T11:51:05.772+0000] {logging_mixin.py:188} INFO - [2026-05-09T11:51:05.772+0000] {dagbag.py:545} INFO - Filling up the DagBag from /home/vscode/.local/lib/python3.11/site-packages/airflow/example_dags/example_subdag_operator.py
[2026-05-09T11:51:05.786+0000] {processor.py:840} INFO - DAG(s) 'example_subdag_operator.section-1', 'example_subdag_operator.section-2', 'example_subdag_operator' retrieved from /home/vscode/.local/lib/python3.11/site-packages/airflow/example_dags/example_subdag_operator.py
[2026-05-09T11:51:05.797+0000] {logging_mixin.py:188} INFO - [2026-05-09T11:51:05.797+0000] {dag.py:3096} INFO - Sync 3 DAGs
[2026-05-09T11:51:05.810+0000] {logging_mixin.py:188} INFO - [2026-05-09T11:51:05.810+0000] {dag.py:3954} INFO - Setting next_dagrun for example_subdag_operator to 2022-01-01 00:00:00+00:00, run_after=2022-01-01 00:00:00+00:00
[2026-05-09T11:51:05.812+0000] {logging_mixin.py:188} INFO - [2026-05-09T11:51:05.812+0000] {dag.py:3954} INFO - Setting next_dagrun for example_subdag_operator.section-1 to None, run_after=None
[2026-05-09T11:51:05.813+0000] {logging_mixin.py:188} INFO - [2026-05-09T11:51:05.813+0000] {dag.py:3954} INFO - Setting next_dagrun for example_subdag_operator.section-2 to None, run_after=None
[2026-05-09T11:51:05.817+0000] {logging_mixin.py:188} INFO - [2026-05-09T11:51:05.817+0000] {dag.py:3096} INFO - Sync 2 DAGs
[2026-05-09T11:51:05.820+0000] {logging_mixin.py:188} INFO - [2026-05-09T11:51:05.820+0000] {dag.py:3954} INFO - Setting next_dagrun for example_subdag_operator.section-1 to None, run_after=None
[2026-05-09T11:51:05.820+0000] {logging_mixin.py:188} INFO - [2026-05-09T11:51:05.820+0000] {dag.py:3954} INFO - Setting next_dagrun for example_subdag_operator.section-2 to None, run_after=None
[2026-05-09T11:51:05.831+0000] {processor.py:183} INFO - Processing /home/vscode/.local/lib/python3.11/site-packages/airflow/example_dags/example_subdag_operator.py took 0.067 seconds
[2026-05-09T11:51:49.041+0000] {processor.py:161} INFO - Started process (PID=27168) to work on /home/vscode/.local/lib/python3.11/site-packages/airflow/example_dags/example_subdag_operator.py
[2026-05-09T11:51:49.041+0000] {processor.py:830} INFO - Processing file /home/vscode/.local/lib/python3.11/site-packages/airflow/example_dags/example_subdag_operator.py for tasks to queue
[2026-05-09T11:51:49.042+0000] {logging_mixin.py:188} INFO - [2026-05-09T11:51:49.042+0000] {dagbag.py:545} INFO - Filling up the DagBag from /home/vscode/.local/lib/python3.11/site-packages/airflow/example_dags/example_subdag_operator.py
[2026-05-09T11:51:49.056+0000] {processor.py:840} INFO - DAG(s) 'example_subdag_operator.section-1', 'example_subdag_operator.section-2', 'example_subdag_operator' retrieved from /home/vscode/.local/lib/python3.11/site-packages/airflow/example_dags/example_subdag_operator.py
[2026-05-09T11:51:49.067+0000] {logging_mixin.py:188} INFO - [2026-05-09T11:51:49.067+0000] {dag.py:3096} INFO - Sync 3 DAGs
[2026-05-09T11:51:49.080+0000] {logging_mixin.py:188} INFO - [2026-05-09T11:51:49.080+0000] {dag.py:3954} INFO - Setting next_dagrun for example_subdag_operator to 2022-01-01 00:00:00+00:00, run_after=2022-01-01 00:00:00+00:00
[2026-05-09T11:51:49.082+0000] {logging_mixin.py:188} INFO - [2026-05-09T11:51:49.082+0000] {dag.py:3954} INFO - Setting next_dagrun for example_subdag_operator.section-1 to None, run_after=None
[2026-05-09T11:51:49.083+0000] {logging_mixin.py:188} INFO - [2026-05-09T11:51:49.083+0000] {dag.py:3954} INFO - Setting next_dagrun for example_subdag_operator.section-2 to None, run_after=None
[2026-05-09T11:51:49.088+0000] {logging_mixin.py:188} INFO - [2026-05-09T11:51:49.087+0000] {dag.py:3096} INFO - Sync 2 DAGs
[2026-05-09T11:51:49.090+0000] {logging_mixin.py:188} INFO - [2026-05-09T11:51:49.090+0000] {dag.py:3954} INFO - Setting next_dagrun for example_subdag_operator.section-1 to None, run_after=None
[2026-05-09T11:51:49.090+0000] {logging_mixin.py:188} INFO - [2026-05-09T11:51:49.090+0000] {dag.py:3954} INFO - Setting next_dagrun for example_subdag_operator.section-2 to None, run_after=None
[2026-05-09T11:51:49.101+0000] {processor.py:183} INFO - Processing /home/vscode/.local/lib/python3.11/site-packages/airflow/example_dags/example_subdag_operator.py took 0.067 seconds
[2026-05-09T11:52:29.705+0000] {processor.py:161} INFO - Started process (PID=27492) to work on /home/vscode/.local/lib/python3.11/site-packages/airflow/example_dags/example_subdag_operator.py
[2026-05-09T11:52:29.706+0000] {processor.py:830} INFO - Processing file /home/vscode/.local/lib/python3.11/site-packages/airflow/example_dags/example_subdag_operator.py for tasks to queue
[2026-05-09T11:52:29.706+0000] {logging_mixin.py:188} INFO - [2026-05-09T11:52:29.706+0000] {dagbag.py:545} INFO - Filling up the DagBag from /home/vscode/.local/lib/python3.11/site-packages/airflow/example_dags/example_subdag_operator.py
[2026-05-09T11:52:29.727+0000] {processor.py:840} INFO - DAG(s) 'example_subdag_operator.section-1', 'example_subdag_operator.section-2', 'example_subdag_operator' retrieved from /home/vscode/.local/lib/python3.11/site-packages/airflow/example_dags/example_subdag_operator.py
[2026-05-09T11:52:29.749+0000] {logging_mixin.py:188} INFO - [2026-05-09T11:52:29.749+0000] {dag.py:3096} INFO - Sync 3 DAGs
[2026-05-09T11:52:29.764+0000] {logging_mixin.py:188} INFO - [2026-05-09T11:52:29.764+0000] {dag.py:3954} INFO - Setting next_dagrun for example_subdag_operator to 2022-01-01 00:00:00+00:00, run_after=2022-01-01 00:00:00+00:00
[2026-05-09T11:52:29.766+0000] {logging_mixin.py:188} INFO - [2026-05-09T11:52:29.766+0000] {dag.py:3954} INFO - Setting next_dagrun for example_subdag_operator.section-1 to None, run_after=None
[2026-05-09T11:52:29.767+0000] {logging_mixin.py:188} INFO - [2026-05-09T11:52:29.767+0000] {dag.py:3954} INFO - Setting next_dagrun for example_subdag_operator.section-2 to None, run_after=None
[2026-05-09T11:52:29.771+0000] {logging_mixin.py:188} INFO - [2026-05-09T11:52:29.771+0000] {dag.py:3096} INFO - Sync 2 DAGs
[2026-05-09T11:52:29.773+0000] {logging_mixin.py:188} INFO - [2026-05-09T11:52:29.773+0000] {dag.py:3954} INFO - Setting next_dagrun for example_subdag_operator.section-1 to None, run_after=None
[2026-05-09T11:52:29.774+0000] {logging_mixin.py:188} INFO - [2026-05-09T11:52:29.774+0000] {dag.py:3954} INFO - Setting next_dagrun for example_subdag_operator.section-2 to None, run_after=None
[2026-05-09T11:52:29.784+0000] {processor.py:183} INFO - Processing /home/vscode/.local/lib/python3.11/site-packages/airflow/example_dags/example_subdag_operator.py took 0.087 seconds
[2026-05-09T11:53:09.116+0000] {processor.py:161} INFO - Started process (PID=27837) to work on /home/vscode/.local/lib/python3.11/site-packages/airflow/example_dags/example_subdag_operator.py
[2026-05-09T11:53:09.117+0000] {processor.py:830} INFO - Processing file /home/vscode/.local/lib/python3.11/site-packages/airflow/example_dags/example_subdag_operator.py for tasks to queue
[2026-05-09T11:53:09.117+0000] {logging_mixin.py:188} INFO - [2026-05-09T11:53:09.117+0000] {dagbag.py:545} INFO - Filling up the DagBag from /home/vscode/.local/lib/python3.11/site-packages/airflow/example_dags/example_subdag_operator.py
[2026-05-09T11:53:09.132+0000] {processor.py:840} INFO - DAG(s) 'example_subdag_operator.section-1', 'example_subdag_operator.section-2', 'example_subdag_operator' retrieved from /home/vscode/.local/lib/python3.11/site-packages/airflow/example_dags/example_subdag_operator.py
[2026-05-09T11:53:09.143+0000] {logging_mixin.py:188} INFO - [2026-05-09T11:53:09.143+0000] {dag.py:3096} INFO - Sync 3 DAGs
[2026-05-09T11:53:09.156+0000] {logging_mixin.py:188} INFO - [2026-05-09T11:53:09.156+0000] {dag.py:3954} INFO - Setting next_dagrun for example_subdag_operator to 2022-01-01 00:00:00+00:00, run_after=2022-01-01 00:00:00+00:00
[2026-05-09T11:53:09.158+0000] {logging_mixin.py:188} INFO - [2026-05-09T11:53:09.158+0000] {dag.py:3954} INFO - Setting next_dagrun for example_subdag_operator.section-1 to None, run_after=None
[2026-05-09T11:53:09.159+0000] {logging_mixin.py:188} INFO - [2026-05-09T11:53:09.159+0000] {dag.py:3954} INFO - Setting next_dagrun for example_subdag_operator.section-2 to None, run_after=None
[2026-05-09T11:53:09.163+0000] {logging_mixin.py:188} INFO - [2026-05-09T11:53:09.163+0000] {dag.py:3096} INFO - Sync 2 DAGs
[2026-05-09T11:53:09.165+0000] {logging_mixin.py:188} INFO - [2026-05-09T11:53:09.165+0000] {dag.py:3954} INFO - Setting next_dagrun for example_subdag_operator.section-1 to None, run_after=None
[2026-05-09T11:53:09.166+0000] {logging_mixin.py:188} INFO - [2026-05-09T11:53:09.165+0000] {dag.py:3954} INFO - Setting next_dagrun for example_subdag_operator.section-2 to None, run_after=None
[2026-05-09T11:53:09.176+0000] {processor.py:183} INFO - Processing /home/vscode/.local/lib/python3.11/site-packages/airflow/example_dags/example_subdag_operator.py took 0.067 seconds
[2026-05-09T11:53:50.050+0000] {processor.py:161} INFO - Started process (PID=28252) to work on /home/vscode/.local/lib/python3.11/site-packages/airflow/example_dags/example_subdag_operator.py
[2026-05-09T11:53:50.050+0000] {processor.py:830} INFO - Processing file /home/vscode/.local/lib/python3.11/site-packages/airflow/example_dags/example_subdag_operator.py for tasks to queue
[2026-05-09T11:53:50.051+0000] {logging_mixin.py:188} INFO - [2026-05-09T11:53:50.051+0000] {dagbag.py:545} INFO - Filling up the DagBag from /home/vscode/.local/lib/python3.11/site-packages/airflow/example_dags/example_subdag_operator.py
[2026-05-09T11:53:50.066+0000] {processor.py:840} INFO - DAG(s) 'example_subdag_operator.section-1', 'example_subdag_operator.section-2', 'example_subdag_operator' retrieved from /home/vscode/.local/lib/python3.11/site-packages/airflow/example_dags/example_subdag_operator.py
[2026-05-09T11:53:50.077+0000] {logging_mixin.py:188} INFO - [2026-05-09T11:53:50.077+0000] {dag.py:3096} INFO - Sync 3 DAGs
[2026-05-09T11:53:50.090+0000] {logging_mixin.py:188} INFO - [2026-05-09T11:53:50.090+0000] {dag.py:3954} INFO - Setting next_dagrun for example_subdag_operator to 2022-01-01 00:00:00+00:00, run_after=2022-01-01 00:00:00+00:00
[2026-05-09T11:53:50.092+0000] {logging_mixin.py:188} INFO - [2026-05-09T11:53:50.092+0000] {dag.py:3954} INFO - Setting next_dagrun for example_subdag_operator.section-1 to None, run_after=None
[2026-05-09T11:53:50.093+0000] {logging_mixin.py:188} INFO - [2026-05-09T11:53:50.093+0000] {dag.py:3954} INFO - Setting next_dagrun for example_subdag_operator.section-2 to None, run_after=None
[2026-05-09T11:53:50.097+0000] {logging_mixin.py:188} INFO - [2026-05-09T11:53:50.097+0000] {dag.py:3096} INFO - Sync 2 DAGs
[2026-05-09T11:53:50.101+0000] {logging_mixin.py:188} INFO - [2026-05-09T11:53:50.101+0000] {dag.py:3954} INFO - Setting next_dagrun for example_subdag_operator.section-1 to None, run_after=None
[2026-05-09T11:53:50.101+0000] {logging_mixin.py:188} INFO - [2026-05-09T11:53:50.101+0000] {dag.py:3954} INFO - Setting next_dagrun for example_subdag_operator.section-2 to None, run_after=None
[2026-05-09T11:53:50.112+0000] {processor.py:183} INFO - Processing /home/vscode/.local/lib/python3.11/site-packages/airflow/example_dags/example_subdag_operator.py took 0.068 seconds
[2026-05-09T11:54:29.982+0000] {processor.py:161} INFO - Started process (PID=28539) to work on /home/vscode/.local/lib/python3.11/site-packages/airflow/example_dags/example_subdag_operator.py
[2026-05-09T11:54:29.983+0000] {processor.py:830} INFO - Processing file /home/vscode/.local/lib/python3.11/site-packages/airflow/example_dags/example_subdag_operator.py for tasks to queue
[2026-05-09T11:54:29.984+0000] {logging_mixin.py:188} INFO - [2026-05-09T11:54:29.984+0000] {dagbag.py:545} INFO - Filling up the DagBag from /home/vscode/.local/lib/python3.11/site-packages/airflow/example_dags/example_subdag_operator.py
[2026-05-09T11:54:29.999+0000] {processor.py:840} INFO - DAG(s) 'example_subdag_operator.section-1', 'example_subdag_operator.section-2', 'example_subdag_operator' retrieved from /home/vscode/.local/lib/python3.11/site-packages/airflow/example_dags/example_subdag_operator.py
[2026-05-09T11:54:30.017+0000] {logging_mixin.py:188} INFO - [2026-05-09T11:54:30.017+0000] {dag.py:3096} INFO - Sync 3 DAGs
[2026-05-09T11:54:30.041+0000] {logging_mixin.py:188} INFO - [2026-05-09T11:54:30.041+0000] {dag.py:3954} INFO - Setting next_dagrun for example_subdag_operator to 2022-01-01 00:00:00+00:00, run_after=2022-01-01 00:00:00+00:00
[2026-05-09T11:54:30.044+0000] {logging_mixin.py:188} INFO - [2026-05-09T11:54:30.044+0000] {dag.py:3954} INFO - Setting next_dagrun for example_subdag_operator.section-1 to None, run_after=None
[2026-05-09T11:54:30.045+0000] {logging_mixin.py:188} INFO - [2026-05-09T11:54:30.045+0000] {dag.py:3954} INFO - Setting next_dagrun for example_subdag_operator.section-2 to None, run_after=None
[2026-05-09T11:54:30.049+0000] {logging_mixin.py:188} INFO - [2026-05-09T11:54:30.049+0000] {dag.py:3096} INFO - Sync 2 DAGs
[2026-05-09T11:54:30.052+0000] {logging_mixin.py:188} INFO - [2026-05-09T11:54:30.052+0000] {dag.py:3954} INFO - Setting next_dagrun for example_subdag_operator.section-1 to None, run_after=None
[2026-05-09T11:54:30.053+0000] {logging_mixin.py:188} INFO - [2026-05-09T11:54:30.052+0000] {dag.py:3954} INFO - Setting next_dagrun for example_subdag_operator.section-2 to None, run_after=None
[2026-05-09T11:54:30.064+0000] {processor.py:183} INFO - Processing /home/vscode/.local/lib/python3.11/site-packages/airflow/example_dags/example_subdag_operator.py took 0.089 seconds
[2026-05-09T11:55:11.634+0000] {processor.py:161} INFO - Started process (PID=28890) to work on /home/vscode/.local/lib/python3.11/site-packages/airflow/example_dags/example_subdag_operator.py
[2026-05-09T11:55:11.635+0000] {processor.py:830} INFO - Processing file /home/vscode/.local/lib/python3.11/site-packages/airflow/example_dags/example_subdag_operator.py for tasks to queue
[2026-05-09T11:55:11.635+0000] {logging_mixin.py:188} INFO - [2026-05-09T11:55:11.635+0000] {dagbag.py:545} INFO - Filling up the DagBag from /home/vscode/.local/lib/python3.11/site-packages/airflow/example_dags/example_subdag_operator.py
[2026-05-09T11:55:11.650+0000] {processor.py:840} INFO - DAG(s) 'example_subdag_operator.section-1', 'example_subdag_operator.section-2', 'example_subdag_operator' retrieved from /home/vscode/.local/lib/python3.11/site-packages/airflow/example_dags/example_subdag_operator.py
[2026-05-09T11:55:11.661+0000] {logging_mixin.py:188} INFO - [2026-05-09T11:55:11.661+0000] {dag.py:3096} INFO - Sync 3 DAGs
[2026-05-09T11:55:11.675+0000] {logging_mixin.py:188} INFO - [2026-05-09T11:55:11.675+0000] {dag.py:3954} INFO - Setting next_dagrun for example_subdag_operator to 2022-01-01 00:00:00+00:00, run_after=2022-01-01 00:00:00+00:00
[2026-05-09T11:55:11.677+0000] {logging_mixin.py:188} INFO - [2026-05-09T11:55:11.677+0000] {dag.py:3954} INFO - Setting next_dagrun for example_subdag_operator.section-1 to None, run_after=None
[2026-05-09T11:55:11.678+0000] {logging_mixin.py:188} INFO - [2026-05-09T11:55:11.678+0000] {dag.py:3954} INFO - Setting next_dagrun for example_subdag_operator.section-2 to None, run_after=None
[2026-05-09T11:55:11.682+0000] {logging_mixin.py:188} INFO - [2026-05-09T11:55:11.682+0000] {dag.py:3096} INFO - Sync 2 DAGs
[2026-05-09T11:55:11.684+0000] {logging_mixin.py:188} INFO - [2026-05-09T11:55:11.684+0000] {dag.py:3954} INFO - Setting next_dagrun for example_subdag_operator.section-1 to None, run_after=None
[2026-05-09T11:55:11.685+0000] {logging_mixin.py:188} INFO - [2026-05-09T11:55:11.685+0000] {dag.py:3954} INFO - Setting next_dagrun for example_subdag_operator.section-2 to None, run_after=None
[2026-05-09T11:55:11.695+0000] {processor.py:183} INFO - Processing /home/vscode/.local/lib/python3.11/site-packages/airflow/example_dags/example_subdag_operator.py took 0.067 seconds
[2026-05-09T11:55:53.241+0000] {processor.py:161} INFO - Started process (PID=29246) to work on /home/vscode/.local/lib/python3.11/site-packages/airflow/example_dags/example_subdag_operator.py
[2026-05-09T11:55:53.242+0000] {processor.py:830} INFO - Processing file /home/vscode/.local/lib/python3.11/site-packages/airflow/example_dags/example_subdag_operator.py for tasks to queue
[2026-05-09T11:55:53.242+0000] {logging_mixin.py:188} INFO - [2026-05-09T11:55:53.242+0000] {dagbag.py:545} INFO - Filling up the DagBag from /home/vscode/.local/lib/python3.11/site-packages/airflow/example_dags/example_subdag_operator.py
[2026-05-09T11:55:53.257+0000] {processor.py:840} INFO - DAG(s) 'example_subdag_operator.section-1', 'example_subdag_operator.section-2', 'example_subdag_operator' retrieved from /home/vscode/.local/lib/python3.11/site-packages/airflow/example_dags/example_subdag_operator.py
[2026-05-09T11:55:53.267+0000] {logging_mixin.py:188} INFO - [2026-05-09T11:55:53.267+0000] {dag.py:3096} INFO - Sync 3 DAGs
[2026-05-09T11:55:53.281+0000] {logging_mixin.py:188} INFO - [2026-05-09T11:55:53.281+0000] {dag.py:3954} INFO - Setting next_dagrun for example_subdag_operator to 2022-01-01 00:00:00+00:00, run_after=2022-01-01 00:00:00+00:00
[2026-05-09T11:55:53.283+0000] {logging_mixin.py:188} INFO - [2026-05-09T11:55:53.283+0000] {dag.py:3954} INFO - Setting next_dagrun for example_subdag_operator.section-1 to None, run_after=None
[2026-05-09T11:55:53.283+0000] {logging_mixin.py:188} INFO - [2026-05-09T11:55:53.283+0000] {dag.py:3954} INFO - Setting next_dagrun for example_subdag_operator.section-2 to None, run_after=None
[2026-05-09T11:55:53.288+0000] {logging_mixin.py:188} INFO - [2026-05-09T11:55:53.288+0000] {dag.py:3096} INFO - Sync 2 DAGs
[2026-05-09T11:55:53.290+0000] {logging_mixin.py:188} INFO - [2026-05-09T11:55:53.290+0000] {dag.py:3954} INFO - Setting next_dagrun for example_subdag_operator.section-1 to None, run_after=None
[2026-05-09T11:55:53.290+0000] {logging_mixin.py:188} INFO - [2026-05-09T11:55:53.290+0000] {dag.py:3954} INFO - Setting next_dagrun for example_subdag_operator.section-2 to None, run_after=None
[2026-05-09T11:55:53.301+0000] {processor.py:183} INFO - Processing /home/vscode/.local/lib/python3.11/site-packages/airflow/example_dags/example_subdag_operator.py took 0.066 seconds
[2026-05-09T11:56:34.118+0000] {processor.py:161} INFO - Started process (PID=29560) to work on /home/vscode/.local/lib/python3.11/site-packages/airflow/example_dags/example_subdag_operator.py
[2026-05-09T11:56:34.119+0000] {processor.py:830} INFO - Processing file /home/vscode/.local/lib/python3.11/site-packages/airflow/example_dags/example_subdag_operator.py for tasks to queue
[2026-05-09T11:56:34.119+0000] {logging_mixin.py:188} INFO - [2026-05-09T11:56:34.119+0000] {dagbag.py:545} INFO - Filling up the DagBag from /home/vscode/.local/lib/python3.11/site-packages/airflow/example_dags/example_subdag_operator.py
[2026-05-09T11:56:34.140+0000] {processor.py:840} INFO - DAG(s) 'example_subdag_operator.section-1', 'example_subdag_operator.section-2', 'example_subdag_operator' retrieved from /home/vscode/.local/lib/python3.11/site-packages/airflow/example_dags/example_subdag_operator.py
[2026-05-09T11:56:34.151+0000] {logging_mixin.py:188} INFO - [2026-05-09T11:56:34.150+0000] {dag.py:3096} INFO - Sync 3 DAGs
[2026-05-09T11:56:34.167+0000] {logging_mixin.py:188} INFO - [2026-05-09T11:56:34.167+0000] {dag.py:3954} INFO - Setting next_dagrun for example_subdag_operator to 2022-01-01 00:00:00+00:00, run_after=2022-01-01 00:00:00+00:00
[2026-05-09T11:56:34.170+0000] {logging_mixin.py:188} INFO - [2026-05-09T11:56:34.170+0000] {dag.py:3954} INFO - Setting next_dagrun for example_subdag_operator.section-1 to None, run_after=None
[2026-05-09T11:56:34.171+0000] {logging_mixin.py:188} INFO - [2026-05-09T11:56:34.171+0000] {dag.py:3954} INFO - Setting next_dagrun for example_subdag_operator.section-2 to None, run_after=None
[2026-05-09T11:56:34.176+0000] {logging_mixin.py:188} INFO - [2026-05-09T11:56:34.176+0000] {dag.py:3096} INFO - Sync 2 DAGs
[2026-05-09T11:56:34.178+0000] {logging_mixin.py:188} INFO - [2026-05-09T11:56:34.178+0000] {dag.py:3954} INFO - Setting next_dagrun for example_subdag_operator.section-1 to None, run_after=None
[2026-05-09T11:56:34.179+0000] {logging_mixin.py:188} INFO - [2026-05-09T11:56:34.178+0000] {dag.py:3954} INFO - Setting next_dagrun for example_subdag_operator.section-2 to None, run_after=None
[2026-05-09T11:56:34.189+0000] {processor.py:183} INFO - Processing /home/vscode/.local/lib/python3.11/site-packages/airflow/example_dags/example_subdag_operator.py took 0.077 seconds
[2026-05-09T11:57:14.227+0000] {processor.py:161} INFO - Started process (PID=29885) to work on /home/vscode/.local/lib/python3.11/site-packages/airflow/example_dags/example_subdag_operator.py
[2026-05-09T11:57:14.227+0000] {processor.py:830} INFO - Processing file /home/vscode/.local/lib/python3.11/site-packages/airflow/example_dags/example_subdag_operator.py for tasks to queue
[2026-05-09T11:57:14.228+0000] {logging_mixin.py:188} INFO - [2026-05-09T11:57:14.228+0000] {dagbag.py:545} INFO - Filling up the DagBag from /home/vscode/.local/lib/python3.11/site-packages/airflow/example_dags/example_subdag_operator.py
[2026-05-09T11:57:14.249+0000] {processor.py:840} INFO - DAG(s) 'example_subdag_operator.section-1', 'example_subdag_operator.section-2', 'example_subdag_operator' retrieved from /home/vscode/.local/lib/python3.11/site-packages/airflow/example_dags/example_subdag_operator.py
[2026-05-09T11:57:14.269+0000] {logging_mixin.py:188} INFO - [2026-05-09T11:57:14.269+0000] {dag.py:3096} INFO - Sync 3 DAGs
[2026-05-09T11:57:14.298+0000] {logging_mixin.py:188} INFO - [2026-05-09T11:57:14.298+0000] {dag.py:3954} INFO - Setting next_dagrun for example_subdag_operator to 2022-01-01 00:00:00+00:00, run_after=2022-01-01 00:00:00+00:00
[2026-05-09T11:57:14.301+0000] {logging_mixin.py:188} INFO - [2026-05-09T11:57:14.301+0000] {dag.py:3954} INFO - Setting next_dagrun for example_subdag_operator.section-1 to None, run_after=None
[2026-05-09T11:57:14.303+0000] {logging_mixin.py:188} INFO - [2026-05-09T11:57:14.303+0000] {dag.py:3954} INFO - Setting next_dagrun for example_subdag_operator.section-2 to None, run_after=None
[2026-05-09T11:57:14.309+0000] {logging_mixin.py:188} INFO - [2026-05-09T11:57:14.309+0000] {dag.py:3096} INFO - Sync 2 DAGs
[2026-05-09T11:57:14.313+0000] {logging_mixin.py:188} INFO - [2026-05-09T11:57:14.313+0000] {dag.py:3954} INFO - Setting next_dagrun for example_subdag_operator.section-1 to None, run_after=None
[2026-05-09T11:57:14.313+0000] {logging_mixin.py:188} INFO - [2026-05-09T11:57:14.313+0000] {dag.py:3954} INFO - Setting next_dagrun for example_subdag_operator.section-2 to None, run_after=None
[2026-05-09T11:57:14.332+0000] {processor.py:183} INFO - Processing /home/vscode/.local/lib/python3.11/site-packages/airflow/example_dags/example_subdag_operator.py took 0.115 seconds
[2026-05-09T11:57:57.647+0000] {processor.py:161} INFO - Started process (PID=30242) to work on /home/vscode/.local/lib/python3.11/site-packages/airflow/example_dags/example_subdag_operator.py
[2026-05-09T11:57:57.648+0000] {processor.py:830} INFO - Processing file /home/vscode/.local/lib/python3.11/site-packages/airflow/example_dags/example_subdag_operator.py for tasks to queue
[2026-05-09T11:57:57.649+0000] {logging_mixin.py:188} INFO - [2026-05-09T11:57:57.648+0000] {dagbag.py:545} INFO - Filling up the DagBag from /home/vscode/.local/lib/python3.11/site-packages/airflow/example_dags/example_subdag_operator.py
[2026-05-09T11:57:57.664+0000] {processor.py:840} INFO - DAG(s) 'example_subdag_operator.section-1', 'example_subdag_operator.section-2', 'example_subdag_operator' retrieved from /home/vscode/.local/lib/python3.11/site-packages/airflow/example_dags/example_subdag_operator.py
[2026-05-09T11:57:57.675+0000] {logging_mixin.py:188} INFO - [2026-05-09T11:57:57.675+0000] {dag.py:3096} INFO - Sync 3 DAGs
[2026-05-09T11:57:57.689+0000] {logging_mixin.py:188} INFO - [2026-05-09T11:57:57.689+0000] {dag.py:3954} INFO - Setting next_dagrun for example_subdag_operator to 2022-01-01 00:00:00+00:00, run_after=2022-01-01 00:00:00+00:00
[2026-05-09T11:57:57.691+0000] {logging_mixin.py:188} INFO - [2026-05-09T11:57:57.691+0000] {dag.py:3954} INFO - Setting next_dagrun for example_subdag_operator.section-1 to None, run_after=None
[2026-05-09T11:57:57.692+0000] {logging_mixin.py:188} INFO - [2026-05-09T11:57:57.692+0000] {dag.py:3954} INFO - Setting next_dagrun for example_subdag_operator.section-2 to None, run_after=None
[2026-05-09T11:57:57.697+0000] {logging_mixin.py:188} INFO - [2026-05-09T11:57:57.696+0000] {dag.py:3096} INFO - Sync 2 DAGs
[2026-05-09T11:57:57.699+0000] {logging_mixin.py:188} INFO - [2026-05-09T11:57:57.699+0000] {dag.py:3954} INFO - Setting next_dagrun for example_subdag_operator.section-1 to None, run_after=None
[2026-05-09T11:57:57.700+0000] {logging_mixin.py:188} INFO - [2026-05-09T11:57:57.700+0000] {dag.py:3954} INFO - Setting next_dagrun for example_subdag_operator.section-2 to None, run_after=None
[2026-05-09T11:57:57.711+0000] {processor.py:183} INFO - Processing /home/vscode/.local/lib/python3.11/site-packages/airflow/example_dags/example_subdag_operator.py took 0.070 seconds
[2026-05-09T11:58:40.011+0000] {processor.py:161} INFO - Started process (PID=30612) to work on /home/vscode/.local/lib/python3.11/site-packages/airflow/example_dags/example_subdag_operator.py
[2026-05-09T11:58:40.011+0000] {processor.py:830} INFO - Processing file /home/vscode/.local/lib/python3.11/site-packages/airflow/example_dags/example_subdag_operator.py for tasks to queue
[2026-05-09T11:58:40.012+0000] {logging_mixin.py:188} INFO - [2026-05-09T11:58:40.012+0000] {dagbag.py:545} INFO - Filling up the DagBag from /home/vscode/.local/lib/python3.11/site-packages/airflow/example_dags/example_subdag_operator.py
[2026-05-09T11:58:40.026+0000] {processor.py:840} INFO - DAG(s) 'example_subdag_operator.section-1', 'example_subdag_operator.section-2', 'example_subdag_operator' retrieved from /home/vscode/.local/lib/python3.11/site-packages/airflow/example_dags/example_subdag_operator.py
[2026-05-09T11:58:40.037+0000] {logging_mixin.py:188} INFO - [2026-05-09T11:58:40.037+0000] {dag.py:3096} INFO - Sync 3 DAGs
[2026-05-09T11:58:40.051+0000] {logging_mixin.py:188} INFO - [2026-05-09T11:58:40.051+0000] {dag.py:3954} INFO - Setting next_dagrun for example_subdag_operator to 2022-01-01 00:00:00+00:00, run_after=2022-01-01 00:00:00+00:00
[2026-05-09T11:58:40.053+0000] {logging_mixin.py:188} INFO - [2026-05-09T11:58:40.053+0000] {dag.py:3954} INFO - Setting next_dagrun for example_subdag_operator.section-1 to None, run_after=None
[2026-05-09T11:58:40.053+0000] {logging_mixin.py:188} INFO - [2026-05-09T11:58:40.053+0000] {dag.py:3954} INFO - Setting next_dagrun for example_subdag_operator.section-2 to None, run_after=None
[2026-05-09T11:58:40.059+0000] {logging_mixin.py:188} INFO - [2026-05-09T11:58:40.059+0000] {dag.py:3096} INFO - Sync 2 DAGs
[2026-05-09T11:58:40.062+0000] {logging_mixin.py:188} INFO - [2026-05-09T11:58:40.062+0000] {dag.py:3954} INFO - Setting next_dagrun for example_subdag_operator.section-1 to None, run_after=None
[2026-05-09T11:58:40.062+0000] {logging_mixin.py:188} INFO - [2026-05-09T11:58:40.062+0000] {dag.py:3954} INFO - Setting next_dagrun for example_subdag_operator.section-2 to None, run_after=None
[2026-05-09T11:58:40.074+0000] {processor.py:183} INFO - Processing /home/vscode/.local/lib/python3.11/site-packages/airflow/example_dags/example_subdag_operator.py took 0.070 seconds
[2026-05-09T11:59:22.998+0000] {processor.py:161} INFO - Started process (PID=30911) to work on /home/vscode/.local/lib/python3.11/site-packages/airflow/example_dags/example_subdag_operator.py
[2026-05-09T11:59:22.999+0000] {processor.py:830} INFO - Processing file /home/vscode/.local/lib/python3.11/site-packages/airflow/example_dags/example_subdag_operator.py for tasks to queue
[2026-05-09T11:59:22.999+0000] {logging_mixin.py:188} INFO - [2026-05-09T11:59:22.999+0000] {dagbag.py:545} INFO - Filling up the DagBag from /home/vscode/.local/lib/python3.11/site-packages/airflow/example_dags/example_subdag_operator.py
[2026-05-09T11:59:23.013+0000] {processor.py:840} INFO - DAG(s) 'example_subdag_operator.section-1', 'example_subdag_operator.section-2', 'example_subdag_operator' retrieved from /home/vscode/.local/lib/python3.11/site-packages/airflow/example_dags/example_subdag_operator.py
[2026-05-09T11:59:23.029+0000] {logging_mixin.py:188} INFO - [2026-05-09T11:59:23.029+0000] {dag.py:3096} INFO - Sync 3 DAGs
[2026-05-09T11:59:23.043+0000] {logging_mixin.py:188} INFO - [2026-05-09T11:59:23.043+0000] {dag.py:3954} INFO - Setting next_dagrun for example_subdag_operator to 2022-01-01 00:00:00+00:00, run_after=2022-01-01 00:00:00+00:00
[2026-05-09T11:59:23.045+0000] {logging_mixin.py:188} INFO - [2026-05-09T11:59:23.045+0000] {dag.py:3954} INFO - Setting next_dagrun for example_subdag_operator.section-1 to None, run_after=None
[2026-05-09T11:59:23.047+0000] {logging_mixin.py:188} INFO - [2026-05-09T11:59:23.047+0000] {dag.py:3954} INFO - Setting next_dagrun for example_subdag_operator.section-2 to None, run_after=None
[2026-05-09T11:59:23.051+0000] {logging_mixin.py:188} INFO - [2026-05-09T11:59:23.051+0000] {dag.py:3096} INFO - Sync 2 DAGs
[2026-05-09T11:59:23.053+0000] {logging_mixin.py:188} INFO - [2026-05-09T11:59:23.053+0000] {dag.py:3954} INFO - Setting next_dagrun for example_subdag_operator.section-1 to None, run_after=None
[2026-05-09T11:59:23.054+0000] {logging_mixin.py:188} INFO - [2026-05-09T11:59:23.054+0000] {dag.py:3954} INFO - Setting next_dagrun for example_subdag_operator.section-2 to None, run_after=None
[2026-05-09T11:59:23.064+0000] {processor.py:183} INFO - Processing /home/vscode/.local/lib/python3.11/site-packages/airflow/example_dags/example_subdag_operator.py took 0.072 seconds
[2026-05-09T12:00:04.861+0000] {processor.py:161} INFO - Started process (PID=31262) to work on /home/vscode/.local/lib/python3.11/site-packages/airflow/example_dags/example_subdag_operator.py
[2026-05-09T12:00:04.861+0000] {processor.py:830} INFO - Processing file /home/vscode/.local/lib/python3.11/site-packages/airflow/example_dags/example_subdag_operator.py for tasks to queue
[2026-05-09T12:00:04.862+0000] {logging_mixin.py:188} INFO - [2026-05-09T12:00:04.862+0000] {dagbag.py:545} INFO - Filling up the DagBag from /home/vscode/.local/lib/python3.11/site-packages/airflow/example_dags/example_subdag_operator.py
[2026-05-09T12:00:04.878+0000] {processor.py:840} INFO - DAG(s) 'example_subdag_operator.section-1', 'example_subdag_operator.section-2', 'example_subdag_operator' retrieved from /home/vscode/.local/lib/python3.11/site-packages/airflow/example_dags/example_subdag_operator.py
[2026-05-09T12:00:04.889+0000] {logging_mixin.py:188} INFO - [2026-05-09T12:00:04.889+0000] {dag.py:3096} INFO - Sync 3 DAGs
[2026-05-09T12:00:04.902+0000] {logging_mixin.py:188} INFO - [2026-05-09T12:00:04.902+0000] {dag.py:3954} INFO - Setting next_dagrun for example_subdag_operator to 2022-01-01 00:00:00+00:00, run_after=2022-01-01 00:00:00+00:00
[2026-05-09T12:00:04.904+0000] {logging_mixin.py:188} INFO - [2026-05-09T12:00:04.904+0000] {dag.py:3954} INFO - Setting next_dagrun for example_subdag_operator.section-1 to None, run_after=None
[2026-05-09T12:00:04.905+0000] {logging_mixin.py:188} INFO - [2026-05-09T12:00:04.905+0000] {dag.py:3954} INFO - Setting next_dagrun for example_subdag_operator.section-2 to None, run_after=None
[2026-05-09T12:00:04.910+0000] {logging_mixin.py:188} INFO - [2026-05-09T12:00:04.910+0000] {dag.py:3096} INFO - Sync 2 DAGs
[2026-05-09T12:00:04.913+0000] {logging_mixin.py:188} INFO - [2026-05-09T12:00:04.913+0000] {dag.py:3954} INFO - Setting next_dagrun for example_subdag_operator.section-1 to None, run_after=None
[2026-05-09T12:00:04.913+0000] {logging_mixin.py:188} INFO - [2026-05-09T12:00:04.913+0000] {dag.py:3954} INFO - Setting next_dagrun for example_subdag_operator.section-2 to None, run_after=None
[2026-05-09T12:00:04.923+0000] {processor.py:183} INFO - Processing /home/vscode/.local/lib/python3.11/site-packages/airflow/example_dags/example_subdag_operator.py took 0.069 seconds
[2026-05-09T12:00:43.803+0000] {processor.py:161} INFO - Started process (PID=31610) to work on /home/vscode/.local/lib/python3.11/site-packages/airflow/example_dags/example_subdag_operator.py
[2026-05-09T12:00:43.803+0000] {processor.py:830} INFO - Processing file /home/vscode/.local/lib/python3.11/site-packages/airflow/example_dags/example_subdag_operator.py for tasks to queue
[2026-05-09T12:00:43.804+0000] {logging_mixin.py:188} INFO - [2026-05-09T12:00:43.804+0000] {dagbag.py:545} INFO - Filling up the DagBag from /home/vscode/.local/lib/python3.11/site-packages/airflow/example_dags/example_subdag_operator.py
[2026-05-09T12:00:43.818+0000] {processor.py:840} INFO - DAG(s) 'example_subdag_operator.section-1', 'example_subdag_operator.section-2', 'example_subdag_operator' retrieved from /home/vscode/.local/lib/python3.11/site-packages/airflow/example_dags/example_subdag_operator.py
[2026-05-09T12:00:43.829+0000] {logging_mixin.py:188} INFO - [2026-05-09T12:00:43.828+0000] {dag.py:3096} INFO - Sync 3 DAGs
[2026-05-09T12:00:43.845+0000] {logging_mixin.py:188} INFO - [2026-05-09T12:00:43.844+0000] {dag.py:3954} INFO - Setting next_dagrun for example_subdag_operator to 2022-01-01 00:00:00+00:00, run_after=2022-01-01 00:00:00+00:00
[2026-05-09T12:00:43.847+0000] {logging_mixin.py:188} INFO - [2026-05-09T12:00:43.847+0000] {dag.py:3954} INFO - Setting next_dagrun for example_subdag_operator.section-1 to None, run_after=None
[2026-05-09T12:00:43.848+0000] {logging_mixin.py:188} INFO - [2026-05-09T12:00:43.848+0000] {dag.py:3954} INFO - Setting next_dagrun for example_subdag_operator.section-2 to None, run_after=None
[2026-05-09T12:00:43.855+0000] {logging_mixin.py:188} INFO - [2026-05-09T12:00:43.855+0000] {dag.py:3096} INFO - Sync 2 DAGs
[2026-05-09T12:00:43.857+0000] {logging_mixin.py:188} INFO - [2026-05-09T12:00:43.857+0000] {dag.py:3954} INFO - Setting next_dagrun for example_subdag_operator.section-1 to None, run_after=None
[2026-05-09T12:00:43.858+0000] {logging_mixin.py:188} INFO - [2026-05-09T12:00:43.858+0000] {dag.py:3954} INFO - Setting next_dagrun for example_subdag_operator.section-2 to None, run_after=None
[2026-05-09T12:00:43.868+0000] {processor.py:183} INFO - Processing /home/vscode/.local/lib/python3.11/site-packages/airflow/example_dags/example_subdag_operator.py took 0.072 seconds
[2026-05-09T12:01:27.478+0000] {processor.py:161} INFO - Started process (PID=31914) to work on /home/vscode/.local/lib/python3.11/site-packages/airflow/example_dags/example_subdag_operator.py
[2026-05-09T12:01:27.478+0000] {processor.py:830} INFO - Processing file /home/vscode/.local/lib/python3.11/site-packages/airflow/example_dags/example_subdag_operator.py for tasks to queue
[2026-05-09T12:01:27.479+0000] {logging_mixin.py:188} INFO - [2026-05-09T12:01:27.478+0000] {dagbag.py:545} INFO - Filling up the DagBag from /home/vscode/.local/lib/python3.11/site-packages/airflow/example_dags/example_subdag_operator.py
[2026-05-09T12:01:27.493+0000] {processor.py:840} INFO - DAG(s) 'example_subdag_operator.section-1', 'example_subdag_operator.section-2', 'example_subdag_operator' retrieved from /home/vscode/.local/lib/python3.11/site-packages/airflow/example_dags/example_subdag_operator.py
[2026-05-09T12:01:27.504+0000] {logging_mixin.py:188} INFO - [2026-05-09T12:01:27.504+0000] {dag.py:3096} INFO - Sync 3 DAGs
[2026-05-09T12:01:27.517+0000] {logging_mixin.py:188} INFO - [2026-05-09T12:01:27.517+0000] {dag.py:3954} INFO - Setting next_dagrun for example_subdag_operator to 2022-01-01 00:00:00+00:00, run_after=2022-01-01 00:00:00+00:00
[2026-05-09T12:01:27.519+0000] {logging_mixin.py:188} INFO - [2026-05-09T12:01:27.519+0000] {dag.py:3954} INFO - Setting next_dagrun for example_subdag_operator.section-1 to None, run_after=None
[2026-05-09T12:01:27.520+0000] {logging_mixin.py:188} INFO - [2026-05-09T12:01:27.520+0000] {dag.py:3954} INFO - Setting next_dagrun for example_subdag_operator.section-2 to None, run_after=None
[2026-05-09T12:01:27.524+0000] {logging_mixin.py:188} INFO - [2026-05-09T12:01:27.524+0000] {dag.py:3096} INFO - Sync 2 DAGs
[2026-05-09T12:01:27.527+0000] {logging_mixin.py:188} INFO - [2026-05-09T12:01:27.526+0000] {dag.py:3954} INFO - Setting next_dagrun for example_subdag_operator.section-1 to None, run_after=None
[2026-05-09T12:01:27.527+0000] {logging_mixin.py:188} INFO - [2026-05-09T12:01:27.527+0000] {dag.py:3954} INFO - Setting next_dagrun for example_subdag_operator.section-2 to None, run_after=None
[2026-05-09T12:01:27.537+0000] {processor.py:183} INFO - Processing /home/vscode/.local/lib/python3.11/site-packages/airflow/example_dags/example_subdag_operator.py took 0.066 seconds
[2026-05-09T12:02:10.028+0000] {processor.py:161} INFO - Started process (PID=32267) to work on /home/vscode/.local/lib/python3.11/site-packages/airflow/example_dags/example_subdag_operator.py
[2026-05-09T12:02:10.028+0000] {processor.py:830} INFO - Processing file /home/vscode/.local/lib/python3.11/site-packages/airflow/example_dags/example_subdag_operator.py for tasks to queue
[2026-05-09T12:02:10.029+0000] {logging_mixin.py:188} INFO - [2026-05-09T12:02:10.028+0000] {dagbag.py:545} INFO - Filling up the DagBag from /home/vscode/.local/lib/python3.11/site-packages/airflow/example_dags/example_subdag_operator.py
[2026-05-09T12:02:10.042+0000] {processor.py:840} INFO - DAG(s) 'example_subdag_operator.section-1', 'example_subdag_operator.section-2', 'example_subdag_operator' retrieved from /home/vscode/.local/lib/python3.11/site-packages/airflow/example_dags/example_subdag_operator.py
[2026-05-09T12:02:10.053+0000] {logging_mixin.py:188} INFO - [2026-05-09T12:02:10.053+0000] {dag.py:3096} INFO - Sync 3 DAGs
[2026-05-09T12:02:10.065+0000] {logging_mixin.py:188} INFO - [2026-05-09T12:02:10.065+0000] {dag.py:3954} INFO - Setting next_dagrun for example_subdag_operator to 2022-01-01 00:00:00+00:00, run_after=2022-01-01 00:00:00+00:00
[2026-05-09T12:02:10.067+0000] {logging_mixin.py:188} INFO - [2026-05-09T12:02:10.067+0000] {dag.py:3954} INFO - Setting next_dagrun for example_subdag_operator.section-1 to None, run_after=None
[2026-05-09T12:02:10.068+0000] {logging_mixin.py:188} INFO - [2026-05-09T12:02:10.068+0000] {dag.py:3954} INFO - Setting next_dagrun for example_subdag_operator.section-2 to None, run_after=None
[2026-05-09T12:02:10.072+0000] {logging_mixin.py:188} INFO - [2026-05-09T12:02:10.072+0000] {dag.py:3096} INFO - Sync 2 DAGs
[2026-05-09T12:02:10.075+0000] {logging_mixin.py:188} INFO - [2026-05-09T12:02:10.075+0000] {dag.py:3954} INFO - Setting next_dagrun for example_subdag_operator.section-1 to None, run_after=None
[2026-05-09T12:02:10.075+0000] {logging_mixin.py:188} INFO - [2026-05-09T12:02:10.075+0000] {dag.py:3954} INFO - Setting next_dagrun for example_subdag_operator.section-2 to None, run_after=None
[2026-05-09T12:02:10.086+0000] {processor.py:183} INFO - Processing /home/vscode/.local/lib/python3.11/site-packages/airflow/example_dags/example_subdag_operator.py took 0.065 seconds
[2026-05-09T12:02:52.169+0000] {processor.py:161} INFO - Started process (PID=32629) to work on /home/vscode/.local/lib/python3.11/site-packages/airflow/example_dags/example_subdag_operator.py
[2026-05-09T12:02:52.170+0000] {processor.py:830} INFO - Processing file /home/vscode/.local/lib/python3.11/site-packages/airflow/example_dags/example_subdag_operator.py for tasks to queue
[2026-05-09T12:02:52.170+0000] {logging_mixin.py:188} INFO - [2026-05-09T12:02:52.170+0000] {dagbag.py:545} INFO - Filling up the DagBag from /home/vscode/.local/lib/python3.11/site-packages/airflow/example_dags/example_subdag_operator.py
[2026-05-09T12:02:52.185+0000] {processor.py:840} INFO - DAG(s) 'example_subdag_operator.section-1', 'example_subdag_operator.section-2', 'example_subdag_operator' retrieved from /home/vscode/.local/lib/python3.11/site-packages/airflow/example_dags/example_subdag_operator.py
[2026-05-09T12:02:52.197+0000] {logging_mixin.py:188} INFO - [2026-05-09T12:02:52.196+0000] {dag.py:3096} INFO - Sync 3 DAGs
[2026-05-09T12:02:52.211+0000] {logging_mixin.py:188} INFO - [2026-05-09T12:02:52.211+0000] {dag.py:3954} INFO - Setting next_dagrun for example_subdag_operator to 2022-01-01 00:00:00+00:00, run_after=2022-01-01 00:00:00+00:00
[2026-05-09T12:02:52.213+0000] {logging_mixin.py:188} INFO - [2026-05-09T12:02:52.213+0000] {dag.py:3954} INFO - Setting next_dagrun for example_subdag_operator.section-1 to None, run_after=None
[2026-05-09T12:02:52.214+0000] {logging_mixin.py:188} INFO - [2026-05-09T12:02:52.214+0000] {dag.py:3954} INFO - Setting next_dagrun for example_subdag_operator.section-2 to None, run_after=None
[2026-05-09T12:02:52.219+0000] {logging_mixin.py:188} INFO - [2026-05-09T12:02:52.218+0000] {dag.py:3096} INFO - Sync 2 DAGs
[2026-05-09T12:02:52.221+0000] {logging_mixin.py:188} INFO - [2026-05-09T12:02:52.221+0000] {dag.py:3954} INFO - Setting next_dagrun for example_subdag_operator.section-1 to None, run_after=None
[2026-05-09T12:02:52.222+0000] {logging_mixin.py:188} INFO - [2026-05-09T12:02:52.222+0000] {dag.py:3954} INFO - Setting next_dagrun for example_subdag_operator.section-2 to None, run_after=None
[2026-05-09T12:02:52.233+0000] {processor.py:183} INFO - Processing /home/vscode/.local/lib/python3.11/site-packages/airflow/example_dags/example_subdag_operator.py took 0.071 seconds
[2026-05-09T12:03:33.407+0000] {processor.py:161} INFO - Started process (PID=32952) to work on /home/vscode/.local/lib/python3.11/site-packages/airflow/example_dags/example_subdag_operator.py
[2026-05-09T12:03:33.408+0000] {processor.py:830} INFO - Processing file /home/vscode/.local/lib/python3.11/site-packages/airflow/example_dags/example_subdag_operator.py for tasks to queue
[2026-05-09T12:03:33.408+0000] {logging_mixin.py:188} INFO - [2026-05-09T12:03:33.408+0000] {dagbag.py:545} INFO - Filling up the DagBag from /home/vscode/.local/lib/python3.11/site-packages/airflow/example_dags/example_subdag_operator.py
[2026-05-09T12:03:33.422+0000] {processor.py:840} INFO - DAG(s) 'example_subdag_operator.section-1', 'example_subdag_operator.section-2', 'example_subdag_operator' retrieved from /home/vscode/.local/lib/python3.11/site-packages/airflow/example_dags/example_subdag_operator.py
[2026-05-09T12:03:33.433+0000] {logging_mixin.py:188} INFO - [2026-05-09T12:03:33.433+0000] {dag.py:3096} INFO - Sync 3 DAGs
[2026-05-09T12:03:33.446+0000] {logging_mixin.py:188} INFO - [2026-05-09T12:03:33.446+0000] {dag.py:3954} INFO - Setting next_dagrun for example_subdag_operator to 2022-01-01 00:00:00+00:00, run_after=2022-01-01 00:00:00+00:00
[2026-05-09T12:03:33.448+0000] {logging_mixin.py:188} INFO - [2026-05-09T12:03:33.448+0000] {dag.py:3954} INFO - Setting next_dagrun for example_subdag_operator.section-1 to None, run_after=None
[2026-05-09T12:03:33.449+0000] {logging_mixin.py:188} INFO - [2026-05-09T12:03:33.449+0000] {dag.py:3954} INFO - Setting next_dagrun for example_subdag_operator.section-2 to None, run_after=None
[2026-05-09T12:03:33.453+0000] {logging_mixin.py:188} INFO - [2026-05-09T12:03:33.453+0000] {dag.py:3096} INFO - Sync 2 DAGs
[2026-05-09T12:03:33.456+0000] {logging_mixin.py:188} INFO - [2026-05-09T12:03:33.456+0000] {dag.py:3954} INFO - Setting next_dagrun for example_subdag_operator.section-1 to None, run_after=None
[2026-05-09T12:03:33.456+0000] {logging_mixin.py:188} INFO - [2026-05-09T12:03:33.456+0000] {dag.py:3954} INFO - Setting next_dagrun for example_subdag_operator.section-2 to None, run_after=None
[2026-05-09T12:03:33.467+0000] {processor.py:183} INFO - Processing /home/vscode/.local/lib/python3.11/site-packages/airflow/example_dags/example_subdag_operator.py took 0.066 seconds
[2026-05-09T12:04:15.764+0000] {processor.py:161} INFO - Started process (PID=33339) to work on /home/vscode/.local/lib/python3.11/site-packages/airflow/example_dags/example_subdag_operator.py
[2026-05-09T12:04:15.764+0000] {processor.py:830} INFO - Processing file /home/vscode/.local/lib/python3.11/site-packages/airflow/example_dags/example_subdag_operator.py for tasks to queue
[2026-05-09T12:04:15.765+0000] {logging_mixin.py:188} INFO - [2026-05-09T12:04:15.764+0000] {dagbag.py:545} INFO - Filling up the DagBag from /home/vscode/.local/lib/python3.11/site-packages/airflow/example_dags/example_subdag_operator.py
[2026-05-09T12:04:15.779+0000] {processor.py:840} INFO - DAG(s) 'example_subdag_operator.section-1', 'example_subdag_operator.section-2', 'example_subdag_operator' retrieved from /home/vscode/.local/lib/python3.11/site-packages/airflow/example_dags/example_subdag_operator.py
[2026-05-09T12:04:15.790+0000] {logging_mixin.py:188} INFO - [2026-05-09T12:04:15.790+0000] {dag.py:3096} INFO - Sync 3 DAGs
[2026-05-09T12:04:15.803+0000] {logging_mixin.py:188} INFO - [2026-05-09T12:04:15.803+0000] {dag.py:3954} INFO - Setting next_dagrun for example_subdag_operator to 2022-01-01 00:00:00+00:00, run_after=2022-01-01 00:00:00+00:00
[2026-05-09T12:04:15.805+0000] {logging_mixin.py:188} INFO - [2026-05-09T12:04:15.805+0000] {dag.py:3954} INFO - Setting next_dagrun for example_subdag_operator.section-1 to None, run_after=None
[2026-05-09T12:04:15.806+0000] {logging_mixin.py:188} INFO - [2026-05-09T12:04:15.806+0000] {dag.py:3954} INFO - Setting next_dagrun for example_subdag_operator.section-2 to None, run_after=None
[2026-05-09T12:04:15.810+0000] {logging_mixin.py:188} INFO - [2026-05-09T12:04:15.810+0000] {dag.py:3096} INFO - Sync 2 DAGs
[2026-05-09T12:04:15.813+0000] {logging_mixin.py:188} INFO - [2026-05-09T12:04:15.813+0000] {dag.py:3954} INFO - Setting next_dagrun for example_subdag_operator.section-1 to None, run_after=None
[2026-05-09T12:04:15.813+0000] {logging_mixin.py:188} INFO - [2026-05-09T12:04:15.813+0000] {dag.py:3954} INFO - Setting next_dagrun for example_subdag_operator.section-2 to None, run_after=None
[2026-05-09T12:04:15.824+0000] {processor.py:183} INFO - Processing /home/vscode/.local/lib/python3.11/site-packages/airflow/example_dags/example_subdag_operator.py took 0.067 seconds
[2026-05-09T12:04:58.194+0000] {processor.py:161} INFO - Started process (PID=33704) to work on /home/vscode/.local/lib/python3.11/site-packages/airflow/example_dags/example_subdag_operator.py
[2026-05-09T12:04:58.195+0000] {processor.py:830} INFO - Processing file /home/vscode/.local/lib/python3.11/site-packages/airflow/example_dags/example_subdag_operator.py for tasks to queue
[2026-05-09T12:04:58.195+0000] {logging_mixin.py:188} INFO - [2026-05-09T12:04:58.195+0000] {dagbag.py:545} INFO - Filling up the DagBag from /home/vscode/.local/lib/python3.11/site-packages/airflow/example_dags/example_subdag_operator.py
[2026-05-09T12:04:58.210+0000] {processor.py:840} INFO - DAG(s) 'example_subdag_operator.section-1', 'example_subdag_operator.section-2', 'example_subdag_operator' retrieved from /home/vscode/.local/lib/python3.11/site-packages/airflow/example_dags/example_subdag_operator.py
[2026-05-09T12:04:58.221+0000] {logging_mixin.py:188} INFO - [2026-05-09T12:04:58.221+0000] {dag.py:3096} INFO - Sync 3 DAGs
[2026-05-09T12:04:58.238+0000] {logging_mixin.py:188} INFO - [2026-05-09T12:04:58.238+0000] {dag.py:3954} INFO - Setting next_dagrun for example_subdag_operator to 2022-01-01 00:00:00+00:00, run_after=2022-01-01 00:00:00+00:00
[2026-05-09T12:04:58.241+0000] {logging_mixin.py:188} INFO - [2026-05-09T12:04:58.241+0000] {dag.py:3954} INFO - Setting next_dagrun for example_subdag_operator.section-1 to None, run_after=None
[2026-05-09T12:04:58.242+0000] {logging_mixin.py:188} INFO - [2026-05-09T12:04:58.242+0000] {dag.py:3954} INFO - Setting next_dagrun for example_subdag_operator.section-2 to None, run_after=None
[2026-05-09T12:04:58.246+0000] {logging_mixin.py:188} INFO - [2026-05-09T12:04:58.246+0000] {dag.py:3096} INFO - Sync 2 DAGs
[2026-05-09T12:04:58.249+0000] {logging_mixin.py:188} INFO - [2026-05-09T12:04:58.249+0000] {dag.py:3954} INFO - Setting next_dagrun for example_subdag_operator.section-1 to None, run_after=None
[2026-05-09T12:04:58.249+0000] {logging_mixin.py:188} INFO - [2026-05-09T12:04:58.249+0000] {dag.py:3954} INFO - Setting next_dagrun for example_subdag_operator.section-2 to None, run_after=None
[2026-05-09T12:04:58.260+0000] {processor.py:183} INFO - Processing /home/vscode/.local/lib/python3.11/site-packages/airflow/example_dags/example_subdag_operator.py took 0.073 seconds
[2026-05-09T12:05:39.015+0000] {processor.py:161} INFO - Started process (PID=34054) to work on /home/vscode/.local/lib/python3.11/site-packages/airflow/example_dags/example_subdag_operator.py
[2026-05-09T12:05:39.015+0000] {processor.py:830} INFO - Processing file /home/vscode/.local/lib/python3.11/site-packages/airflow/example_dags/example_subdag_operator.py for tasks to queue
[2026-05-09T12:05:39.016+0000] {logging_mixin.py:188} INFO - [2026-05-09T12:05:39.015+0000] {dagbag.py:545} INFO - Filling up the DagBag from /home/vscode/.local/lib/python3.11/site-packages/airflow/example_dags/example_subdag_operator.py
[2026-05-09T12:05:39.033+0000] {processor.py:840} INFO - DAG(s) 'example_subdag_operator.section-1', 'example_subdag_operator.section-2', 'example_subdag_operator' retrieved from /home/vscode/.local/lib/python3.11/site-packages/airflow/example_dags/example_subdag_operator.py
[2026-05-09T12:05:39.047+0000] {logging_mixin.py:188} INFO - [2026-05-09T12:05:39.047+0000] {dag.py:3096} INFO - Sync 3 DAGs
[2026-05-09T12:05:39.060+0000] {logging_mixin.py:188} INFO - [2026-05-09T12:05:39.060+0000] {dag.py:3954} INFO - Setting next_dagrun for example_subdag_operator to 2022-01-01 00:00:00+00:00, run_after=2022-01-01 00:00:00+00:00
[2026-05-09T12:05:39.062+0000] {logging_mixin.py:188} INFO - [2026-05-09T12:05:39.062+0000] {dag.py:3954} INFO - Setting next_dagrun for example_subdag_operator.section-1 to None, run_after=None
[2026-05-09T12:05:39.063+0000] {logging_mixin.py:188} INFO - [2026-05-09T12:05:39.063+0000] {dag.py:3954} INFO - Setting next_dagrun for example_subdag_operator.section-2 to None, run_after=None
[2026-05-09T12:05:39.067+0000] {logging_mixin.py:188} INFO - [2026-05-09T12:05:39.067+0000] {dag.py:3096} INFO - Sync 2 DAGs
[2026-05-09T12:05:39.070+0000] {logging_mixin.py:188} INFO - [2026-05-09T12:05:39.070+0000] {dag.py:3954} INFO - Setting next_dagrun for example_subdag_operator.section-1 to None, run_after=None
[2026-05-09T12:05:39.070+0000] {logging_mixin.py:188} INFO - [2026-05-09T12:05:39.070+0000] {dag.py:3954} INFO - Setting next_dagrun for example_subdag_operator.section-2 to None, run_after=None
[2026-05-09T12:05:39.081+0000] {processor.py:183} INFO - Processing /home/vscode/.local/lib/python3.11/site-packages/airflow/example_dags/example_subdag_operator.py took 0.073 seconds
[2026-05-09T12:06:21.408+0000] {processor.py:161} INFO - Started process (PID=34353) to work on /home/vscode/.local/lib/python3.11/site-packages/airflow/example_dags/example_subdag_operator.py
[2026-05-09T12:06:21.408+0000] {processor.py:830} INFO - Processing file /home/vscode/.local/lib/python3.11/site-packages/airflow/example_dags/example_subdag_operator.py for tasks to queue
[2026-05-09T12:06:21.409+0000] {logging_mixin.py:188} INFO - [2026-05-09T12:06:21.409+0000] {dagbag.py:545} INFO - Filling up the DagBag from /home/vscode/.local/lib/python3.11/site-packages/airflow/example_dags/example_subdag_operator.py
[2026-05-09T12:06:21.423+0000] {processor.py:840} INFO - DAG(s) 'example_subdag_operator.section-1', 'example_subdag_operator.section-2', 'example_subdag_operator' retrieved from /home/vscode/.local/lib/python3.11/site-packages/airflow/example_dags/example_subdag_operator.py
[2026-05-09T12:06:21.434+0000] {logging_mixin.py:188} INFO - [2026-05-09T12:06:21.434+0000] {dag.py:3096} INFO - Sync 3 DAGs
[2026-05-09T12:06:21.447+0000] {logging_mixin.py:188} INFO - [2026-05-09T12:06:21.447+0000] {dag.py:3954} INFO - Setting next_dagrun for example_subdag_operator to 2022-01-01 00:00:00+00:00, run_after=2022-01-01 00:00:00+00:00
[2026-05-09T12:06:21.450+0000] {logging_mixin.py:188} INFO - [2026-05-09T12:06:21.450+0000] {dag.py:3954} INFO - Setting next_dagrun for example_subdag_operator.section-1 to None, run_after=None
[2026-05-09T12:06:21.451+0000] {logging_mixin.py:188} INFO - [2026-05-09T12:06:21.450+0000] {dag.py:3954} INFO - Setting next_dagrun for example_subdag_operator.section-2 to None, run_after=None
[2026-05-09T12:06:21.456+0000] {logging_mixin.py:188} INFO - [2026-05-09T12:06:21.456+0000] {dag.py:3096} INFO - Sync 2 DAGs
[2026-05-09T12:06:21.459+0000] {logging_mixin.py:188} INFO - [2026-05-09T12:06:21.459+0000] {dag.py:3954} INFO - Setting next_dagrun for example_subdag_operator.section-1 to None, run_after=None
[2026-05-09T12:06:21.459+0000] {logging_mixin.py:188} INFO - [2026-05-09T12:06:21.459+0000] {dag.py:3954} INFO - Setting next_dagrun for example_subdag_operator.section-2 to None, run_after=None
[2026-05-09T12:06:21.471+0000] {processor.py:183} INFO - Processing /home/vscode/.local/lib/python3.11/site-packages/airflow/example_dags/example_subdag_operator.py took 0.069 seconds
[2026-05-09T12:07:06.594+0000] {processor.py:161} INFO - Started process (PID=34727) to work on /home/vscode/.local/lib/python3.11/site-packages/airflow/example_dags/example_subdag_operator.py
[2026-05-09T12:07:06.594+0000] {processor.py:830} INFO - Processing file /home/vscode/.local/lib/python3.11/site-packages/airflow/example_dags/example_subdag_operator.py for tasks to queue
[2026-05-09T12:07:06.595+0000] {logging_mixin.py:188} INFO - [2026-05-09T12:07:06.595+0000] {dagbag.py:545} INFO - Filling up the DagBag from /home/vscode/.local/lib/python3.11/site-packages/airflow/example_dags/example_subdag_operator.py
[2026-05-09T12:07:06.609+0000] {processor.py:840} INFO - DAG(s) 'example_subdag_operator.section-1', 'example_subdag_operator.section-2', 'example_subdag_operator' retrieved from /home/vscode/.local/lib/python3.11/site-packages/airflow/example_dags/example_subdag_operator.py
[2026-05-09T12:07:06.620+0000] {logging_mixin.py:188} INFO - [2026-05-09T12:07:06.620+0000] {dag.py:3096} INFO - Sync 3 DAGs
[2026-05-09T12:07:06.637+0000] {logging_mixin.py:188} INFO - [2026-05-09T12:07:06.637+0000] {dag.py:3954} INFO - Setting next_dagrun for example_subdag_operator to 2022-01-01 00:00:00+00:00, run_after=2022-01-01 00:00:00+00:00
[2026-05-09T12:07:06.642+0000] {logging_mixin.py:188} INFO - [2026-05-09T12:07:06.641+0000] {dag.py:3954} INFO - Setting next_dagrun for example_subdag_operator.section-1 to None, run_after=None
[2026-05-09T12:07:06.642+0000] {logging_mixin.py:188} INFO - [2026-05-09T12:07:06.642+0000] {dag.py:3954} INFO - Setting next_dagrun for example_subdag_operator.section-2 to None, run_after=None
[2026-05-09T12:07:06.647+0000] {logging_mixin.py:188} INFO - [2026-05-09T12:07:06.647+0000] {dag.py:3096} INFO - Sync 2 DAGs
[2026-05-09T12:07:06.649+0000] {logging_mixin.py:188} INFO - [2026-05-09T12:07:06.649+0000] {dag.py:3954} INFO - Setting next_dagrun for example_subdag_operator.section-1 to None, run_after=None
[2026-05-09T12:07:06.649+0000] {logging_mixin.py:188} INFO - [2026-05-09T12:07:06.649+0000] {dag.py:3954} INFO - Setting next_dagrun for example_subdag_operator.section-2 to None, run_after=None
[2026-05-09T12:07:06.660+0000] {processor.py:183} INFO - Processing /home/vscode/.local/lib/python3.11/site-packages/airflow/example_dags/example_subdag_operator.py took 0.072 seconds
[2026-05-09T12:07:49.876+0000] {processor.py:161} INFO - Started process (PID=35088) to work on /home/vscode/.local/lib/python3.11/site-packages/airflow/example_dags/example_subdag_operator.py
[2026-05-09T12:07:49.876+0000] {processor.py:830} INFO - Processing file /home/vscode/.local/lib/python3.11/site-packages/airflow/example_dags/example_subdag_operator.py for tasks to queue
[2026-05-09T12:07:49.877+0000] {logging_mixin.py:188} INFO - [2026-05-09T12:07:49.877+0000] {dagbag.py:545} INFO - Filling up the DagBag from /home/vscode/.local/lib/python3.11/site-packages/airflow/example_dags/example_subdag_operator.py
[2026-05-09T12:07:49.891+0000] {processor.py:840} INFO - DAG(s) 'example_subdag_operator.section-1', 'example_subdag_operator.section-2', 'example_subdag_operator' retrieved from /home/vscode/.local/lib/python3.11/site-packages/airflow/example_dags/example_subdag_operator.py
[2026-05-09T12:07:49.902+0000] {logging_mixin.py:188} INFO - [2026-05-09T12:07:49.902+0000] {dag.py:3096} INFO - Sync 3 DAGs
[2026-05-09T12:07:49.915+0000] {logging_mixin.py:188} INFO - [2026-05-09T12:07:49.915+0000] {dag.py:3954} INFO - Setting next_dagrun for example_subdag_operator to 2022-01-01 00:00:00+00:00, run_after=2022-01-01 00:00:00+00:00
[2026-05-09T12:07:49.917+0000] {logging_mixin.py:188} INFO - [2026-05-09T12:07:49.917+0000] {dag.py:3954} INFO - Setting next_dagrun for example_subdag_operator.section-1 to None, run_after=None
[2026-05-09T12:07:49.918+0000] {logging_mixin.py:188} INFO - [2026-05-09T12:07:49.918+0000] {dag.py:3954} INFO - Setting next_dagrun for example_subdag_operator.section-2 to None, run_after=None
[2026-05-09T12:07:49.923+0000] {logging_mixin.py:188} INFO - [2026-05-09T12:07:49.923+0000] {dag.py:3096} INFO - Sync 2 DAGs
[2026-05-09T12:07:49.927+0000] {logging_mixin.py:188} INFO - [2026-05-09T12:07:49.927+0000] {dag.py:3954} INFO - Setting next_dagrun for example_subdag_operator.section-1 to None, run_after=None
[2026-05-09T12:07:49.927+0000] {logging_mixin.py:188} INFO - [2026-05-09T12:07:49.927+0000] {dag.py:3954} INFO - Setting next_dagrun for example_subdag_operator.section-2 to None, run_after=None
[2026-05-09T12:07:49.939+0000] {processor.py:183} INFO - Processing /home/vscode/.local/lib/python3.11/site-packages/airflow/example_dags/example_subdag_operator.py took 0.070 seconds
[2026-05-09T12:08:30.121+0000] {processor.py:161} INFO - Started process (PID=35382) to work on /home/vscode/.local/lib/python3.11/site-packages/airflow/example_dags/example_subdag_operator.py
[2026-05-09T12:08:30.122+0000] {processor.py:830} INFO - Processing file /home/vscode/.local/lib/python3.11/site-packages/airflow/example_dags/example_subdag_operator.py for tasks to queue
[2026-05-09T12:08:30.122+0000] {logging_mixin.py:188} INFO - [2026-05-09T12:08:30.122+0000] {dagbag.py:545} INFO - Filling up the DagBag from /home/vscode/.local/lib/python3.11/site-packages/airflow/example_dags/example_subdag_operator.py
[2026-05-09T12:08:30.141+0000] {processor.py:840} INFO - DAG(s) 'example_subdag_operator.section-1', 'example_subdag_operator.section-2', 'example_subdag_operator' retrieved from /home/vscode/.local/lib/python3.11/site-packages/airflow/example_dags/example_subdag_operator.py
[2026-05-09T12:08:30.153+0000] {logging_mixin.py:188} INFO - [2026-05-09T12:08:30.153+0000] {dag.py:3096} INFO - Sync 3 DAGs
[2026-05-09T12:08:30.167+0000] {logging_mixin.py:188} INFO - [2026-05-09T12:08:30.167+0000] {dag.py:3954} INFO - Setting next_dagrun for example_subdag_operator to 2022-01-01 00:00:00+00:00, run_after=2022-01-01 00:00:00+00:00
[2026-05-09T12:08:30.169+0000] {logging_mixin.py:188} INFO - [2026-05-09T12:08:30.169+0000] {dag.py:3954} INFO - Setting next_dagrun for example_subdag_operator.section-1 to None, run_after=None
[2026-05-09T12:08:30.170+0000] {logging_mixin.py:188} INFO - [2026-05-09T12:08:30.170+0000] {dag.py:3954} INFO - Setting next_dagrun for example_subdag_operator.section-2 to None, run_after=None
[2026-05-09T12:08:30.175+0000] {logging_mixin.py:188} INFO - [2026-05-09T12:08:30.175+0000] {dag.py:3096} INFO - Sync 2 DAGs
[2026-05-09T12:08:30.179+0000] {logging_mixin.py:188} INFO - [2026-05-09T12:08:30.179+0000] {dag.py:3954} INFO - Setting next_dagrun for example_subdag_operator.section-1 to None, run_after=None
[2026-05-09T12:08:30.179+0000] {logging_mixin.py:188} INFO - [2026-05-09T12:08:30.179+0000] {dag.py:3954} INFO - Setting next_dagrun for example_subdag_operator.section-2 to None, run_after=None
[2026-05-09T12:08:30.193+0000] {processor.py:183} INFO - Processing /home/vscode/.local/lib/python3.11/site-packages/airflow/example_dags/example_subdag_operator.py took 0.078 seconds
[2026-05-09T12:09:11.512+0000] {processor.py:161} INFO - Started process (PID=35789) to work on /home/vscode/.local/lib/python3.11/site-packages/airflow/example_dags/example_subdag_operator.py
[2026-05-09T12:09:11.512+0000] {processor.py:830} INFO - Processing file /home/vscode/.local/lib/python3.11/site-packages/airflow/example_dags/example_subdag_operator.py for tasks to queue
[2026-05-09T12:09:11.513+0000] {logging_mixin.py:188} INFO - [2026-05-09T12:09:11.513+0000] {dagbag.py:545} INFO - Filling up the DagBag from /home/vscode/.local/lib/python3.11/site-packages/airflow/example_dags/example_subdag_operator.py
[2026-05-09T12:09:11.530+0000] {processor.py:840} INFO - DAG(s) 'example_subdag_operator.section-1', 'example_subdag_operator.section-2', 'example_subdag_operator' retrieved from /home/vscode/.local/lib/python3.11/site-packages/airflow/example_dags/example_subdag_operator.py
[2026-05-09T12:09:11.545+0000] {logging_mixin.py:188} INFO - [2026-05-09T12:09:11.545+0000] {dag.py:3096} INFO - Sync 3 DAGs
[2026-05-09T12:09:11.560+0000] {logging_mixin.py:188} INFO - [2026-05-09T12:09:11.559+0000] {dag.py:3954} INFO - Setting next_dagrun for example_subdag_operator to 2022-01-01 00:00:00+00:00, run_after=2022-01-01 00:00:00+00:00
[2026-05-09T12:09:11.562+0000] {logging_mixin.py:188} INFO - [2026-05-09T12:09:11.562+0000] {dag.py:3954} INFO - Setting next_dagrun for example_subdag_operator.section-1 to None, run_after=None
[2026-05-09T12:09:11.562+0000] {logging_mixin.py:188} INFO - [2026-05-09T12:09:11.562+0000] {dag.py:3954} INFO - Setting next_dagrun for example_subdag_operator.section-2 to None, run_after=None
[2026-05-09T12:09:11.567+0000] {logging_mixin.py:188} INFO - [2026-05-09T12:09:11.566+0000] {dag.py:3096} INFO - Sync 2 DAGs
[2026-05-09T12:09:11.569+0000] {logging_mixin.py:188} INFO - [2026-05-09T12:09:11.569+0000] {dag.py:3954} INFO - Setting next_dagrun for example_subdag_operator.section-1 to None, run_after=None
[2026-05-09T12:09:11.569+0000] {logging_mixin.py:188} INFO - [2026-05-09T12:09:11.569+0000] {dag.py:3954} INFO - Setting next_dagrun for example_subdag_operator.section-2 to None, run_after=None
[2026-05-09T12:09:11.581+0000] {processor.py:183} INFO - Processing /home/vscode/.local/lib/python3.11/site-packages/airflow/example_dags/example_subdag_operator.py took 0.075 seconds
[2026-05-09T12:10:09.833+0000] {processor.py:161} INFO - Started process (PID=36241) to work on /home/vscode/.local/lib/python3.11/site-packages/airflow/example_dags/example_subdag_operator.py
[2026-05-09T12:10:09.834+0000] {processor.py:830} INFO - Processing file /home/vscode/.local/lib/python3.11/site-packages/airflow/example_dags/example_subdag_operator.py for tasks to queue
[2026-05-09T12:10:09.835+0000] {logging_mixin.py:188} INFO - [2026-05-09T12:10:09.834+0000] {dagbag.py:545} INFO - Filling up the DagBag from /home/vscode/.local/lib/python3.11/site-packages/airflow/example_dags/example_subdag_operator.py
[2026-05-09T12:10:09.851+0000] {processor.py:840} INFO - DAG(s) 'example_subdag_operator.section-1', 'example_subdag_operator.section-2', 'example_subdag_operator' retrieved from /home/vscode/.local/lib/python3.11/site-packages/airflow/example_dags/example_subdag_operator.py
[2026-05-09T12:10:09.863+0000] {logging_mixin.py:188} INFO - [2026-05-09T12:10:09.863+0000] {dag.py:3096} INFO - Sync 3 DAGs
[2026-05-09T12:10:09.877+0000] {logging_mixin.py:188} INFO - [2026-05-09T12:10:09.876+0000] {dag.py:3954} INFO - Setting next_dagrun for example_subdag_operator to 2022-01-01 00:00:00+00:00, run_after=2022-01-01 00:00:00+00:00
[2026-05-09T12:10:09.879+0000] {logging_mixin.py:188} INFO - [2026-05-09T12:10:09.879+0000] {dag.py:3954} INFO - Setting next_dagrun for example_subdag_operator.section-1 to None, run_after=None
[2026-05-09T12:10:09.880+0000] {logging_mixin.py:188} INFO - [2026-05-09T12:10:09.879+0000] {dag.py:3954} INFO - Setting next_dagrun for example_subdag_operator.section-2 to None, run_after=None
[2026-05-09T12:10:09.884+0000] {logging_mixin.py:188} INFO - [2026-05-09T12:10:09.883+0000] {dag.py:3096} INFO - Sync 2 DAGs
[2026-05-09T12:10:09.886+0000] {logging_mixin.py:188} INFO - [2026-05-09T12:10:09.886+0000] {dag.py:3954} INFO - Setting next_dagrun for example_subdag_operator.section-1 to None, run_after=None
[2026-05-09T12:10:09.886+0000] {logging_mixin.py:188} INFO - [2026-05-09T12:10:09.886+0000] {dag.py:3954} INFO - Setting next_dagrun for example_subdag_operator.section-2 to None, run_after=None
[2026-05-09T12:10:09.898+0000] {processor.py:183} INFO - Processing /home/vscode/.local/lib/python3.11/site-packages/airflow/example_dags/example_subdag_operator.py took 0.073 seconds
[2026-05-09T12:10:52.014+0000] {processor.py:161} INFO - Started process (PID=36599) to work on /home/vscode/.local/lib/python3.11/site-packages/airflow/example_dags/example_subdag_operator.py
[2026-05-09T12:10:52.015+0000] {processor.py:830} INFO - Processing file /home/vscode/.local/lib/python3.11/site-packages/airflow/example_dags/example_subdag_operator.py for tasks to queue
[2026-05-09T12:10:52.015+0000] {logging_mixin.py:188} INFO - [2026-05-09T12:10:52.015+0000] {dagbag.py:545} INFO - Filling up the DagBag from /home/vscode/.local/lib/python3.11/site-packages/airflow/example_dags/example_subdag_operator.py
[2026-05-09T12:10:52.042+0000] {processor.py:840} INFO - DAG(s) 'example_subdag_operator.section-1', 'example_subdag_operator.section-2', 'example_subdag_operator' retrieved from /home/vscode/.local/lib/python3.11/site-packages/airflow/example_dags/example_subdag_operator.py
[2026-05-09T12:10:52.078+0000] {logging_mixin.py:188} INFO - [2026-05-09T12:10:52.077+0000] {dag.py:3096} INFO - Sync 3 DAGs
[2026-05-09T12:10:52.107+0000] {logging_mixin.py:188} INFO - [2026-05-09T12:10:52.107+0000] {dag.py:3954} INFO - Setting next_dagrun for example_subdag_operator to 2022-01-01 00:00:00+00:00, run_after=2022-01-01 00:00:00+00:00
[2026-05-09T12:10:52.112+0000] {logging_mixin.py:188} INFO - [2026-05-09T12:10:52.112+0000] {dag.py:3954} INFO - Setting next_dagrun for example_subdag_operator.section-1 to None, run_after=None
[2026-05-09T12:10:52.112+0000] {logging_mixin.py:188} INFO - [2026-05-09T12:10:52.112+0000] {dag.py:3954} INFO - Setting next_dagrun for example_subdag_operator.section-2 to None, run_after=None
[2026-05-09T12:10:52.118+0000] {logging_mixin.py:188} INFO - [2026-05-09T12:10:52.118+0000] {dag.py:3096} INFO - Sync 2 DAGs
[2026-05-09T12:10:52.125+0000] {logging_mixin.py:188} INFO - [2026-05-09T12:10:52.125+0000] {dag.py:3954} INFO - Setting next_dagrun for example_subdag_operator.section-1 to None, run_after=None
[2026-05-09T12:10:52.125+0000] {logging_mixin.py:188} INFO - [2026-05-09T12:10:52.125+0000] {dag.py:3954} INFO - Setting next_dagrun for example_subdag_operator.section-2 to None, run_after=None
[2026-05-09T12:10:52.147+0000] {processor.py:183} INFO - Processing /home/vscode/.local/lib/python3.11/site-packages/airflow/example_dags/example_subdag_operator.py took 0.139 seconds
[2026-05-09T12:11:32.092+0000] {processor.py:161} INFO - Started process (PID=36892) to work on /home/vscode/.local/lib/python3.11/site-packages/airflow/example_dags/example_subdag_operator.py
[2026-05-09T12:11:32.093+0000] {processor.py:830} INFO - Processing file /home/vscode/.local/lib/python3.11/site-packages/airflow/example_dags/example_subdag_operator.py for tasks to queue
[2026-05-09T12:11:32.093+0000] {logging_mixin.py:188} INFO - [2026-05-09T12:11:32.093+0000] {dagbag.py:545} INFO - Filling up the DagBag from /home/vscode/.local/lib/python3.11/site-packages/airflow/example_dags/example_subdag_operator.py
[2026-05-09T12:11:32.108+0000] {processor.py:840} INFO - DAG(s) 'example_subdag_operator.section-1', 'example_subdag_operator.section-2', 'example_subdag_operator' retrieved from /home/vscode/.local/lib/python3.11/site-packages/airflow/example_dags/example_subdag_operator.py
[2026-05-09T12:11:32.119+0000] {logging_mixin.py:188} INFO - [2026-05-09T12:11:32.119+0000] {dag.py:3096} INFO - Sync 3 DAGs
[2026-05-09T12:11:32.136+0000] {logging_mixin.py:188} INFO - [2026-05-09T12:11:32.135+0000] {dag.py:3954} INFO - Setting next_dagrun for example_subdag_operator to 2022-01-01 00:00:00+00:00, run_after=2022-01-01 00:00:00+00:00
[2026-05-09T12:11:32.138+0000] {logging_mixin.py:188} INFO - [2026-05-09T12:11:32.138+0000] {dag.py:3954} INFO - Setting next_dagrun for example_subdag_operator.section-1 to None, run_after=None
[2026-05-09T12:11:32.139+0000] {logging_mixin.py:188} INFO - [2026-05-09T12:11:32.139+0000] {dag.py:3954} INFO - Setting next_dagrun for example_subdag_operator.section-2 to None, run_after=None
[2026-05-09T12:11:32.144+0000] {logging_mixin.py:188} INFO - [2026-05-09T12:11:32.144+0000] {dag.py:3096} INFO - Sync 2 DAGs
[2026-05-09T12:11:32.147+0000] {logging_mixin.py:188} INFO - [2026-05-09T12:11:32.146+0000] {dag.py:3954} INFO - Setting next_dagrun for example_subdag_operator.section-1 to None, run_after=None
[2026-05-09T12:11:32.147+0000] {logging_mixin.py:188} INFO - [2026-05-09T12:11:32.147+0000] {dag.py:3954} INFO - Setting next_dagrun for example_subdag_operator.section-2 to None, run_after=None
[2026-05-09T12:11:32.158+0000] {processor.py:183} INFO - Processing /home/vscode/.local/lib/python3.11/site-packages/airflow/example_dags/example_subdag_operator.py took 0.072 seconds
[2026-05-09T12:12:12.664+0000] {processor.py:161} INFO - Started process (PID=37235) to work on /home/vscode/.local/lib/python3.11/site-packages/airflow/example_dags/example_subdag_operator.py
[2026-05-09T12:12:12.664+0000] {processor.py:830} INFO - Processing file /home/vscode/.local/lib/python3.11/site-packages/airflow/example_dags/example_subdag_operator.py for tasks to queue
[2026-05-09T12:12:12.665+0000] {logging_mixin.py:188} INFO - [2026-05-09T12:12:12.665+0000] {dagbag.py:545} INFO - Filling up the DagBag from /home/vscode/.local/lib/python3.11/site-packages/airflow/example_dags/example_subdag_operator.py
[2026-05-09T12:12:12.679+0000] {processor.py:840} INFO - DAG(s) 'example_subdag_operator.section-1', 'example_subdag_operator.section-2', 'example_subdag_operator' retrieved from /home/vscode/.local/lib/python3.11/site-packages/airflow/example_dags/example_subdag_operator.py
[2026-05-09T12:12:12.690+0000] {logging_mixin.py:188} INFO - [2026-05-09T12:12:12.690+0000] {dag.py:3096} INFO - Sync 3 DAGs
[2026-05-09T12:12:12.703+0000] {logging_mixin.py:188} INFO - [2026-05-09T12:12:12.703+0000] {dag.py:3954} INFO - Setting next_dagrun for example_subdag_operator to 2022-01-01 00:00:00+00:00, run_after=2022-01-01 00:00:00+00:00
[2026-05-09T12:12:12.705+0000] {logging_mixin.py:188} INFO - [2026-05-09T12:12:12.705+0000] {dag.py:3954} INFO - Setting next_dagrun for example_subdag_operator.section-1 to None, run_after=None
[2026-05-09T12:12:12.706+0000] {logging_mixin.py:188} INFO - [2026-05-09T12:12:12.706+0000] {dag.py:3954} INFO - Setting next_dagrun for example_subdag_operator.section-2 to None, run_after=None
[2026-05-09T12:12:12.710+0000] {logging_mixin.py:188} INFO - [2026-05-09T12:12:12.710+0000] {dag.py:3096} INFO - Sync 2 DAGs
[2026-05-09T12:12:12.713+0000] {logging_mixin.py:188} INFO - [2026-05-09T12:12:12.713+0000] {dag.py:3954} INFO - Setting next_dagrun for example_subdag_operator.section-1 to None, run_after=None
[2026-05-09T12:12:12.713+0000] {logging_mixin.py:188} INFO - [2026-05-09T12:12:12.713+0000] {dag.py:3954} INFO - Setting next_dagrun for example_subdag_operator.section-2 to None, run_after=None
[2026-05-09T12:12:12.724+0000] {processor.py:183} INFO - Processing /home/vscode/.local/lib/python3.11/site-packages/airflow/example_dags/example_subdag_operator.py took 0.066 seconds
[2026-05-09T12:12:53.763+0000] {processor.py:161} INFO - Started process (PID=37597) to work on /home/vscode/.local/lib/python3.11/site-packages/airflow/example_dags/example_subdag_operator.py
[2026-05-09T12:12:53.763+0000] {processor.py:830} INFO - Processing file /home/vscode/.local/lib/python3.11/site-packages/airflow/example_dags/example_subdag_operator.py for tasks to queue
[2026-05-09T12:12:53.764+0000] {logging_mixin.py:188} INFO - [2026-05-09T12:12:53.764+0000] {dagbag.py:545} INFO - Filling up the DagBag from /home/vscode/.local/lib/python3.11/site-packages/airflow/example_dags/example_subdag_operator.py
[2026-05-09T12:12:53.782+0000] {processor.py:840} INFO - DAG(s) 'example_subdag_operator.section-1', 'example_subdag_operator.section-2', 'example_subdag_operator' retrieved from /home/vscode/.local/lib/python3.11/site-packages/airflow/example_dags/example_subdag_operator.py
[2026-05-09T12:12:53.793+0000] {logging_mixin.py:188} INFO - [2026-05-09T12:12:53.793+0000] {dag.py:3096} INFO - Sync 3 DAGs
[2026-05-09T12:12:53.807+0000] {logging_mixin.py:188} INFO - [2026-05-09T12:12:53.807+0000] {dag.py:3954} INFO - Setting next_dagrun for example_subdag_operator to 2022-01-01 00:00:00+00:00, run_after=2022-01-01 00:00:00+00:00
[2026-05-09T12:12:53.811+0000] {logging_mixin.py:188} INFO - [2026-05-09T12:12:53.811+0000] {dag.py:3954} INFO - Setting next_dagrun for example_subdag_operator.section-1 to None, run_after=None
[2026-05-09T12:12:53.812+0000] {logging_mixin.py:188} INFO - [2026-05-09T12:12:53.812+0000] {dag.py:3954} INFO - Setting next_dagrun for example_subdag_operator.section-2 to None, run_after=None
[2026-05-09T12:12:53.817+0000] {logging_mixin.py:188} INFO - [2026-05-09T12:12:53.817+0000] {dag.py:3096} INFO - Sync 2 DAGs
[2026-05-09T12:12:53.821+0000] {logging_mixin.py:188} INFO - [2026-05-09T12:12:53.821+0000] {dag.py:3954} INFO - Setting next_dagrun for example_subdag_operator.section-1 to None, run_after=None
[2026-05-09T12:12:53.822+0000] {logging_mixin.py:188} INFO - [2026-05-09T12:12:53.821+0000] {dag.py:3954} INFO - Setting next_dagrun for example_subdag_operator.section-2 to None, run_after=None
[2026-05-09T12:12:53.835+0000] {processor.py:183} INFO - Processing /home/vscode/.local/lib/python3.11/site-packages/airflow/example_dags/example_subdag_operator.py took 0.079 seconds
[2026-05-09T12:13:34.525+0000] {processor.py:161} INFO - Started process (PID=37910) to work on /home/vscode/.local/lib/python3.11/site-packages/airflow/example_dags/example_subdag_operator.py
[2026-05-09T12:13:34.526+0000] {processor.py:830} INFO - Processing file /home/vscode/.local/lib/python3.11/site-packages/airflow/example_dags/example_subdag_operator.py for tasks to queue
[2026-05-09T12:13:34.527+0000] {logging_mixin.py:188} INFO - [2026-05-09T12:13:34.526+0000] {dagbag.py:545} INFO - Filling up the DagBag from /home/vscode/.local/lib/python3.11/site-packages/airflow/example_dags/example_subdag_operator.py
[2026-05-09T12:13:34.545+0000] {processor.py:840} INFO - DAG(s) 'example_subdag_operator.section-1', 'example_subdag_operator.section-2', 'example_subdag_operator' retrieved from /home/vscode/.local/lib/python3.11/site-packages/airflow/example_dags/example_subdag_operator.py
[2026-05-09T12:13:34.563+0000] {logging_mixin.py:188} INFO - [2026-05-09T12:13:34.563+0000] {dag.py:3096} INFO - Sync 3 DAGs
[2026-05-09T12:13:34.616+0000] {logging_mixin.py:188} INFO - [2026-05-09T12:13:34.616+0000] {dag.py:3954} INFO - Setting next_dagrun for example_subdag_operator to 2022-01-01 00:00:00+00:00, run_after=2022-01-01 00:00:00+00:00
[2026-05-09T12:13:34.619+0000] {logging_mixin.py:188} INFO - [2026-05-09T12:13:34.619+0000] {dag.py:3954} INFO - Setting next_dagrun for example_subdag_operator.section-1 to None, run_after=None
[2026-05-09T12:13:34.621+0000] {logging_mixin.py:188} INFO - [2026-05-09T12:13:34.620+0000] {dag.py:3954} INFO - Setting next_dagrun for example_subdag_operator.section-2 to None, run_after=None
[2026-05-09T12:13:34.627+0000] {logging_mixin.py:188} INFO - [2026-05-09T12:13:34.627+0000] {dag.py:3096} INFO - Sync 2 DAGs
[2026-05-09T12:13:34.631+0000] {logging_mixin.py:188} INFO - [2026-05-09T12:13:34.631+0000] {dag.py:3954} INFO - Setting next_dagrun for example_subdag_operator.section-1 to None, run_after=None
[2026-05-09T12:13:34.631+0000] {logging_mixin.py:188} INFO - [2026-05-09T12:13:34.631+0000] {dag.py:3954} INFO - Setting next_dagrun for example_subdag_operator.section-2 to None, run_after=None
[2026-05-09T12:13:34.646+0000] {processor.py:183} INFO - Processing /home/vscode/.local/lib/python3.11/site-packages/airflow/example_dags/example_subdag_operator.py took 0.128 seconds
[2026-05-09T12:14:18.706+0000] {processor.py:161} INFO - Started process (PID=38305) to work on /home/vscode/.local/lib/python3.11/site-packages/airflow/example_dags/example_subdag_operator.py
[2026-05-09T12:14:18.707+0000] {processor.py:830} INFO - Processing file /home/vscode/.local/lib/python3.11/site-packages/airflow/example_dags/example_subdag_operator.py for tasks to queue
[2026-05-09T12:14:18.708+0000] {logging_mixin.py:188} INFO - [2026-05-09T12:14:18.707+0000] {dagbag.py:545} INFO - Filling up the DagBag from /home/vscode/.local/lib/python3.11/site-packages/airflow/example_dags/example_subdag_operator.py
[2026-05-09T12:14:18.722+0000] {processor.py:840} INFO - DAG(s) 'example_subdag_operator.section-1', 'example_subdag_operator.section-2', 'example_subdag_operator' retrieved from /home/vscode/.local/lib/python3.11/site-packages/airflow/example_dags/example_subdag_operator.py
[2026-05-09T12:14:18.738+0000] {logging_mixin.py:188} INFO - [2026-05-09T12:14:18.738+0000] {dag.py:3096} INFO - Sync 3 DAGs
[2026-05-09T12:14:18.753+0000] {logging_mixin.py:188} INFO - [2026-05-09T12:14:18.753+0000] {dag.py:3954} INFO - Setting next_dagrun for example_subdag_operator to 2022-01-01 00:00:00+00:00, run_after=2022-01-01 00:00:00+00:00
[2026-05-09T12:14:18.756+0000] {logging_mixin.py:188} INFO - [2026-05-09T12:14:18.755+0000] {dag.py:3954} INFO - Setting next_dagrun for example_subdag_operator.section-1 to None, run_after=None
[2026-05-09T12:14:18.756+0000] {logging_mixin.py:188} INFO - [2026-05-09T12:14:18.756+0000] {dag.py:3954} INFO - Setting next_dagrun for example_subdag_operator.section-2 to None, run_after=None
[2026-05-09T12:14:18.761+0000] {logging_mixin.py:188} INFO - [2026-05-09T12:14:18.761+0000] {dag.py:3096} INFO - Sync 2 DAGs
[2026-05-09T12:14:18.763+0000] {logging_mixin.py:188} INFO - [2026-05-09T12:14:18.763+0000] {dag.py:3954} INFO - Setting next_dagrun for example_subdag_operator.section-1 to None, run_after=None
[2026-05-09T12:14:18.764+0000] {logging_mixin.py:188} INFO - [2026-05-09T12:14:18.763+0000] {dag.py:3954} INFO - Setting next_dagrun for example_subdag_operator.section-2 to None, run_after=None
[2026-05-09T12:14:18.775+0000] {processor.py:183} INFO - Processing /home/vscode/.local/lib/python3.11/site-packages/airflow/example_dags/example_subdag_operator.py took 0.075 seconds
[2026-05-09T12:15:02.278+0000] {processor.py:161} INFO - Started process (PID=38673) to work on /home/vscode/.local/lib/python3.11/site-packages/airflow/example_dags/example_subdag_operator.py
[2026-05-09T12:15:02.278+0000] {processor.py:830} INFO - Processing file /home/vscode/.local/lib/python3.11/site-packages/airflow/example_dags/example_subdag_operator.py for tasks to queue
[2026-05-09T12:15:02.279+0000] {logging_mixin.py:188} INFO - [2026-05-09T12:15:02.279+0000] {dagbag.py:545} INFO - Filling up the DagBag from /home/vscode/.local/lib/python3.11/site-packages/airflow/example_dags/example_subdag_operator.py
[2026-05-09T12:15:02.294+0000] {processor.py:840} INFO - DAG(s) 'example_subdag_operator.section-1', 'example_subdag_operator.section-2', 'example_subdag_operator' retrieved from /home/vscode/.local/lib/python3.11/site-packages/airflow/example_dags/example_subdag_operator.py
[2026-05-09T12:15:02.305+0000] {logging_mixin.py:188} INFO - [2026-05-09T12:15:02.305+0000] {dag.py:3096} INFO - Sync 3 DAGs
[2026-05-09T12:15:02.320+0000] {logging_mixin.py:188} INFO - [2026-05-09T12:15:02.320+0000] {dag.py:3954} INFO - Setting next_dagrun for example_subdag_operator to 2022-01-01 00:00:00+00:00, run_after=2022-01-01 00:00:00+00:00
[2026-05-09T12:15:02.322+0000] {logging_mixin.py:188} INFO - [2026-05-09T12:15:02.322+0000] {dag.py:3954} INFO - Setting next_dagrun for example_subdag_operator.section-1 to None, run_after=None
[2026-05-09T12:15:02.323+0000] {logging_mixin.py:188} INFO - [2026-05-09T12:15:02.323+0000] {dag.py:3954} INFO - Setting next_dagrun for example_subdag_operator.section-2 to None, run_after=None
[2026-05-09T12:15:02.328+0000] {logging_mixin.py:188} INFO - [2026-05-09T12:15:02.328+0000] {dag.py:3096} INFO - Sync 2 DAGs
[2026-05-09T12:15:02.332+0000] {logging_mixin.py:188} INFO - [2026-05-09T12:15:02.332+0000] {dag.py:3954} INFO - Setting next_dagrun for example_subdag_operator.section-1 to None, run_after=None
[2026-05-09T12:15:02.332+0000] {logging_mixin.py:188} INFO - [2026-05-09T12:15:02.332+0000] {dag.py:3954} INFO - Setting next_dagrun for example_subdag_operator.section-2 to None, run_after=None
[2026-05-09T12:15:02.345+0000] {processor.py:183} INFO - Processing /home/vscode/.local/lib/python3.11/site-packages/airflow/example_dags/example_subdag_operator.py took 0.073 seconds
[2026-05-09T12:15:41.755+0000] {processor.py:161} INFO - Started process (PID=39020) to work on /home/vscode/.local/lib/python3.11/site-packages/airflow/example_dags/example_subdag_operator.py
[2026-05-09T12:15:41.755+0000] {processor.py:830} INFO - Processing file /home/vscode/.local/lib/python3.11/site-packages/airflow/example_dags/example_subdag_operator.py for tasks to queue
[2026-05-09T12:15:41.756+0000] {logging_mixin.py:188} INFO - [2026-05-09T12:15:41.756+0000] {dagbag.py:545} INFO - Filling up the DagBag from /home/vscode/.local/lib/python3.11/site-packages/airflow/example_dags/example_subdag_operator.py
[2026-05-09T12:15:41.771+0000] {processor.py:840} INFO - DAG(s) 'example_subdag_operator.section-1', 'example_subdag_operator.section-2', 'example_subdag_operator' retrieved from /home/vscode/.local/lib/python3.11/site-packages/airflow/example_dags/example_subdag_operator.py
[2026-05-09T12:15:41.782+0000] {logging_mixin.py:188} INFO - [2026-05-09T12:15:41.782+0000] {dag.py:3096} INFO - Sync 3 DAGs
[2026-05-09T12:15:41.795+0000] {logging_mixin.py:188} INFO - [2026-05-09T12:15:41.794+0000] {dag.py:3954} INFO - Setting next_dagrun for example_subdag_operator to 2022-01-01 00:00:00+00:00, run_after=2022-01-01 00:00:00+00:00
[2026-05-09T12:15:41.797+0000] {logging_mixin.py:188} INFO - [2026-05-09T12:15:41.796+0000] {dag.py:3954} INFO - Setting next_dagrun for example_subdag_operator.section-1 to None, run_after=None
[2026-05-09T12:15:41.797+0000] {logging_mixin.py:188} INFO - [2026-05-09T12:15:41.797+0000] {dag.py:3954} INFO - Setting next_dagrun for example_subdag_operator.section-2 to None, run_after=None
[2026-05-09T12:15:41.801+0000] {logging_mixin.py:188} INFO - [2026-05-09T12:15:41.801+0000] {dag.py:3096} INFO - Sync 2 DAGs
[2026-05-09T12:15:41.804+0000] {logging_mixin.py:188} INFO - [2026-05-09T12:15:41.804+0000] {dag.py:3954} INFO - Setting next_dagrun for example_subdag_operator.section-1 to None, run_after=None
[2026-05-09T12:15:41.804+0000] {logging_mixin.py:188} INFO - [2026-05-09T12:15:41.804+0000] {dag.py:3954} INFO - Setting next_dagrun for example_subdag_operator.section-2 to None, run_after=None
[2026-05-09T12:15:41.815+0000] {processor.py:183} INFO - Processing /home/vscode/.local/lib/python3.11/site-packages/airflow/example_dags/example_subdag_operator.py took 0.066 seconds
[2026-05-09T12:16:26.643+0000] {processor.py:161} INFO - Started process (PID=39334) to work on /home/vscode/.local/lib/python3.11/site-packages/airflow/example_dags/example_subdag_operator.py
[2026-05-09T12:16:26.644+0000] {processor.py:830} INFO - Processing file /home/vscode/.local/lib/python3.11/site-packages/airflow/example_dags/example_subdag_operator.py for tasks to queue
[2026-05-09T12:16:26.644+0000] {logging_mixin.py:188} INFO - [2026-05-09T12:16:26.644+0000] {dagbag.py:545} INFO - Filling up the DagBag from /home/vscode/.local/lib/python3.11/site-packages/airflow/example_dags/example_subdag_operator.py
[2026-05-09T12:16:26.659+0000] {processor.py:840} INFO - DAG(s) 'example_subdag_operator.section-1', 'example_subdag_operator.section-2', 'example_subdag_operator' retrieved from /home/vscode/.local/lib/python3.11/site-packages/airflow/example_dags/example_subdag_operator.py
[2026-05-09T12:16:26.670+0000] {logging_mixin.py:188} INFO - [2026-05-09T12:16:26.670+0000] {dag.py:3096} INFO - Sync 3 DAGs
[2026-05-09T12:16:26.683+0000] {logging_mixin.py:188} INFO - [2026-05-09T12:16:26.683+0000] {dag.py:3954} INFO - Setting next_dagrun for example_subdag_operator to 2022-01-01 00:00:00+00:00, run_after=2022-01-01 00:00:00+00:00
[2026-05-09T12:16:26.685+0000] {logging_mixin.py:188} INFO - [2026-05-09T12:16:26.685+0000] {dag.py:3954} INFO - Setting next_dagrun for example_subdag_operator.section-1 to None, run_after=None
[2026-05-09T12:16:26.686+0000] {logging_mixin.py:188} INFO - [2026-05-09T12:16:26.686+0000] {dag.py:3954} INFO - Setting next_dagrun for example_subdag_operator.section-2 to None, run_after=None
[2026-05-09T12:16:26.690+0000] {logging_mixin.py:188} INFO - [2026-05-09T12:16:26.690+0000] {dag.py:3096} INFO - Sync 2 DAGs
[2026-05-09T12:16:26.693+0000] {logging_mixin.py:188} INFO - [2026-05-09T12:16:26.693+0000] {dag.py:3954} INFO - Setting next_dagrun for example_subdag_operator.section-1 to None, run_after=None
[2026-05-09T12:16:26.694+0000] {logging_mixin.py:188} INFO - [2026-05-09T12:16:26.693+0000] {dag.py:3954} INFO - Setting next_dagrun for example_subdag_operator.section-2 to None, run_after=None
[2026-05-09T12:16:26.704+0000] {processor.py:183} INFO - Processing /home/vscode/.local/lib/python3.11/site-packages/airflow/example_dags/example_subdag_operator.py took 0.070 seconds
[2026-05-09T12:17:11.769+0000] {processor.py:161} INFO - Started process (PID=39703) to work on /home/vscode/.local/lib/python3.11/site-packages/airflow/example_dags/example_subdag_operator.py
[2026-05-09T12:17:11.769+0000] {processor.py:830} INFO - Processing file /home/vscode/.local/lib/python3.11/site-packages/airflow/example_dags/example_subdag_operator.py for tasks to queue
[2026-05-09T12:17:11.770+0000] {logging_mixin.py:188} INFO - [2026-05-09T12:17:11.769+0000] {dagbag.py:545} INFO - Filling up the DagBag from /home/vscode/.local/lib/python3.11/site-packages/airflow/example_dags/example_subdag_operator.py
[2026-05-09T12:17:11.784+0000] {processor.py:840} INFO - DAG(s) 'example_subdag_operator.section-1', 'example_subdag_operator.section-2', 'example_subdag_operator' retrieved from /home/vscode/.local/lib/python3.11/site-packages/airflow/example_dags/example_subdag_operator.py
[2026-05-09T12:17:11.795+0000] {logging_mixin.py:188} INFO - [2026-05-09T12:17:11.795+0000] {dag.py:3096} INFO - Sync 3 DAGs
[2026-05-09T12:17:11.808+0000] {logging_mixin.py:188} INFO - [2026-05-09T12:17:11.808+0000] {dag.py:3954} INFO - Setting next_dagrun for example_subdag_operator to 2022-01-01 00:00:00+00:00, run_after=2022-01-01 00:00:00+00:00
[2026-05-09T12:17:11.810+0000] {logging_mixin.py:188} INFO - [2026-05-09T12:17:11.810+0000] {dag.py:3954} INFO - Setting next_dagrun for example_subdag_operator.section-1 to None, run_after=None
[2026-05-09T12:17:11.811+0000] {logging_mixin.py:188} INFO - [2026-05-09T12:17:11.811+0000] {dag.py:3954} INFO - Setting next_dagrun for example_subdag_operator.section-2 to None, run_after=None
[2026-05-09T12:17:11.815+0000] {logging_mixin.py:188} INFO - [2026-05-09T12:17:11.815+0000] {dag.py:3096} INFO - Sync 2 DAGs
[2026-05-09T12:17:11.817+0000] {logging_mixin.py:188} INFO - [2026-05-09T12:17:11.817+0000] {dag.py:3954} INFO - Setting next_dagrun for example_subdag_operator.section-1 to None, run_after=None
[2026-05-09T12:17:11.817+0000] {logging_mixin.py:188} INFO - [2026-05-09T12:17:11.817+0000] {dag.py:3954} INFO - Setting next_dagrun for example_subdag_operator.section-2 to None, run_after=None
[2026-05-09T12:17:11.828+0000] {processor.py:183} INFO - Processing /home/vscode/.local/lib/python3.11/site-packages/airflow/example_dags/example_subdag_operator.py took 0.066 seconds
[2026-05-09T12:17:56.258+0000] {processor.py:161} INFO - Started process (PID=40077) to work on /home/vscode/.local/lib/python3.11/site-packages/airflow/example_dags/example_subdag_operator.py
[2026-05-09T12:17:56.258+0000] {processor.py:830} INFO - Processing file /home/vscode/.local/lib/python3.11/site-packages/airflow/example_dags/example_subdag_operator.py for tasks to queue
[2026-05-09T12:17:56.259+0000] {logging_mixin.py:188} INFO - [2026-05-09T12:17:56.259+0000] {dagbag.py:545} INFO - Filling up the DagBag from /home/vscode/.local/lib/python3.11/site-packages/airflow/example_dags/example_subdag_operator.py
[2026-05-09T12:17:56.274+0000] {processor.py:840} INFO - DAG(s) 'example_subdag_operator.section-1', 'example_subdag_operator.section-2', 'example_subdag_operator' retrieved from /home/vscode/.local/lib/python3.11/site-packages/airflow/example_dags/example_subdag_operator.py
[2026-05-09T12:17:56.285+0000] {logging_mixin.py:188} INFO - [2026-05-09T12:17:56.285+0000] {dag.py:3096} INFO - Sync 3 DAGs
[2026-05-09T12:17:56.301+0000] {logging_mixin.py:188} INFO - [2026-05-09T12:17:56.301+0000] {dag.py:3954} INFO - Setting next_dagrun for example_subdag_operator to 2022-01-01 00:00:00+00:00, run_after=2022-01-01 00:00:00+00:00
[2026-05-09T12:17:56.303+0000] {logging_mixin.py:188} INFO - [2026-05-09T12:17:56.303+0000] {dag.py:3954} INFO - Setting next_dagrun for example_subdag_operator.section-1 to None, run_after=None
[2026-05-09T12:17:56.304+0000] {logging_mixin.py:188} INFO - [2026-05-09T12:17:56.304+0000] {dag.py:3954} INFO - Setting next_dagrun for example_subdag_operator.section-2 to None, run_after=None
[2026-05-09T12:17:56.308+0000] {logging_mixin.py:188} INFO - [2026-05-09T12:17:56.308+0000] {dag.py:3096} INFO - Sync 2 DAGs
[2026-05-09T12:17:56.311+0000] {logging_mixin.py:188} INFO - [2026-05-09T12:17:56.311+0000] {dag.py:3954} INFO - Setting next_dagrun for example_subdag_operator.section-1 to None, run_after=None
[2026-05-09T12:17:56.311+0000] {logging_mixin.py:188} INFO - [2026-05-09T12:17:56.311+0000] {dag.py:3954} INFO - Setting next_dagrun for example_subdag_operator.section-2 to None, run_after=None
[2026-05-09T12:17:56.324+0000] {processor.py:183} INFO - Processing /home/vscode/.local/lib/python3.11/site-packages/airflow/example_dags/example_subdag_operator.py took 0.074 seconds
[2026-05-09T12:18:37.645+0000] {processor.py:161} INFO - Started process (PID=40434) to work on /home/vscode/.local/lib/python3.11/site-packages/airflow/example_dags/example_subdag_operator.py
[2026-05-09T12:18:37.646+0000] {processor.py:830} INFO - Processing file /home/vscode/.local/lib/python3.11/site-packages/airflow/example_dags/example_subdag_operator.py for tasks to queue
[2026-05-09T12:18:37.646+0000] {logging_mixin.py:188} INFO - [2026-05-09T12:18:37.646+0000] {dagbag.py:545} INFO - Filling up the DagBag from /home/vscode/.local/lib/python3.11/site-packages/airflow/example_dags/example_subdag_operator.py
[2026-05-09T12:18:37.661+0000] {processor.py:840} INFO - DAG(s) 'example_subdag_operator.section-1', 'example_subdag_operator.section-2', 'example_subdag_operator' retrieved from /home/vscode/.local/lib/python3.11/site-packages/airflow/example_dags/example_subdag_operator.py
[2026-05-09T12:18:37.672+0000] {logging_mixin.py:188} INFO - [2026-05-09T12:18:37.672+0000] {dag.py:3096} INFO - Sync 3 DAGs
[2026-05-09T12:18:37.687+0000] {logging_mixin.py:188} INFO - [2026-05-09T12:18:37.687+0000] {dag.py:3954} INFO - Setting next_dagrun for example_subdag_operator to 2022-01-01 00:00:00+00:00, run_after=2022-01-01 00:00:00+00:00
[2026-05-09T12:18:37.689+0000] {logging_mixin.py:188} INFO - [2026-05-09T12:18:37.689+0000] {dag.py:3954} INFO - Setting next_dagrun for example_subdag_operator.section-1 to None, run_after=None
[2026-05-09T12:18:37.690+0000] {logging_mixin.py:188} INFO - [2026-05-09T12:18:37.690+0000] {dag.py:3954} INFO - Setting next_dagrun for example_subdag_operator.section-2 to None, run_after=None
[2026-05-09T12:18:37.694+0000] {logging_mixin.py:188} INFO - [2026-05-09T12:18:37.694+0000] {dag.py:3096} INFO - Sync 2 DAGs
[2026-05-09T12:18:37.697+0000] {logging_mixin.py:188} INFO - [2026-05-09T12:18:37.696+0000] {dag.py:3954} INFO - Setting next_dagrun for example_subdag_operator.section-1 to None, run_after=None
[2026-05-09T12:18:37.697+0000] {logging_mixin.py:188} INFO - [2026-05-09T12:18:37.697+0000] {dag.py:3954} INFO - Setting next_dagrun for example_subdag_operator.section-2 to None, run_after=None
[2026-05-09T12:18:37.707+0000] {processor.py:183} INFO - Processing /home/vscode/.local/lib/python3.11/site-packages/airflow/example_dags/example_subdag_operator.py took 0.071 seconds
[2026-05-09T12:19:18.349+0000] {processor.py:161} INFO - Started process (PID=40783) to work on /home/vscode/.local/lib/python3.11/site-packages/airflow/example_dags/example_subdag_operator.py
[2026-05-09T12:19:18.350+0000] {processor.py:830} INFO - Processing file /home/vscode/.local/lib/python3.11/site-packages/airflow/example_dags/example_subdag_operator.py for tasks to queue
[2026-05-09T12:19:18.350+0000] {logging_mixin.py:188} INFO - [2026-05-09T12:19:18.350+0000] {dagbag.py:545} INFO - Filling up the DagBag from /home/vscode/.local/lib/python3.11/site-packages/airflow/example_dags/example_subdag_operator.py
[2026-05-09T12:19:18.365+0000] {processor.py:840} INFO - DAG(s) 'example_subdag_operator.section-1', 'example_subdag_operator.section-2', 'example_subdag_operator' retrieved from /home/vscode/.local/lib/python3.11/site-packages/airflow/example_dags/example_subdag_operator.py
[2026-05-09T12:19:18.376+0000] {logging_mixin.py:188} INFO - [2026-05-09T12:19:18.376+0000] {dag.py:3096} INFO - Sync 3 DAGs
[2026-05-09T12:19:18.389+0000] {logging_mixin.py:188} INFO - [2026-05-09T12:19:18.389+0000] {dag.py:3954} INFO - Setting next_dagrun for example_subdag_operator to 2022-01-01 00:00:00+00:00, run_after=2022-01-01 00:00:00+00:00
[2026-05-09T12:19:18.391+0000] {logging_mixin.py:188} INFO - [2026-05-09T12:19:18.391+0000] {dag.py:3954} INFO - Setting next_dagrun for example_subdag_operator.section-1 to None, run_after=None
[2026-05-09T12:19:18.392+0000] {logging_mixin.py:188} INFO - [2026-05-09T12:19:18.392+0000] {dag.py:3954} INFO - Setting next_dagrun for example_subdag_operator.section-2 to None, run_after=None
[2026-05-09T12:19:18.396+0000] {logging_mixin.py:188} INFO - [2026-05-09T12:19:18.396+0000] {dag.py:3096} INFO - Sync 2 DAGs
[2026-05-09T12:19:18.399+0000] {logging_mixin.py:188} INFO - [2026-05-09T12:19:18.399+0000] {dag.py:3954} INFO - Setting next_dagrun for example_subdag_operator.section-1 to None, run_after=None
[2026-05-09T12:19:18.399+0000] {logging_mixin.py:188} INFO - [2026-05-09T12:19:18.399+0000] {dag.py:3954} INFO - Setting next_dagrun for example_subdag_operator.section-2 to None, run_after=None
[2026-05-09T12:19:18.410+0000] {processor.py:183} INFO - Processing /home/vscode/.local/lib/python3.11/site-packages/airflow/example_dags/example_subdag_operator.py took 0.067 seconds
[2026-05-09T12:20:03.754+0000] {processor.py:161} INFO - Started process (PID=41152) to work on /home/vscode/.local/lib/python3.11/site-packages/airflow/example_dags/example_subdag_operator.py
[2026-05-09T12:20:03.755+0000] {processor.py:830} INFO - Processing file /home/vscode/.local/lib/python3.11/site-packages/airflow/example_dags/example_subdag_operator.py for tasks to queue
[2026-05-09T12:20:03.755+0000] {logging_mixin.py:188} INFO - [2026-05-09T12:20:03.755+0000] {dagbag.py:545} INFO - Filling up the DagBag from /home/vscode/.local/lib/python3.11/site-packages/airflow/example_dags/example_subdag_operator.py
[2026-05-09T12:20:03.770+0000] {processor.py:840} INFO - DAG(s) 'example_subdag_operator.section-1', 'example_subdag_operator.section-2', 'example_subdag_operator' retrieved from /home/vscode/.local/lib/python3.11/site-packages/airflow/example_dags/example_subdag_operator.py
[2026-05-09T12:20:03.780+0000] {logging_mixin.py:188} INFO - [2026-05-09T12:20:03.780+0000] {dag.py:3096} INFO - Sync 3 DAGs
[2026-05-09T12:20:03.795+0000] {logging_mixin.py:188} INFO - [2026-05-09T12:20:03.795+0000] {dag.py:3954} INFO - Setting next_dagrun for example_subdag_operator to 2022-01-01 00:00:00+00:00, run_after=2022-01-01 00:00:00+00:00
[2026-05-09T12:20:03.798+0000] {logging_mixin.py:188} INFO - [2026-05-09T12:20:03.798+0000] {dag.py:3954} INFO - Setting next_dagrun for example_subdag_operator.section-1 to None, run_after=None
[2026-05-09T12:20:03.800+0000] {logging_mixin.py:188} INFO - [2026-05-09T12:20:03.799+0000] {dag.py:3954} INFO - Setting next_dagrun for example_subdag_operator.section-2 to None, run_after=None
[2026-05-09T12:20:03.805+0000] {logging_mixin.py:188} INFO - [2026-05-09T12:20:03.804+0000] {dag.py:3096} INFO - Sync 2 DAGs
[2026-05-09T12:20:03.808+0000] {logging_mixin.py:188} INFO - [2026-05-09T12:20:03.808+0000] {dag.py:3954} INFO - Setting next_dagrun for example_subdag_operator.section-1 to None, run_after=None
[2026-05-09T12:20:03.808+0000] {logging_mixin.py:188} INFO - [2026-05-09T12:20:03.808+0000] {dag.py:3954} INFO - Setting next_dagrun for example_subdag_operator.section-2 to None, run_after=None
[2026-05-09T12:20:03.846+0000] {processor.py:183} INFO - Processing /home/vscode/.local/lib/python3.11/site-packages/airflow/example_dags/example_subdag_operator.py took 0.099 seconds
[2026-05-09T12:20:46.449+0000] {processor.py:161} INFO - Started process (PID=41525) to work on /home/vscode/.local/lib/python3.11/site-packages/airflow/example_dags/example_subdag_operator.py
[2026-05-09T12:20:46.450+0000] {processor.py:830} INFO - Processing file /home/vscode/.local/lib/python3.11/site-packages/airflow/example_dags/example_subdag_operator.py for tasks to queue
[2026-05-09T12:20:46.450+0000] {logging_mixin.py:188} INFO - [2026-05-09T12:20:46.450+0000] {dagbag.py:545} INFO - Filling up the DagBag from /home/vscode/.local/lib/python3.11/site-packages/airflow/example_dags/example_subdag_operator.py
[2026-05-09T12:20:46.465+0000] {processor.py:840} INFO - DAG(s) 'example_subdag_operator.section-1', 'example_subdag_operator.section-2', 'example_subdag_operator' retrieved from /home/vscode/.local/lib/python3.11/site-packages/airflow/example_dags/example_subdag_operator.py
[2026-05-09T12:20:46.476+0000] {logging_mixin.py:188} INFO - [2026-05-09T12:20:46.476+0000] {dag.py:3096} INFO - Sync 3 DAGs
[2026-05-09T12:20:46.489+0000] {logging_mixin.py:188} INFO - [2026-05-09T12:20:46.489+0000] {dag.py:3954} INFO - Setting next_dagrun for example_subdag_operator to 2022-01-01 00:00:00+00:00, run_after=2022-01-01 00:00:00+00:00
[2026-05-09T12:20:46.492+0000] {logging_mixin.py:188} INFO - [2026-05-09T12:20:46.492+0000] {dag.py:3954} INFO - Setting next_dagrun for example_subdag_operator.section-1 to None, run_after=None
[2026-05-09T12:20:46.492+0000] {logging_mixin.py:188} INFO - [2026-05-09T12:20:46.492+0000] {dag.py:3954} INFO - Setting next_dagrun for example_subdag_operator.section-2 to None, run_after=None
[2026-05-09T12:20:46.496+0000] {logging_mixin.py:188} INFO - [2026-05-09T12:20:46.496+0000] {dag.py:3096} INFO - Sync 2 DAGs
[2026-05-09T12:20:46.499+0000] {logging_mixin.py:188} INFO - [2026-05-09T12:20:46.499+0000] {dag.py:3954} INFO - Setting next_dagrun for example_subdag_operator.section-1 to None, run_after=None
[2026-05-09T12:20:46.499+0000] {logging_mixin.py:188} INFO - [2026-05-09T12:20:46.499+0000] {dag.py:3954} INFO - Setting next_dagrun for example_subdag_operator.section-2 to None, run_after=None
[2026-05-09T12:20:46.510+0000] {processor.py:183} INFO - Processing /home/vscode/.local/lib/python3.11/site-packages/airflow/example_dags/example_subdag_operator.py took 0.067 seconds
[2026-05-09T12:21:26.405+0000] {processor.py:161} INFO - Started process (PID=41807) to work on /home/vscode/.local/lib/python3.11/site-packages/airflow/example_dags/example_subdag_operator.py
[2026-05-09T12:21:26.406+0000] {processor.py:830} INFO - Processing file /home/vscode/.local/lib/python3.11/site-packages/airflow/example_dags/example_subdag_operator.py for tasks to queue
[2026-05-09T12:21:26.406+0000] {logging_mixin.py:188} INFO - [2026-05-09T12:21:26.406+0000] {dagbag.py:545} INFO - Filling up the DagBag from /home/vscode/.local/lib/python3.11/site-packages/airflow/example_dags/example_subdag_operator.py
[2026-05-09T12:21:26.421+0000] {processor.py:840} INFO - DAG(s) 'example_subdag_operator.section-1', 'example_subdag_operator.section-2', 'example_subdag_operator' retrieved from /home/vscode/.local/lib/python3.11/site-packages/airflow/example_dags/example_subdag_operator.py
[2026-05-09T12:21:26.436+0000] {logging_mixin.py:188} INFO - [2026-05-09T12:21:26.436+0000] {dag.py:3096} INFO - Sync 3 DAGs
[2026-05-09T12:21:26.456+0000] {logging_mixin.py:188} INFO - [2026-05-09T12:21:26.456+0000] {dag.py:3954} INFO - Setting next_dagrun for example_subdag_operator to 2022-01-01 00:00:00+00:00, run_after=2022-01-01 00:00:00+00:00
[2026-05-09T12:21:26.459+0000] {logging_mixin.py:188} INFO - [2026-05-09T12:21:26.458+0000] {dag.py:3954} INFO - Setting next_dagrun for example_subdag_operator.section-1 to None, run_after=None
[2026-05-09T12:21:26.460+0000] {logging_mixin.py:188} INFO - [2026-05-09T12:21:26.459+0000] {dag.py:3954} INFO - Setting next_dagrun for example_subdag_operator.section-2 to None, run_after=None
[2026-05-09T12:21:26.466+0000] {logging_mixin.py:188} INFO - [2026-05-09T12:21:26.465+0000] {dag.py:3096} INFO - Sync 2 DAGs
[2026-05-09T12:21:26.469+0000] {logging_mixin.py:188} INFO - [2026-05-09T12:21:26.469+0000] {dag.py:3954} INFO - Setting next_dagrun for example_subdag_operator.section-1 to None, run_after=None
[2026-05-09T12:21:26.470+0000] {logging_mixin.py:188} INFO - [2026-05-09T12:21:26.470+0000] {dag.py:3954} INFO - Setting next_dagrun for example_subdag_operator.section-2 to None, run_after=None
[2026-05-09T12:21:26.482+0000] {processor.py:183} INFO - Processing /home/vscode/.local/lib/python3.11/site-packages/airflow/example_dags/example_subdag_operator.py took 0.083 seconds
