[2026-05-09T11:18:45.150+0000] {processor.py:161} INFO - Started process (PID=7120) to work on /home/vscode/.local/lib/python3.11/site-packages/airflow/example_dags/example_trigger_controller_dag.py
[2026-05-09T11:18:45.151+0000] {processor.py:830} INFO - Processing file /home/vscode/.local/lib/python3.11/site-packages/airflow/example_dags/example_trigger_controller_dag.py for tasks to queue
[2026-05-09T11:18:45.151+0000] {logging_mixin.py:188} INFO - [2026-05-09T11:18:45.151+0000] {dagbag.py:545} INFO - Filling up the DagBag from /home/vscode/.local/lib/python3.11/site-packages/airflow/example_dags/example_trigger_controller_dag.py
[2026-05-09T11:18:45.156+0000] {processor.py:840} INFO - DAG(s) 'example_trigger_controller_dag' retrieved from /home/vscode/.local/lib/python3.11/site-packages/airflow/example_dags/example_trigger_controller_dag.py
[2026-05-09T11:18:45.162+0000] {logging_mixin.py:188} INFO - [2026-05-09T11:18:45.161+0000] {dag.py:3096} INFO - Sync 1 DAGs
[2026-05-09T11:18:45.178+0000] {logging_mixin.py:188} INFO - [2026-05-09T11:18:45.178+0000] {dag.py:3954} INFO - Setting next_dagrun for example_trigger_controller_dag to 2021-01-01 00:00:00+00:00, run_after=2021-01-01 00:00:00+00:00
[2026-05-09T11:18:45.194+0000] {processor.py:183} INFO - Processing /home/vscode/.local/lib/python3.11/site-packages/airflow/example_dags/example_trigger_controller_dag.py took 0.050 seconds
[2026-05-09T11:19:42.918+0000] {processor.py:161} INFO - Started process (PID=7603) to work on /home/vscode/.local/lib/python3.11/site-packages/airflow/example_dags/example_trigger_controller_dag.py
[2026-05-09T11:19:42.918+0000] {processor.py:830} INFO - Processing file /home/vscode/.local/lib/python3.11/site-packages/airflow/example_dags/example_trigger_controller_dag.py for tasks to queue
[2026-05-09T11:19:42.919+0000] {logging_mixin.py:188} INFO - [2026-05-09T11:19:42.919+0000] {dagbag.py:545} INFO - Filling up the DagBag from /home/vscode/.local/lib/python3.11/site-packages/airflow/example_dags/example_trigger_controller_dag.py
[2026-05-09T11:19:42.922+0000] {processor.py:840} INFO - DAG(s) 'example_trigger_controller_dag' retrieved from /home/vscode/.local/lib/python3.11/site-packages/airflow/example_dags/example_trigger_controller_dag.py
[2026-05-09T11:19:43.083+0000] {logging_mixin.py:188} INFO - [2026-05-09T11:19:43.083+0000] {dag.py:3096} INFO - Sync 1 DAGs
[2026-05-09T11:19:43.094+0000] {logging_mixin.py:188} INFO - [2026-05-09T11:19:43.094+0000] {dag.py:3954} INFO - Setting next_dagrun for example_trigger_controller_dag to 2021-01-01 00:00:00+00:00, run_after=2021-01-01 00:00:00+00:00
[2026-05-09T11:19:43.110+0000] {processor.py:183} INFO - Processing /home/vscode/.local/lib/python3.11/site-packages/airflow/example_dags/example_trigger_controller_dag.py took 0.198 seconds
[2026-05-09T11:20:35.892+0000] {processor.py:161} INFO - Started process (PID=8061) to work on /home/vscode/.local/lib/python3.11/site-packages/airflow/example_dags/example_trigger_controller_dag.py
[2026-05-09T11:20:35.892+0000] {processor.py:830} INFO - Processing file /home/vscode/.local/lib/python3.11/site-packages/airflow/example_dags/example_trigger_controller_dag.py for tasks to queue
[2026-05-09T11:20:35.893+0000] {logging_mixin.py:188} INFO - [2026-05-09T11:20:35.892+0000] {dagbag.py:545} INFO - Filling up the DagBag from /home/vscode/.local/lib/python3.11/site-packages/airflow/example_dags/example_trigger_controller_dag.py
[2026-05-09T11:20:35.896+0000] {processor.py:840} INFO - DAG(s) 'example_trigger_controller_dag' retrieved from /home/vscode/.local/lib/python3.11/site-packages/airflow/example_dags/example_trigger_controller_dag.py
[2026-05-09T11:20:35.906+0000] {logging_mixin.py:188} INFO - [2026-05-09T11:20:35.906+0000] {dag.py:3096} INFO - Sync 1 DAGs
[2026-05-09T11:20:35.919+0000] {logging_mixin.py:188} INFO - [2026-05-09T11:20:35.919+0000] {dag.py:3954} INFO - Setting next_dagrun for example_trigger_controller_dag to 2021-01-01 00:00:00+00:00, run_after=2021-01-01 00:00:00+00:00
[2026-05-09T11:20:35.934+0000] {processor.py:183} INFO - Processing /home/vscode/.local/lib/python3.11/site-packages/airflow/example_dags/example_trigger_controller_dag.py took 0.049 seconds
[2026-05-09T11:21:19.591+0000] {processor.py:161} INFO - Started process (PID=8397) to work on /home/vscode/.local/lib/python3.11/site-packages/airflow/example_dags/example_trigger_controller_dag.py
[2026-05-09T11:21:19.592+0000] {processor.py:830} INFO - Processing file /home/vscode/.local/lib/python3.11/site-packages/airflow/example_dags/example_trigger_controller_dag.py for tasks to queue
[2026-05-09T11:21:19.592+0000] {logging_mixin.py:188} INFO - [2026-05-09T11:21:19.592+0000] {dagbag.py:545} INFO - Filling up the DagBag from /home/vscode/.local/lib/python3.11/site-packages/airflow/example_dags/example_trigger_controller_dag.py
[2026-05-09T11:21:19.596+0000] {processor.py:840} INFO - DAG(s) 'example_trigger_controller_dag' retrieved from /home/vscode/.local/lib/python3.11/site-packages/airflow/example_dags/example_trigger_controller_dag.py
[2026-05-09T11:21:19.606+0000] {logging_mixin.py:188} INFO - [2026-05-09T11:21:19.606+0000] {dag.py:3096} INFO - Sync 1 DAGs
[2026-05-09T11:21:19.618+0000] {logging_mixin.py:188} INFO - [2026-05-09T11:21:19.618+0000] {dag.py:3954} INFO - Setting next_dagrun for example_trigger_controller_dag to 2021-01-01 00:00:00+00:00, run_after=2021-01-01 00:00:00+00:00
[2026-05-09T11:21:19.633+0000] {processor.py:183} INFO - Processing /home/vscode/.local/lib/python3.11/site-packages/airflow/example_dags/example_trigger_controller_dag.py took 0.048 seconds
[2026-05-09T11:22:11.851+0000] {processor.py:161} INFO - Started process (PID=8958) to work on /home/vscode/.local/lib/python3.11/site-packages/airflow/example_dags/example_trigger_controller_dag.py
[2026-05-09T11:22:11.851+0000] {processor.py:830} INFO - Processing file /home/vscode/.local/lib/python3.11/site-packages/airflow/example_dags/example_trigger_controller_dag.py for tasks to queue
[2026-05-09T11:22:11.852+0000] {logging_mixin.py:188} INFO - [2026-05-09T11:22:11.852+0000] {dagbag.py:545} INFO - Filling up the DagBag from /home/vscode/.local/lib/python3.11/site-packages/airflow/example_dags/example_trigger_controller_dag.py
[2026-05-09T11:22:11.855+0000] {processor.py:840} INFO - DAG(s) 'example_trigger_controller_dag' retrieved from /home/vscode/.local/lib/python3.11/site-packages/airflow/example_dags/example_trigger_controller_dag.py
[2026-05-09T11:22:11.866+0000] {logging_mixin.py:188} INFO - [2026-05-09T11:22:11.865+0000] {dag.py:3096} INFO - Sync 1 DAGs
[2026-05-09T11:22:11.878+0000] {logging_mixin.py:188} INFO - [2026-05-09T11:22:11.878+0000] {dag.py:3954} INFO - Setting next_dagrun for example_trigger_controller_dag to 2021-01-01 00:00:00+00:00, run_after=2021-01-01 00:00:00+00:00
[2026-05-09T11:22:11.894+0000] {processor.py:183} INFO - Processing /home/vscode/.local/lib/python3.11/site-packages/airflow/example_dags/example_trigger_controller_dag.py took 0.049 seconds
[2026-05-09T11:22:49.246+0000] {processor.py:161} INFO - Started process (PID=9405) to work on /home/vscode/.local/lib/python3.11/site-packages/airflow/example_dags/example_trigger_controller_dag.py
[2026-05-09T11:22:49.246+0000] {processor.py:830} INFO - Processing file /home/vscode/.local/lib/python3.11/site-packages/airflow/example_dags/example_trigger_controller_dag.py for tasks to queue
[2026-05-09T11:22:49.247+0000] {logging_mixin.py:188} INFO - [2026-05-09T11:22:49.246+0000] {dagbag.py:545} INFO - Filling up the DagBag from /home/vscode/.local/lib/python3.11/site-packages/airflow/example_dags/example_trigger_controller_dag.py
[2026-05-09T11:22:49.250+0000] {processor.py:840} INFO - DAG(s) 'example_trigger_controller_dag' retrieved from /home/vscode/.local/lib/python3.11/site-packages/airflow/example_dags/example_trigger_controller_dag.py
[2026-05-09T11:22:49.261+0000] {logging_mixin.py:188} INFO - [2026-05-09T11:22:49.261+0000] {dag.py:3096} INFO - Sync 1 DAGs
[2026-05-09T11:22:49.274+0000] {logging_mixin.py:188} INFO - [2026-05-09T11:22:49.274+0000] {dag.py:3954} INFO - Setting next_dagrun for example_trigger_controller_dag to 2021-01-01 00:00:00+00:00, run_after=2021-01-01 00:00:00+00:00
[2026-05-09T11:22:49.290+0000] {processor.py:183} INFO - Processing /home/vscode/.local/lib/python3.11/site-packages/airflow/example_dags/example_trigger_controller_dag.py took 0.050 seconds
[2026-05-09T11:23:30.587+0000] {processor.py:161} INFO - Started process (PID=9909) to work on /home/vscode/.local/lib/python3.11/site-packages/airflow/example_dags/example_trigger_controller_dag.py
[2026-05-09T11:23:30.587+0000] {processor.py:830} INFO - Processing file /home/vscode/.local/lib/python3.11/site-packages/airflow/example_dags/example_trigger_controller_dag.py for tasks to queue
[2026-05-09T11:23:30.588+0000] {logging_mixin.py:188} INFO - [2026-05-09T11:23:30.587+0000] {dagbag.py:545} INFO - Filling up the DagBag from /home/vscode/.local/lib/python3.11/site-packages/airflow/example_dags/example_trigger_controller_dag.py
[2026-05-09T11:23:30.591+0000] {processor.py:840} INFO - DAG(s) 'example_trigger_controller_dag' retrieved from /home/vscode/.local/lib/python3.11/site-packages/airflow/example_dags/example_trigger_controller_dag.py
[2026-05-09T11:23:30.601+0000] {logging_mixin.py:188} INFO - [2026-05-09T11:23:30.601+0000] {dag.py:3096} INFO - Sync 1 DAGs
[2026-05-09T11:23:30.619+0000] {logging_mixin.py:188} INFO - [2026-05-09T11:23:30.619+0000] {dag.py:3954} INFO - Setting next_dagrun for example_trigger_controller_dag to 2021-01-01 00:00:00+00:00, run_after=2021-01-01 00:00:00+00:00
[2026-05-09T11:23:30.637+0000] {processor.py:183} INFO - Processing /home/vscode/.local/lib/python3.11/site-packages/airflow/example_dags/example_trigger_controller_dag.py took 0.057 seconds
[2026-05-09T11:24:11.604+0000] {processor.py:161} INFO - Started process (PID=10471) to work on /home/vscode/.local/lib/python3.11/site-packages/airflow/example_dags/example_trigger_controller_dag.py
[2026-05-09T11:24:11.605+0000] {processor.py:830} INFO - Processing file /home/vscode/.local/lib/python3.11/site-packages/airflow/example_dags/example_trigger_controller_dag.py for tasks to queue
[2026-05-09T11:24:11.605+0000] {logging_mixin.py:188} INFO - [2026-05-09T11:24:11.605+0000] {dagbag.py:545} INFO - Filling up the DagBag from /home/vscode/.local/lib/python3.11/site-packages/airflow/example_dags/example_trigger_controller_dag.py
[2026-05-09T11:24:11.609+0000] {processor.py:840} INFO - DAG(s) 'example_trigger_controller_dag' retrieved from /home/vscode/.local/lib/python3.11/site-packages/airflow/example_dags/example_trigger_controller_dag.py
[2026-05-09T11:24:11.620+0000] {logging_mixin.py:188} INFO - [2026-05-09T11:24:11.619+0000] {dag.py:3096} INFO - Sync 1 DAGs
[2026-05-09T11:24:11.633+0000] {logging_mixin.py:188} INFO - [2026-05-09T11:24:11.633+0000] {dag.py:3954} INFO - Setting next_dagrun for example_trigger_controller_dag to 2021-01-01 00:00:00+00:00, run_after=2021-01-01 00:00:00+00:00
[2026-05-09T11:24:11.650+0000] {processor.py:183} INFO - Processing /home/vscode/.local/lib/python3.11/site-packages/airflow/example_dags/example_trigger_controller_dag.py took 0.052 seconds
[2026-05-09T11:24:52.942+0000] {processor.py:161} INFO - Started process (PID=11071) to work on /home/vscode/.local/lib/python3.11/site-packages/airflow/example_dags/example_trigger_controller_dag.py
[2026-05-09T11:24:52.942+0000] {processor.py:830} INFO - Processing file /home/vscode/.local/lib/python3.11/site-packages/airflow/example_dags/example_trigger_controller_dag.py for tasks to queue
[2026-05-09T11:24:52.943+0000] {logging_mixin.py:188} INFO - [2026-05-09T11:24:52.943+0000] {dagbag.py:545} INFO - Filling up the DagBag from /home/vscode/.local/lib/python3.11/site-packages/airflow/example_dags/example_trigger_controller_dag.py
[2026-05-09T11:24:52.946+0000] {processor.py:840} INFO - DAG(s) 'example_trigger_controller_dag' retrieved from /home/vscode/.local/lib/python3.11/site-packages/airflow/example_dags/example_trigger_controller_dag.py
[2026-05-09T11:24:52.958+0000] {logging_mixin.py:188} INFO - [2026-05-09T11:24:52.958+0000] {dag.py:3096} INFO - Sync 1 DAGs
[2026-05-09T11:24:52.974+0000] {logging_mixin.py:188} INFO - [2026-05-09T11:24:52.974+0000] {dag.py:3954} INFO - Setting next_dagrun for example_trigger_controller_dag to 2021-01-01 00:00:00+00:00, run_after=2021-01-01 00:00:00+00:00
[2026-05-09T11:24:52.989+0000] {processor.py:183} INFO - Processing /home/vscode/.local/lib/python3.11/site-packages/airflow/example_dags/example_trigger_controller_dag.py took 0.055 seconds
[2026-05-09T11:25:33.371+0000] {processor.py:161} INFO - Started process (PID=11460) to work on /home/vscode/.local/lib/python3.11/site-packages/airflow/example_dags/example_trigger_controller_dag.py
[2026-05-09T11:25:33.372+0000] {processor.py:830} INFO - Processing file /home/vscode/.local/lib/python3.11/site-packages/airflow/example_dags/example_trigger_controller_dag.py for tasks to queue
[2026-05-09T11:25:33.372+0000] {logging_mixin.py:188} INFO - [2026-05-09T11:25:33.372+0000] {dagbag.py:545} INFO - Filling up the DagBag from /home/vscode/.local/lib/python3.11/site-packages/airflow/example_dags/example_trigger_controller_dag.py
[2026-05-09T11:25:33.376+0000] {processor.py:840} INFO - DAG(s) 'example_trigger_controller_dag' retrieved from /home/vscode/.local/lib/python3.11/site-packages/airflow/example_dags/example_trigger_controller_dag.py
[2026-05-09T11:25:33.387+0000] {logging_mixin.py:188} INFO - [2026-05-09T11:25:33.386+0000] {dag.py:3096} INFO - Sync 1 DAGs
[2026-05-09T11:25:33.400+0000] {logging_mixin.py:188} INFO - [2026-05-09T11:25:33.400+0000] {dag.py:3954} INFO - Setting next_dagrun for example_trigger_controller_dag to 2021-01-01 00:00:00+00:00, run_after=2021-01-01 00:00:00+00:00
[2026-05-09T11:25:33.415+0000] {processor.py:183} INFO - Processing /home/vscode/.local/lib/python3.11/site-packages/airflow/example_dags/example_trigger_controller_dag.py took 0.051 seconds
[2026-05-09T11:26:13.756+0000] {processor.py:161} INFO - Started process (PID=11729) to work on /home/vscode/.local/lib/python3.11/site-packages/airflow/example_dags/example_trigger_controller_dag.py
[2026-05-09T11:26:13.757+0000] {processor.py:830} INFO - Processing file /home/vscode/.local/lib/python3.11/site-packages/airflow/example_dags/example_trigger_controller_dag.py for tasks to queue
[2026-05-09T11:26:13.757+0000] {logging_mixin.py:188} INFO - [2026-05-09T11:26:13.757+0000] {dagbag.py:545} INFO - Filling up the DagBag from /home/vscode/.local/lib/python3.11/site-packages/airflow/example_dags/example_trigger_controller_dag.py
[2026-05-09T11:26:13.764+0000] {processor.py:840} INFO - DAG(s) 'example_trigger_controller_dag' retrieved from /home/vscode/.local/lib/python3.11/site-packages/airflow/example_dags/example_trigger_controller_dag.py
[2026-05-09T11:26:13.780+0000] {logging_mixin.py:188} INFO - [2026-05-09T11:26:13.780+0000] {dag.py:3096} INFO - Sync 1 DAGs
[2026-05-09T11:26:13.800+0000] {logging_mixin.py:188} INFO - [2026-05-09T11:26:13.799+0000] {dag.py:3954} INFO - Setting next_dagrun for example_trigger_controller_dag to 2021-01-01 00:00:00+00:00, run_after=2021-01-01 00:00:00+00:00
[2026-05-09T11:26:13.823+0000] {processor.py:183} INFO - Processing /home/vscode/.local/lib/python3.11/site-packages/airflow/example_dags/example_trigger_controller_dag.py took 0.078 seconds
[2026-05-09T11:26:53.676+0000] {processor.py:161} INFO - Started process (PID=12249) to work on /home/vscode/.local/lib/python3.11/site-packages/airflow/example_dags/example_trigger_controller_dag.py
[2026-05-09T11:26:53.677+0000] {processor.py:830} INFO - Processing file /home/vscode/.local/lib/python3.11/site-packages/airflow/example_dags/example_trigger_controller_dag.py for tasks to queue
[2026-05-09T11:26:53.677+0000] {logging_mixin.py:188} INFO - [2026-05-09T11:26:53.677+0000] {dagbag.py:545} INFO - Filling up the DagBag from /home/vscode/.local/lib/python3.11/site-packages/airflow/example_dags/example_trigger_controller_dag.py
[2026-05-09T11:26:53.680+0000] {processor.py:840} INFO - DAG(s) 'example_trigger_controller_dag' retrieved from /home/vscode/.local/lib/python3.11/site-packages/airflow/example_dags/example_trigger_controller_dag.py
[2026-05-09T11:26:53.691+0000] {logging_mixin.py:188} INFO - [2026-05-09T11:26:53.690+0000] {dag.py:3096} INFO - Sync 1 DAGs
[2026-05-09T11:26:53.703+0000] {logging_mixin.py:188} INFO - [2026-05-09T11:26:53.703+0000] {dag.py:3954} INFO - Setting next_dagrun for example_trigger_controller_dag to 2021-01-01 00:00:00+00:00, run_after=2021-01-01 00:00:00+00:00
[2026-05-09T11:26:53.718+0000] {processor.py:183} INFO - Processing /home/vscode/.local/lib/python3.11/site-packages/airflow/example_dags/example_trigger_controller_dag.py took 0.049 seconds
[2026-05-09T11:27:32.835+0000] {processor.py:161} INFO - Started process (PID=12724) to work on /home/vscode/.local/lib/python3.11/site-packages/airflow/example_dags/example_trigger_controller_dag.py
[2026-05-09T11:27:32.835+0000] {processor.py:830} INFO - Processing file /home/vscode/.local/lib/python3.11/site-packages/airflow/example_dags/example_trigger_controller_dag.py for tasks to queue
[2026-05-09T11:27:32.836+0000] {logging_mixin.py:188} INFO - [2026-05-09T11:27:32.836+0000] {dagbag.py:545} INFO - Filling up the DagBag from /home/vscode/.local/lib/python3.11/site-packages/airflow/example_dags/example_trigger_controller_dag.py
[2026-05-09T11:27:32.839+0000] {processor.py:840} INFO - DAG(s) 'example_trigger_controller_dag' retrieved from /home/vscode/.local/lib/python3.11/site-packages/airflow/example_dags/example_trigger_controller_dag.py
[2026-05-09T11:27:32.850+0000] {logging_mixin.py:188} INFO - [2026-05-09T11:27:32.850+0000] {dag.py:3096} INFO - Sync 1 DAGs
[2026-05-09T11:27:32.863+0000] {logging_mixin.py:188} INFO - [2026-05-09T11:27:32.863+0000] {dag.py:3954} INFO - Setting next_dagrun for example_trigger_controller_dag to 2021-01-01 00:00:00+00:00, run_after=2021-01-01 00:00:00+00:00
[2026-05-09T11:27:32.878+0000] {processor.py:183} INFO - Processing /home/vscode/.local/lib/python3.11/site-packages/airflow/example_dags/example_trigger_controller_dag.py took 0.050 seconds
[2026-05-09T11:28:13.583+0000] {processor.py:161} INFO - Started process (PID=13175) to work on /home/vscode/.local/lib/python3.11/site-packages/airflow/example_dags/example_trigger_controller_dag.py
[2026-05-09T11:28:13.583+0000] {processor.py:830} INFO - Processing file /home/vscode/.local/lib/python3.11/site-packages/airflow/example_dags/example_trigger_controller_dag.py for tasks to queue
[2026-05-09T11:28:13.584+0000] {logging_mixin.py:188} INFO - [2026-05-09T11:28:13.584+0000] {dagbag.py:545} INFO - Filling up the DagBag from /home/vscode/.local/lib/python3.11/site-packages/airflow/example_dags/example_trigger_controller_dag.py
[2026-05-09T11:28:13.587+0000] {processor.py:840} INFO - DAG(s) 'example_trigger_controller_dag' retrieved from /home/vscode/.local/lib/python3.11/site-packages/airflow/example_dags/example_trigger_controller_dag.py
[2026-05-09T11:28:13.598+0000] {logging_mixin.py:188} INFO - [2026-05-09T11:28:13.597+0000] {dag.py:3096} INFO - Sync 1 DAGs
[2026-05-09T11:28:13.610+0000] {logging_mixin.py:188} INFO - [2026-05-09T11:28:13.610+0000] {dag.py:3954} INFO - Setting next_dagrun for example_trigger_controller_dag to 2021-01-01 00:00:00+00:00, run_after=2021-01-01 00:00:00+00:00
[2026-05-09T11:28:13.626+0000] {processor.py:183} INFO - Processing /home/vscode/.local/lib/python3.11/site-packages/airflow/example_dags/example_trigger_controller_dag.py took 0.049 seconds
[2026-05-09T11:28:53.614+0000] {processor.py:161} INFO - Started process (PID=13697) to work on /home/vscode/.local/lib/python3.11/site-packages/airflow/example_dags/example_trigger_controller_dag.py
[2026-05-09T11:28:53.614+0000] {processor.py:830} INFO - Processing file /home/vscode/.local/lib/python3.11/site-packages/airflow/example_dags/example_trigger_controller_dag.py for tasks to queue
[2026-05-09T11:28:53.615+0000] {logging_mixin.py:188} INFO - [2026-05-09T11:28:53.615+0000] {dagbag.py:545} INFO - Filling up the DagBag from /home/vscode/.local/lib/python3.11/site-packages/airflow/example_dags/example_trigger_controller_dag.py
[2026-05-09T11:28:53.620+0000] {processor.py:840} INFO - DAG(s) 'example_trigger_controller_dag' retrieved from /home/vscode/.local/lib/python3.11/site-packages/airflow/example_dags/example_trigger_controller_dag.py
[2026-05-09T11:28:53.633+0000] {logging_mixin.py:188} INFO - [2026-05-09T11:28:53.633+0000] {dag.py:3096} INFO - Sync 1 DAGs
[2026-05-09T11:28:53.646+0000] {logging_mixin.py:188} INFO - [2026-05-09T11:28:53.646+0000] {dag.py:3954} INFO - Setting next_dagrun for example_trigger_controller_dag to 2021-01-01 00:00:00+00:00, run_after=2021-01-01 00:00:00+00:00
[2026-05-09T11:28:53.661+0000] {processor.py:183} INFO - Processing /home/vscode/.local/lib/python3.11/site-packages/airflow/example_dags/example_trigger_controller_dag.py took 0.055 seconds
[2026-05-09T11:29:35.190+0000] {processor.py:161} INFO - Started process (PID=14065) to work on /home/vscode/.local/lib/python3.11/site-packages/airflow/example_dags/example_trigger_controller_dag.py
[2026-05-09T11:29:35.191+0000] {processor.py:830} INFO - Processing file /home/vscode/.local/lib/python3.11/site-packages/airflow/example_dags/example_trigger_controller_dag.py for tasks to queue
[2026-05-09T11:29:35.191+0000] {logging_mixin.py:188} INFO - [2026-05-09T11:29:35.191+0000] {dagbag.py:545} INFO - Filling up the DagBag from /home/vscode/.local/lib/python3.11/site-packages/airflow/example_dags/example_trigger_controller_dag.py
[2026-05-09T11:29:35.194+0000] {processor.py:840} INFO - DAG(s) 'example_trigger_controller_dag' retrieved from /home/vscode/.local/lib/python3.11/site-packages/airflow/example_dags/example_trigger_controller_dag.py
[2026-05-09T11:29:35.205+0000] {logging_mixin.py:188} INFO - [2026-05-09T11:29:35.205+0000] {dag.py:3096} INFO - Sync 1 DAGs
[2026-05-09T11:29:35.218+0000] {logging_mixin.py:188} INFO - [2026-05-09T11:29:35.218+0000] {dag.py:3954} INFO - Setting next_dagrun for example_trigger_controller_dag to 2021-01-01 00:00:00+00:00, run_after=2021-01-01 00:00:00+00:00
[2026-05-09T11:29:35.235+0000] {processor.py:183} INFO - Processing /home/vscode/.local/lib/python3.11/site-packages/airflow/example_dags/example_trigger_controller_dag.py took 0.065 seconds
[2026-05-09T11:30:19.772+0000] {processor.py:161} INFO - Started process (PID=14470) to work on /home/vscode/.local/lib/python3.11/site-packages/airflow/example_dags/example_trigger_controller_dag.py
[2026-05-09T11:30:19.773+0000] {processor.py:830} INFO - Processing file /home/vscode/.local/lib/python3.11/site-packages/airflow/example_dags/example_trigger_controller_dag.py for tasks to queue
[2026-05-09T11:30:19.773+0000] {logging_mixin.py:188} INFO - [2026-05-09T11:30:19.773+0000] {dagbag.py:545} INFO - Filling up the DagBag from /home/vscode/.local/lib/python3.11/site-packages/airflow/example_dags/example_trigger_controller_dag.py
[2026-05-09T11:30:19.777+0000] {processor.py:840} INFO - DAG(s) 'example_trigger_controller_dag' retrieved from /home/vscode/.local/lib/python3.11/site-packages/airflow/example_dags/example_trigger_controller_dag.py
[2026-05-09T11:30:19.790+0000] {logging_mixin.py:188} INFO - [2026-05-09T11:30:19.790+0000] {dag.py:3096} INFO - Sync 1 DAGs
[2026-05-09T11:30:19.805+0000] {logging_mixin.py:188} INFO - [2026-05-09T11:30:19.805+0000] {dag.py:3954} INFO - Setting next_dagrun for example_trigger_controller_dag to 2021-01-01 00:00:00+00:00, run_after=2021-01-01 00:00:00+00:00
[2026-05-09T11:30:19.825+0000] {processor.py:183} INFO - Processing /home/vscode/.local/lib/python3.11/site-packages/airflow/example_dags/example_trigger_controller_dag.py took 0.060 seconds
[2026-05-09T11:30:58.848+0000] {processor.py:161} INFO - Started process (PID=15020) to work on /home/vscode/.local/lib/python3.11/site-packages/airflow/example_dags/example_trigger_controller_dag.py
[2026-05-09T11:30:58.848+0000] {processor.py:830} INFO - Processing file /home/vscode/.local/lib/python3.11/site-packages/airflow/example_dags/example_trigger_controller_dag.py for tasks to queue
[2026-05-09T11:30:58.849+0000] {logging_mixin.py:188} INFO - [2026-05-09T11:30:58.849+0000] {dagbag.py:545} INFO - Filling up the DagBag from /home/vscode/.local/lib/python3.11/site-packages/airflow/example_dags/example_trigger_controller_dag.py
[2026-05-09T11:30:58.852+0000] {processor.py:840} INFO - DAG(s) 'example_trigger_controller_dag' retrieved from /home/vscode/.local/lib/python3.11/site-packages/airflow/example_dags/example_trigger_controller_dag.py
[2026-05-09T11:30:58.863+0000] {logging_mixin.py:188} INFO - [2026-05-09T11:30:58.863+0000] {dag.py:3096} INFO - Sync 1 DAGs
[2026-05-09T11:30:58.877+0000] {logging_mixin.py:188} INFO - [2026-05-09T11:30:58.877+0000] {dag.py:3954} INFO - Setting next_dagrun for example_trigger_controller_dag to 2021-01-01 00:00:00+00:00, run_after=2021-01-01 00:00:00+00:00
[2026-05-09T11:30:58.892+0000] {processor.py:183} INFO - Processing /home/vscode/.local/lib/python3.11/site-packages/airflow/example_dags/example_trigger_controller_dag.py took 0.051 seconds
[2026-05-09T11:31:39.268+0000] {processor.py:161} INFO - Started process (PID=15533) to work on /home/vscode/.local/lib/python3.11/site-packages/airflow/example_dags/example_trigger_controller_dag.py
[2026-05-09T11:31:39.268+0000] {processor.py:830} INFO - Processing file /home/vscode/.local/lib/python3.11/site-packages/airflow/example_dags/example_trigger_controller_dag.py for tasks to queue
[2026-05-09T11:31:39.269+0000] {logging_mixin.py:188} INFO - [2026-05-09T11:31:39.269+0000] {dagbag.py:545} INFO - Filling up the DagBag from /home/vscode/.local/lib/python3.11/site-packages/airflow/example_dags/example_trigger_controller_dag.py
[2026-05-09T11:31:39.272+0000] {processor.py:840} INFO - DAG(s) 'example_trigger_controller_dag' retrieved from /home/vscode/.local/lib/python3.11/site-packages/airflow/example_dags/example_trigger_controller_dag.py
[2026-05-09T11:31:39.283+0000] {logging_mixin.py:188} INFO - [2026-05-09T11:31:39.283+0000] {dag.py:3096} INFO - Sync 1 DAGs
[2026-05-09T11:31:39.297+0000] {logging_mixin.py:188} INFO - [2026-05-09T11:31:39.297+0000] {dag.py:3954} INFO - Setting next_dagrun for example_trigger_controller_dag to 2021-01-01 00:00:00+00:00, run_after=2021-01-01 00:00:00+00:00
[2026-05-09T11:31:39.313+0000] {processor.py:183} INFO - Processing /home/vscode/.local/lib/python3.11/site-packages/airflow/example_dags/example_trigger_controller_dag.py took 0.052 seconds
[2026-05-09T11:32:24.619+0000] {processor.py:161} INFO - Started process (PID=15865) to work on /home/vscode/.local/lib/python3.11/site-packages/airflow/example_dags/example_trigger_controller_dag.py
[2026-05-09T11:32:24.620+0000] {processor.py:830} INFO - Processing file /home/vscode/.local/lib/python3.11/site-packages/airflow/example_dags/example_trigger_controller_dag.py for tasks to queue
[2026-05-09T11:32:24.620+0000] {logging_mixin.py:188} INFO - [2026-05-09T11:32:24.620+0000] {dagbag.py:545} INFO - Filling up the DagBag from /home/vscode/.local/lib/python3.11/site-packages/airflow/example_dags/example_trigger_controller_dag.py
[2026-05-09T11:32:24.623+0000] {processor.py:840} INFO - DAG(s) 'example_trigger_controller_dag' retrieved from /home/vscode/.local/lib/python3.11/site-packages/airflow/example_dags/example_trigger_controller_dag.py
[2026-05-09T11:32:24.634+0000] {logging_mixin.py:188} INFO - [2026-05-09T11:32:24.634+0000] {dag.py:3096} INFO - Sync 1 DAGs
[2026-05-09T11:32:24.648+0000] {logging_mixin.py:188} INFO - [2026-05-09T11:32:24.648+0000] {dag.py:3954} INFO - Setting next_dagrun for example_trigger_controller_dag to 2021-01-01 00:00:00+00:00, run_after=2021-01-01 00:00:00+00:00
[2026-05-09T11:32:24.663+0000] {processor.py:183} INFO - Processing /home/vscode/.local/lib/python3.11/site-packages/airflow/example_dags/example_trigger_controller_dag.py took 0.051 seconds
[2026-05-09T11:33:07.550+0000] {processor.py:161} INFO - Started process (PID=16240) to work on /home/vscode/.local/lib/python3.11/site-packages/airflow/example_dags/example_trigger_controller_dag.py
[2026-05-09T11:33:07.550+0000] {processor.py:830} INFO - Processing file /home/vscode/.local/lib/python3.11/site-packages/airflow/example_dags/example_trigger_controller_dag.py for tasks to queue
[2026-05-09T11:33:07.551+0000] {logging_mixin.py:188} INFO - [2026-05-09T11:33:07.550+0000] {dagbag.py:545} INFO - Filling up the DagBag from /home/vscode/.local/lib/python3.11/site-packages/airflow/example_dags/example_trigger_controller_dag.py
[2026-05-09T11:33:07.555+0000] {processor.py:840} INFO - DAG(s) 'example_trigger_controller_dag' retrieved from /home/vscode/.local/lib/python3.11/site-packages/airflow/example_dags/example_trigger_controller_dag.py
[2026-05-09T11:33:07.567+0000] {logging_mixin.py:188} INFO - [2026-05-09T11:33:07.567+0000] {dag.py:3096} INFO - Sync 1 DAGs
[2026-05-09T11:33:07.583+0000] {logging_mixin.py:188} INFO - [2026-05-09T11:33:07.582+0000] {dag.py:3954} INFO - Setting next_dagrun for example_trigger_controller_dag to 2021-01-01 00:00:00+00:00, run_after=2021-01-01 00:00:00+00:00
[2026-05-09T11:33:07.602+0000] {processor.py:183} INFO - Processing /home/vscode/.local/lib/python3.11/site-packages/airflow/example_dags/example_trigger_controller_dag.py took 0.061 seconds
[2026-05-09T11:33:49.392+0000] {processor.py:161} INFO - Started process (PID=16671) to work on /home/vscode/.local/lib/python3.11/site-packages/airflow/example_dags/example_trigger_controller_dag.py
[2026-05-09T11:33:49.393+0000] {processor.py:830} INFO - Processing file /home/vscode/.local/lib/python3.11/site-packages/airflow/example_dags/example_trigger_controller_dag.py for tasks to queue
[2026-05-09T11:33:49.393+0000] {logging_mixin.py:188} INFO - [2026-05-09T11:33:49.393+0000] {dagbag.py:545} INFO - Filling up the DagBag from /home/vscode/.local/lib/python3.11/site-packages/airflow/example_dags/example_trigger_controller_dag.py
[2026-05-09T11:33:49.397+0000] {processor.py:840} INFO - DAG(s) 'example_trigger_controller_dag' retrieved from /home/vscode/.local/lib/python3.11/site-packages/airflow/example_dags/example_trigger_controller_dag.py
[2026-05-09T11:33:49.408+0000] {logging_mixin.py:188} INFO - [2026-05-09T11:33:49.408+0000] {dag.py:3096} INFO - Sync 1 DAGs
[2026-05-09T11:33:49.427+0000] {logging_mixin.py:188} INFO - [2026-05-09T11:33:49.427+0000] {dag.py:3954} INFO - Setting next_dagrun for example_trigger_controller_dag to 2021-01-01 00:00:00+00:00, run_after=2021-01-01 00:00:00+00:00
[2026-05-09T11:33:49.450+0000] {processor.py:183} INFO - Processing /home/vscode/.local/lib/python3.11/site-packages/airflow/example_dags/example_trigger_controller_dag.py took 0.064 seconds
[2026-05-09T11:34:31.607+0000] {processor.py:161} INFO - Started process (PID=16980) to work on /home/vscode/.local/lib/python3.11/site-packages/airflow/example_dags/example_trigger_controller_dag.py
[2026-05-09T11:34:31.608+0000] {processor.py:830} INFO - Processing file /home/vscode/.local/lib/python3.11/site-packages/airflow/example_dags/example_trigger_controller_dag.py for tasks to queue
[2026-05-09T11:34:31.608+0000] {logging_mixin.py:188} INFO - [2026-05-09T11:34:31.608+0000] {dagbag.py:545} INFO - Filling up the DagBag from /home/vscode/.local/lib/python3.11/site-packages/airflow/example_dags/example_trigger_controller_dag.py
[2026-05-09T11:34:31.612+0000] {processor.py:840} INFO - DAG(s) 'example_trigger_controller_dag' retrieved from /home/vscode/.local/lib/python3.11/site-packages/airflow/example_dags/example_trigger_controller_dag.py
[2026-05-09T11:34:31.623+0000] {logging_mixin.py:188} INFO - [2026-05-09T11:34:31.623+0000] {dag.py:3096} INFO - Sync 1 DAGs
[2026-05-09T11:34:31.636+0000] {logging_mixin.py:188} INFO - [2026-05-09T11:34:31.636+0000] {dag.py:3954} INFO - Setting next_dagrun for example_trigger_controller_dag to 2021-01-01 00:00:00+00:00, run_after=2021-01-01 00:00:00+00:00
[2026-05-09T11:34:31.653+0000] {processor.py:183} INFO - Processing /home/vscode/.local/lib/python3.11/site-packages/airflow/example_dags/example_trigger_controller_dag.py took 0.053 seconds
[2026-05-09T11:35:12.246+0000] {processor.py:161} INFO - Started process (PID=17352) to work on /home/vscode/.local/lib/python3.11/site-packages/airflow/example_dags/example_trigger_controller_dag.py
[2026-05-09T11:35:12.246+0000] {processor.py:830} INFO - Processing file /home/vscode/.local/lib/python3.11/site-packages/airflow/example_dags/example_trigger_controller_dag.py for tasks to queue
[2026-05-09T11:35:12.247+0000] {logging_mixin.py:188} INFO - [2026-05-09T11:35:12.246+0000] {dagbag.py:545} INFO - Filling up the DagBag from /home/vscode/.local/lib/python3.11/site-packages/airflow/example_dags/example_trigger_controller_dag.py
[2026-05-09T11:35:12.250+0000] {processor.py:840} INFO - DAG(s) 'example_trigger_controller_dag' retrieved from /home/vscode/.local/lib/python3.11/site-packages/airflow/example_dags/example_trigger_controller_dag.py
[2026-05-09T11:35:12.264+0000] {logging_mixin.py:188} INFO - [2026-05-09T11:35:12.264+0000] {dag.py:3096} INFO - Sync 1 DAGs
[2026-05-09T11:35:12.278+0000] {logging_mixin.py:188} INFO - [2026-05-09T11:35:12.278+0000] {dag.py:3954} INFO - Setting next_dagrun for example_trigger_controller_dag to 2021-01-01 00:00:00+00:00, run_after=2021-01-01 00:00:00+00:00
[2026-05-09T11:35:12.294+0000] {processor.py:183} INFO - Processing /home/vscode/.local/lib/python3.11/site-packages/airflow/example_dags/example_trigger_controller_dag.py took 0.055 seconds
[2026-05-09T11:35:51.710+0000] {processor.py:161} INFO - Started process (PID=17701) to work on /home/vscode/.local/lib/python3.11/site-packages/airflow/example_dags/example_trigger_controller_dag.py
[2026-05-09T11:35:51.711+0000] {processor.py:830} INFO - Processing file /home/vscode/.local/lib/python3.11/site-packages/airflow/example_dags/example_trigger_controller_dag.py for tasks to queue
[2026-05-09T11:35:51.713+0000] {logging_mixin.py:188} INFO - [2026-05-09T11:35:51.713+0000] {dagbag.py:545} INFO - Filling up the DagBag from /home/vscode/.local/lib/python3.11/site-packages/airflow/example_dags/example_trigger_controller_dag.py
[2026-05-09T11:35:51.725+0000] {processor.py:840} INFO - DAG(s) 'example_trigger_controller_dag' retrieved from /home/vscode/.local/lib/python3.11/site-packages/airflow/example_dags/example_trigger_controller_dag.py
[2026-05-09T11:35:51.763+0000] {logging_mixin.py:188} INFO - [2026-05-09T11:35:51.763+0000] {dag.py:3096} INFO - Sync 1 DAGs
[2026-05-09T11:35:51.782+0000] {logging_mixin.py:188} INFO - [2026-05-09T11:35:51.782+0000] {dag.py:3954} INFO - Setting next_dagrun for example_trigger_controller_dag to 2021-01-01 00:00:00+00:00, run_after=2021-01-01 00:00:00+00:00
[2026-05-09T11:35:51.800+0000] {processor.py:183} INFO - Processing /home/vscode/.local/lib/python3.11/site-packages/airflow/example_dags/example_trigger_controller_dag.py took 0.114 seconds
[2026-05-09T11:36:30.617+0000] {processor.py:161} INFO - Started process (PID=17985) to work on /home/vscode/.local/lib/python3.11/site-packages/airflow/example_dags/example_trigger_controller_dag.py
[2026-05-09T11:36:30.618+0000] {processor.py:830} INFO - Processing file /home/vscode/.local/lib/python3.11/site-packages/airflow/example_dags/example_trigger_controller_dag.py for tasks to queue
[2026-05-09T11:36:30.618+0000] {logging_mixin.py:188} INFO - [2026-05-09T11:36:30.618+0000] {dagbag.py:545} INFO - Filling up the DagBag from /home/vscode/.local/lib/python3.11/site-packages/airflow/example_dags/example_trigger_controller_dag.py
[2026-05-09T11:36:30.622+0000] {processor.py:840} INFO - DAG(s) 'example_trigger_controller_dag' retrieved from /home/vscode/.local/lib/python3.11/site-packages/airflow/example_dags/example_trigger_controller_dag.py
[2026-05-09T11:36:30.633+0000] {logging_mixin.py:188} INFO - [2026-05-09T11:36:30.633+0000] {dag.py:3096} INFO - Sync 1 DAGs
[2026-05-09T11:36:30.646+0000] {logging_mixin.py:188} INFO - [2026-05-09T11:36:30.646+0000] {dag.py:3954} INFO - Setting next_dagrun for example_trigger_controller_dag to 2021-01-01 00:00:00+00:00, run_after=2021-01-01 00:00:00+00:00
[2026-05-09T11:36:30.661+0000] {processor.py:183} INFO - Processing /home/vscode/.local/lib/python3.11/site-packages/airflow/example_dags/example_trigger_controller_dag.py took 0.050 seconds
[2026-05-09T11:37:12.304+0000] {processor.py:161} INFO - Started process (PID=18357) to work on /home/vscode/.local/lib/python3.11/site-packages/airflow/example_dags/example_trigger_controller_dag.py
[2026-05-09T11:37:12.304+0000] {processor.py:830} INFO - Processing file /home/vscode/.local/lib/python3.11/site-packages/airflow/example_dags/example_trigger_controller_dag.py for tasks to queue
[2026-05-09T11:37:12.305+0000] {logging_mixin.py:188} INFO - [2026-05-09T11:37:12.305+0000] {dagbag.py:545} INFO - Filling up the DagBag from /home/vscode/.local/lib/python3.11/site-packages/airflow/example_dags/example_trigger_controller_dag.py
[2026-05-09T11:37:12.308+0000] {processor.py:840} INFO - DAG(s) 'example_trigger_controller_dag' retrieved from /home/vscode/.local/lib/python3.11/site-packages/airflow/example_dags/example_trigger_controller_dag.py
[2026-05-09T11:37:12.320+0000] {logging_mixin.py:188} INFO - [2026-05-09T11:37:12.320+0000] {dag.py:3096} INFO - Sync 1 DAGs
[2026-05-09T11:37:12.336+0000] {logging_mixin.py:188} INFO - [2026-05-09T11:37:12.336+0000] {dag.py:3954} INFO - Setting next_dagrun for example_trigger_controller_dag to 2021-01-01 00:00:00+00:00, run_after=2021-01-01 00:00:00+00:00
[2026-05-09T11:37:12.353+0000] {processor.py:183} INFO - Processing /home/vscode/.local/lib/python3.11/site-packages/airflow/example_dags/example_trigger_controller_dag.py took 0.056 seconds
[2026-05-09T11:37:54.173+0000] {processor.py:161} INFO - Started process (PID=19065) to work on /home/vscode/.local/lib/python3.11/site-packages/airflow/example_dags/example_trigger_controller_dag.py
[2026-05-09T11:37:54.173+0000] {processor.py:830} INFO - Processing file /home/vscode/.local/lib/python3.11/site-packages/airflow/example_dags/example_trigger_controller_dag.py for tasks to queue
[2026-05-09T11:37:54.174+0000] {logging_mixin.py:188} INFO - [2026-05-09T11:37:54.173+0000] {dagbag.py:545} INFO - Filling up the DagBag from /home/vscode/.local/lib/python3.11/site-packages/airflow/example_dags/example_trigger_controller_dag.py
[2026-05-09T11:37:54.177+0000] {processor.py:840} INFO - DAG(s) 'example_trigger_controller_dag' retrieved from /home/vscode/.local/lib/python3.11/site-packages/airflow/example_dags/example_trigger_controller_dag.py
[2026-05-09T11:37:54.189+0000] {logging_mixin.py:188} INFO - [2026-05-09T11:37:54.189+0000] {dag.py:3096} INFO - Sync 1 DAGs
[2026-05-09T11:37:54.204+0000] {logging_mixin.py:188} INFO - [2026-05-09T11:37:54.204+0000] {dag.py:3954} INFO - Setting next_dagrun for example_trigger_controller_dag to 2021-01-01 00:00:00+00:00, run_after=2021-01-01 00:00:00+00:00
[2026-05-09T11:37:54.220+0000] {processor.py:183} INFO - Processing /home/vscode/.local/lib/python3.11/site-packages/airflow/example_dags/example_trigger_controller_dag.py took 0.054 seconds
[2026-05-09T11:38:36.390+0000] {processor.py:161} INFO - Started process (PID=19477) to work on /home/vscode/.local/lib/python3.11/site-packages/airflow/example_dags/example_trigger_controller_dag.py
[2026-05-09T11:38:36.390+0000] {processor.py:830} INFO - Processing file /home/vscode/.local/lib/python3.11/site-packages/airflow/example_dags/example_trigger_controller_dag.py for tasks to queue
[2026-05-09T11:38:36.391+0000] {logging_mixin.py:188} INFO - [2026-05-09T11:38:36.391+0000] {dagbag.py:545} INFO - Filling up the DagBag from /home/vscode/.local/lib/python3.11/site-packages/airflow/example_dags/example_trigger_controller_dag.py
[2026-05-09T11:38:36.394+0000] {processor.py:840} INFO - DAG(s) 'example_trigger_controller_dag' retrieved from /home/vscode/.local/lib/python3.11/site-packages/airflow/example_dags/example_trigger_controller_dag.py
[2026-05-09T11:38:36.405+0000] {logging_mixin.py:188} INFO - [2026-05-09T11:38:36.405+0000] {dag.py:3096} INFO - Sync 1 DAGs
[2026-05-09T11:38:36.419+0000] {logging_mixin.py:188} INFO - [2026-05-09T11:38:36.419+0000] {dag.py:3954} INFO - Setting next_dagrun for example_trigger_controller_dag to 2021-01-01 00:00:00+00:00, run_after=2021-01-01 00:00:00+00:00
[2026-05-09T11:38:36.434+0000] {processor.py:183} INFO - Processing /home/vscode/.local/lib/python3.11/site-packages/airflow/example_dags/example_trigger_controller_dag.py took 0.051 seconds
[2026-05-09T11:39:16.239+0000] {processor.py:161} INFO - Started process (PID=19942) to work on /home/vscode/.local/lib/python3.11/site-packages/airflow/example_dags/example_trigger_controller_dag.py
[2026-05-09T11:39:16.240+0000] {processor.py:830} INFO - Processing file /home/vscode/.local/lib/python3.11/site-packages/airflow/example_dags/example_trigger_controller_dag.py for tasks to queue
[2026-05-09T11:39:16.240+0000] {logging_mixin.py:188} INFO - [2026-05-09T11:39:16.240+0000] {dagbag.py:545} INFO - Filling up the DagBag from /home/vscode/.local/lib/python3.11/site-packages/airflow/example_dags/example_trigger_controller_dag.py
[2026-05-09T11:39:16.244+0000] {processor.py:840} INFO - DAG(s) 'example_trigger_controller_dag' retrieved from /home/vscode/.local/lib/python3.11/site-packages/airflow/example_dags/example_trigger_controller_dag.py
[2026-05-09T11:39:16.255+0000] {logging_mixin.py:188} INFO - [2026-05-09T11:39:16.254+0000] {dag.py:3096} INFO - Sync 1 DAGs
[2026-05-09T11:39:16.269+0000] {logging_mixin.py:188} INFO - [2026-05-09T11:39:16.269+0000] {dag.py:3954} INFO - Setting next_dagrun for example_trigger_controller_dag to 2021-01-01 00:00:00+00:00, run_after=2021-01-01 00:00:00+00:00
[2026-05-09T11:39:16.285+0000] {processor.py:183} INFO - Processing /home/vscode/.local/lib/python3.11/site-packages/airflow/example_dags/example_trigger_controller_dag.py took 0.052 seconds
[2026-05-09T11:39:56.326+0000] {processor.py:161} INFO - Started process (PID=20450) to work on /home/vscode/.local/lib/python3.11/site-packages/airflow/example_dags/example_trigger_controller_dag.py
[2026-05-09T11:39:56.327+0000] {processor.py:830} INFO - Processing file /home/vscode/.local/lib/python3.11/site-packages/airflow/example_dags/example_trigger_controller_dag.py for tasks to queue
[2026-05-09T11:39:56.328+0000] {logging_mixin.py:188} INFO - [2026-05-09T11:39:56.328+0000] {dagbag.py:545} INFO - Filling up the DagBag from /home/vscode/.local/lib/python3.11/site-packages/airflow/example_dags/example_trigger_controller_dag.py
[2026-05-09T11:39:56.336+0000] {processor.py:840} INFO - DAG(s) 'example_trigger_controller_dag' retrieved from /home/vscode/.local/lib/python3.11/site-packages/airflow/example_dags/example_trigger_controller_dag.py
[2026-05-09T11:39:56.356+0000] {logging_mixin.py:188} INFO - [2026-05-09T11:39:56.356+0000] {dag.py:3096} INFO - Sync 1 DAGs
[2026-05-09T11:39:56.370+0000] {logging_mixin.py:188} INFO - [2026-05-09T11:39:56.369+0000] {dag.py:3954} INFO - Setting next_dagrun for example_trigger_controller_dag to 2021-01-01 00:00:00+00:00, run_after=2021-01-01 00:00:00+00:00
[2026-05-09T11:39:56.385+0000] {processor.py:183} INFO - Processing /home/vscode/.local/lib/python3.11/site-packages/airflow/example_dags/example_trigger_controller_dag.py took 0.069 seconds
[2026-05-09T11:40:37.448+0000] {processor.py:161} INFO - Started process (PID=20783) to work on /home/vscode/.local/lib/python3.11/site-packages/airflow/example_dags/example_trigger_controller_dag.py
[2026-05-09T11:40:37.448+0000] {processor.py:830} INFO - Processing file /home/vscode/.local/lib/python3.11/site-packages/airflow/example_dags/example_trigger_controller_dag.py for tasks to queue
[2026-05-09T11:40:37.449+0000] {logging_mixin.py:188} INFO - [2026-05-09T11:40:37.448+0000] {dagbag.py:545} INFO - Filling up the DagBag from /home/vscode/.local/lib/python3.11/site-packages/airflow/example_dags/example_trigger_controller_dag.py
[2026-05-09T11:40:37.452+0000] {processor.py:840} INFO - DAG(s) 'example_trigger_controller_dag' retrieved from /home/vscode/.local/lib/python3.11/site-packages/airflow/example_dags/example_trigger_controller_dag.py
[2026-05-09T11:40:37.463+0000] {logging_mixin.py:188} INFO - [2026-05-09T11:40:37.463+0000] {dag.py:3096} INFO - Sync 1 DAGs
[2026-05-09T11:40:37.477+0000] {logging_mixin.py:188} INFO - [2026-05-09T11:40:37.477+0000] {dag.py:3954} INFO - Setting next_dagrun for example_trigger_controller_dag to 2021-01-01 00:00:00+00:00, run_after=2021-01-01 00:00:00+00:00
[2026-05-09T11:40:37.493+0000] {processor.py:183} INFO - Processing /home/vscode/.local/lib/python3.11/site-packages/airflow/example_dags/example_trigger_controller_dag.py took 0.052 seconds
[2026-05-09T11:41:21.275+0000] {processor.py:161} INFO - Started process (PID=21250) to work on /home/vscode/.local/lib/python3.11/site-packages/airflow/example_dags/example_trigger_controller_dag.py
[2026-05-09T11:41:21.276+0000] {processor.py:830} INFO - Processing file /home/vscode/.local/lib/python3.11/site-packages/airflow/example_dags/example_trigger_controller_dag.py for tasks to queue
[2026-05-09T11:41:21.277+0000] {logging_mixin.py:188} INFO - [2026-05-09T11:41:21.276+0000] {dagbag.py:545} INFO - Filling up the DagBag from /home/vscode/.local/lib/python3.11/site-packages/airflow/example_dags/example_trigger_controller_dag.py
[2026-05-09T11:41:21.280+0000] {processor.py:840} INFO - DAG(s) 'example_trigger_controller_dag' retrieved from /home/vscode/.local/lib/python3.11/site-packages/airflow/example_dags/example_trigger_controller_dag.py
[2026-05-09T11:41:21.290+0000] {logging_mixin.py:188} INFO - [2026-05-09T11:41:21.290+0000] {dag.py:3096} INFO - Sync 1 DAGs
[2026-05-09T11:41:21.303+0000] {logging_mixin.py:188} INFO - [2026-05-09T11:41:21.303+0000] {dag.py:3954} INFO - Setting next_dagrun for example_trigger_controller_dag to 2021-01-01 00:00:00+00:00, run_after=2021-01-01 00:00:00+00:00
[2026-05-09T11:41:21.319+0000] {processor.py:183} INFO - Processing /home/vscode/.local/lib/python3.11/site-packages/airflow/example_dags/example_trigger_controller_dag.py took 0.050 seconds
[2026-05-09T11:42:06.551+0000] {processor.py:161} INFO - Started process (PID=21645) to work on /home/vscode/.local/lib/python3.11/site-packages/airflow/example_dags/example_trigger_controller_dag.py
[2026-05-09T11:42:06.552+0000] {processor.py:830} INFO - Processing file /home/vscode/.local/lib/python3.11/site-packages/airflow/example_dags/example_trigger_controller_dag.py for tasks to queue
[2026-05-09T11:42:06.552+0000] {logging_mixin.py:188} INFO - [2026-05-09T11:42:06.552+0000] {dagbag.py:545} INFO - Filling up the DagBag from /home/vscode/.local/lib/python3.11/site-packages/airflow/example_dags/example_trigger_controller_dag.py
[2026-05-09T11:42:06.556+0000] {processor.py:840} INFO - DAG(s) 'example_trigger_controller_dag' retrieved from /home/vscode/.local/lib/python3.11/site-packages/airflow/example_dags/example_trigger_controller_dag.py
[2026-05-09T11:42:06.567+0000] {logging_mixin.py:188} INFO - [2026-05-09T11:42:06.567+0000] {dag.py:3096} INFO - Sync 1 DAGs
[2026-05-09T11:42:06.580+0000] {logging_mixin.py:188} INFO - [2026-05-09T11:42:06.580+0000] {dag.py:3954} INFO - Setting next_dagrun for example_trigger_controller_dag to 2021-01-01 00:00:00+00:00, run_after=2021-01-01 00:00:00+00:00
[2026-05-09T11:42:06.596+0000] {processor.py:183} INFO - Processing /home/vscode/.local/lib/python3.11/site-packages/airflow/example_dags/example_trigger_controller_dag.py took 0.052 seconds
[2026-05-09T11:42:50.116+0000] {processor.py:161} INFO - Started process (PID=22027) to work on /home/vscode/.local/lib/python3.11/site-packages/airflow/example_dags/example_trigger_controller_dag.py
[2026-05-09T11:42:50.117+0000] {processor.py:830} INFO - Processing file /home/vscode/.local/lib/python3.11/site-packages/airflow/example_dags/example_trigger_controller_dag.py for tasks to queue
[2026-05-09T11:42:50.117+0000] {logging_mixin.py:188} INFO - [2026-05-09T11:42:50.117+0000] {dagbag.py:545} INFO - Filling up the DagBag from /home/vscode/.local/lib/python3.11/site-packages/airflow/example_dags/example_trigger_controller_dag.py
[2026-05-09T11:42:50.121+0000] {processor.py:840} INFO - DAG(s) 'example_trigger_controller_dag' retrieved from /home/vscode/.local/lib/python3.11/site-packages/airflow/example_dags/example_trigger_controller_dag.py
[2026-05-09T11:42:50.132+0000] {logging_mixin.py:188} INFO - [2026-05-09T11:42:50.132+0000] {dag.py:3096} INFO - Sync 1 DAGs
[2026-05-09T11:42:50.147+0000] {logging_mixin.py:188} INFO - [2026-05-09T11:42:50.146+0000] {dag.py:3954} INFO - Setting next_dagrun for example_trigger_controller_dag to 2021-01-01 00:00:00+00:00, run_after=2021-01-01 00:00:00+00:00
[2026-05-09T11:42:50.162+0000] {processor.py:183} INFO - Processing /home/vscode/.local/lib/python3.11/site-packages/airflow/example_dags/example_trigger_controller_dag.py took 0.054 seconds
[2026-05-09T11:43:34.539+0000] {processor.py:161} INFO - Started process (PID=22408) to work on /home/vscode/.local/lib/python3.11/site-packages/airflow/example_dags/example_trigger_controller_dag.py
[2026-05-09T11:43:34.540+0000] {processor.py:830} INFO - Processing file /home/vscode/.local/lib/python3.11/site-packages/airflow/example_dags/example_trigger_controller_dag.py for tasks to queue
[2026-05-09T11:43:34.541+0000] {logging_mixin.py:188} INFO - [2026-05-09T11:43:34.541+0000] {dagbag.py:545} INFO - Filling up the DagBag from /home/vscode/.local/lib/python3.11/site-packages/airflow/example_dags/example_trigger_controller_dag.py
[2026-05-09T11:43:34.545+0000] {processor.py:840} INFO - DAG(s) 'example_trigger_controller_dag' retrieved from /home/vscode/.local/lib/python3.11/site-packages/airflow/example_dags/example_trigger_controller_dag.py
[2026-05-09T11:43:34.557+0000] {logging_mixin.py:188} INFO - [2026-05-09T11:43:34.557+0000] {dag.py:3096} INFO - Sync 1 DAGs
[2026-05-09T11:43:34.574+0000] {logging_mixin.py:188} INFO - [2026-05-09T11:43:34.573+0000] {dag.py:3954} INFO - Setting next_dagrun for example_trigger_controller_dag to 2021-01-01 00:00:00+00:00, run_after=2021-01-01 00:00:00+00:00
[2026-05-09T11:43:34.593+0000] {processor.py:183} INFO - Processing /home/vscode/.local/lib/python3.11/site-packages/airflow/example_dags/example_trigger_controller_dag.py took 0.061 seconds
[2026-05-09T11:44:16.022+0000] {processor.py:161} INFO - Started process (PID=22787) to work on /home/vscode/.local/lib/python3.11/site-packages/airflow/example_dags/example_trigger_controller_dag.py
[2026-05-09T11:44:16.024+0000] {processor.py:830} INFO - Processing file /home/vscode/.local/lib/python3.11/site-packages/airflow/example_dags/example_trigger_controller_dag.py for tasks to queue
[2026-05-09T11:44:16.025+0000] {logging_mixin.py:188} INFO - [2026-05-09T11:44:16.025+0000] {dagbag.py:545} INFO - Filling up the DagBag from /home/vscode/.local/lib/python3.11/site-packages/airflow/example_dags/example_trigger_controller_dag.py
[2026-05-09T11:44:16.033+0000] {processor.py:840} INFO - DAG(s) 'example_trigger_controller_dag' retrieved from /home/vscode/.local/lib/python3.11/site-packages/airflow/example_dags/example_trigger_controller_dag.py
[2026-05-09T11:44:16.070+0000] {logging_mixin.py:188} INFO - [2026-05-09T11:44:16.070+0000] {dag.py:3096} INFO - Sync 1 DAGs
[2026-05-09T11:44:16.134+0000] {logging_mixin.py:188} INFO - [2026-05-09T11:44:16.133+0000] {dag.py:3954} INFO - Setting next_dagrun for example_trigger_controller_dag to 2021-01-01 00:00:00+00:00, run_after=2021-01-01 00:00:00+00:00
[2026-05-09T11:44:16.188+0000] {processor.py:183} INFO - Processing /home/vscode/.local/lib/python3.11/site-packages/airflow/example_dags/example_trigger_controller_dag.py took 0.177 seconds
[2026-05-09T11:44:58.058+0000] {processor.py:161} INFO - Started process (PID=23161) to work on /home/vscode/.local/lib/python3.11/site-packages/airflow/example_dags/example_trigger_controller_dag.py
[2026-05-09T11:44:58.059+0000] {processor.py:830} INFO - Processing file /home/vscode/.local/lib/python3.11/site-packages/airflow/example_dags/example_trigger_controller_dag.py for tasks to queue
[2026-05-09T11:44:58.059+0000] {logging_mixin.py:188} INFO - [2026-05-09T11:44:58.059+0000] {dagbag.py:545} INFO - Filling up the DagBag from /home/vscode/.local/lib/python3.11/site-packages/airflow/example_dags/example_trigger_controller_dag.py
[2026-05-09T11:44:58.063+0000] {processor.py:840} INFO - DAG(s) 'example_trigger_controller_dag' retrieved from /home/vscode/.local/lib/python3.11/site-packages/airflow/example_dags/example_trigger_controller_dag.py
[2026-05-09T11:44:58.077+0000] {logging_mixin.py:188} INFO - [2026-05-09T11:44:58.077+0000] {dag.py:3096} INFO - Sync 1 DAGs
[2026-05-09T11:44:58.097+0000] {logging_mixin.py:188} INFO - [2026-05-09T11:44:58.097+0000] {dag.py:3954} INFO - Setting next_dagrun for example_trigger_controller_dag to 2021-01-01 00:00:00+00:00, run_after=2021-01-01 00:00:00+00:00
[2026-05-09T11:44:58.118+0000] {processor.py:183} INFO - Processing /home/vscode/.local/lib/python3.11/site-packages/airflow/example_dags/example_trigger_controller_dag.py took 0.067 seconds
[2026-05-09T11:45:42.458+0000] {processor.py:161} INFO - Started process (PID=23544) to work on /home/vscode/.local/lib/python3.11/site-packages/airflow/example_dags/example_trigger_controller_dag.py
[2026-05-09T11:45:42.459+0000] {processor.py:830} INFO - Processing file /home/vscode/.local/lib/python3.11/site-packages/airflow/example_dags/example_trigger_controller_dag.py for tasks to queue
[2026-05-09T11:45:42.460+0000] {logging_mixin.py:188} INFO - [2026-05-09T11:45:42.459+0000] {dagbag.py:545} INFO - Filling up the DagBag from /home/vscode/.local/lib/python3.11/site-packages/airflow/example_dags/example_trigger_controller_dag.py
[2026-05-09T11:45:42.463+0000] {processor.py:840} INFO - DAG(s) 'example_trigger_controller_dag' retrieved from /home/vscode/.local/lib/python3.11/site-packages/airflow/example_dags/example_trigger_controller_dag.py
[2026-05-09T11:45:42.474+0000] {logging_mixin.py:188} INFO - [2026-05-09T11:45:42.474+0000] {dag.py:3096} INFO - Sync 1 DAGs
[2026-05-09T11:45:42.487+0000] {logging_mixin.py:188} INFO - [2026-05-09T11:45:42.487+0000] {dag.py:3954} INFO - Setting next_dagrun for example_trigger_controller_dag to 2021-01-01 00:00:00+00:00, run_after=2021-01-01 00:00:00+00:00
[2026-05-09T11:45:42.503+0000] {processor.py:183} INFO - Processing /home/vscode/.local/lib/python3.11/site-packages/airflow/example_dags/example_trigger_controller_dag.py took 0.051 seconds
[2026-05-09T11:46:23.907+0000] {processor.py:161} INFO - Started process (PID=23849) to work on /home/vscode/.local/lib/python3.11/site-packages/airflow/example_dags/example_trigger_controller_dag.py
[2026-05-09T11:46:23.907+0000] {processor.py:830} INFO - Processing file /home/vscode/.local/lib/python3.11/site-packages/airflow/example_dags/example_trigger_controller_dag.py for tasks to queue
[2026-05-09T11:46:23.908+0000] {logging_mixin.py:188} INFO - [2026-05-09T11:46:23.908+0000] {dagbag.py:545} INFO - Filling up the DagBag from /home/vscode/.local/lib/python3.11/site-packages/airflow/example_dags/example_trigger_controller_dag.py
[2026-05-09T11:46:23.911+0000] {processor.py:840} INFO - DAG(s) 'example_trigger_controller_dag' retrieved from /home/vscode/.local/lib/python3.11/site-packages/airflow/example_dags/example_trigger_controller_dag.py
[2026-05-09T11:46:23.922+0000] {logging_mixin.py:188} INFO - [2026-05-09T11:46:23.922+0000] {dag.py:3096} INFO - Sync 1 DAGs
[2026-05-09T11:46:23.935+0000] {logging_mixin.py:188} INFO - [2026-05-09T11:46:23.935+0000] {dag.py:3954} INFO - Setting next_dagrun for example_trigger_controller_dag to 2021-01-01 00:00:00+00:00, run_after=2021-01-01 00:00:00+00:00
[2026-05-09T11:46:23.953+0000] {processor.py:183} INFO - Processing /home/vscode/.local/lib/python3.11/site-packages/airflow/example_dags/example_trigger_controller_dag.py took 0.052 seconds
[2026-05-09T11:47:09.004+0000] {processor.py:161} INFO - Started process (PID=24402) to work on /home/vscode/.local/lib/python3.11/site-packages/airflow/example_dags/example_trigger_controller_dag.py
[2026-05-09T11:47:09.005+0000] {processor.py:830} INFO - Processing file /home/vscode/.local/lib/python3.11/site-packages/airflow/example_dags/example_trigger_controller_dag.py for tasks to queue
[2026-05-09T11:47:09.006+0000] {logging_mixin.py:188} INFO - [2026-05-09T11:47:09.005+0000] {dagbag.py:545} INFO - Filling up the DagBag from /home/vscode/.local/lib/python3.11/site-packages/airflow/example_dags/example_trigger_controller_dag.py
[2026-05-09T11:47:09.009+0000] {processor.py:840} INFO - DAG(s) 'example_trigger_controller_dag' retrieved from /home/vscode/.local/lib/python3.11/site-packages/airflow/example_dags/example_trigger_controller_dag.py
[2026-05-09T11:47:09.020+0000] {logging_mixin.py:188} INFO - [2026-05-09T11:47:09.020+0000] {dag.py:3096} INFO - Sync 1 DAGs
[2026-05-09T11:47:09.033+0000] {logging_mixin.py:188} INFO - [2026-05-09T11:47:09.033+0000] {dag.py:3954} INFO - Setting next_dagrun for example_trigger_controller_dag to 2021-01-01 00:00:00+00:00, run_after=2021-01-01 00:00:00+00:00
[2026-05-09T11:47:09.049+0000] {processor.py:183} INFO - Processing /home/vscode/.local/lib/python3.11/site-packages/airflow/example_dags/example_trigger_controller_dag.py took 0.052 seconds
[2026-05-09T11:47:52.394+0000] {processor.py:161} INFO - Started process (PID=24752) to work on /home/vscode/.local/lib/python3.11/site-packages/airflow/example_dags/example_trigger_controller_dag.py
[2026-05-09T11:47:52.394+0000] {processor.py:830} INFO - Processing file /home/vscode/.local/lib/python3.11/site-packages/airflow/example_dags/example_trigger_controller_dag.py for tasks to queue
[2026-05-09T11:47:52.395+0000] {logging_mixin.py:188} INFO - [2026-05-09T11:47:52.395+0000] {dagbag.py:545} INFO - Filling up the DagBag from /home/vscode/.local/lib/python3.11/site-packages/airflow/example_dags/example_trigger_controller_dag.py
[2026-05-09T11:47:52.398+0000] {processor.py:840} INFO - DAG(s) 'example_trigger_controller_dag' retrieved from /home/vscode/.local/lib/python3.11/site-packages/airflow/example_dags/example_trigger_controller_dag.py
[2026-05-09T11:47:52.409+0000] {logging_mixin.py:188} INFO - [2026-05-09T11:47:52.409+0000] {dag.py:3096} INFO - Sync 1 DAGs
[2026-05-09T11:47:52.422+0000] {logging_mixin.py:188} INFO - [2026-05-09T11:47:52.422+0000] {dag.py:3954} INFO - Setting next_dagrun for example_trigger_controller_dag to 2021-01-01 00:00:00+00:00, run_after=2021-01-01 00:00:00+00:00
[2026-05-09T11:47:52.441+0000] {processor.py:183} INFO - Processing /home/vscode/.local/lib/python3.11/site-packages/airflow/example_dags/example_trigger_controller_dag.py took 0.053 seconds
[2026-05-09T11:48:36.352+0000] {processor.py:161} INFO - Started process (PID=25128) to work on /home/vscode/.local/lib/python3.11/site-packages/airflow/example_dags/example_trigger_controller_dag.py
[2026-05-09T11:48:36.352+0000] {processor.py:830} INFO - Processing file /home/vscode/.local/lib/python3.11/site-packages/airflow/example_dags/example_trigger_controller_dag.py for tasks to queue
[2026-05-09T11:48:36.353+0000] {logging_mixin.py:188} INFO - [2026-05-09T11:48:36.353+0000] {dagbag.py:545} INFO - Filling up the DagBag from /home/vscode/.local/lib/python3.11/site-packages/airflow/example_dags/example_trigger_controller_dag.py
[2026-05-09T11:48:36.357+0000] {processor.py:840} INFO - DAG(s) 'example_trigger_controller_dag' retrieved from /home/vscode/.local/lib/python3.11/site-packages/airflow/example_dags/example_trigger_controller_dag.py
[2026-05-09T11:48:36.367+0000] {logging_mixin.py:188} INFO - [2026-05-09T11:48:36.367+0000] {dag.py:3096} INFO - Sync 1 DAGs
[2026-05-09T11:48:36.382+0000] {logging_mixin.py:188} INFO - [2026-05-09T11:48:36.382+0000] {dag.py:3954} INFO - Setting next_dagrun for example_trigger_controller_dag to 2021-01-01 00:00:00+00:00, run_after=2021-01-01 00:00:00+00:00
[2026-05-09T11:48:36.398+0000] {processor.py:183} INFO - Processing /home/vscode/.local/lib/python3.11/site-packages/airflow/example_dags/example_trigger_controller_dag.py took 0.055 seconds
[2026-05-09T11:49:16.177+0000] {processor.py:161} INFO - Started process (PID=25491) to work on /home/vscode/.local/lib/python3.11/site-packages/airflow/example_dags/example_trigger_controller_dag.py
[2026-05-09T11:49:16.177+0000] {processor.py:830} INFO - Processing file /home/vscode/.local/lib/python3.11/site-packages/airflow/example_dags/example_trigger_controller_dag.py for tasks to queue
[2026-05-09T11:49:16.178+0000] {logging_mixin.py:188} INFO - [2026-05-09T11:49:16.178+0000] {dagbag.py:545} INFO - Filling up the DagBag from /home/vscode/.local/lib/python3.11/site-packages/airflow/example_dags/example_trigger_controller_dag.py
[2026-05-09T11:49:16.181+0000] {processor.py:840} INFO - DAG(s) 'example_trigger_controller_dag' retrieved from /home/vscode/.local/lib/python3.11/site-packages/airflow/example_dags/example_trigger_controller_dag.py
[2026-05-09T11:49:16.192+0000] {logging_mixin.py:188} INFO - [2026-05-09T11:49:16.192+0000] {dag.py:3096} INFO - Sync 1 DAGs
[2026-05-09T11:49:16.205+0000] {logging_mixin.py:188} INFO - [2026-05-09T11:49:16.205+0000] {dag.py:3954} INFO - Setting next_dagrun for example_trigger_controller_dag to 2021-01-01 00:00:00+00:00, run_after=2021-01-01 00:00:00+00:00
[2026-05-09T11:49:16.220+0000] {processor.py:183} INFO - Processing /home/vscode/.local/lib/python3.11/site-packages/airflow/example_dags/example_trigger_controller_dag.py took 0.049 seconds
[2026-05-09T11:49:57.832+0000] {processor.py:161} INFO - Started process (PID=25920) to work on /home/vscode/.local/lib/python3.11/site-packages/airflow/example_dags/example_trigger_controller_dag.py
[2026-05-09T11:49:57.832+0000] {processor.py:830} INFO - Processing file /home/vscode/.local/lib/python3.11/site-packages/airflow/example_dags/example_trigger_controller_dag.py for tasks to queue
[2026-05-09T11:49:57.833+0000] {logging_mixin.py:188} INFO - [2026-05-09T11:49:57.833+0000] {dagbag.py:545} INFO - Filling up the DagBag from /home/vscode/.local/lib/python3.11/site-packages/airflow/example_dags/example_trigger_controller_dag.py
[2026-05-09T11:49:57.836+0000] {processor.py:840} INFO - DAG(s) 'example_trigger_controller_dag' retrieved from /home/vscode/.local/lib/python3.11/site-packages/airflow/example_dags/example_trigger_controller_dag.py
[2026-05-09T11:49:57.847+0000] {logging_mixin.py:188} INFO - [2026-05-09T11:49:57.847+0000] {dag.py:3096} INFO - Sync 1 DAGs
[2026-05-09T11:49:57.861+0000] {logging_mixin.py:188} INFO - [2026-05-09T11:49:57.861+0000] {dag.py:3954} INFO - Setting next_dagrun for example_trigger_controller_dag to 2021-01-01 00:00:00+00:00, run_after=2021-01-01 00:00:00+00:00
[2026-05-09T11:49:57.877+0000] {processor.py:183} INFO - Processing /home/vscode/.local/lib/python3.11/site-packages/airflow/example_dags/example_trigger_controller_dag.py took 0.053 seconds
[2026-05-09T11:50:41.217+0000] {processor.py:161} INFO - Started process (PID=26354) to work on /home/vscode/.local/lib/python3.11/site-packages/airflow/example_dags/example_trigger_controller_dag.py
[2026-05-09T11:50:41.217+0000] {processor.py:830} INFO - Processing file /home/vscode/.local/lib/python3.11/site-packages/airflow/example_dags/example_trigger_controller_dag.py for tasks to queue
[2026-05-09T11:50:41.218+0000] {logging_mixin.py:188} INFO - [2026-05-09T11:50:41.218+0000] {dagbag.py:545} INFO - Filling up the DagBag from /home/vscode/.local/lib/python3.11/site-packages/airflow/example_dags/example_trigger_controller_dag.py
[2026-05-09T11:50:41.221+0000] {processor.py:840} INFO - DAG(s) 'example_trigger_controller_dag' retrieved from /home/vscode/.local/lib/python3.11/site-packages/airflow/example_dags/example_trigger_controller_dag.py
[2026-05-09T11:50:41.232+0000] {logging_mixin.py:188} INFO - [2026-05-09T11:50:41.232+0000] {dag.py:3096} INFO - Sync 1 DAGs
[2026-05-09T11:50:41.244+0000] {logging_mixin.py:188} INFO - [2026-05-09T11:50:41.244+0000] {dag.py:3954} INFO - Setting next_dagrun for example_trigger_controller_dag to 2021-01-01 00:00:00+00:00, run_after=2021-01-01 00:00:00+00:00
[2026-05-09T11:50:41.262+0000] {processor.py:183} INFO - Processing /home/vscode/.local/lib/python3.11/site-packages/airflow/example_dags/example_trigger_controller_dag.py took 0.051 seconds
[2026-05-09T11:51:24.496+0000] {processor.py:161} INFO - Started process (PID=26857) to work on /home/vscode/.local/lib/python3.11/site-packages/airflow/example_dags/example_trigger_controller_dag.py
[2026-05-09T11:51:24.496+0000] {processor.py:830} INFO - Processing file /home/vscode/.local/lib/python3.11/site-packages/airflow/example_dags/example_trigger_controller_dag.py for tasks to queue
[2026-05-09T11:51:24.497+0000] {logging_mixin.py:188} INFO - [2026-05-09T11:51:24.497+0000] {dagbag.py:545} INFO - Filling up the DagBag from /home/vscode/.local/lib/python3.11/site-packages/airflow/example_dags/example_trigger_controller_dag.py
[2026-05-09T11:51:24.501+0000] {processor.py:840} INFO - DAG(s) 'example_trigger_controller_dag' retrieved from /home/vscode/.local/lib/python3.11/site-packages/airflow/example_dags/example_trigger_controller_dag.py
[2026-05-09T11:51:24.512+0000] {logging_mixin.py:188} INFO - [2026-05-09T11:51:24.512+0000] {dag.py:3096} INFO - Sync 1 DAGs
[2026-05-09T11:51:24.525+0000] {logging_mixin.py:188} INFO - [2026-05-09T11:51:24.525+0000] {dag.py:3954} INFO - Setting next_dagrun for example_trigger_controller_dag to 2021-01-01 00:00:00+00:00, run_after=2021-01-01 00:00:00+00:00
[2026-05-09T11:51:24.542+0000] {processor.py:183} INFO - Processing /home/vscode/.local/lib/python3.11/site-packages/airflow/example_dags/example_trigger_controller_dag.py took 0.053 seconds
[2026-05-09T11:52:06.432+0000] {processor.py:161} INFO - Started process (PID=27275) to work on /home/vscode/.local/lib/python3.11/site-packages/airflow/example_dags/example_trigger_controller_dag.py
[2026-05-09T11:52:06.433+0000] {processor.py:830} INFO - Processing file /home/vscode/.local/lib/python3.11/site-packages/airflow/example_dags/example_trigger_controller_dag.py for tasks to queue
[2026-05-09T11:52:06.433+0000] {logging_mixin.py:188} INFO - [2026-05-09T11:52:06.433+0000] {dagbag.py:545} INFO - Filling up the DagBag from /home/vscode/.local/lib/python3.11/site-packages/airflow/example_dags/example_trigger_controller_dag.py
[2026-05-09T11:52:06.437+0000] {processor.py:840} INFO - DAG(s) 'example_trigger_controller_dag' retrieved from /home/vscode/.local/lib/python3.11/site-packages/airflow/example_dags/example_trigger_controller_dag.py
[2026-05-09T11:52:06.448+0000] {logging_mixin.py:188} INFO - [2026-05-09T11:52:06.448+0000] {dag.py:3096} INFO - Sync 1 DAGs
[2026-05-09T11:52:06.461+0000] {logging_mixin.py:188} INFO - [2026-05-09T11:52:06.461+0000] {dag.py:3954} INFO - Setting next_dagrun for example_trigger_controller_dag to 2021-01-01 00:00:00+00:00, run_after=2021-01-01 00:00:00+00:00
[2026-05-09T11:52:06.476+0000] {processor.py:183} INFO - Processing /home/vscode/.local/lib/python3.11/site-packages/airflow/example_dags/example_trigger_controller_dag.py took 0.050 seconds
[2026-05-09T11:52:46.827+0000] {processor.py:161} INFO - Started process (PID=27645) to work on /home/vscode/.local/lib/python3.11/site-packages/airflow/example_dags/example_trigger_controller_dag.py
[2026-05-09T11:52:46.828+0000] {processor.py:830} INFO - Processing file /home/vscode/.local/lib/python3.11/site-packages/airflow/example_dags/example_trigger_controller_dag.py for tasks to queue
[2026-05-09T11:52:46.828+0000] {logging_mixin.py:188} INFO - [2026-05-09T11:52:46.828+0000] {dagbag.py:545} INFO - Filling up the DagBag from /home/vscode/.local/lib/python3.11/site-packages/airflow/example_dags/example_trigger_controller_dag.py
[2026-05-09T11:52:46.832+0000] {processor.py:840} INFO - DAG(s) 'example_trigger_controller_dag' retrieved from /home/vscode/.local/lib/python3.11/site-packages/airflow/example_dags/example_trigger_controller_dag.py
[2026-05-09T11:52:46.842+0000] {logging_mixin.py:188} INFO - [2026-05-09T11:52:46.842+0000] {dag.py:3096} INFO - Sync 1 DAGs
[2026-05-09T11:52:46.855+0000] {logging_mixin.py:188} INFO - [2026-05-09T11:52:46.855+0000] {dag.py:3954} INFO - Setting next_dagrun for example_trigger_controller_dag to 2021-01-01 00:00:00+00:00, run_after=2021-01-01 00:00:00+00:00
[2026-05-09T11:52:46.871+0000] {processor.py:183} INFO - Processing /home/vscode/.local/lib/python3.11/site-packages/airflow/example_dags/example_trigger_controller_dag.py took 0.050 seconds
[2026-05-09T11:53:25.761+0000] {processor.py:161} INFO - Started process (PID=27930) to work on /home/vscode/.local/lib/python3.11/site-packages/airflow/example_dags/example_trigger_controller_dag.py
[2026-05-09T11:53:25.762+0000] {processor.py:830} INFO - Processing file /home/vscode/.local/lib/python3.11/site-packages/airflow/example_dags/example_trigger_controller_dag.py for tasks to queue
[2026-05-09T11:53:25.762+0000] {logging_mixin.py:188} INFO - [2026-05-09T11:53:25.762+0000] {dagbag.py:545} INFO - Filling up the DagBag from /home/vscode/.local/lib/python3.11/site-packages/airflow/example_dags/example_trigger_controller_dag.py
[2026-05-09T11:53:25.765+0000] {processor.py:840} INFO - DAG(s) 'example_trigger_controller_dag' retrieved from /home/vscode/.local/lib/python3.11/site-packages/airflow/example_dags/example_trigger_controller_dag.py
[2026-05-09T11:53:25.777+0000] {logging_mixin.py:188} INFO - [2026-05-09T11:53:25.777+0000] {dag.py:3096} INFO - Sync 1 DAGs
[2026-05-09T11:53:25.790+0000] {logging_mixin.py:188} INFO - [2026-05-09T11:53:25.790+0000] {dag.py:3954} INFO - Setting next_dagrun for example_trigger_controller_dag to 2021-01-01 00:00:00+00:00, run_after=2021-01-01 00:00:00+00:00
[2026-05-09T11:53:25.805+0000] {processor.py:183} INFO - Processing /home/vscode/.local/lib/python3.11/site-packages/airflow/example_dags/example_trigger_controller_dag.py took 0.050 seconds
[2026-05-09T11:54:05.731+0000] {processor.py:161} INFO - Started process (PID=28334) to work on /home/vscode/.local/lib/python3.11/site-packages/airflow/example_dags/example_trigger_controller_dag.py
[2026-05-09T11:54:05.732+0000] {processor.py:830} INFO - Processing file /home/vscode/.local/lib/python3.11/site-packages/airflow/example_dags/example_trigger_controller_dag.py for tasks to queue
[2026-05-09T11:54:05.732+0000] {logging_mixin.py:188} INFO - [2026-05-09T11:54:05.732+0000] {dagbag.py:545} INFO - Filling up the DagBag from /home/vscode/.local/lib/python3.11/site-packages/airflow/example_dags/example_trigger_controller_dag.py
[2026-05-09T11:54:05.736+0000] {processor.py:840} INFO - DAG(s) 'example_trigger_controller_dag' retrieved from /home/vscode/.local/lib/python3.11/site-packages/airflow/example_dags/example_trigger_controller_dag.py
[2026-05-09T11:54:05.747+0000] {logging_mixin.py:188} INFO - [2026-05-09T11:54:05.747+0000] {dag.py:3096} INFO - Sync 1 DAGs
[2026-05-09T11:54:05.764+0000] {logging_mixin.py:188} INFO - [2026-05-09T11:54:05.764+0000] {dag.py:3954} INFO - Setting next_dagrun for example_trigger_controller_dag to 2021-01-01 00:00:00+00:00, run_after=2021-01-01 00:00:00+00:00
[2026-05-09T11:54:05.779+0000] {processor.py:183} INFO - Processing /home/vscode/.local/lib/python3.11/site-packages/airflow/example_dags/example_trigger_controller_dag.py took 0.054 seconds
[2026-05-09T11:54:48.277+0000] {processor.py:161} INFO - Started process (PID=28703) to work on /home/vscode/.local/lib/python3.11/site-packages/airflow/example_dags/example_trigger_controller_dag.py
[2026-05-09T11:54:48.277+0000] {processor.py:830} INFO - Processing file /home/vscode/.local/lib/python3.11/site-packages/airflow/example_dags/example_trigger_controller_dag.py for tasks to queue
[2026-05-09T11:54:48.278+0000] {logging_mixin.py:188} INFO - [2026-05-09T11:54:48.278+0000] {dagbag.py:545} INFO - Filling up the DagBag from /home/vscode/.local/lib/python3.11/site-packages/airflow/example_dags/example_trigger_controller_dag.py
[2026-05-09T11:54:48.281+0000] {processor.py:840} INFO - DAG(s) 'example_trigger_controller_dag' retrieved from /home/vscode/.local/lib/python3.11/site-packages/airflow/example_dags/example_trigger_controller_dag.py
[2026-05-09T11:54:48.292+0000] {logging_mixin.py:188} INFO - [2026-05-09T11:54:48.292+0000] {dag.py:3096} INFO - Sync 1 DAGs
[2026-05-09T11:54:48.306+0000] {logging_mixin.py:188} INFO - [2026-05-09T11:54:48.306+0000] {dag.py:3954} INFO - Setting next_dagrun for example_trigger_controller_dag to 2021-01-01 00:00:00+00:00, run_after=2021-01-01 00:00:00+00:00
[2026-05-09T11:54:48.321+0000] {processor.py:183} INFO - Processing /home/vscode/.local/lib/python3.11/site-packages/airflow/example_dags/example_trigger_controller_dag.py took 0.051 seconds
[2026-05-09T11:55:29.437+0000] {processor.py:161} INFO - Started process (PID=28992) to work on /home/vscode/.local/lib/python3.11/site-packages/airflow/example_dags/example_trigger_controller_dag.py
[2026-05-09T11:55:29.438+0000] {processor.py:830} INFO - Processing file /home/vscode/.local/lib/python3.11/site-packages/airflow/example_dags/example_trigger_controller_dag.py for tasks to queue
[2026-05-09T11:55:29.439+0000] {logging_mixin.py:188} INFO - [2026-05-09T11:55:29.438+0000] {dagbag.py:545} INFO - Filling up the DagBag from /home/vscode/.local/lib/python3.11/site-packages/airflow/example_dags/example_trigger_controller_dag.py
[2026-05-09T11:55:29.442+0000] {processor.py:840} INFO - DAG(s) 'example_trigger_controller_dag' retrieved from /home/vscode/.local/lib/python3.11/site-packages/airflow/example_dags/example_trigger_controller_dag.py
[2026-05-09T11:55:29.453+0000] {logging_mixin.py:188} INFO - [2026-05-09T11:55:29.453+0000] {dag.py:3096} INFO - Sync 1 DAGs
[2026-05-09T11:55:29.467+0000] {logging_mixin.py:188} INFO - [2026-05-09T11:55:29.466+0000] {dag.py:3954} INFO - Setting next_dagrun for example_trigger_controller_dag to 2021-01-01 00:00:00+00:00, run_after=2021-01-01 00:00:00+00:00
[2026-05-09T11:55:29.481+0000] {processor.py:183} INFO - Processing /home/vscode/.local/lib/python3.11/site-packages/airflow/example_dags/example_trigger_controller_dag.py took 0.050 seconds
[2026-05-09T11:56:10.648+0000] {processor.py:161} INFO - Started process (PID=29342) to work on /home/vscode/.local/lib/python3.11/site-packages/airflow/example_dags/example_trigger_controller_dag.py
[2026-05-09T11:56:10.648+0000] {processor.py:830} INFO - Processing file /home/vscode/.local/lib/python3.11/site-packages/airflow/example_dags/example_trigger_controller_dag.py for tasks to queue
[2026-05-09T11:56:10.649+0000] {logging_mixin.py:188} INFO - [2026-05-09T11:56:10.649+0000] {dagbag.py:545} INFO - Filling up the DagBag from /home/vscode/.local/lib/python3.11/site-packages/airflow/example_dags/example_trigger_controller_dag.py
[2026-05-09T11:56:10.652+0000] {processor.py:840} INFO - DAG(s) 'example_trigger_controller_dag' retrieved from /home/vscode/.local/lib/python3.11/site-packages/airflow/example_dags/example_trigger_controller_dag.py
[2026-05-09T11:56:10.664+0000] {logging_mixin.py:188} INFO - [2026-05-09T11:56:10.663+0000] {dag.py:3096} INFO - Sync 1 DAGs
[2026-05-09T11:56:10.677+0000] {logging_mixin.py:188} INFO - [2026-05-09T11:56:10.677+0000] {dag.py:3954} INFO - Setting next_dagrun for example_trigger_controller_dag to 2021-01-01 00:00:00+00:00, run_after=2021-01-01 00:00:00+00:00
[2026-05-09T11:56:10.695+0000] {processor.py:183} INFO - Processing /home/vscode/.local/lib/python3.11/site-packages/airflow/example_dags/example_trigger_controller_dag.py took 0.053 seconds
[2026-05-09T11:56:51.680+0000] {processor.py:161} INFO - Started process (PID=29699) to work on /home/vscode/.local/lib/python3.11/site-packages/airflow/example_dags/example_trigger_controller_dag.py
[2026-05-09T11:56:51.681+0000] {processor.py:830} INFO - Processing file /home/vscode/.local/lib/python3.11/site-packages/airflow/example_dags/example_trigger_controller_dag.py for tasks to queue
[2026-05-09T11:56:51.681+0000] {logging_mixin.py:188} INFO - [2026-05-09T11:56:51.681+0000] {dagbag.py:545} INFO - Filling up the DagBag from /home/vscode/.local/lib/python3.11/site-packages/airflow/example_dags/example_trigger_controller_dag.py
[2026-05-09T11:56:51.685+0000] {processor.py:840} INFO - DAG(s) 'example_trigger_controller_dag' retrieved from /home/vscode/.local/lib/python3.11/site-packages/airflow/example_dags/example_trigger_controller_dag.py
[2026-05-09T11:56:51.697+0000] {logging_mixin.py:188} INFO - [2026-05-09T11:56:51.697+0000] {dag.py:3096} INFO - Sync 1 DAGs
[2026-05-09T11:56:51.711+0000] {logging_mixin.py:188} INFO - [2026-05-09T11:56:51.711+0000] {dag.py:3954} INFO - Setting next_dagrun for example_trigger_controller_dag to 2021-01-01 00:00:00+00:00, run_after=2021-01-01 00:00:00+00:00
[2026-05-09T11:56:51.726+0000] {processor.py:183} INFO - Processing /home/vscode/.local/lib/python3.11/site-packages/airflow/example_dags/example_trigger_controller_dag.py took 0.052 seconds
[2026-05-09T11:57:31.919+0000] {processor.py:161} INFO - Started process (PID=29984) to work on /home/vscode/.local/lib/python3.11/site-packages/airflow/example_dags/example_trigger_controller_dag.py
[2026-05-09T11:57:31.919+0000] {processor.py:830} INFO - Processing file /home/vscode/.local/lib/python3.11/site-packages/airflow/example_dags/example_trigger_controller_dag.py for tasks to queue
[2026-05-09T11:57:31.920+0000] {logging_mixin.py:188} INFO - [2026-05-09T11:57:31.919+0000] {dagbag.py:545} INFO - Filling up the DagBag from /home/vscode/.local/lib/python3.11/site-packages/airflow/example_dags/example_trigger_controller_dag.py
[2026-05-09T11:57:31.923+0000] {processor.py:840} INFO - DAG(s) 'example_trigger_controller_dag' retrieved from /home/vscode/.local/lib/python3.11/site-packages/airflow/example_dags/example_trigger_controller_dag.py
[2026-05-09T11:57:31.934+0000] {logging_mixin.py:188} INFO - [2026-05-09T11:57:31.934+0000] {dag.py:3096} INFO - Sync 1 DAGs
[2026-05-09T11:57:31.947+0000] {logging_mixin.py:188} INFO - [2026-05-09T11:57:31.947+0000] {dag.py:3954} INFO - Setting next_dagrun for example_trigger_controller_dag to 2021-01-01 00:00:00+00:00, run_after=2021-01-01 00:00:00+00:00
[2026-05-09T11:57:31.961+0000] {processor.py:183} INFO - Processing /home/vscode/.local/lib/python3.11/site-packages/airflow/example_dags/example_trigger_controller_dag.py took 0.049 seconds
[2026-05-09T11:58:14.876+0000] {processor.py:161} INFO - Started process (PID=30344) to work on /home/vscode/.local/lib/python3.11/site-packages/airflow/example_dags/example_trigger_controller_dag.py
[2026-05-09T11:58:14.877+0000] {processor.py:830} INFO - Processing file /home/vscode/.local/lib/python3.11/site-packages/airflow/example_dags/example_trigger_controller_dag.py for tasks to queue
[2026-05-09T11:58:14.878+0000] {logging_mixin.py:188} INFO - [2026-05-09T11:58:14.877+0000] {dagbag.py:545} INFO - Filling up the DagBag from /home/vscode/.local/lib/python3.11/site-packages/airflow/example_dags/example_trigger_controller_dag.py
[2026-05-09T11:58:14.881+0000] {processor.py:840} INFO - DAG(s) 'example_trigger_controller_dag' retrieved from /home/vscode/.local/lib/python3.11/site-packages/airflow/example_dags/example_trigger_controller_dag.py
[2026-05-09T11:58:14.893+0000] {logging_mixin.py:188} INFO - [2026-05-09T11:58:14.892+0000] {dag.py:3096} INFO - Sync 1 DAGs
[2026-05-09T11:58:14.907+0000] {logging_mixin.py:188} INFO - [2026-05-09T11:58:14.906+0000] {dag.py:3954} INFO - Setting next_dagrun for example_trigger_controller_dag to 2021-01-01 00:00:00+00:00, run_after=2021-01-01 00:00:00+00:00
[2026-05-09T11:58:14.924+0000] {processor.py:183} INFO - Processing /home/vscode/.local/lib/python3.11/site-packages/airflow/example_dags/example_trigger_controller_dag.py took 0.054 seconds
[2026-05-09T11:58:58.700+0000] {processor.py:161} INFO - Started process (PID=30703) to work on /home/vscode/.local/lib/python3.11/site-packages/airflow/example_dags/example_trigger_controller_dag.py
[2026-05-09T11:58:58.700+0000] {processor.py:830} INFO - Processing file /home/vscode/.local/lib/python3.11/site-packages/airflow/example_dags/example_trigger_controller_dag.py for tasks to queue
[2026-05-09T11:58:58.701+0000] {logging_mixin.py:188} INFO - [2026-05-09T11:58:58.701+0000] {dagbag.py:545} INFO - Filling up the DagBag from /home/vscode/.local/lib/python3.11/site-packages/airflow/example_dags/example_trigger_controller_dag.py
[2026-05-09T11:58:58.704+0000] {processor.py:840} INFO - DAG(s) 'example_trigger_controller_dag' retrieved from /home/vscode/.local/lib/python3.11/site-packages/airflow/example_dags/example_trigger_controller_dag.py
[2026-05-09T11:58:58.717+0000] {logging_mixin.py:188} INFO - [2026-05-09T11:58:58.716+0000] {dag.py:3096} INFO - Sync 1 DAGs
[2026-05-09T11:58:58.741+0000] {logging_mixin.py:188} INFO - [2026-05-09T11:58:58.741+0000] {dag.py:3954} INFO - Setting next_dagrun for example_trigger_controller_dag to 2021-01-01 00:00:00+00:00, run_after=2021-01-01 00:00:00+00:00
[2026-05-09T11:58:58.790+0000] {processor.py:183} INFO - Processing /home/vscode/.local/lib/python3.11/site-packages/airflow/example_dags/example_trigger_controller_dag.py took 0.096 seconds
[2026-05-09T11:59:39.262+0000] {processor.py:161} INFO - Started process (PID=31061) to work on /home/vscode/.local/lib/python3.11/site-packages/airflow/example_dags/example_trigger_controller_dag.py
[2026-05-09T11:59:39.263+0000] {processor.py:830} INFO - Processing file /home/vscode/.local/lib/python3.11/site-packages/airflow/example_dags/example_trigger_controller_dag.py for tasks to queue
[2026-05-09T11:59:39.264+0000] {logging_mixin.py:188} INFO - [2026-05-09T11:59:39.263+0000] {dagbag.py:545} INFO - Filling up the DagBag from /home/vscode/.local/lib/python3.11/site-packages/airflow/example_dags/example_trigger_controller_dag.py
[2026-05-09T11:59:39.267+0000] {processor.py:840} INFO - DAG(s) 'example_trigger_controller_dag' retrieved from /home/vscode/.local/lib/python3.11/site-packages/airflow/example_dags/example_trigger_controller_dag.py
[2026-05-09T11:59:39.280+0000] {logging_mixin.py:188} INFO - [2026-05-09T11:59:39.280+0000] {dag.py:3096} INFO - Sync 1 DAGs
[2026-05-09T11:59:39.294+0000] {logging_mixin.py:188} INFO - [2026-05-09T11:59:39.294+0000] {dag.py:3954} INFO - Setting next_dagrun for example_trigger_controller_dag to 2021-01-01 00:00:00+00:00, run_after=2021-01-01 00:00:00+00:00
[2026-05-09T11:59:39.310+0000] {processor.py:183} INFO - Processing /home/vscode/.local/lib/python3.11/site-packages/airflow/example_dags/example_trigger_controller_dag.py took 0.054 seconds
[2026-05-09T12:00:21.515+0000] {processor.py:161} INFO - Started process (PID=31364) to work on /home/vscode/.local/lib/python3.11/site-packages/airflow/example_dags/example_trigger_controller_dag.py
[2026-05-09T12:00:21.516+0000] {processor.py:830} INFO - Processing file /home/vscode/.local/lib/python3.11/site-packages/airflow/example_dags/example_trigger_controller_dag.py for tasks to queue
[2026-05-09T12:00:21.516+0000] {logging_mixin.py:188} INFO - [2026-05-09T12:00:21.516+0000] {dagbag.py:545} INFO - Filling up the DagBag from /home/vscode/.local/lib/python3.11/site-packages/airflow/example_dags/example_trigger_controller_dag.py
[2026-05-09T12:00:21.520+0000] {processor.py:840} INFO - DAG(s) 'example_trigger_controller_dag' retrieved from /home/vscode/.local/lib/python3.11/site-packages/airflow/example_dags/example_trigger_controller_dag.py
[2026-05-09T12:00:21.531+0000] {logging_mixin.py:188} INFO - [2026-05-09T12:00:21.531+0000] {dag.py:3096} INFO - Sync 1 DAGs
[2026-05-09T12:00:21.544+0000] {logging_mixin.py:188} INFO - [2026-05-09T12:00:21.544+0000] {dag.py:3954} INFO - Setting next_dagrun for example_trigger_controller_dag to 2021-01-01 00:00:00+00:00, run_after=2021-01-01 00:00:00+00:00
[2026-05-09T12:00:21.560+0000] {processor.py:183} INFO - Processing /home/vscode/.local/lib/python3.11/site-packages/airflow/example_dags/example_trigger_controller_dag.py took 0.051 seconds
[2026-05-09T12:01:02.605+0000] {processor.py:161} INFO - Started process (PID=31713) to work on /home/vscode/.local/lib/python3.11/site-packages/airflow/example_dags/example_trigger_controller_dag.py
[2026-05-09T12:01:02.605+0000] {processor.py:830} INFO - Processing file /home/vscode/.local/lib/python3.11/site-packages/airflow/example_dags/example_trigger_controller_dag.py for tasks to queue
[2026-05-09T12:01:02.606+0000] {logging_mixin.py:188} INFO - [2026-05-09T12:01:02.606+0000] {dagbag.py:545} INFO - Filling up the DagBag from /home/vscode/.local/lib/python3.11/site-packages/airflow/example_dags/example_trigger_controller_dag.py
[2026-05-09T12:01:02.611+0000] {processor.py:840} INFO - DAG(s) 'example_trigger_controller_dag' retrieved from /home/vscode/.local/lib/python3.11/site-packages/airflow/example_dags/example_trigger_controller_dag.py
[2026-05-09T12:01:02.623+0000] {logging_mixin.py:188} INFO - [2026-05-09T12:01:02.622+0000] {dag.py:3096} INFO - Sync 1 DAGs
[2026-05-09T12:01:02.635+0000] {logging_mixin.py:188} INFO - [2026-05-09T12:01:02.635+0000] {dag.py:3954} INFO - Setting next_dagrun for example_trigger_controller_dag to 2021-01-01 00:00:00+00:00, run_after=2021-01-01 00:00:00+00:00
[2026-05-09T12:01:02.651+0000] {processor.py:183} INFO - Processing /home/vscode/.local/lib/python3.11/site-packages/airflow/example_dags/example_trigger_controller_dag.py took 0.052 seconds
[2026-05-09T12:01:46.592+0000] {processor.py:161} INFO - Started process (PID=32079) to work on /home/vscode/.local/lib/python3.11/site-packages/airflow/example_dags/example_trigger_controller_dag.py
[2026-05-09T12:01:46.592+0000] {processor.py:830} INFO - Processing file /home/vscode/.local/lib/python3.11/site-packages/airflow/example_dags/example_trigger_controller_dag.py for tasks to queue
[2026-05-09T12:01:46.593+0000] {logging_mixin.py:188} INFO - [2026-05-09T12:01:46.593+0000] {dagbag.py:545} INFO - Filling up the DagBag from /home/vscode/.local/lib/python3.11/site-packages/airflow/example_dags/example_trigger_controller_dag.py
[2026-05-09T12:01:46.596+0000] {processor.py:840} INFO - DAG(s) 'example_trigger_controller_dag' retrieved from /home/vscode/.local/lib/python3.11/site-packages/airflow/example_dags/example_trigger_controller_dag.py
[2026-05-09T12:01:46.607+0000] {logging_mixin.py:188} INFO - [2026-05-09T12:01:46.607+0000] {dag.py:3096} INFO - Sync 1 DAGs
[2026-05-09T12:01:46.621+0000] {logging_mixin.py:188} INFO - [2026-05-09T12:01:46.621+0000] {dag.py:3954} INFO - Setting next_dagrun for example_trigger_controller_dag to 2021-01-01 00:00:00+00:00, run_after=2021-01-01 00:00:00+00:00
[2026-05-09T12:01:46.636+0000] {processor.py:183} INFO - Processing /home/vscode/.local/lib/python3.11/site-packages/airflow/example_dags/example_trigger_controller_dag.py took 0.051 seconds
[2026-05-09T12:02:28.260+0000] {processor.py:161} INFO - Started process (PID=32376) to work on /home/vscode/.local/lib/python3.11/site-packages/airflow/example_dags/example_trigger_controller_dag.py
[2026-05-09T12:02:28.260+0000] {processor.py:830} INFO - Processing file /home/vscode/.local/lib/python3.11/site-packages/airflow/example_dags/example_trigger_controller_dag.py for tasks to queue
[2026-05-09T12:02:28.261+0000] {logging_mixin.py:188} INFO - [2026-05-09T12:02:28.261+0000] {dagbag.py:545} INFO - Filling up the DagBag from /home/vscode/.local/lib/python3.11/site-packages/airflow/example_dags/example_trigger_controller_dag.py
[2026-05-09T12:02:28.264+0000] {processor.py:840} INFO - DAG(s) 'example_trigger_controller_dag' retrieved from /home/vscode/.local/lib/python3.11/site-packages/airflow/example_dags/example_trigger_controller_dag.py
[2026-05-09T12:02:28.275+0000] {logging_mixin.py:188} INFO - [2026-05-09T12:02:28.275+0000] {dag.py:3096} INFO - Sync 1 DAGs
[2026-05-09T12:02:28.289+0000] {logging_mixin.py:188} INFO - [2026-05-09T12:02:28.289+0000] {dag.py:3954} INFO - Setting next_dagrun for example_trigger_controller_dag to 2021-01-01 00:00:00+00:00, run_after=2021-01-01 00:00:00+00:00
[2026-05-09T12:02:28.305+0000] {processor.py:183} INFO - Processing /home/vscode/.local/lib/python3.11/site-packages/airflow/example_dags/example_trigger_controller_dag.py took 0.051 seconds
[2026-05-09T12:03:09.892+0000] {processor.py:161} INFO - Started process (PID=32728) to work on /home/vscode/.local/lib/python3.11/site-packages/airflow/example_dags/example_trigger_controller_dag.py
[2026-05-09T12:03:09.892+0000] {processor.py:830} INFO - Processing file /home/vscode/.local/lib/python3.11/site-packages/airflow/example_dags/example_trigger_controller_dag.py for tasks to queue
[2026-05-09T12:03:09.893+0000] {logging_mixin.py:188} INFO - [2026-05-09T12:03:09.893+0000] {dagbag.py:545} INFO - Filling up the DagBag from /home/vscode/.local/lib/python3.11/site-packages/airflow/example_dags/example_trigger_controller_dag.py
[2026-05-09T12:03:09.897+0000] {processor.py:840} INFO - DAG(s) 'example_trigger_controller_dag' retrieved from /home/vscode/.local/lib/python3.11/site-packages/airflow/example_dags/example_trigger_controller_dag.py
[2026-05-09T12:03:09.908+0000] {logging_mixin.py:188} INFO - [2026-05-09T12:03:09.908+0000] {dag.py:3096} INFO - Sync 1 DAGs
[2026-05-09T12:03:09.922+0000] {logging_mixin.py:188} INFO - [2026-05-09T12:03:09.921+0000] {dag.py:3954} INFO - Setting next_dagrun for example_trigger_controller_dag to 2021-01-01 00:00:00+00:00, run_after=2021-01-01 00:00:00+00:00
[2026-05-09T12:03:09.937+0000] {processor.py:183} INFO - Processing /home/vscode/.local/lib/python3.11/site-packages/airflow/example_dags/example_trigger_controller_dag.py took 0.052 seconds
[2026-05-09T12:03:51.668+0000] {processor.py:161} INFO - Started process (PID=33150) to work on /home/vscode/.local/lib/python3.11/site-packages/airflow/example_dags/example_trigger_controller_dag.py
[2026-05-09T12:03:51.669+0000] {processor.py:830} INFO - Processing file /home/vscode/.local/lib/python3.11/site-packages/airflow/example_dags/example_trigger_controller_dag.py for tasks to queue
[2026-05-09T12:03:51.670+0000] {logging_mixin.py:188} INFO - [2026-05-09T12:03:51.669+0000] {dagbag.py:545} INFO - Filling up the DagBag from /home/vscode/.local/lib/python3.11/site-packages/airflow/example_dags/example_trigger_controller_dag.py
[2026-05-09T12:03:51.673+0000] {processor.py:840} INFO - DAG(s) 'example_trigger_controller_dag' retrieved from /home/vscode/.local/lib/python3.11/site-packages/airflow/example_dags/example_trigger_controller_dag.py
[2026-05-09T12:03:51.684+0000] {logging_mixin.py:188} INFO - [2026-05-09T12:03:51.684+0000] {dag.py:3096} INFO - Sync 1 DAGs
[2026-05-09T12:03:51.697+0000] {logging_mixin.py:188} INFO - [2026-05-09T12:03:51.697+0000] {dag.py:3954} INFO - Setting next_dagrun for example_trigger_controller_dag to 2021-01-01 00:00:00+00:00, run_after=2021-01-01 00:00:00+00:00
[2026-05-09T12:03:51.712+0000] {processor.py:183} INFO - Processing /home/vscode/.local/lib/python3.11/site-packages/airflow/example_dags/example_trigger_controller_dag.py took 0.050 seconds
[2026-05-09T12:04:34.053+0000] {processor.py:161} INFO - Started process (PID=33473) to work on /home/vscode/.local/lib/python3.11/site-packages/airflow/example_dags/example_trigger_controller_dag.py
[2026-05-09T12:04:34.053+0000] {processor.py:830} INFO - Processing file /home/vscode/.local/lib/python3.11/site-packages/airflow/example_dags/example_trigger_controller_dag.py for tasks to queue
[2026-05-09T12:04:34.054+0000] {logging_mixin.py:188} INFO - [2026-05-09T12:04:34.054+0000] {dagbag.py:545} INFO - Filling up the DagBag from /home/vscode/.local/lib/python3.11/site-packages/airflow/example_dags/example_trigger_controller_dag.py
[2026-05-09T12:04:34.057+0000] {processor.py:840} INFO - DAG(s) 'example_trigger_controller_dag' retrieved from /home/vscode/.local/lib/python3.11/site-packages/airflow/example_dags/example_trigger_controller_dag.py
[2026-05-09T12:04:34.069+0000] {logging_mixin.py:188} INFO - [2026-05-09T12:04:34.069+0000] {dag.py:3096} INFO - Sync 1 DAGs
[2026-05-09T12:04:34.082+0000] {logging_mixin.py:188} INFO - [2026-05-09T12:04:34.082+0000] {dag.py:3954} INFO - Setting next_dagrun for example_trigger_controller_dag to 2021-01-01 00:00:00+00:00, run_after=2021-01-01 00:00:00+00:00
[2026-05-09T12:04:34.097+0000] {processor.py:183} INFO - Processing /home/vscode/.local/lib/python3.11/site-packages/airflow/example_dags/example_trigger_controller_dag.py took 0.051 seconds
[2026-05-09T12:05:15.517+0000] {processor.py:161} INFO - Started process (PID=33799) to work on /home/vscode/.local/lib/python3.11/site-packages/airflow/example_dags/example_trigger_controller_dag.py
[2026-05-09T12:05:15.517+0000] {processor.py:830} INFO - Processing file /home/vscode/.local/lib/python3.11/site-packages/airflow/example_dags/example_trigger_controller_dag.py for tasks to queue
[2026-05-09T12:05:15.518+0000] {logging_mixin.py:188} INFO - [2026-05-09T12:05:15.517+0000] {dagbag.py:545} INFO - Filling up the DagBag from /home/vscode/.local/lib/python3.11/site-packages/airflow/example_dags/example_trigger_controller_dag.py
[2026-05-09T12:05:15.521+0000] {processor.py:840} INFO - DAG(s) 'example_trigger_controller_dag' retrieved from /home/vscode/.local/lib/python3.11/site-packages/airflow/example_dags/example_trigger_controller_dag.py
[2026-05-09T12:05:15.534+0000] {logging_mixin.py:188} INFO - [2026-05-09T12:05:15.534+0000] {dag.py:3096} INFO - Sync 1 DAGs
[2026-05-09T12:05:15.550+0000] {logging_mixin.py:188} INFO - [2026-05-09T12:05:15.550+0000] {dag.py:3954} INFO - Setting next_dagrun for example_trigger_controller_dag to 2021-01-01 00:00:00+00:00, run_after=2021-01-01 00:00:00+00:00
[2026-05-09T12:05:15.570+0000] {processor.py:183} INFO - Processing /home/vscode/.local/lib/python3.11/site-packages/airflow/example_dags/example_trigger_controller_dag.py took 0.060 seconds
[2026-05-09T12:05:57.149+0000] {processor.py:161} INFO - Started process (PID=34157) to work on /home/vscode/.local/lib/python3.11/site-packages/airflow/example_dags/example_trigger_controller_dag.py
[2026-05-09T12:05:57.149+0000] {processor.py:830} INFO - Processing file /home/vscode/.local/lib/python3.11/site-packages/airflow/example_dags/example_trigger_controller_dag.py for tasks to queue
[2026-05-09T12:05:57.150+0000] {logging_mixin.py:188} INFO - [2026-05-09T12:05:57.149+0000] {dagbag.py:545} INFO - Filling up the DagBag from /home/vscode/.local/lib/python3.11/site-packages/airflow/example_dags/example_trigger_controller_dag.py
[2026-05-09T12:05:57.153+0000] {processor.py:840} INFO - DAG(s) 'example_trigger_controller_dag' retrieved from /home/vscode/.local/lib/python3.11/site-packages/airflow/example_dags/example_trigger_controller_dag.py
[2026-05-09T12:05:57.164+0000] {logging_mixin.py:188} INFO - [2026-05-09T12:05:57.164+0000] {dag.py:3096} INFO - Sync 1 DAGs
[2026-05-09T12:05:57.177+0000] {logging_mixin.py:188} INFO - [2026-05-09T12:05:57.177+0000] {dag.py:3954} INFO - Setting next_dagrun for example_trigger_controller_dag to 2021-01-01 00:00:00+00:00, run_after=2021-01-01 00:00:00+00:00
[2026-05-09T12:05:57.193+0000] {processor.py:183} INFO - Processing /home/vscode/.local/lib/python3.11/site-packages/airflow/example_dags/example_trigger_controller_dag.py took 0.052 seconds
[2026-05-09T12:06:40.559+0000] {processor.py:161} INFO - Started process (PID=34518) to work on /home/vscode/.local/lib/python3.11/site-packages/airflow/example_dags/example_trigger_controller_dag.py
[2026-05-09T12:06:40.560+0000] {processor.py:830} INFO - Processing file /home/vscode/.local/lib/python3.11/site-packages/airflow/example_dags/example_trigger_controller_dag.py for tasks to queue
[2026-05-09T12:06:40.560+0000] {logging_mixin.py:188} INFO - [2026-05-09T12:06:40.560+0000] {dagbag.py:545} INFO - Filling up the DagBag from /home/vscode/.local/lib/python3.11/site-packages/airflow/example_dags/example_trigger_controller_dag.py
[2026-05-09T12:06:40.564+0000] {processor.py:840} INFO - DAG(s) 'example_trigger_controller_dag' retrieved from /home/vscode/.local/lib/python3.11/site-packages/airflow/example_dags/example_trigger_controller_dag.py
[2026-05-09T12:06:40.575+0000] {logging_mixin.py:188} INFO - [2026-05-09T12:06:40.575+0000] {dag.py:3096} INFO - Sync 1 DAGs
[2026-05-09T12:06:40.589+0000] {logging_mixin.py:188} INFO - [2026-05-09T12:06:40.589+0000] {dag.py:3954} INFO - Setting next_dagrun for example_trigger_controller_dag to 2021-01-01 00:00:00+00:00, run_after=2021-01-01 00:00:00+00:00
[2026-05-09T12:06:40.604+0000] {processor.py:183} INFO - Processing /home/vscode/.local/lib/python3.11/site-packages/airflow/example_dags/example_trigger_controller_dag.py took 0.052 seconds
[2026-05-09T12:07:24.770+0000] {processor.py:161} INFO - Started process (PID=34831) to work on /home/vscode/.local/lib/python3.11/site-packages/airflow/example_dags/example_trigger_controller_dag.py
[2026-05-09T12:07:24.770+0000] {processor.py:830} INFO - Processing file /home/vscode/.local/lib/python3.11/site-packages/airflow/example_dags/example_trigger_controller_dag.py for tasks to queue
[2026-05-09T12:07:24.771+0000] {logging_mixin.py:188} INFO - [2026-05-09T12:07:24.771+0000] {dagbag.py:545} INFO - Filling up the DagBag from /home/vscode/.local/lib/python3.11/site-packages/airflow/example_dags/example_trigger_controller_dag.py
[2026-05-09T12:07:24.774+0000] {processor.py:840} INFO - DAG(s) 'example_trigger_controller_dag' retrieved from /home/vscode/.local/lib/python3.11/site-packages/airflow/example_dags/example_trigger_controller_dag.py
[2026-05-09T12:07:24.788+0000] {logging_mixin.py:188} INFO - [2026-05-09T12:07:24.788+0000] {dag.py:3096} INFO - Sync 1 DAGs
[2026-05-09T12:07:24.805+0000] {logging_mixin.py:188} INFO - [2026-05-09T12:07:24.805+0000] {dag.py:3954} INFO - Setting next_dagrun for example_trigger_controller_dag to 2021-01-01 00:00:00+00:00, run_after=2021-01-01 00:00:00+00:00
[2026-05-09T12:07:24.820+0000] {processor.py:183} INFO - Processing /home/vscode/.local/lib/python3.11/site-packages/airflow/example_dags/example_trigger_controller_dag.py took 0.057 seconds
[2026-05-09T12:08:05.997+0000] {processor.py:161} INFO - Started process (PID=35182) to work on /home/vscode/.local/lib/python3.11/site-packages/airflow/example_dags/example_trigger_controller_dag.py
[2026-05-09T12:08:05.998+0000] {processor.py:830} INFO - Processing file /home/vscode/.local/lib/python3.11/site-packages/airflow/example_dags/example_trigger_controller_dag.py for tasks to queue
[2026-05-09T12:08:05.998+0000] {logging_mixin.py:188} INFO - [2026-05-09T12:08:05.998+0000] {dagbag.py:545} INFO - Filling up the DagBag from /home/vscode/.local/lib/python3.11/site-packages/airflow/example_dags/example_trigger_controller_dag.py
[2026-05-09T12:08:06.002+0000] {processor.py:840} INFO - DAG(s) 'example_trigger_controller_dag' retrieved from /home/vscode/.local/lib/python3.11/site-packages/airflow/example_dags/example_trigger_controller_dag.py
[2026-05-09T12:08:06.013+0000] {logging_mixin.py:188} INFO - [2026-05-09T12:08:06.013+0000] {dag.py:3096} INFO - Sync 1 DAGs
[2026-05-09T12:08:06.028+0000] {logging_mixin.py:188} INFO - [2026-05-09T12:08:06.028+0000] {dag.py:3954} INFO - Setting next_dagrun for example_trigger_controller_dag to 2021-01-01 00:00:00+00:00, run_after=2021-01-01 00:00:00+00:00
[2026-05-09T12:08:06.045+0000] {processor.py:183} INFO - Processing /home/vscode/.local/lib/python3.11/site-packages/airflow/example_dags/example_trigger_controller_dag.py took 0.055 seconds
[2026-05-09T12:08:47.337+0000] {processor.py:161} INFO - Started process (PID=35601) to work on /home/vscode/.local/lib/python3.11/site-packages/airflow/example_dags/example_trigger_controller_dag.py
[2026-05-09T12:08:47.337+0000] {processor.py:830} INFO - Processing file /home/vscode/.local/lib/python3.11/site-packages/airflow/example_dags/example_trigger_controller_dag.py for tasks to queue
[2026-05-09T12:08:47.338+0000] {logging_mixin.py:188} INFO - [2026-05-09T12:08:47.338+0000] {dagbag.py:545} INFO - Filling up the DagBag from /home/vscode/.local/lib/python3.11/site-packages/airflow/example_dags/example_trigger_controller_dag.py
[2026-05-09T12:08:47.342+0000] {processor.py:840} INFO - DAG(s) 'example_trigger_controller_dag' retrieved from /home/vscode/.local/lib/python3.11/site-packages/airflow/example_dags/example_trigger_controller_dag.py
[2026-05-09T12:08:47.354+0000] {logging_mixin.py:188} INFO - [2026-05-09T12:08:47.354+0000] {dag.py:3096} INFO - Sync 1 DAGs
[2026-05-09T12:08:47.371+0000] {logging_mixin.py:188} INFO - [2026-05-09T12:08:47.371+0000] {dag.py:3954} INFO - Setting next_dagrun for example_trigger_controller_dag to 2021-01-01 00:00:00+00:00, run_after=2021-01-01 00:00:00+00:00
[2026-05-09T12:08:47.387+0000] {processor.py:183} INFO - Processing /home/vscode/.local/lib/python3.11/site-packages/airflow/example_dags/example_trigger_controller_dag.py took 0.059 seconds
[2026-05-09T12:09:26.923+0000] {processor.py:161} INFO - Started process (PID=35887) to work on /home/vscode/.local/lib/python3.11/site-packages/airflow/example_dags/example_trigger_controller_dag.py
[2026-05-09T12:09:26.924+0000] {processor.py:830} INFO - Processing file /home/vscode/.local/lib/python3.11/site-packages/airflow/example_dags/example_trigger_controller_dag.py for tasks to queue
[2026-05-09T12:09:26.924+0000] {logging_mixin.py:188} INFO - [2026-05-09T12:09:26.924+0000] {dagbag.py:545} INFO - Filling up the DagBag from /home/vscode/.local/lib/python3.11/site-packages/airflow/example_dags/example_trigger_controller_dag.py
[2026-05-09T12:09:26.928+0000] {processor.py:840} INFO - DAG(s) 'example_trigger_controller_dag' retrieved from /home/vscode/.local/lib/python3.11/site-packages/airflow/example_dags/example_trigger_controller_dag.py
[2026-05-09T12:09:26.942+0000] {logging_mixin.py:188} INFO - [2026-05-09T12:09:26.942+0000] {dag.py:3096} INFO - Sync 1 DAGs
[2026-05-09T12:09:26.956+0000] {logging_mixin.py:188} INFO - [2026-05-09T12:09:26.956+0000] {dag.py:3954} INFO - Setting next_dagrun for example_trigger_controller_dag to 2021-01-01 00:00:00+00:00, run_after=2021-01-01 00:00:00+00:00
[2026-05-09T12:09:26.971+0000] {processor.py:183} INFO - Processing /home/vscode/.local/lib/python3.11/site-packages/airflow/example_dags/example_trigger_controller_dag.py took 0.055 seconds
[2026-05-09T12:10:05.833+0000] {processor.py:161} INFO - Started process (PID=36220) to work on /home/vscode/.local/lib/python3.11/site-packages/airflow/example_dags/example_trigger_controller_dag.py
[2026-05-09T12:10:05.834+0000] {processor.py:830} INFO - Processing file /home/vscode/.local/lib/python3.11/site-packages/airflow/example_dags/example_trigger_controller_dag.py for tasks to queue
[2026-05-09T12:10:05.835+0000] {logging_mixin.py:188} INFO - [2026-05-09T12:10:05.834+0000] {dagbag.py:545} INFO - Filling up the DagBag from /home/vscode/.local/lib/python3.11/site-packages/airflow/example_dags/example_trigger_controller_dag.py
[2026-05-09T12:10:05.839+0000] {processor.py:840} INFO - DAG(s) 'example_trigger_controller_dag' retrieved from /home/vscode/.local/lib/python3.11/site-packages/airflow/example_dags/example_trigger_controller_dag.py
[2026-05-09T12:10:05.851+0000] {logging_mixin.py:188} INFO - [2026-05-09T12:10:05.851+0000] {dag.py:3096} INFO - Sync 1 DAGs
[2026-05-09T12:10:05.864+0000] {logging_mixin.py:188} INFO - [2026-05-09T12:10:05.864+0000] {dag.py:3954} INFO - Setting next_dagrun for example_trigger_controller_dag to 2021-01-01 00:00:00+00:00, run_after=2021-01-01 00:00:00+00:00
[2026-05-09T12:10:05.880+0000] {processor.py:183} INFO - Processing /home/vscode/.local/lib/python3.11/site-packages/airflow/example_dags/example_trigger_controller_dag.py took 0.055 seconds
[2026-05-09T12:10:48.007+0000] {processor.py:161} INFO - Started process (PID=36585) to work on /home/vscode/.local/lib/python3.11/site-packages/airflow/example_dags/example_trigger_controller_dag.py
[2026-05-09T12:10:48.007+0000] {processor.py:830} INFO - Processing file /home/vscode/.local/lib/python3.11/site-packages/airflow/example_dags/example_trigger_controller_dag.py for tasks to queue
[2026-05-09T12:10:48.008+0000] {logging_mixin.py:188} INFO - [2026-05-09T12:10:48.007+0000] {dagbag.py:545} INFO - Filling up the DagBag from /home/vscode/.local/lib/python3.11/site-packages/airflow/example_dags/example_trigger_controller_dag.py
[2026-05-09T12:10:48.011+0000] {processor.py:840} INFO - DAG(s) 'example_trigger_controller_dag' retrieved from /home/vscode/.local/lib/python3.11/site-packages/airflow/example_dags/example_trigger_controller_dag.py
[2026-05-09T12:10:48.022+0000] {logging_mixin.py:188} INFO - [2026-05-09T12:10:48.022+0000] {dag.py:3096} INFO - Sync 1 DAGs
[2026-05-09T12:10:48.039+0000] {logging_mixin.py:188} INFO - [2026-05-09T12:10:48.039+0000] {dag.py:3954} INFO - Setting next_dagrun for example_trigger_controller_dag to 2021-01-01 00:00:00+00:00, run_after=2021-01-01 00:00:00+00:00
[2026-05-09T12:10:48.057+0000] {processor.py:183} INFO - Processing /home/vscode/.local/lib/python3.11/site-packages/airflow/example_dags/example_trigger_controller_dag.py took 0.057 seconds
[2026-05-09T12:11:29.221+0000] {processor.py:161} INFO - Started process (PID=36873) to work on /home/vscode/.local/lib/python3.11/site-packages/airflow/example_dags/example_trigger_controller_dag.py
[2026-05-09T12:11:29.221+0000] {processor.py:830} INFO - Processing file /home/vscode/.local/lib/python3.11/site-packages/airflow/example_dags/example_trigger_controller_dag.py for tasks to queue
[2026-05-09T12:11:29.222+0000] {logging_mixin.py:188} INFO - [2026-05-09T12:11:29.222+0000] {dagbag.py:545} INFO - Filling up the DagBag from /home/vscode/.local/lib/python3.11/site-packages/airflow/example_dags/example_trigger_controller_dag.py
[2026-05-09T12:11:29.226+0000] {processor.py:840} INFO - DAG(s) 'example_trigger_controller_dag' retrieved from /home/vscode/.local/lib/python3.11/site-packages/airflow/example_dags/example_trigger_controller_dag.py
[2026-05-09T12:11:29.241+0000] {logging_mixin.py:188} INFO - [2026-05-09T12:11:29.241+0000] {dag.py:3096} INFO - Sync 1 DAGs
[2026-05-09T12:11:29.255+0000] {logging_mixin.py:188} INFO - [2026-05-09T12:11:29.255+0000] {dag.py:3954} INFO - Setting next_dagrun for example_trigger_controller_dag to 2021-01-01 00:00:00+00:00, run_after=2021-01-01 00:00:00+00:00
[2026-05-09T12:11:29.270+0000] {processor.py:183} INFO - Processing /home/vscode/.local/lib/python3.11/site-packages/airflow/example_dags/example_trigger_controller_dag.py took 0.056 seconds
[2026-05-09T12:12:08.124+0000] {processor.py:161} INFO - Started process (PID=37214) to work on /home/vscode/.local/lib/python3.11/site-packages/airflow/example_dags/example_trigger_controller_dag.py
[2026-05-09T12:12:08.125+0000] {processor.py:830} INFO - Processing file /home/vscode/.local/lib/python3.11/site-packages/airflow/example_dags/example_trigger_controller_dag.py for tasks to queue
[2026-05-09T12:12:08.125+0000] {logging_mixin.py:188} INFO - [2026-05-09T12:12:08.125+0000] {dagbag.py:545} INFO - Filling up the DagBag from /home/vscode/.local/lib/python3.11/site-packages/airflow/example_dags/example_trigger_controller_dag.py
[2026-05-09T12:12:08.133+0000] {processor.py:840} INFO - DAG(s) 'example_trigger_controller_dag' retrieved from /home/vscode/.local/lib/python3.11/site-packages/airflow/example_dags/example_trigger_controller_dag.py
[2026-05-09T12:12:08.148+0000] {logging_mixin.py:188} INFO - [2026-05-09T12:12:08.148+0000] {dag.py:3096} INFO - Sync 1 DAGs
[2026-05-09T12:12:08.161+0000] {logging_mixin.py:188} INFO - [2026-05-09T12:12:08.161+0000] {dag.py:3954} INFO - Setting next_dagrun for example_trigger_controller_dag to 2021-01-01 00:00:00+00:00, run_after=2021-01-01 00:00:00+00:00
[2026-05-09T12:12:08.177+0000] {processor.py:183} INFO - Processing /home/vscode/.local/lib/python3.11/site-packages/airflow/example_dags/example_trigger_controller_dag.py took 0.059 seconds
[2026-05-09T12:12:49.229+0000] {processor.py:161} INFO - Started process (PID=37570) to work on /home/vscode/.local/lib/python3.11/site-packages/airflow/example_dags/example_trigger_controller_dag.py
[2026-05-09T12:12:49.230+0000] {processor.py:830} INFO - Processing file /home/vscode/.local/lib/python3.11/site-packages/airflow/example_dags/example_trigger_controller_dag.py for tasks to queue
[2026-05-09T12:12:49.231+0000] {logging_mixin.py:188} INFO - [2026-05-09T12:12:49.230+0000] {dagbag.py:545} INFO - Filling up the DagBag from /home/vscode/.local/lib/python3.11/site-packages/airflow/example_dags/example_trigger_controller_dag.py
[2026-05-09T12:12:49.235+0000] {processor.py:840} INFO - DAG(s) 'example_trigger_controller_dag' retrieved from /home/vscode/.local/lib/python3.11/site-packages/airflow/example_dags/example_trigger_controller_dag.py
[2026-05-09T12:12:49.248+0000] {logging_mixin.py:188} INFO - [2026-05-09T12:12:49.248+0000] {dag.py:3096} INFO - Sync 1 DAGs
[2026-05-09T12:12:49.262+0000] {logging_mixin.py:188} INFO - [2026-05-09T12:12:49.262+0000] {dag.py:3954} INFO - Setting next_dagrun for example_trigger_controller_dag to 2021-01-01 00:00:00+00:00, run_after=2021-01-01 00:00:00+00:00
[2026-05-09T12:12:49.279+0000] {processor.py:183} INFO - Processing /home/vscode/.local/lib/python3.11/site-packages/airflow/example_dags/example_trigger_controller_dag.py took 0.057 seconds
[2026-05-09T12:13:30.677+0000] {processor.py:161} INFO - Started process (PID=37859) to work on /home/vscode/.local/lib/python3.11/site-packages/airflow/example_dags/example_trigger_controller_dag.py
[2026-05-09T12:13:30.677+0000] {processor.py:830} INFO - Processing file /home/vscode/.local/lib/python3.11/site-packages/airflow/example_dags/example_trigger_controller_dag.py for tasks to queue
[2026-05-09T12:13:30.678+0000] {logging_mixin.py:188} INFO - [2026-05-09T12:13:30.678+0000] {dagbag.py:545} INFO - Filling up the DagBag from /home/vscode/.local/lib/python3.11/site-packages/airflow/example_dags/example_trigger_controller_dag.py
[2026-05-09T12:13:30.681+0000] {processor.py:840} INFO - DAG(s) 'example_trigger_controller_dag' retrieved from /home/vscode/.local/lib/python3.11/site-packages/airflow/example_dags/example_trigger_controller_dag.py
[2026-05-09T12:13:30.694+0000] {logging_mixin.py:188} INFO - [2026-05-09T12:13:30.693+0000] {dag.py:3096} INFO - Sync 1 DAGs
[2026-05-09T12:13:30.707+0000] {logging_mixin.py:188} INFO - [2026-05-09T12:13:30.707+0000] {dag.py:3954} INFO - Setting next_dagrun for example_trigger_controller_dag to 2021-01-01 00:00:00+00:00, run_after=2021-01-01 00:00:00+00:00
[2026-05-09T12:13:30.722+0000] {processor.py:183} INFO - Processing /home/vscode/.local/lib/python3.11/site-packages/airflow/example_dags/example_trigger_controller_dag.py took 0.052 seconds
[2026-05-09T12:14:15.142+0000] {processor.py:161} INFO - Started process (PID=38292) to work on /home/vscode/.local/lib/python3.11/site-packages/airflow/example_dags/example_trigger_controller_dag.py
[2026-05-09T12:14:15.143+0000] {processor.py:830} INFO - Processing file /home/vscode/.local/lib/python3.11/site-packages/airflow/example_dags/example_trigger_controller_dag.py for tasks to queue
[2026-05-09T12:14:15.143+0000] {logging_mixin.py:188} INFO - [2026-05-09T12:14:15.143+0000] {dagbag.py:545} INFO - Filling up the DagBag from /home/vscode/.local/lib/python3.11/site-packages/airflow/example_dags/example_trigger_controller_dag.py
[2026-05-09T12:14:15.147+0000] {processor.py:840} INFO - DAG(s) 'example_trigger_controller_dag' retrieved from /home/vscode/.local/lib/python3.11/site-packages/airflow/example_dags/example_trigger_controller_dag.py
[2026-05-09T12:14:15.158+0000] {logging_mixin.py:188} INFO - [2026-05-09T12:14:15.158+0000] {dag.py:3096} INFO - Sync 1 DAGs
[2026-05-09T12:14:15.171+0000] {logging_mixin.py:188} INFO - [2026-05-09T12:14:15.171+0000] {dag.py:3954} INFO - Setting next_dagrun for example_trigger_controller_dag to 2021-01-01 00:00:00+00:00, run_after=2021-01-01 00:00:00+00:00
[2026-05-09T12:14:15.187+0000] {processor.py:183} INFO - Processing /home/vscode/.local/lib/python3.11/site-packages/airflow/example_dags/example_trigger_controller_dag.py took 0.053 seconds
[2026-05-09T12:14:58.378+0000] {processor.py:161} INFO - Started process (PID=38653) to work on /home/vscode/.local/lib/python3.11/site-packages/airflow/example_dags/example_trigger_controller_dag.py
[2026-05-09T12:14:58.379+0000] {processor.py:830} INFO - Processing file /home/vscode/.local/lib/python3.11/site-packages/airflow/example_dags/example_trigger_controller_dag.py for tasks to queue
[2026-05-09T12:14:58.380+0000] {logging_mixin.py:188} INFO - [2026-05-09T12:14:58.379+0000] {dagbag.py:545} INFO - Filling up the DagBag from /home/vscode/.local/lib/python3.11/site-packages/airflow/example_dags/example_trigger_controller_dag.py
[2026-05-09T12:14:58.384+0000] {processor.py:840} INFO - DAG(s) 'example_trigger_controller_dag' retrieved from /home/vscode/.local/lib/python3.11/site-packages/airflow/example_dags/example_trigger_controller_dag.py
[2026-05-09T12:14:58.396+0000] {logging_mixin.py:188} INFO - [2026-05-09T12:14:58.396+0000] {dag.py:3096} INFO - Sync 1 DAGs
[2026-05-09T12:14:58.409+0000] {logging_mixin.py:188} INFO - [2026-05-09T12:14:58.409+0000] {dag.py:3954} INFO - Setting next_dagrun for example_trigger_controller_dag to 2021-01-01 00:00:00+00:00, run_after=2021-01-01 00:00:00+00:00
[2026-05-09T12:14:58.426+0000] {processor.py:183} INFO - Processing /home/vscode/.local/lib/python3.11/site-packages/airflow/example_dags/example_trigger_controller_dag.py took 0.057 seconds
[2026-05-09T12:15:37.941+0000] {processor.py:161} INFO - Started process (PID=39000) to work on /home/vscode/.local/lib/python3.11/site-packages/airflow/example_dags/example_trigger_controller_dag.py
[2026-05-09T12:15:37.942+0000] {processor.py:830} INFO - Processing file /home/vscode/.local/lib/python3.11/site-packages/airflow/example_dags/example_trigger_controller_dag.py for tasks to queue
[2026-05-09T12:15:37.942+0000] {logging_mixin.py:188} INFO - [2026-05-09T12:15:37.942+0000] {dagbag.py:545} INFO - Filling up the DagBag from /home/vscode/.local/lib/python3.11/site-packages/airflow/example_dags/example_trigger_controller_dag.py
[2026-05-09T12:15:37.946+0000] {processor.py:840} INFO - DAG(s) 'example_trigger_controller_dag' retrieved from /home/vscode/.local/lib/python3.11/site-packages/airflow/example_dags/example_trigger_controller_dag.py
[2026-05-09T12:15:37.960+0000] {logging_mixin.py:188} INFO - [2026-05-09T12:15:37.960+0000] {dag.py:3096} INFO - Sync 1 DAGs
[2026-05-09T12:15:37.975+0000] {logging_mixin.py:188} INFO - [2026-05-09T12:15:37.975+0000] {dag.py:3954} INFO - Setting next_dagrun for example_trigger_controller_dag to 2021-01-01 00:00:00+00:00, run_after=2021-01-01 00:00:00+00:00
[2026-05-09T12:15:37.990+0000] {processor.py:183} INFO - Processing /home/vscode/.local/lib/python3.11/site-packages/airflow/example_dags/example_trigger_controller_dag.py took 0.055 seconds
[2026-05-09T12:16:22.633+0000] {processor.py:161} INFO - Started process (PID=39308) to work on /home/vscode/.local/lib/python3.11/site-packages/airflow/example_dags/example_trigger_controller_dag.py
[2026-05-09T12:16:22.633+0000] {processor.py:830} INFO - Processing file /home/vscode/.local/lib/python3.11/site-packages/airflow/example_dags/example_trigger_controller_dag.py for tasks to queue
[2026-05-09T12:16:22.634+0000] {logging_mixin.py:188} INFO - [2026-05-09T12:16:22.634+0000] {dagbag.py:545} INFO - Filling up the DagBag from /home/vscode/.local/lib/python3.11/site-packages/airflow/example_dags/example_trigger_controller_dag.py
[2026-05-09T12:16:22.637+0000] {processor.py:840} INFO - DAG(s) 'example_trigger_controller_dag' retrieved from /home/vscode/.local/lib/python3.11/site-packages/airflow/example_dags/example_trigger_controller_dag.py
[2026-05-09T12:16:22.649+0000] {logging_mixin.py:188} INFO - [2026-05-09T12:16:22.649+0000] {dag.py:3096} INFO - Sync 1 DAGs
[2026-05-09T12:16:22.664+0000] {logging_mixin.py:188} INFO - [2026-05-09T12:16:22.664+0000] {dag.py:3954} INFO - Setting next_dagrun for example_trigger_controller_dag to 2021-01-01 00:00:00+00:00, run_after=2021-01-01 00:00:00+00:00
[2026-05-09T12:16:22.680+0000] {processor.py:183} INFO - Processing /home/vscode/.local/lib/python3.11/site-packages/airflow/example_dags/example_trigger_controller_dag.py took 0.056 seconds
[2026-05-09T12:17:07.787+0000] {processor.py:161} INFO - Started process (PID=39683) to work on /home/vscode/.local/lib/python3.11/site-packages/airflow/example_dags/example_trigger_controller_dag.py
[2026-05-09T12:17:07.788+0000] {processor.py:830} INFO - Processing file /home/vscode/.local/lib/python3.11/site-packages/airflow/example_dags/example_trigger_controller_dag.py for tasks to queue
[2026-05-09T12:17:07.788+0000] {logging_mixin.py:188} INFO - [2026-05-09T12:17:07.788+0000] {dagbag.py:545} INFO - Filling up the DagBag from /home/vscode/.local/lib/python3.11/site-packages/airflow/example_dags/example_trigger_controller_dag.py
[2026-05-09T12:17:07.792+0000] {processor.py:840} INFO - DAG(s) 'example_trigger_controller_dag' retrieved from /home/vscode/.local/lib/python3.11/site-packages/airflow/example_dags/example_trigger_controller_dag.py
[2026-05-09T12:17:07.803+0000] {logging_mixin.py:188} INFO - [2026-05-09T12:17:07.802+0000] {dag.py:3096} INFO - Sync 1 DAGs
[2026-05-09T12:17:07.816+0000] {logging_mixin.py:188} INFO - [2026-05-09T12:17:07.816+0000] {dag.py:3954} INFO - Setting next_dagrun for example_trigger_controller_dag to 2021-01-01 00:00:00+00:00, run_after=2021-01-01 00:00:00+00:00
[2026-05-09T12:17:07.832+0000] {processor.py:183} INFO - Processing /home/vscode/.local/lib/python3.11/site-packages/airflow/example_dags/example_trigger_controller_dag.py took 0.052 seconds
[2026-05-09T12:17:52.279+0000] {processor.py:161} INFO - Started process (PID=40058) to work on /home/vscode/.local/lib/python3.11/site-packages/airflow/example_dags/example_trigger_controller_dag.py
[2026-05-09T12:17:52.280+0000] {processor.py:830} INFO - Processing file /home/vscode/.local/lib/python3.11/site-packages/airflow/example_dags/example_trigger_controller_dag.py for tasks to queue
[2026-05-09T12:17:52.280+0000] {logging_mixin.py:188} INFO - [2026-05-09T12:17:52.280+0000] {dagbag.py:545} INFO - Filling up the DagBag from /home/vscode/.local/lib/python3.11/site-packages/airflow/example_dags/example_trigger_controller_dag.py
[2026-05-09T12:17:52.284+0000] {processor.py:840} INFO - DAG(s) 'example_trigger_controller_dag' retrieved from /home/vscode/.local/lib/python3.11/site-packages/airflow/example_dags/example_trigger_controller_dag.py
[2026-05-09T12:17:52.295+0000] {logging_mixin.py:188} INFO - [2026-05-09T12:17:52.294+0000] {dag.py:3096} INFO - Sync 1 DAGs
[2026-05-09T12:17:52.308+0000] {logging_mixin.py:188} INFO - [2026-05-09T12:17:52.307+0000] {dag.py:3954} INFO - Setting next_dagrun for example_trigger_controller_dag to 2021-01-01 00:00:00+00:00, run_after=2021-01-01 00:00:00+00:00
[2026-05-09T12:17:52.323+0000] {processor.py:183} INFO - Processing /home/vscode/.local/lib/python3.11/site-packages/airflow/example_dags/example_trigger_controller_dag.py took 0.050 seconds
[2026-05-09T12:18:34.085+0000] {processor.py:161} INFO - Started process (PID=40379) to work on /home/vscode/.local/lib/python3.11/site-packages/airflow/example_dags/example_trigger_controller_dag.py
[2026-05-09T12:18:34.086+0000] {processor.py:830} INFO - Processing file /home/vscode/.local/lib/python3.11/site-packages/airflow/example_dags/example_trigger_controller_dag.py for tasks to queue
[2026-05-09T12:18:34.087+0000] {logging_mixin.py:188} INFO - [2026-05-09T12:18:34.086+0000] {dagbag.py:545} INFO - Filling up the DagBag from /home/vscode/.local/lib/python3.11/site-packages/airflow/example_dags/example_trigger_controller_dag.py
[2026-05-09T12:18:34.090+0000] {processor.py:840} INFO - DAG(s) 'example_trigger_controller_dag' retrieved from /home/vscode/.local/lib/python3.11/site-packages/airflow/example_dags/example_trigger_controller_dag.py
[2026-05-09T12:18:34.103+0000] {logging_mixin.py:188} INFO - [2026-05-09T12:18:34.102+0000] {dag.py:3096} INFO - Sync 1 DAGs
[2026-05-09T12:18:34.117+0000] {logging_mixin.py:188} INFO - [2026-05-09T12:18:34.117+0000] {dag.py:3954} INFO - Setting next_dagrun for example_trigger_controller_dag to 2021-01-01 00:00:00+00:00, run_after=2021-01-01 00:00:00+00:00
[2026-05-09T12:18:34.142+0000] {processor.py:183} INFO - Processing /home/vscode/.local/lib/python3.11/site-packages/airflow/example_dags/example_trigger_controller_dag.py took 0.064 seconds
[2026-05-09T12:19:14.462+0000] {processor.py:161} INFO - Started process (PID=40758) to work on /home/vscode/.local/lib/python3.11/site-packages/airflow/example_dags/example_trigger_controller_dag.py
[2026-05-09T12:19:14.463+0000] {processor.py:830} INFO - Processing file /home/vscode/.local/lib/python3.11/site-packages/airflow/example_dags/example_trigger_controller_dag.py for tasks to queue
[2026-05-09T12:19:14.463+0000] {logging_mixin.py:188} INFO - [2026-05-09T12:19:14.463+0000] {dagbag.py:545} INFO - Filling up the DagBag from /home/vscode/.local/lib/python3.11/site-packages/airflow/example_dags/example_trigger_controller_dag.py
[2026-05-09T12:19:14.466+0000] {processor.py:840} INFO - DAG(s) 'example_trigger_controller_dag' retrieved from /home/vscode/.local/lib/python3.11/site-packages/airflow/example_dags/example_trigger_controller_dag.py
[2026-05-09T12:19:14.477+0000] {logging_mixin.py:188} INFO - [2026-05-09T12:19:14.477+0000] {dag.py:3096} INFO - Sync 1 DAGs
[2026-05-09T12:19:14.492+0000] {logging_mixin.py:188} INFO - [2026-05-09T12:19:14.492+0000] {dag.py:3954} INFO - Setting next_dagrun for example_trigger_controller_dag to 2021-01-01 00:00:00+00:00, run_after=2021-01-01 00:00:00+00:00
[2026-05-09T12:19:14.510+0000] {processor.py:183} INFO - Processing /home/vscode/.local/lib/python3.11/site-packages/airflow/example_dags/example_trigger_controller_dag.py took 0.055 seconds
[2026-05-09T12:20:00.013+0000] {processor.py:161} INFO - Started process (PID=41138) to work on /home/vscode/.local/lib/python3.11/site-packages/airflow/example_dags/example_trigger_controller_dag.py
[2026-05-09T12:20:00.014+0000] {processor.py:830} INFO - Processing file /home/vscode/.local/lib/python3.11/site-packages/airflow/example_dags/example_trigger_controller_dag.py for tasks to queue
[2026-05-09T12:20:00.015+0000] {logging_mixin.py:188} INFO - [2026-05-09T12:20:00.014+0000] {dagbag.py:545} INFO - Filling up the DagBag from /home/vscode/.local/lib/python3.11/site-packages/airflow/example_dags/example_trigger_controller_dag.py
[2026-05-09T12:20:00.018+0000] {processor.py:840} INFO - DAG(s) 'example_trigger_controller_dag' retrieved from /home/vscode/.local/lib/python3.11/site-packages/airflow/example_dags/example_trigger_controller_dag.py
[2026-05-09T12:20:00.029+0000] {logging_mixin.py:188} INFO - [2026-05-09T12:20:00.029+0000] {dag.py:3096} INFO - Sync 1 DAGs
[2026-05-09T12:20:00.046+0000] {logging_mixin.py:188} INFO - [2026-05-09T12:20:00.046+0000] {dag.py:3954} INFO - Setting next_dagrun for example_trigger_controller_dag to 2021-01-01 00:00:00+00:00, run_after=2021-01-01 00:00:00+00:00
[2026-05-09T12:20:00.065+0000] {processor.py:183} INFO - Processing /home/vscode/.local/lib/python3.11/site-packages/airflow/example_dags/example_trigger_controller_dag.py took 0.060 seconds
[2026-05-09T12:20:42.167+0000] {processor.py:161} INFO - Started process (PID=41499) to work on /home/vscode/.local/lib/python3.11/site-packages/airflow/example_dags/example_trigger_controller_dag.py
[2026-05-09T12:20:42.168+0000] {processor.py:830} INFO - Processing file /home/vscode/.local/lib/python3.11/site-packages/airflow/example_dags/example_trigger_controller_dag.py for tasks to queue
[2026-05-09T12:20:42.169+0000] {logging_mixin.py:188} INFO - [2026-05-09T12:20:42.168+0000] {dagbag.py:545} INFO - Filling up the DagBag from /home/vscode/.local/lib/python3.11/site-packages/airflow/example_dags/example_trigger_controller_dag.py
[2026-05-09T12:20:42.172+0000] {processor.py:840} INFO - DAG(s) 'example_trigger_controller_dag' retrieved from /home/vscode/.local/lib/python3.11/site-packages/airflow/example_dags/example_trigger_controller_dag.py
[2026-05-09T12:20:42.183+0000] {logging_mixin.py:188} INFO - [2026-05-09T12:20:42.183+0000] {dag.py:3096} INFO - Sync 1 DAGs
[2026-05-09T12:20:42.196+0000] {logging_mixin.py:188} INFO - [2026-05-09T12:20:42.196+0000] {dag.py:3954} INFO - Setting next_dagrun for example_trigger_controller_dag to 2021-01-01 00:00:00+00:00, run_after=2021-01-01 00:00:00+00:00
[2026-05-09T12:20:42.211+0000] {processor.py:183} INFO - Processing /home/vscode/.local/lib/python3.11/site-packages/airflow/example_dags/example_trigger_controller_dag.py took 0.050 seconds
[2026-05-09T12:21:22.708+0000] {processor.py:161} INFO - Started process (PID=41781) to work on /home/vscode/.local/lib/python3.11/site-packages/airflow/example_dags/example_trigger_controller_dag.py
[2026-05-09T12:21:22.708+0000] {processor.py:830} INFO - Processing file /home/vscode/.local/lib/python3.11/site-packages/airflow/example_dags/example_trigger_controller_dag.py for tasks to queue
[2026-05-09T12:21:22.709+0000] {logging_mixin.py:188} INFO - [2026-05-09T12:21:22.709+0000] {dagbag.py:545} INFO - Filling up the DagBag from /home/vscode/.local/lib/python3.11/site-packages/airflow/example_dags/example_trigger_controller_dag.py
[2026-05-09T12:21:22.712+0000] {processor.py:840} INFO - DAG(s) 'example_trigger_controller_dag' retrieved from /home/vscode/.local/lib/python3.11/site-packages/airflow/example_dags/example_trigger_controller_dag.py
[2026-05-09T12:21:22.723+0000] {logging_mixin.py:188} INFO - [2026-05-09T12:21:22.723+0000] {dag.py:3096} INFO - Sync 1 DAGs
[2026-05-09T12:21:22.742+0000] {logging_mixin.py:188} INFO - [2026-05-09T12:21:22.742+0000] {dag.py:3954} INFO - Setting next_dagrun for example_trigger_controller_dag to 2021-01-01 00:00:00+00:00, run_after=2021-01-01 00:00:00+00:00
[2026-05-09T12:21:22.759+0000] {processor.py:183} INFO - Processing /home/vscode/.local/lib/python3.11/site-packages/airflow/example_dags/example_trigger_controller_dag.py took 0.058 seconds
