[2026-05-09T11:18:45.565+0000] {processor.py:161} INFO - Started process (PID=7127) to work on /home/vscode/.local/lib/python3.11/site-packages/airflow/example_dags/example_task_group.py
[2026-05-09T11:18:45.566+0000] {processor.py:830} INFO - Processing file /home/vscode/.local/lib/python3.11/site-packages/airflow/example_dags/example_task_group.py for tasks to queue
[2026-05-09T11:18:45.566+0000] {logging_mixin.py:188} INFO - [2026-05-09T11:18:45.566+0000] {dagbag.py:545} INFO - Filling up the DagBag from /home/vscode/.local/lib/python3.11/site-packages/airflow/example_dags/example_task_group.py
[2026-05-09T11:18:45.573+0000] {processor.py:840} INFO - DAG(s) 'example_task_group' retrieved from /home/vscode/.local/lib/python3.11/site-packages/airflow/example_dags/example_task_group.py
[2026-05-09T11:18:45.580+0000] {logging_mixin.py:188} INFO - [2026-05-09T11:18:45.579+0000] {dag.py:3096} INFO - Sync 1 DAGs
[2026-05-09T11:18:45.595+0000] {logging_mixin.py:188} INFO - [2026-05-09T11:18:45.595+0000] {dag.py:3954} INFO - Setting next_dagrun for example_task_group to 2026-05-08 00:00:00+00:00, run_after=2026-05-09 00:00:00+00:00
[2026-05-09T11:18:45.610+0000] {processor.py:183} INFO - Processing /home/vscode/.local/lib/python3.11/site-packages/airflow/example_dags/example_task_group.py took 0.051 seconds
[2026-05-09T11:19:43.869+0000] {processor.py:161} INFO - Started process (PID=7612) to work on /home/vscode/.local/lib/python3.11/site-packages/airflow/example_dags/example_task_group.py
[2026-05-09T11:19:43.870+0000] {processor.py:830} INFO - Processing file /home/vscode/.local/lib/python3.11/site-packages/airflow/example_dags/example_task_group.py for tasks to queue
[2026-05-09T11:19:43.871+0000] {logging_mixin.py:188} INFO - [2026-05-09T11:19:43.871+0000] {dagbag.py:545} INFO - Filling up the DagBag from /home/vscode/.local/lib/python3.11/site-packages/airflow/example_dags/example_task_group.py
[2026-05-09T11:19:43.880+0000] {processor.py:840} INFO - DAG(s) 'example_task_group' retrieved from /home/vscode/.local/lib/python3.11/site-packages/airflow/example_dags/example_task_group.py
[2026-05-09T11:19:44.092+0000] {logging_mixin.py:188} INFO - [2026-05-09T11:19:44.092+0000] {dag.py:3096} INFO - Sync 1 DAGs
[2026-05-09T11:19:44.103+0000] {logging_mixin.py:188} INFO - [2026-05-09T11:19:44.103+0000] {dag.py:3954} INFO - Setting next_dagrun for example_task_group to 2026-05-08 00:00:00+00:00, run_after=2026-05-09 00:00:00+00:00
[2026-05-09T11:19:44.120+0000] {processor.py:183} INFO - Processing /home/vscode/.local/lib/python3.11/site-packages/airflow/example_dags/example_task_group.py took 0.276 seconds
[2026-05-09T11:20:37.029+0000] {processor.py:161} INFO - Started process (PID=8070) to work on /home/vscode/.local/lib/python3.11/site-packages/airflow/example_dags/example_task_group.py
[2026-05-09T11:20:37.030+0000] {processor.py:830} INFO - Processing file /home/vscode/.local/lib/python3.11/site-packages/airflow/example_dags/example_task_group.py for tasks to queue
[2026-05-09T11:20:37.030+0000] {logging_mixin.py:188} INFO - [2026-05-09T11:20:37.030+0000] {dagbag.py:545} INFO - Filling up the DagBag from /home/vscode/.local/lib/python3.11/site-packages/airflow/example_dags/example_task_group.py
[2026-05-09T11:20:37.036+0000] {processor.py:840} INFO - DAG(s) 'example_task_group' retrieved from /home/vscode/.local/lib/python3.11/site-packages/airflow/example_dags/example_task_group.py
[2026-05-09T11:20:37.050+0000] {logging_mixin.py:188} INFO - [2026-05-09T11:20:37.050+0000] {dag.py:3096} INFO - Sync 1 DAGs
[2026-05-09T11:20:37.065+0000] {logging_mixin.py:188} INFO - [2026-05-09T11:20:37.065+0000] {dag.py:3954} INFO - Setting next_dagrun for example_task_group to 2026-05-08 00:00:00+00:00, run_after=2026-05-09 00:00:00+00:00
[2026-05-09T11:20:37.081+0000] {processor.py:183} INFO - Processing /home/vscode/.local/lib/python3.11/site-packages/airflow/example_dags/example_task_group.py took 0.058 seconds
[2026-05-09T11:21:20.721+0000] {processor.py:161} INFO - Started process (PID=8405) to work on /home/vscode/.local/lib/python3.11/site-packages/airflow/example_dags/example_task_group.py
[2026-05-09T11:21:20.722+0000] {processor.py:830} INFO - Processing file /home/vscode/.local/lib/python3.11/site-packages/airflow/example_dags/example_task_group.py for tasks to queue
[2026-05-09T11:21:20.722+0000] {logging_mixin.py:188} INFO - [2026-05-09T11:21:20.722+0000] {dagbag.py:545} INFO - Filling up the DagBag from /home/vscode/.local/lib/python3.11/site-packages/airflow/example_dags/example_task_group.py
[2026-05-09T11:21:20.728+0000] {processor.py:840} INFO - DAG(s) 'example_task_group' retrieved from /home/vscode/.local/lib/python3.11/site-packages/airflow/example_dags/example_task_group.py
[2026-05-09T11:21:20.740+0000] {logging_mixin.py:188} INFO - [2026-05-09T11:21:20.739+0000] {dag.py:3096} INFO - Sync 1 DAGs
[2026-05-09T11:21:20.753+0000] {logging_mixin.py:188} INFO - [2026-05-09T11:21:20.753+0000] {dag.py:3954} INFO - Setting next_dagrun for example_task_group to 2026-05-08 00:00:00+00:00, run_after=2026-05-09 00:00:00+00:00
[2026-05-09T11:21:20.768+0000] {processor.py:183} INFO - Processing /home/vscode/.local/lib/python3.11/site-packages/airflow/example_dags/example_task_group.py took 0.053 seconds
[2026-05-09T11:22:12.980+0000] {processor.py:161} INFO - Started process (PID=8966) to work on /home/vscode/.local/lib/python3.11/site-packages/airflow/example_dags/example_task_group.py
[2026-05-09T11:22:12.981+0000] {processor.py:830} INFO - Processing file /home/vscode/.local/lib/python3.11/site-packages/airflow/example_dags/example_task_group.py for tasks to queue
[2026-05-09T11:22:12.981+0000] {logging_mixin.py:188} INFO - [2026-05-09T11:22:12.981+0000] {dagbag.py:545} INFO - Filling up the DagBag from /home/vscode/.local/lib/python3.11/site-packages/airflow/example_dags/example_task_group.py
[2026-05-09T11:22:12.987+0000] {processor.py:840} INFO - DAG(s) 'example_task_group' retrieved from /home/vscode/.local/lib/python3.11/site-packages/airflow/example_dags/example_task_group.py
[2026-05-09T11:22:12.999+0000] {logging_mixin.py:188} INFO - [2026-05-09T11:22:12.999+0000] {dag.py:3096} INFO - Sync 1 DAGs
[2026-05-09T11:22:13.013+0000] {logging_mixin.py:188} INFO - [2026-05-09T11:22:13.013+0000] {dag.py:3954} INFO - Setting next_dagrun for example_task_group to 2026-05-08 00:00:00+00:00, run_after=2026-05-09 00:00:00+00:00
[2026-05-09T11:22:13.028+0000] {processor.py:183} INFO - Processing /home/vscode/.local/lib/python3.11/site-packages/airflow/example_dags/example_task_group.py took 0.054 seconds
[2026-05-09T11:22:49.530+0000] {processor.py:161} INFO - Started process (PID=9406) to work on /home/vscode/.local/lib/python3.11/site-packages/airflow/example_dags/example_task_group.py
[2026-05-09T11:22:49.531+0000] {processor.py:830} INFO - Processing file /home/vscode/.local/lib/python3.11/site-packages/airflow/example_dags/example_task_group.py for tasks to queue
[2026-05-09T11:22:49.532+0000] {logging_mixin.py:188} INFO - [2026-05-09T11:22:49.531+0000] {dagbag.py:545} INFO - Filling up the DagBag from /home/vscode/.local/lib/python3.11/site-packages/airflow/example_dags/example_task_group.py
[2026-05-09T11:22:49.538+0000] {processor.py:840} INFO - DAG(s) 'example_task_group' retrieved from /home/vscode/.local/lib/python3.11/site-packages/airflow/example_dags/example_task_group.py
[2026-05-09T11:22:49.550+0000] {logging_mixin.py:188} INFO - [2026-05-09T11:22:49.550+0000] {dag.py:3096} INFO - Sync 1 DAGs
[2026-05-09T11:22:49.565+0000] {logging_mixin.py:188} INFO - [2026-05-09T11:22:49.565+0000] {dag.py:3954} INFO - Setting next_dagrun for example_task_group to 2026-05-08 00:00:00+00:00, run_after=2026-05-09 00:00:00+00:00
[2026-05-09T11:22:49.582+0000] {processor.py:183} INFO - Processing /home/vscode/.local/lib/python3.11/site-packages/airflow/example_dags/example_task_group.py took 0.059 seconds
[2026-05-09T11:23:30.836+0000] {processor.py:161} INFO - Started process (PID=9911) to work on /home/vscode/.local/lib/python3.11/site-packages/airflow/example_dags/example_task_group.py
[2026-05-09T11:23:30.836+0000] {processor.py:830} INFO - Processing file /home/vscode/.local/lib/python3.11/site-packages/airflow/example_dags/example_task_group.py for tasks to queue
[2026-05-09T11:23:30.837+0000] {logging_mixin.py:188} INFO - [2026-05-09T11:23:30.837+0000] {dagbag.py:545} INFO - Filling up the DagBag from /home/vscode/.local/lib/python3.11/site-packages/airflow/example_dags/example_task_group.py
[2026-05-09T11:23:30.844+0000] {processor.py:840} INFO - DAG(s) 'example_task_group' retrieved from /home/vscode/.local/lib/python3.11/site-packages/airflow/example_dags/example_task_group.py
[2026-05-09T11:23:30.856+0000] {logging_mixin.py:188} INFO - [2026-05-09T11:23:30.856+0000] {dag.py:3096} INFO - Sync 1 DAGs
[2026-05-09T11:23:30.873+0000] {logging_mixin.py:188} INFO - [2026-05-09T11:23:30.873+0000] {dag.py:3954} INFO - Setting next_dagrun for example_task_group to 2026-05-08 00:00:00+00:00, run_after=2026-05-09 00:00:00+00:00
[2026-05-09T11:23:30.888+0000] {processor.py:183} INFO - Processing /home/vscode/.local/lib/python3.11/site-packages/airflow/example_dags/example_task_group.py took 0.059 seconds
[2026-05-09T11:24:12.199+0000] {processor.py:161} INFO - Started process (PID=10476) to work on /home/vscode/.local/lib/python3.11/site-packages/airflow/example_dags/example_task_group.py
[2026-05-09T11:24:12.200+0000] {processor.py:830} INFO - Processing file /home/vscode/.local/lib/python3.11/site-packages/airflow/example_dags/example_task_group.py for tasks to queue
[2026-05-09T11:24:12.201+0000] {logging_mixin.py:188} INFO - [2026-05-09T11:24:12.200+0000] {dagbag.py:545} INFO - Filling up the DagBag from /home/vscode/.local/lib/python3.11/site-packages/airflow/example_dags/example_task_group.py
[2026-05-09T11:24:12.207+0000] {processor.py:840} INFO - DAG(s) 'example_task_group' retrieved from /home/vscode/.local/lib/python3.11/site-packages/airflow/example_dags/example_task_group.py
[2026-05-09T11:24:12.219+0000] {logging_mixin.py:188} INFO - [2026-05-09T11:24:12.219+0000] {dag.py:3096} INFO - Sync 1 DAGs
[2026-05-09T11:24:12.233+0000] {logging_mixin.py:188} INFO - [2026-05-09T11:24:12.233+0000] {dag.py:3954} INFO - Setting next_dagrun for example_task_group to 2026-05-08 00:00:00+00:00, run_after=2026-05-09 00:00:00+00:00
[2026-05-09T11:24:12.249+0000] {processor.py:183} INFO - Processing /home/vscode/.local/lib/python3.11/site-packages/airflow/example_dags/example_task_group.py took 0.058 seconds
[2026-05-09T11:24:53.258+0000] {processor.py:161} INFO - Started process (PID=11072) to work on /home/vscode/.local/lib/python3.11/site-packages/airflow/example_dags/example_task_group.py
[2026-05-09T11:24:53.259+0000] {processor.py:830} INFO - Processing file /home/vscode/.local/lib/python3.11/site-packages/airflow/example_dags/example_task_group.py for tasks to queue
[2026-05-09T11:24:53.260+0000] {logging_mixin.py:188} INFO - [2026-05-09T11:24:53.259+0000] {dagbag.py:545} INFO - Filling up the DagBag from /home/vscode/.local/lib/python3.11/site-packages/airflow/example_dags/example_task_group.py
[2026-05-09T11:24:53.267+0000] {processor.py:840} INFO - DAG(s) 'example_task_group' retrieved from /home/vscode/.local/lib/python3.11/site-packages/airflow/example_dags/example_task_group.py
[2026-05-09T11:24:53.302+0000] {logging_mixin.py:188} INFO - [2026-05-09T11:24:53.302+0000] {dag.py:3096} INFO - Sync 1 DAGs
[2026-05-09T11:24:53.332+0000] {logging_mixin.py:188} INFO - [2026-05-09T11:24:53.331+0000] {dag.py:3954} INFO - Setting next_dagrun for example_task_group to 2026-05-08 00:00:00+00:00, run_after=2026-05-09 00:00:00+00:00
[2026-05-09T11:24:53.355+0000] {processor.py:183} INFO - Processing /home/vscode/.local/lib/python3.11/site-packages/airflow/example_dags/example_task_group.py took 0.105 seconds
[2026-05-09T11:25:34.420+0000] {processor.py:161} INFO - Started process (PID=11462) to work on /home/vscode/.local/lib/python3.11/site-packages/airflow/example_dags/example_task_group.py
[2026-05-09T11:25:34.421+0000] {processor.py:830} INFO - Processing file /home/vscode/.local/lib/python3.11/site-packages/airflow/example_dags/example_task_group.py for tasks to queue
[2026-05-09T11:25:34.421+0000] {logging_mixin.py:188} INFO - [2026-05-09T11:25:34.421+0000] {dagbag.py:545} INFO - Filling up the DagBag from /home/vscode/.local/lib/python3.11/site-packages/airflow/example_dags/example_task_group.py
[2026-05-09T11:25:34.427+0000] {processor.py:840} INFO - DAG(s) 'example_task_group' retrieved from /home/vscode/.local/lib/python3.11/site-packages/airflow/example_dags/example_task_group.py
[2026-05-09T11:25:34.438+0000] {logging_mixin.py:188} INFO - [2026-05-09T11:25:34.438+0000] {dag.py:3096} INFO - Sync 1 DAGs
[2026-05-09T11:25:34.452+0000] {logging_mixin.py:188} INFO - [2026-05-09T11:25:34.451+0000] {dag.py:3954} INFO - Setting next_dagrun for example_task_group to 2026-05-08 00:00:00+00:00, run_after=2026-05-09 00:00:00+00:00
[2026-05-09T11:25:34.468+0000] {processor.py:183} INFO - Processing /home/vscode/.local/lib/python3.11/site-packages/airflow/example_dags/example_task_group.py took 0.054 seconds
[2026-05-09T11:26:14.881+0000] {processor.py:161} INFO - Started process (PID=11743) to work on /home/vscode/.local/lib/python3.11/site-packages/airflow/example_dags/example_task_group.py
[2026-05-09T11:26:14.881+0000] {processor.py:830} INFO - Processing file /home/vscode/.local/lib/python3.11/site-packages/airflow/example_dags/example_task_group.py for tasks to queue
[2026-05-09T11:26:14.882+0000] {logging_mixin.py:188} INFO - [2026-05-09T11:26:14.881+0000] {dagbag.py:545} INFO - Filling up the DagBag from /home/vscode/.local/lib/python3.11/site-packages/airflow/example_dags/example_task_group.py
[2026-05-09T11:26:14.888+0000] {processor.py:840} INFO - DAG(s) 'example_task_group' retrieved from /home/vscode/.local/lib/python3.11/site-packages/airflow/example_dags/example_task_group.py
[2026-05-09T11:26:14.900+0000] {logging_mixin.py:188} INFO - [2026-05-09T11:26:14.900+0000] {dag.py:3096} INFO - Sync 1 DAGs
[2026-05-09T11:26:14.915+0000] {logging_mixin.py:188} INFO - [2026-05-09T11:26:14.914+0000] {dag.py:3954} INFO - Setting next_dagrun for example_task_group to 2026-05-08 00:00:00+00:00, run_after=2026-05-09 00:00:00+00:00
[2026-05-09T11:26:14.930+0000] {processor.py:183} INFO - Processing /home/vscode/.local/lib/python3.11/site-packages/airflow/example_dags/example_task_group.py took 0.056 seconds
[2026-05-09T11:26:54.806+0000] {processor.py:161} INFO - Started process (PID=12260) to work on /home/vscode/.local/lib/python3.11/site-packages/airflow/example_dags/example_task_group.py
[2026-05-09T11:26:54.806+0000] {processor.py:830} INFO - Processing file /home/vscode/.local/lib/python3.11/site-packages/airflow/example_dags/example_task_group.py for tasks to queue
[2026-05-09T11:26:54.807+0000] {logging_mixin.py:188} INFO - [2026-05-09T11:26:54.806+0000] {dagbag.py:545} INFO - Filling up the DagBag from /home/vscode/.local/lib/python3.11/site-packages/airflow/example_dags/example_task_group.py
[2026-05-09T11:26:54.812+0000] {processor.py:840} INFO - DAG(s) 'example_task_group' retrieved from /home/vscode/.local/lib/python3.11/site-packages/airflow/example_dags/example_task_group.py
[2026-05-09T11:26:54.824+0000] {logging_mixin.py:188} INFO - [2026-05-09T11:26:54.823+0000] {dag.py:3096} INFO - Sync 1 DAGs
[2026-05-09T11:26:54.839+0000] {logging_mixin.py:188} INFO - [2026-05-09T11:26:54.839+0000] {dag.py:3954} INFO - Setting next_dagrun for example_task_group to 2026-05-08 00:00:00+00:00, run_after=2026-05-09 00:00:00+00:00
[2026-05-09T11:26:54.856+0000] {processor.py:183} INFO - Processing /home/vscode/.local/lib/python3.11/site-packages/airflow/example_dags/example_task_group.py took 0.057 seconds
[2026-05-09T11:27:33.971+0000] {processor.py:161} INFO - Started process (PID=12764) to work on /home/vscode/.local/lib/python3.11/site-packages/airflow/example_dags/example_task_group.py
[2026-05-09T11:27:33.972+0000] {processor.py:830} INFO - Processing file /home/vscode/.local/lib/python3.11/site-packages/airflow/example_dags/example_task_group.py for tasks to queue
[2026-05-09T11:27:33.972+0000] {logging_mixin.py:188} INFO - [2026-05-09T11:27:33.972+0000] {dagbag.py:545} INFO - Filling up the DagBag from /home/vscode/.local/lib/python3.11/site-packages/airflow/example_dags/example_task_group.py
[2026-05-09T11:27:33.978+0000] {processor.py:840} INFO - DAG(s) 'example_task_group' retrieved from /home/vscode/.local/lib/python3.11/site-packages/airflow/example_dags/example_task_group.py
[2026-05-09T11:27:33.990+0000] {logging_mixin.py:188} INFO - [2026-05-09T11:27:33.990+0000] {dag.py:3096} INFO - Sync 1 DAGs
[2026-05-09T11:27:34.004+0000] {logging_mixin.py:188} INFO - [2026-05-09T11:27:34.004+0000] {dag.py:3954} INFO - Setting next_dagrun for example_task_group to 2026-05-08 00:00:00+00:00, run_after=2026-05-09 00:00:00+00:00
[2026-05-09T11:27:34.020+0000] {processor.py:183} INFO - Processing /home/vscode/.local/lib/python3.11/site-packages/airflow/example_dags/example_task_group.py took 0.055 seconds
[2026-05-09T11:28:14.024+0000] {processor.py:161} INFO - Started process (PID=13182) to work on /home/vscode/.local/lib/python3.11/site-packages/airflow/example_dags/example_task_group.py
[2026-05-09T11:28:14.025+0000] {processor.py:830} INFO - Processing file /home/vscode/.local/lib/python3.11/site-packages/airflow/example_dags/example_task_group.py for tasks to queue
[2026-05-09T11:28:14.025+0000] {logging_mixin.py:188} INFO - [2026-05-09T11:28:14.025+0000] {dagbag.py:545} INFO - Filling up the DagBag from /home/vscode/.local/lib/python3.11/site-packages/airflow/example_dags/example_task_group.py
[2026-05-09T11:28:14.031+0000] {processor.py:840} INFO - DAG(s) 'example_task_group' retrieved from /home/vscode/.local/lib/python3.11/site-packages/airflow/example_dags/example_task_group.py
[2026-05-09T11:28:14.043+0000] {logging_mixin.py:188} INFO - [2026-05-09T11:28:14.043+0000] {dag.py:3096} INFO - Sync 1 DAGs
[2026-05-09T11:28:14.057+0000] {logging_mixin.py:188} INFO - [2026-05-09T11:28:14.057+0000] {dag.py:3954} INFO - Setting next_dagrun for example_task_group to 2026-05-08 00:00:00+00:00, run_after=2026-05-09 00:00:00+00:00
[2026-05-09T11:28:14.074+0000] {processor.py:183} INFO - Processing /home/vscode/.local/lib/python3.11/site-packages/airflow/example_dags/example_task_group.py took 0.057 seconds
[2026-05-09T11:28:54.742+0000] {processor.py:161} INFO - Started process (PID=13699) to work on /home/vscode/.local/lib/python3.11/site-packages/airflow/example_dags/example_task_group.py
[2026-05-09T11:28:54.743+0000] {processor.py:830} INFO - Processing file /home/vscode/.local/lib/python3.11/site-packages/airflow/example_dags/example_task_group.py for tasks to queue
[2026-05-09T11:28:54.743+0000] {logging_mixin.py:188} INFO - [2026-05-09T11:28:54.743+0000] {dagbag.py:545} INFO - Filling up the DagBag from /home/vscode/.local/lib/python3.11/site-packages/airflow/example_dags/example_task_group.py
[2026-05-09T11:28:54.749+0000] {processor.py:840} INFO - DAG(s) 'example_task_group' retrieved from /home/vscode/.local/lib/python3.11/site-packages/airflow/example_dags/example_task_group.py
[2026-05-09T11:28:54.762+0000] {logging_mixin.py:188} INFO - [2026-05-09T11:28:54.762+0000] {dag.py:3096} INFO - Sync 1 DAGs
[2026-05-09T11:28:54.776+0000] {logging_mixin.py:188} INFO - [2026-05-09T11:28:54.776+0000] {dag.py:3954} INFO - Setting next_dagrun for example_task_group to 2026-05-08 00:00:00+00:00, run_after=2026-05-09 00:00:00+00:00
[2026-05-09T11:28:54.792+0000] {processor.py:183} INFO - Processing /home/vscode/.local/lib/python3.11/site-packages/airflow/example_dags/example_task_group.py took 0.057 seconds
[2026-05-09T11:29:36.305+0000] {processor.py:161} INFO - Started process (PID=14070) to work on /home/vscode/.local/lib/python3.11/site-packages/airflow/example_dags/example_task_group.py
[2026-05-09T11:29:36.306+0000] {processor.py:830} INFO - Processing file /home/vscode/.local/lib/python3.11/site-packages/airflow/example_dags/example_task_group.py for tasks to queue
[2026-05-09T11:29:36.306+0000] {logging_mixin.py:188} INFO - [2026-05-09T11:29:36.306+0000] {dagbag.py:545} INFO - Filling up the DagBag from /home/vscode/.local/lib/python3.11/site-packages/airflow/example_dags/example_task_group.py
[2026-05-09T11:29:36.312+0000] {processor.py:840} INFO - DAG(s) 'example_task_group' retrieved from /home/vscode/.local/lib/python3.11/site-packages/airflow/example_dags/example_task_group.py
[2026-05-09T11:29:36.323+0000] {logging_mixin.py:188} INFO - [2026-05-09T11:29:36.323+0000] {dag.py:3096} INFO - Sync 1 DAGs
[2026-05-09T11:29:36.337+0000] {logging_mixin.py:188} INFO - [2026-05-09T11:29:36.337+0000] {dag.py:3954} INFO - Setting next_dagrun for example_task_group to 2026-05-08 00:00:00+00:00, run_after=2026-05-09 00:00:00+00:00
[2026-05-09T11:29:36.352+0000] {processor.py:183} INFO - Processing /home/vscode/.local/lib/python3.11/site-packages/airflow/example_dags/example_task_group.py took 0.053 seconds
[2026-05-09T11:30:20.789+0000] {processor.py:161} INFO - Started process (PID=14484) to work on /home/vscode/.local/lib/python3.11/site-packages/airflow/example_dags/example_task_group.py
[2026-05-09T11:30:20.790+0000] {processor.py:830} INFO - Processing file /home/vscode/.local/lib/python3.11/site-packages/airflow/example_dags/example_task_group.py for tasks to queue
[2026-05-09T11:30:20.790+0000] {logging_mixin.py:188} INFO - [2026-05-09T11:30:20.790+0000] {dagbag.py:545} INFO - Filling up the DagBag from /home/vscode/.local/lib/python3.11/site-packages/airflow/example_dags/example_task_group.py
[2026-05-09T11:30:20.796+0000] {processor.py:840} INFO - DAG(s) 'example_task_group' retrieved from /home/vscode/.local/lib/python3.11/site-packages/airflow/example_dags/example_task_group.py
[2026-05-09T11:30:20.808+0000] {logging_mixin.py:188} INFO - [2026-05-09T11:30:20.808+0000] {dag.py:3096} INFO - Sync 1 DAGs
[2026-05-09T11:30:20.823+0000] {logging_mixin.py:188} INFO - [2026-05-09T11:30:20.823+0000] {dag.py:3954} INFO - Setting next_dagrun for example_task_group to 2026-05-08 00:00:00+00:00, run_after=2026-05-09 00:00:00+00:00
[2026-05-09T11:30:20.839+0000] {processor.py:183} INFO - Processing /home/vscode/.local/lib/python3.11/site-packages/airflow/example_dags/example_task_group.py took 0.057 seconds
[2026-05-09T11:31:00.052+0000] {processor.py:161} INFO - Started process (PID=15045) to work on /home/vscode/.local/lib/python3.11/site-packages/airflow/example_dags/example_task_group.py
[2026-05-09T11:31:00.052+0000] {processor.py:830} INFO - Processing file /home/vscode/.local/lib/python3.11/site-packages/airflow/example_dags/example_task_group.py for tasks to queue
[2026-05-09T11:31:00.053+0000] {logging_mixin.py:188} INFO - [2026-05-09T11:31:00.053+0000] {dagbag.py:545} INFO - Filling up the DagBag from /home/vscode/.local/lib/python3.11/site-packages/airflow/example_dags/example_task_group.py
[2026-05-09T11:31:00.059+0000] {processor.py:840} INFO - DAG(s) 'example_task_group' retrieved from /home/vscode/.local/lib/python3.11/site-packages/airflow/example_dags/example_task_group.py
[2026-05-09T11:31:00.072+0000] {logging_mixin.py:188} INFO - [2026-05-09T11:31:00.072+0000] {dag.py:3096} INFO - Sync 1 DAGs
[2026-05-09T11:31:00.086+0000] {logging_mixin.py:188} INFO - [2026-05-09T11:31:00.086+0000] {dag.py:3954} INFO - Setting next_dagrun for example_task_group to 2026-05-08 00:00:00+00:00, run_after=2026-05-09 00:00:00+00:00
[2026-05-09T11:31:00.102+0000] {processor.py:183} INFO - Processing /home/vscode/.local/lib/python3.11/site-packages/airflow/example_dags/example_task_group.py took 0.057 seconds
[2026-05-09T11:31:40.337+0000] {processor.py:161} INFO - Started process (PID=15539) to work on /home/vscode/.local/lib/python3.11/site-packages/airflow/example_dags/example_task_group.py
[2026-05-09T11:31:40.338+0000] {processor.py:830} INFO - Processing file /home/vscode/.local/lib/python3.11/site-packages/airflow/example_dags/example_task_group.py for tasks to queue
[2026-05-09T11:31:40.338+0000] {logging_mixin.py:188} INFO - [2026-05-09T11:31:40.338+0000] {dagbag.py:545} INFO - Filling up the DagBag from /home/vscode/.local/lib/python3.11/site-packages/airflow/example_dags/example_task_group.py
[2026-05-09T11:31:40.345+0000] {processor.py:840} INFO - DAG(s) 'example_task_group' retrieved from /home/vscode/.local/lib/python3.11/site-packages/airflow/example_dags/example_task_group.py
[2026-05-09T11:31:40.357+0000] {logging_mixin.py:188} INFO - [2026-05-09T11:31:40.357+0000] {dag.py:3096} INFO - Sync 1 DAGs
[2026-05-09T11:31:40.371+0000] {logging_mixin.py:188} INFO - [2026-05-09T11:31:40.371+0000] {dag.py:3954} INFO - Setting next_dagrun for example_task_group to 2026-05-08 00:00:00+00:00, run_after=2026-05-09 00:00:00+00:00
[2026-05-09T11:31:40.388+0000] {processor.py:183} INFO - Processing /home/vscode/.local/lib/python3.11/site-packages/airflow/example_dags/example_task_group.py took 0.061 seconds
[2026-05-09T11:32:25.756+0000] {processor.py:161} INFO - Started process (PID=15873) to work on /home/vscode/.local/lib/python3.11/site-packages/airflow/example_dags/example_task_group.py
[2026-05-09T11:32:25.757+0000] {processor.py:830} INFO - Processing file /home/vscode/.local/lib/python3.11/site-packages/airflow/example_dags/example_task_group.py for tasks to queue
[2026-05-09T11:32:25.757+0000] {logging_mixin.py:188} INFO - [2026-05-09T11:32:25.757+0000] {dagbag.py:545} INFO - Filling up the DagBag from /home/vscode/.local/lib/python3.11/site-packages/airflow/example_dags/example_task_group.py
[2026-05-09T11:32:25.763+0000] {processor.py:840} INFO - DAG(s) 'example_task_group' retrieved from /home/vscode/.local/lib/python3.11/site-packages/airflow/example_dags/example_task_group.py
[2026-05-09T11:32:25.776+0000] {logging_mixin.py:188} INFO - [2026-05-09T11:32:25.776+0000] {dag.py:3096} INFO - Sync 1 DAGs
[2026-05-09T11:32:25.790+0000] {logging_mixin.py:188} INFO - [2026-05-09T11:32:25.790+0000] {dag.py:3954} INFO - Setting next_dagrun for example_task_group to 2026-05-08 00:00:00+00:00, run_after=2026-05-09 00:00:00+00:00
[2026-05-09T11:32:25.805+0000] {processor.py:183} INFO - Processing /home/vscode/.local/lib/python3.11/site-packages/airflow/example_dags/example_task_group.py took 0.059 seconds
[2026-05-09T11:33:07.957+0000] {processor.py:161} INFO - Started process (PID=16241) to work on /home/vscode/.local/lib/python3.11/site-packages/airflow/example_dags/example_task_group.py
[2026-05-09T11:33:07.957+0000] {processor.py:830} INFO - Processing file /home/vscode/.local/lib/python3.11/site-packages/airflow/example_dags/example_task_group.py for tasks to queue
[2026-05-09T11:33:07.958+0000] {logging_mixin.py:188} INFO - [2026-05-09T11:33:07.958+0000] {dagbag.py:545} INFO - Filling up the DagBag from /home/vscode/.local/lib/python3.11/site-packages/airflow/example_dags/example_task_group.py
[2026-05-09T11:33:07.964+0000] {processor.py:840} INFO - DAG(s) 'example_task_group' retrieved from /home/vscode/.local/lib/python3.11/site-packages/airflow/example_dags/example_task_group.py
[2026-05-09T11:33:07.981+0000] {logging_mixin.py:188} INFO - [2026-05-09T11:33:07.981+0000] {dag.py:3096} INFO - Sync 1 DAGs
[2026-05-09T11:33:07.997+0000] {logging_mixin.py:188} INFO - [2026-05-09T11:33:07.997+0000] {dag.py:3954} INFO - Setting next_dagrun for example_task_group to 2026-05-08 00:00:00+00:00, run_after=2026-05-09 00:00:00+00:00
[2026-05-09T11:33:08.013+0000] {processor.py:183} INFO - Processing /home/vscode/.local/lib/python3.11/site-packages/airflow/example_dags/example_task_group.py took 0.062 seconds
[2026-05-09T11:33:50.529+0000] {processor.py:161} INFO - Started process (PID=16679) to work on /home/vscode/.local/lib/python3.11/site-packages/airflow/example_dags/example_task_group.py
[2026-05-09T11:33:50.529+0000] {processor.py:830} INFO - Processing file /home/vscode/.local/lib/python3.11/site-packages/airflow/example_dags/example_task_group.py for tasks to queue
[2026-05-09T11:33:50.530+0000] {logging_mixin.py:188} INFO - [2026-05-09T11:33:50.529+0000] {dagbag.py:545} INFO - Filling up the DagBag from /home/vscode/.local/lib/python3.11/site-packages/airflow/example_dags/example_task_group.py
[2026-05-09T11:33:50.535+0000] {processor.py:840} INFO - DAG(s) 'example_task_group' retrieved from /home/vscode/.local/lib/python3.11/site-packages/airflow/example_dags/example_task_group.py
[2026-05-09T11:33:50.548+0000] {logging_mixin.py:188} INFO - [2026-05-09T11:33:50.548+0000] {dag.py:3096} INFO - Sync 1 DAGs
[2026-05-09T11:33:50.563+0000] {logging_mixin.py:188} INFO - [2026-05-09T11:33:50.563+0000] {dag.py:3954} INFO - Setting next_dagrun for example_task_group to 2026-05-08 00:00:00+00:00, run_after=2026-05-09 00:00:00+00:00
[2026-05-09T11:33:50.585+0000] {processor.py:183} INFO - Processing /home/vscode/.local/lib/python3.11/site-packages/airflow/example_dags/example_task_group.py took 0.063 seconds
[2026-05-09T11:34:32.263+0000] {processor.py:161} INFO - Started process (PID=16988) to work on /home/vscode/.local/lib/python3.11/site-packages/airflow/example_dags/example_task_group.py
[2026-05-09T11:34:32.265+0000] {processor.py:830} INFO - Processing file /home/vscode/.local/lib/python3.11/site-packages/airflow/example_dags/example_task_group.py for tasks to queue
[2026-05-09T11:34:32.265+0000] {logging_mixin.py:188} INFO - [2026-05-09T11:34:32.265+0000] {dagbag.py:545} INFO - Filling up the DagBag from /home/vscode/.local/lib/python3.11/site-packages/airflow/example_dags/example_task_group.py
[2026-05-09T11:34:32.287+0000] {processor.py:840} INFO - DAG(s) 'example_task_group' retrieved from /home/vscode/.local/lib/python3.11/site-packages/airflow/example_dags/example_task_group.py
[2026-05-09T11:34:32.310+0000] {logging_mixin.py:188} INFO - [2026-05-09T11:34:32.310+0000] {dag.py:3096} INFO - Sync 1 DAGs
[2026-05-09T11:34:32.361+0000] {logging_mixin.py:188} INFO - [2026-05-09T11:34:32.360+0000] {dag.py:3954} INFO - Setting next_dagrun for example_task_group to 2026-05-08 00:00:00+00:00, run_after=2026-05-09 00:00:00+00:00
[2026-05-09T11:34:32.412+0000] {processor.py:183} INFO - Processing /home/vscode/.local/lib/python3.11/site-packages/airflow/example_dags/example_task_group.py took 0.159 seconds
[2026-05-09T11:35:13.384+0000] {processor.py:161} INFO - Started process (PID=17361) to work on /home/vscode/.local/lib/python3.11/site-packages/airflow/example_dags/example_task_group.py
[2026-05-09T11:35:13.384+0000] {processor.py:830} INFO - Processing file /home/vscode/.local/lib/python3.11/site-packages/airflow/example_dags/example_task_group.py for tasks to queue
[2026-05-09T11:35:13.385+0000] {logging_mixin.py:188} INFO - [2026-05-09T11:35:13.385+0000] {dagbag.py:545} INFO - Filling up the DagBag from /home/vscode/.local/lib/python3.11/site-packages/airflow/example_dags/example_task_group.py
[2026-05-09T11:35:13.391+0000] {processor.py:840} INFO - DAG(s) 'example_task_group' retrieved from /home/vscode/.local/lib/python3.11/site-packages/airflow/example_dags/example_task_group.py
[2026-05-09T11:35:13.404+0000] {logging_mixin.py:188} INFO - [2026-05-09T11:35:13.404+0000] {dag.py:3096} INFO - Sync 1 DAGs
[2026-05-09T11:35:13.421+0000] {logging_mixin.py:188} INFO - [2026-05-09T11:35:13.420+0000] {dag.py:3954} INFO - Setting next_dagrun for example_task_group to 2026-05-08 00:00:00+00:00, run_after=2026-05-09 00:00:00+00:00
[2026-05-09T11:35:13.436+0000] {processor.py:183} INFO - Processing /home/vscode/.local/lib/python3.11/site-packages/airflow/example_dags/example_task_group.py took 0.058 seconds
[2026-05-09T11:35:52.920+0000] {processor.py:161} INFO - Started process (PID=17710) to work on /home/vscode/.local/lib/python3.11/site-packages/airflow/example_dags/example_task_group.py
[2026-05-09T11:35:52.921+0000] {processor.py:830} INFO - Processing file /home/vscode/.local/lib/python3.11/site-packages/airflow/example_dags/example_task_group.py for tasks to queue
[2026-05-09T11:35:52.922+0000] {logging_mixin.py:188} INFO - [2026-05-09T11:35:52.921+0000] {dagbag.py:545} INFO - Filling up the DagBag from /home/vscode/.local/lib/python3.11/site-packages/airflow/example_dags/example_task_group.py
[2026-05-09T11:35:52.927+0000] {processor.py:840} INFO - DAG(s) 'example_task_group' retrieved from /home/vscode/.local/lib/python3.11/site-packages/airflow/example_dags/example_task_group.py
[2026-05-09T11:35:52.940+0000] {logging_mixin.py:188} INFO - [2026-05-09T11:35:52.940+0000] {dag.py:3096} INFO - Sync 1 DAGs
[2026-05-09T11:35:52.954+0000] {logging_mixin.py:188} INFO - [2026-05-09T11:35:52.954+0000] {dag.py:3954} INFO - Setting next_dagrun for example_task_group to 2026-05-08 00:00:00+00:00, run_after=2026-05-09 00:00:00+00:00
[2026-05-09T11:35:52.970+0000] {processor.py:183} INFO - Processing /home/vscode/.local/lib/python3.11/site-packages/airflow/example_dags/example_task_group.py took 0.056 seconds
[2026-05-09T11:36:31.743+0000] {processor.py:161} INFO - Started process (PID=17993) to work on /home/vscode/.local/lib/python3.11/site-packages/airflow/example_dags/example_task_group.py
[2026-05-09T11:36:31.744+0000] {processor.py:830} INFO - Processing file /home/vscode/.local/lib/python3.11/site-packages/airflow/example_dags/example_task_group.py for tasks to queue
[2026-05-09T11:36:31.744+0000] {logging_mixin.py:188} INFO - [2026-05-09T11:36:31.744+0000] {dagbag.py:545} INFO - Filling up the DagBag from /home/vscode/.local/lib/python3.11/site-packages/airflow/example_dags/example_task_group.py
[2026-05-09T11:36:31.750+0000] {processor.py:840} INFO - DAG(s) 'example_task_group' retrieved from /home/vscode/.local/lib/python3.11/site-packages/airflow/example_dags/example_task_group.py
[2026-05-09T11:36:31.762+0000] {logging_mixin.py:188} INFO - [2026-05-09T11:36:31.762+0000] {dag.py:3096} INFO - Sync 1 DAGs
[2026-05-09T11:36:31.776+0000] {logging_mixin.py:188} INFO - [2026-05-09T11:36:31.776+0000] {dag.py:3954} INFO - Setting next_dagrun for example_task_group to 2026-05-08 00:00:00+00:00, run_after=2026-05-09 00:00:00+00:00
[2026-05-09T11:36:31.791+0000] {processor.py:183} INFO - Processing /home/vscode/.local/lib/python3.11/site-packages/airflow/example_dags/example_task_group.py took 0.055 seconds
[2026-05-09T11:37:13.449+0000] {processor.py:161} INFO - Started process (PID=18390) to work on /home/vscode/.local/lib/python3.11/site-packages/airflow/example_dags/example_task_group.py
[2026-05-09T11:37:13.450+0000] {processor.py:830} INFO - Processing file /home/vscode/.local/lib/python3.11/site-packages/airflow/example_dags/example_task_group.py for tasks to queue
[2026-05-09T11:37:13.452+0000] {logging_mixin.py:188} INFO - [2026-05-09T11:37:13.451+0000] {dagbag.py:545} INFO - Filling up the DagBag from /home/vscode/.local/lib/python3.11/site-packages/airflow/example_dags/example_task_group.py
[2026-05-09T11:37:13.460+0000] {processor.py:840} INFO - DAG(s) 'example_task_group' retrieved from /home/vscode/.local/lib/python3.11/site-packages/airflow/example_dags/example_task_group.py
[2026-05-09T11:37:13.472+0000] {logging_mixin.py:188} INFO - [2026-05-09T11:37:13.472+0000] {dag.py:3096} INFO - Sync 1 DAGs
[2026-05-09T11:37:13.486+0000] {logging_mixin.py:188} INFO - [2026-05-09T11:37:13.486+0000] {dag.py:3954} INFO - Setting next_dagrun for example_task_group to 2026-05-08 00:00:00+00:00, run_after=2026-05-09 00:00:00+00:00
[2026-05-09T11:37:13.507+0000] {processor.py:183} INFO - Processing /home/vscode/.local/lib/python3.11/site-packages/airflow/example_dags/example_task_group.py took 0.069 seconds
[2026-05-09T11:37:55.330+0000] {processor.py:161} INFO - Started process (PID=19067) to work on /home/vscode/.local/lib/python3.11/site-packages/airflow/example_dags/example_task_group.py
[2026-05-09T11:37:55.331+0000] {processor.py:830} INFO - Processing file /home/vscode/.local/lib/python3.11/site-packages/airflow/example_dags/example_task_group.py for tasks to queue
[2026-05-09T11:37:55.331+0000] {logging_mixin.py:188} INFO - [2026-05-09T11:37:55.331+0000] {dagbag.py:545} INFO - Filling up the DagBag from /home/vscode/.local/lib/python3.11/site-packages/airflow/example_dags/example_task_group.py
[2026-05-09T11:37:55.338+0000] {processor.py:840} INFO - DAG(s) 'example_task_group' retrieved from /home/vscode/.local/lib/python3.11/site-packages/airflow/example_dags/example_task_group.py
[2026-05-09T11:37:55.353+0000] {logging_mixin.py:188} INFO - [2026-05-09T11:37:55.353+0000] {dag.py:3096} INFO - Sync 1 DAGs
[2026-05-09T11:37:55.366+0000] {logging_mixin.py:188} INFO - [2026-05-09T11:37:55.366+0000] {dag.py:3954} INFO - Setting next_dagrun for example_task_group to 2026-05-08 00:00:00+00:00, run_after=2026-05-09 00:00:00+00:00
[2026-05-09T11:37:55.383+0000] {processor.py:183} INFO - Processing /home/vscode/.local/lib/python3.11/site-packages/airflow/example_dags/example_task_group.py took 0.063 seconds
[2026-05-09T11:38:37.525+0000] {processor.py:161} INFO - Started process (PID=19505) to work on /home/vscode/.local/lib/python3.11/site-packages/airflow/example_dags/example_task_group.py
[2026-05-09T11:38:37.525+0000] {processor.py:830} INFO - Processing file /home/vscode/.local/lib/python3.11/site-packages/airflow/example_dags/example_task_group.py for tasks to queue
[2026-05-09T11:38:37.526+0000] {logging_mixin.py:188} INFO - [2026-05-09T11:38:37.526+0000] {dagbag.py:545} INFO - Filling up the DagBag from /home/vscode/.local/lib/python3.11/site-packages/airflow/example_dags/example_task_group.py
[2026-05-09T11:38:37.532+0000] {processor.py:840} INFO - DAG(s) 'example_task_group' retrieved from /home/vscode/.local/lib/python3.11/site-packages/airflow/example_dags/example_task_group.py
[2026-05-09T11:38:37.544+0000] {logging_mixin.py:188} INFO - [2026-05-09T11:38:37.544+0000] {dag.py:3096} INFO - Sync 1 DAGs
[2026-05-09T11:38:37.559+0000] {logging_mixin.py:188} INFO - [2026-05-09T11:38:37.559+0000] {dag.py:3954} INFO - Setting next_dagrun for example_task_group to 2026-05-08 00:00:00+00:00, run_after=2026-05-09 00:00:00+00:00
[2026-05-09T11:38:37.574+0000] {processor.py:183} INFO - Processing /home/vscode/.local/lib/python3.11/site-packages/airflow/example_dags/example_task_group.py took 0.056 seconds
[2026-05-09T11:39:17.371+0000] {processor.py:161} INFO - Started process (PID=19944) to work on /home/vscode/.local/lib/python3.11/site-packages/airflow/example_dags/example_task_group.py
[2026-05-09T11:39:17.372+0000] {processor.py:830} INFO - Processing file /home/vscode/.local/lib/python3.11/site-packages/airflow/example_dags/example_task_group.py for tasks to queue
[2026-05-09T11:39:17.372+0000] {logging_mixin.py:188} INFO - [2026-05-09T11:39:17.372+0000] {dagbag.py:545} INFO - Filling up the DagBag from /home/vscode/.local/lib/python3.11/site-packages/airflow/example_dags/example_task_group.py
[2026-05-09T11:39:17.378+0000] {processor.py:840} INFO - DAG(s) 'example_task_group' retrieved from /home/vscode/.local/lib/python3.11/site-packages/airflow/example_dags/example_task_group.py
[2026-05-09T11:39:17.390+0000] {logging_mixin.py:188} INFO - [2026-05-09T11:39:17.390+0000] {dag.py:3096} INFO - Sync 1 DAGs
[2026-05-09T11:39:17.412+0000] {logging_mixin.py:188} INFO - [2026-05-09T11:39:17.412+0000] {dag.py:3954} INFO - Setting next_dagrun for example_task_group to 2026-05-08 00:00:00+00:00, run_after=2026-05-09 00:00:00+00:00
[2026-05-09T11:39:17.437+0000] {processor.py:183} INFO - Processing /home/vscode/.local/lib/python3.11/site-packages/airflow/example_dags/example_task_group.py took 0.072 seconds
[2026-05-09T11:39:57.453+0000] {processor.py:161} INFO - Started process (PID=20452) to work on /home/vscode/.local/lib/python3.11/site-packages/airflow/example_dags/example_task_group.py
[2026-05-09T11:39:57.454+0000] {processor.py:830} INFO - Processing file /home/vscode/.local/lib/python3.11/site-packages/airflow/example_dags/example_task_group.py for tasks to queue
[2026-05-09T11:39:57.454+0000] {logging_mixin.py:188} INFO - [2026-05-09T11:39:57.454+0000] {dagbag.py:545} INFO - Filling up the DagBag from /home/vscode/.local/lib/python3.11/site-packages/airflow/example_dags/example_task_group.py
[2026-05-09T11:39:57.461+0000] {processor.py:840} INFO - DAG(s) 'example_task_group' retrieved from /home/vscode/.local/lib/python3.11/site-packages/airflow/example_dags/example_task_group.py
[2026-05-09T11:39:57.491+0000] {logging_mixin.py:188} INFO - [2026-05-09T11:39:57.491+0000] {dag.py:3096} INFO - Sync 1 DAGs
[2026-05-09T11:39:57.522+0000] {logging_mixin.py:188} INFO - [2026-05-09T11:39:57.522+0000] {dag.py:3954} INFO - Setting next_dagrun for example_task_group to 2026-05-08 00:00:00+00:00, run_after=2026-05-09 00:00:00+00:00
[2026-05-09T11:39:57.565+0000] {processor.py:183} INFO - Processing /home/vscode/.local/lib/python3.11/site-packages/airflow/example_dags/example_task_group.py took 0.119 seconds
[2026-05-09T11:40:38.577+0000] {processor.py:161} INFO - Started process (PID=20785) to work on /home/vscode/.local/lib/python3.11/site-packages/airflow/example_dags/example_task_group.py
[2026-05-09T11:40:38.578+0000] {processor.py:830} INFO - Processing file /home/vscode/.local/lib/python3.11/site-packages/airflow/example_dags/example_task_group.py for tasks to queue
[2026-05-09T11:40:38.579+0000] {logging_mixin.py:188} INFO - [2026-05-09T11:40:38.578+0000] {dagbag.py:545} INFO - Filling up the DagBag from /home/vscode/.local/lib/python3.11/site-packages/airflow/example_dags/example_task_group.py
[2026-05-09T11:40:38.585+0000] {processor.py:840} INFO - DAG(s) 'example_task_group' retrieved from /home/vscode/.local/lib/python3.11/site-packages/airflow/example_dags/example_task_group.py
[2026-05-09T11:40:38.597+0000] {logging_mixin.py:188} INFO - [2026-05-09T11:40:38.597+0000] {dag.py:3096} INFO - Sync 1 DAGs
[2026-05-09T11:40:38.611+0000] {logging_mixin.py:188} INFO - [2026-05-09T11:40:38.611+0000] {dag.py:3954} INFO - Setting next_dagrun for example_task_group to 2026-05-08 00:00:00+00:00, run_after=2026-05-09 00:00:00+00:00
[2026-05-09T11:40:38.627+0000] {processor.py:183} INFO - Processing /home/vscode/.local/lib/python3.11/site-packages/airflow/example_dags/example_task_group.py took 0.057 seconds
[2026-05-09T11:41:22.412+0000] {processor.py:161} INFO - Started process (PID=21257) to work on /home/vscode/.local/lib/python3.11/site-packages/airflow/example_dags/example_task_group.py
[2026-05-09T11:41:22.412+0000] {processor.py:830} INFO - Processing file /home/vscode/.local/lib/python3.11/site-packages/airflow/example_dags/example_task_group.py for tasks to queue
[2026-05-09T11:41:22.413+0000] {logging_mixin.py:188} INFO - [2026-05-09T11:41:22.413+0000] {dagbag.py:545} INFO - Filling up the DagBag from /home/vscode/.local/lib/python3.11/site-packages/airflow/example_dags/example_task_group.py
[2026-05-09T11:41:22.421+0000] {processor.py:840} INFO - DAG(s) 'example_task_group' retrieved from /home/vscode/.local/lib/python3.11/site-packages/airflow/example_dags/example_task_group.py
[2026-05-09T11:41:22.439+0000] {logging_mixin.py:188} INFO - [2026-05-09T11:41:22.439+0000] {dag.py:3096} INFO - Sync 1 DAGs
[2026-05-09T11:41:22.458+0000] {logging_mixin.py:188} INFO - [2026-05-09T11:41:22.458+0000] {dag.py:3954} INFO - Setting next_dagrun for example_task_group to 2026-05-08 00:00:00+00:00, run_after=2026-05-09 00:00:00+00:00
[2026-05-09T11:41:22.476+0000] {processor.py:183} INFO - Processing /home/vscode/.local/lib/python3.11/site-packages/airflow/example_dags/example_task_group.py took 0.074 seconds
[2026-05-09T11:42:07.682+0000] {processor.py:161} INFO - Started process (PID=21660) to work on /home/vscode/.local/lib/python3.11/site-packages/airflow/example_dags/example_task_group.py
[2026-05-09T11:42:07.682+0000] {processor.py:830} INFO - Processing file /home/vscode/.local/lib/python3.11/site-packages/airflow/example_dags/example_task_group.py for tasks to queue
[2026-05-09T11:42:07.683+0000] {logging_mixin.py:188} INFO - [2026-05-09T11:42:07.682+0000] {dagbag.py:545} INFO - Filling up the DagBag from /home/vscode/.local/lib/python3.11/site-packages/airflow/example_dags/example_task_group.py
[2026-05-09T11:42:07.689+0000] {processor.py:840} INFO - DAG(s) 'example_task_group' retrieved from /home/vscode/.local/lib/python3.11/site-packages/airflow/example_dags/example_task_group.py
[2026-05-09T11:42:07.701+0000] {logging_mixin.py:188} INFO - [2026-05-09T11:42:07.701+0000] {dag.py:3096} INFO - Sync 1 DAGs
[2026-05-09T11:42:07.716+0000] {logging_mixin.py:188} INFO - [2026-05-09T11:42:07.715+0000] {dag.py:3954} INFO - Setting next_dagrun for example_task_group to 2026-05-08 00:00:00+00:00, run_after=2026-05-09 00:00:00+00:00
[2026-05-09T11:42:07.731+0000] {processor.py:183} INFO - Processing /home/vscode/.local/lib/python3.11/site-packages/airflow/example_dags/example_task_group.py took 0.056 seconds
[2026-05-09T11:42:50.720+0000] {processor.py:161} INFO - Started process (PID=22035) to work on /home/vscode/.local/lib/python3.11/site-packages/airflow/example_dags/example_task_group.py
[2026-05-09T11:42:50.720+0000] {processor.py:830} INFO - Processing file /home/vscode/.local/lib/python3.11/site-packages/airflow/example_dags/example_task_group.py for tasks to queue
[2026-05-09T11:42:50.721+0000] {logging_mixin.py:188} INFO - [2026-05-09T11:42:50.721+0000] {dagbag.py:545} INFO - Filling up the DagBag from /home/vscode/.local/lib/python3.11/site-packages/airflow/example_dags/example_task_group.py
[2026-05-09T11:42:50.727+0000] {processor.py:840} INFO - DAG(s) 'example_task_group' retrieved from /home/vscode/.local/lib/python3.11/site-packages/airflow/example_dags/example_task_group.py
[2026-05-09T11:42:50.739+0000] {logging_mixin.py:188} INFO - [2026-05-09T11:42:50.739+0000] {dag.py:3096} INFO - Sync 1 DAGs
[2026-05-09T11:42:50.754+0000] {logging_mixin.py:188} INFO - [2026-05-09T11:42:50.754+0000] {dag.py:3954} INFO - Setting next_dagrun for example_task_group to 2026-05-08 00:00:00+00:00, run_after=2026-05-09 00:00:00+00:00
[2026-05-09T11:42:50.770+0000] {processor.py:183} INFO - Processing /home/vscode/.local/lib/python3.11/site-packages/airflow/example_dags/example_task_group.py took 0.057 seconds
[2026-05-09T11:43:35.671+0000] {processor.py:161} INFO - Started process (PID=22434) to work on /home/vscode/.local/lib/python3.11/site-packages/airflow/example_dags/example_task_group.py
[2026-05-09T11:43:35.671+0000] {processor.py:830} INFO - Processing file /home/vscode/.local/lib/python3.11/site-packages/airflow/example_dags/example_task_group.py for tasks to queue
[2026-05-09T11:43:35.672+0000] {logging_mixin.py:188} INFO - [2026-05-09T11:43:35.672+0000] {dagbag.py:545} INFO - Filling up the DagBag from /home/vscode/.local/lib/python3.11/site-packages/airflow/example_dags/example_task_group.py
[2026-05-09T11:43:35.678+0000] {processor.py:840} INFO - DAG(s) 'example_task_group' retrieved from /home/vscode/.local/lib/python3.11/site-packages/airflow/example_dags/example_task_group.py
[2026-05-09T11:43:35.690+0000] {logging_mixin.py:188} INFO - [2026-05-09T11:43:35.690+0000] {dag.py:3096} INFO - Sync 1 DAGs
[2026-05-09T11:43:35.705+0000] {logging_mixin.py:188} INFO - [2026-05-09T11:43:35.705+0000] {dag.py:3954} INFO - Setting next_dagrun for example_task_group to 2026-05-08 00:00:00+00:00, run_after=2026-05-09 00:00:00+00:00
[2026-05-09T11:43:35.722+0000] {processor.py:183} INFO - Processing /home/vscode/.local/lib/python3.11/site-packages/airflow/example_dags/example_task_group.py took 0.058 seconds
[2026-05-09T11:44:17.260+0000] {processor.py:161} INFO - Started process (PID=22795) to work on /home/vscode/.local/lib/python3.11/site-packages/airflow/example_dags/example_task_group.py
[2026-05-09T11:44:17.260+0000] {processor.py:830} INFO - Processing file /home/vscode/.local/lib/python3.11/site-packages/airflow/example_dags/example_task_group.py for tasks to queue
[2026-05-09T11:44:17.261+0000] {logging_mixin.py:188} INFO - [2026-05-09T11:44:17.261+0000] {dagbag.py:545} INFO - Filling up the DagBag from /home/vscode/.local/lib/python3.11/site-packages/airflow/example_dags/example_task_group.py
[2026-05-09T11:44:17.267+0000] {processor.py:840} INFO - DAG(s) 'example_task_group' retrieved from /home/vscode/.local/lib/python3.11/site-packages/airflow/example_dags/example_task_group.py
[2026-05-09T11:44:17.281+0000] {logging_mixin.py:188} INFO - [2026-05-09T11:44:17.281+0000] {dag.py:3096} INFO - Sync 1 DAGs
[2026-05-09T11:44:17.304+0000] {logging_mixin.py:188} INFO - [2026-05-09T11:44:17.304+0000] {dag.py:3954} INFO - Setting next_dagrun for example_task_group to 2026-05-08 00:00:00+00:00, run_after=2026-05-09 00:00:00+00:00
[2026-05-09T11:44:17.323+0000] {processor.py:183} INFO - Processing /home/vscode/.local/lib/python3.11/site-packages/airflow/example_dags/example_task_group.py took 0.071 seconds
[2026-05-09T11:44:59.188+0000] {processor.py:161} INFO - Started process (PID=23169) to work on /home/vscode/.local/lib/python3.11/site-packages/airflow/example_dags/example_task_group.py
[2026-05-09T11:44:59.188+0000] {processor.py:830} INFO - Processing file /home/vscode/.local/lib/python3.11/site-packages/airflow/example_dags/example_task_group.py for tasks to queue
[2026-05-09T11:44:59.189+0000] {logging_mixin.py:188} INFO - [2026-05-09T11:44:59.188+0000] {dagbag.py:545} INFO - Filling up the DagBag from /home/vscode/.local/lib/python3.11/site-packages/airflow/example_dags/example_task_group.py
[2026-05-09T11:44:59.195+0000] {processor.py:840} INFO - DAG(s) 'example_task_group' retrieved from /home/vscode/.local/lib/python3.11/site-packages/airflow/example_dags/example_task_group.py
[2026-05-09T11:44:59.220+0000] {logging_mixin.py:188} INFO - [2026-05-09T11:44:59.219+0000] {dag.py:3096} INFO - Sync 1 DAGs
[2026-05-09T11:44:59.242+0000] {logging_mixin.py:188} INFO - [2026-05-09T11:44:59.242+0000] {dag.py:3954} INFO - Setting next_dagrun for example_task_group to 2026-05-08 00:00:00+00:00, run_after=2026-05-09 00:00:00+00:00
[2026-05-09T11:44:59.257+0000] {processor.py:183} INFO - Processing /home/vscode/.local/lib/python3.11/site-packages/airflow/example_dags/example_task_group.py took 0.077 seconds
[2026-05-09T11:45:43.589+0000] {processor.py:161} INFO - Started process (PID=23556) to work on /home/vscode/.local/lib/python3.11/site-packages/airflow/example_dags/example_task_group.py
[2026-05-09T11:45:43.590+0000] {processor.py:830} INFO - Processing file /home/vscode/.local/lib/python3.11/site-packages/airflow/example_dags/example_task_group.py for tasks to queue
[2026-05-09T11:45:43.591+0000] {logging_mixin.py:188} INFO - [2026-05-09T11:45:43.590+0000] {dagbag.py:545} INFO - Filling up the DagBag from /home/vscode/.local/lib/python3.11/site-packages/airflow/example_dags/example_task_group.py
[2026-05-09T11:45:43.597+0000] {processor.py:840} INFO - DAG(s) 'example_task_group' retrieved from /home/vscode/.local/lib/python3.11/site-packages/airflow/example_dags/example_task_group.py
[2026-05-09T11:45:43.616+0000] {logging_mixin.py:188} INFO - [2026-05-09T11:45:43.615+0000] {dag.py:3096} INFO - Sync 1 DAGs
[2026-05-09T11:45:43.630+0000] {logging_mixin.py:188} INFO - [2026-05-09T11:45:43.630+0000] {dag.py:3954} INFO - Setting next_dagrun for example_task_group to 2026-05-08 00:00:00+00:00, run_after=2026-05-09 00:00:00+00:00
[2026-05-09T11:45:43.646+0000] {processor.py:183} INFO - Processing /home/vscode/.local/lib/python3.11/site-packages/airflow/example_dags/example_task_group.py took 0.063 seconds
[2026-05-09T11:46:25.041+0000] {processor.py:161} INFO - Started process (PID=23851) to work on /home/vscode/.local/lib/python3.11/site-packages/airflow/example_dags/example_task_group.py
[2026-05-09T11:46:25.041+0000] {processor.py:830} INFO - Processing file /home/vscode/.local/lib/python3.11/site-packages/airflow/example_dags/example_task_group.py for tasks to queue
[2026-05-09T11:46:25.042+0000] {logging_mixin.py:188} INFO - [2026-05-09T11:46:25.042+0000] {dagbag.py:545} INFO - Filling up the DagBag from /home/vscode/.local/lib/python3.11/site-packages/airflow/example_dags/example_task_group.py
[2026-05-09T11:46:25.050+0000] {processor.py:840} INFO - DAG(s) 'example_task_group' retrieved from /home/vscode/.local/lib/python3.11/site-packages/airflow/example_dags/example_task_group.py
[2026-05-09T11:46:25.064+0000] {logging_mixin.py:188} INFO - [2026-05-09T11:46:25.064+0000] {dag.py:3096} INFO - Sync 1 DAGs
[2026-05-09T11:46:25.078+0000] {logging_mixin.py:188} INFO - [2026-05-09T11:46:25.078+0000] {dag.py:3954} INFO - Setting next_dagrun for example_task_group to 2026-05-08 00:00:00+00:00, run_after=2026-05-09 00:00:00+00:00
[2026-05-09T11:46:25.115+0000] {processor.py:183} INFO - Processing /home/vscode/.local/lib/python3.11/site-packages/airflow/example_dags/example_task_group.py took 0.085 seconds
[2026-05-09T11:47:10.144+0000] {processor.py:161} INFO - Started process (PID=24416) to work on /home/vscode/.local/lib/python3.11/site-packages/airflow/example_dags/example_task_group.py
[2026-05-09T11:47:10.145+0000] {processor.py:830} INFO - Processing file /home/vscode/.local/lib/python3.11/site-packages/airflow/example_dags/example_task_group.py for tasks to queue
[2026-05-09T11:47:10.145+0000] {logging_mixin.py:188} INFO - [2026-05-09T11:47:10.145+0000] {dagbag.py:545} INFO - Filling up the DagBag from /home/vscode/.local/lib/python3.11/site-packages/airflow/example_dags/example_task_group.py
[2026-05-09T11:47:10.150+0000] {processor.py:840} INFO - DAG(s) 'example_task_group' retrieved from /home/vscode/.local/lib/python3.11/site-packages/airflow/example_dags/example_task_group.py
[2026-05-09T11:47:10.162+0000] {logging_mixin.py:188} INFO - [2026-05-09T11:47:10.162+0000] {dag.py:3096} INFO - Sync 1 DAGs
[2026-05-09T11:47:10.176+0000] {logging_mixin.py:188} INFO - [2026-05-09T11:47:10.176+0000] {dag.py:3954} INFO - Setting next_dagrun for example_task_group to 2026-05-08 00:00:00+00:00, run_after=2026-05-09 00:00:00+00:00
[2026-05-09T11:47:10.192+0000] {processor.py:183} INFO - Processing /home/vscode/.local/lib/python3.11/site-packages/airflow/example_dags/example_task_group.py took 0.054 seconds
[2026-05-09T11:47:53.530+0000] {processor.py:161} INFO - Started process (PID=24766) to work on /home/vscode/.local/lib/python3.11/site-packages/airflow/example_dags/example_task_group.py
[2026-05-09T11:47:53.530+0000] {processor.py:830} INFO - Processing file /home/vscode/.local/lib/python3.11/site-packages/airflow/example_dags/example_task_group.py for tasks to queue
[2026-05-09T11:47:53.531+0000] {logging_mixin.py:188} INFO - [2026-05-09T11:47:53.531+0000] {dagbag.py:545} INFO - Filling up the DagBag from /home/vscode/.local/lib/python3.11/site-packages/airflow/example_dags/example_task_group.py
[2026-05-09T11:47:53.537+0000] {processor.py:840} INFO - DAG(s) 'example_task_group' retrieved from /home/vscode/.local/lib/python3.11/site-packages/airflow/example_dags/example_task_group.py
[2026-05-09T11:47:53.549+0000] {logging_mixin.py:188} INFO - [2026-05-09T11:47:53.549+0000] {dag.py:3096} INFO - Sync 1 DAGs
[2026-05-09T11:47:53.564+0000] {logging_mixin.py:188} INFO - [2026-05-09T11:47:53.564+0000] {dag.py:3954} INFO - Setting next_dagrun for example_task_group to 2026-05-08 00:00:00+00:00, run_after=2026-05-09 00:00:00+00:00
[2026-05-09T11:47:53.580+0000] {processor.py:183} INFO - Processing /home/vscode/.local/lib/python3.11/site-packages/airflow/example_dags/example_task_group.py took 0.057 seconds
[2026-05-09T11:48:36.790+0000] {processor.py:161} INFO - Started process (PID=25142) to work on /home/vscode/.local/lib/python3.11/site-packages/airflow/example_dags/example_task_group.py
[2026-05-09T11:48:36.791+0000] {processor.py:830} INFO - Processing file /home/vscode/.local/lib/python3.11/site-packages/airflow/example_dags/example_task_group.py for tasks to queue
[2026-05-09T11:48:36.792+0000] {logging_mixin.py:188} INFO - [2026-05-09T11:48:36.791+0000] {dagbag.py:545} INFO - Filling up the DagBag from /home/vscode/.local/lib/python3.11/site-packages/airflow/example_dags/example_task_group.py
[2026-05-09T11:48:36.798+0000] {processor.py:840} INFO - DAG(s) 'example_task_group' retrieved from /home/vscode/.local/lib/python3.11/site-packages/airflow/example_dags/example_task_group.py
[2026-05-09T11:48:36.810+0000] {logging_mixin.py:188} INFO - [2026-05-09T11:48:36.810+0000] {dag.py:3096} INFO - Sync 1 DAGs
[2026-05-09T11:48:36.825+0000] {logging_mixin.py:188} INFO - [2026-05-09T11:48:36.825+0000] {dag.py:3954} INFO - Setting next_dagrun for example_task_group to 2026-05-08 00:00:00+00:00, run_after=2026-05-09 00:00:00+00:00
[2026-05-09T11:48:36.843+0000] {processor.py:183} INFO - Processing /home/vscode/.local/lib/python3.11/site-packages/airflow/example_dags/example_task_group.py took 0.059 seconds
[2026-05-09T11:49:17.306+0000] {processor.py:161} INFO - Started process (PID=25499) to work on /home/vscode/.local/lib/python3.11/site-packages/airflow/example_dags/example_task_group.py
[2026-05-09T11:49:17.306+0000] {processor.py:830} INFO - Processing file /home/vscode/.local/lib/python3.11/site-packages/airflow/example_dags/example_task_group.py for tasks to queue
[2026-05-09T11:49:17.307+0000] {logging_mixin.py:188} INFO - [2026-05-09T11:49:17.307+0000] {dagbag.py:545} INFO - Filling up the DagBag from /home/vscode/.local/lib/python3.11/site-packages/airflow/example_dags/example_task_group.py
[2026-05-09T11:49:17.313+0000] {processor.py:840} INFO - DAG(s) 'example_task_group' retrieved from /home/vscode/.local/lib/python3.11/site-packages/airflow/example_dags/example_task_group.py
[2026-05-09T11:49:17.324+0000] {logging_mixin.py:188} INFO - [2026-05-09T11:49:17.324+0000] {dag.py:3096} INFO - Sync 1 DAGs
[2026-05-09T11:49:17.338+0000] {logging_mixin.py:188} INFO - [2026-05-09T11:49:17.338+0000] {dag.py:3954} INFO - Setting next_dagrun for example_task_group to 2026-05-08 00:00:00+00:00, run_after=2026-05-09 00:00:00+00:00
[2026-05-09T11:49:17.354+0000] {processor.py:183} INFO - Processing /home/vscode/.local/lib/python3.11/site-packages/airflow/example_dags/example_task_group.py took 0.055 seconds
[2026-05-09T11:49:58.967+0000] {processor.py:161} INFO - Started process (PID=25928) to work on /home/vscode/.local/lib/python3.11/site-packages/airflow/example_dags/example_task_group.py
[2026-05-09T11:49:58.967+0000] {processor.py:830} INFO - Processing file /home/vscode/.local/lib/python3.11/site-packages/airflow/example_dags/example_task_group.py for tasks to queue
[2026-05-09T11:49:58.968+0000] {logging_mixin.py:188} INFO - [2026-05-09T11:49:58.968+0000] {dagbag.py:545} INFO - Filling up the DagBag from /home/vscode/.local/lib/python3.11/site-packages/airflow/example_dags/example_task_group.py
[2026-05-09T11:49:58.974+0000] {processor.py:840} INFO - DAG(s) 'example_task_group' retrieved from /home/vscode/.local/lib/python3.11/site-packages/airflow/example_dags/example_task_group.py
[2026-05-09T11:49:58.988+0000] {logging_mixin.py:188} INFO - [2026-05-09T11:49:58.988+0000] {dag.py:3096} INFO - Sync 1 DAGs
[2026-05-09T11:49:59.003+0000] {logging_mixin.py:188} INFO - [2026-05-09T11:49:59.003+0000] {dag.py:3954} INFO - Setting next_dagrun for example_task_group to 2026-05-08 00:00:00+00:00, run_after=2026-05-09 00:00:00+00:00
[2026-05-09T11:49:59.019+0000] {processor.py:183} INFO - Processing /home/vscode/.local/lib/python3.11/site-packages/airflow/example_dags/example_task_group.py took 0.060 seconds
[2026-05-09T11:50:42.392+0000] {processor.py:161} INFO - Started process (PID=26366) to work on /home/vscode/.local/lib/python3.11/site-packages/airflow/example_dags/example_task_group.py
[2026-05-09T11:50:42.393+0000] {processor.py:830} INFO - Processing file /home/vscode/.local/lib/python3.11/site-packages/airflow/example_dags/example_task_group.py for tasks to queue
[2026-05-09T11:50:42.393+0000] {logging_mixin.py:188} INFO - [2026-05-09T11:50:42.393+0000] {dagbag.py:545} INFO - Filling up the DagBag from /home/vscode/.local/lib/python3.11/site-packages/airflow/example_dags/example_task_group.py
[2026-05-09T11:50:42.399+0000] {processor.py:840} INFO - DAG(s) 'example_task_group' retrieved from /home/vscode/.local/lib/python3.11/site-packages/airflow/example_dags/example_task_group.py
[2026-05-09T11:50:42.411+0000] {logging_mixin.py:188} INFO - [2026-05-09T11:50:42.411+0000] {dag.py:3096} INFO - Sync 1 DAGs
[2026-05-09T11:50:42.425+0000] {logging_mixin.py:188} INFO - [2026-05-09T11:50:42.425+0000] {dag.py:3954} INFO - Setting next_dagrun for example_task_group to 2026-05-08 00:00:00+00:00, run_after=2026-05-09 00:00:00+00:00
[2026-05-09T11:50:42.441+0000] {processor.py:183} INFO - Processing /home/vscode/.local/lib/python3.11/site-packages/airflow/example_dags/example_task_group.py took 0.055 seconds
[2026-05-09T11:51:25.625+0000] {processor.py:161} INFO - Started process (PID=26865) to work on /home/vscode/.local/lib/python3.11/site-packages/airflow/example_dags/example_task_group.py
[2026-05-09T11:51:25.625+0000] {processor.py:830} INFO - Processing file /home/vscode/.local/lib/python3.11/site-packages/airflow/example_dags/example_task_group.py for tasks to queue
[2026-05-09T11:51:25.626+0000] {logging_mixin.py:188} INFO - [2026-05-09T11:51:25.626+0000] {dagbag.py:545} INFO - Filling up the DagBag from /home/vscode/.local/lib/python3.11/site-packages/airflow/example_dags/example_task_group.py
[2026-05-09T11:51:25.632+0000] {processor.py:840} INFO - DAG(s) 'example_task_group' retrieved from /home/vscode/.local/lib/python3.11/site-packages/airflow/example_dags/example_task_group.py
[2026-05-09T11:51:25.644+0000] {logging_mixin.py:188} INFO - [2026-05-09T11:51:25.644+0000] {dag.py:3096} INFO - Sync 1 DAGs
[2026-05-09T11:51:25.658+0000] {logging_mixin.py:188} INFO - [2026-05-09T11:51:25.658+0000] {dag.py:3954} INFO - Setting next_dagrun for example_task_group to 2026-05-08 00:00:00+00:00, run_after=2026-05-09 00:00:00+00:00
[2026-05-09T11:51:25.673+0000] {processor.py:183} INFO - Processing /home/vscode/.local/lib/python3.11/site-packages/airflow/example_dags/example_task_group.py took 0.055 seconds
[2026-05-09T11:52:07.321+0000] {processor.py:161} INFO - Started process (PID=27284) to work on /home/vscode/.local/lib/python3.11/site-packages/airflow/example_dags/example_task_group.py
[2026-05-09T11:52:07.322+0000] {processor.py:830} INFO - Processing file /home/vscode/.local/lib/python3.11/site-packages/airflow/example_dags/example_task_group.py for tasks to queue
[2026-05-09T11:52:07.322+0000] {logging_mixin.py:188} INFO - [2026-05-09T11:52:07.322+0000] {dagbag.py:545} INFO - Filling up the DagBag from /home/vscode/.local/lib/python3.11/site-packages/airflow/example_dags/example_task_group.py
[2026-05-09T11:52:07.328+0000] {processor.py:840} INFO - DAG(s) 'example_task_group' retrieved from /home/vscode/.local/lib/python3.11/site-packages/airflow/example_dags/example_task_group.py
[2026-05-09T11:52:07.340+0000] {logging_mixin.py:188} INFO - [2026-05-09T11:52:07.340+0000] {dag.py:3096} INFO - Sync 1 DAGs
[2026-05-09T11:52:07.354+0000] {logging_mixin.py:188} INFO - [2026-05-09T11:52:07.354+0000] {dag.py:3954} INFO - Setting next_dagrun for example_task_group to 2026-05-08 00:00:00+00:00, run_after=2026-05-09 00:00:00+00:00
[2026-05-09T11:52:07.369+0000] {processor.py:183} INFO - Processing /home/vscode/.local/lib/python3.11/site-packages/airflow/example_dags/example_task_group.py took 0.054 seconds
[2026-05-09T11:52:47.959+0000] {processor.py:161} INFO - Started process (PID=27659) to work on /home/vscode/.local/lib/python3.11/site-packages/airflow/example_dags/example_task_group.py
[2026-05-09T11:52:47.959+0000] {processor.py:830} INFO - Processing file /home/vscode/.local/lib/python3.11/site-packages/airflow/example_dags/example_task_group.py for tasks to queue
[2026-05-09T11:52:47.960+0000] {logging_mixin.py:188} INFO - [2026-05-09T11:52:47.960+0000] {dagbag.py:545} INFO - Filling up the DagBag from /home/vscode/.local/lib/python3.11/site-packages/airflow/example_dags/example_task_group.py
[2026-05-09T11:52:47.965+0000] {processor.py:840} INFO - DAG(s) 'example_task_group' retrieved from /home/vscode/.local/lib/python3.11/site-packages/airflow/example_dags/example_task_group.py
[2026-05-09T11:52:47.979+0000] {logging_mixin.py:188} INFO - [2026-05-09T11:52:47.978+0000] {dag.py:3096} INFO - Sync 1 DAGs
[2026-05-09T11:52:47.992+0000] {logging_mixin.py:188} INFO - [2026-05-09T11:52:47.992+0000] {dag.py:3954} INFO - Setting next_dagrun for example_task_group to 2026-05-08 00:00:00+00:00, run_after=2026-05-09 00:00:00+00:00
[2026-05-09T11:52:48.008+0000] {processor.py:183} INFO - Processing /home/vscode/.local/lib/python3.11/site-packages/airflow/example_dags/example_task_group.py took 0.055 seconds
[2026-05-09T11:53:26.891+0000] {processor.py:161} INFO - Started process (PID=27938) to work on /home/vscode/.local/lib/python3.11/site-packages/airflow/example_dags/example_task_group.py
[2026-05-09T11:53:26.892+0000] {processor.py:830} INFO - Processing file /home/vscode/.local/lib/python3.11/site-packages/airflow/example_dags/example_task_group.py for tasks to queue
[2026-05-09T11:53:26.892+0000] {logging_mixin.py:188} INFO - [2026-05-09T11:53:26.892+0000] {dagbag.py:545} INFO - Filling up the DagBag from /home/vscode/.local/lib/python3.11/site-packages/airflow/example_dags/example_task_group.py
[2026-05-09T11:53:26.898+0000] {processor.py:840} INFO - DAG(s) 'example_task_group' retrieved from /home/vscode/.local/lib/python3.11/site-packages/airflow/example_dags/example_task_group.py
[2026-05-09T11:53:26.911+0000] {logging_mixin.py:188} INFO - [2026-05-09T11:53:26.911+0000] {dag.py:3096} INFO - Sync 1 DAGs
[2026-05-09T11:53:26.925+0000] {logging_mixin.py:188} INFO - [2026-05-09T11:53:26.925+0000] {dag.py:3954} INFO - Setting next_dagrun for example_task_group to 2026-05-08 00:00:00+00:00, run_after=2026-05-09 00:00:00+00:00
[2026-05-09T11:53:26.941+0000] {processor.py:183} INFO - Processing /home/vscode/.local/lib/python3.11/site-packages/airflow/example_dags/example_task_group.py took 0.056 seconds
[2026-05-09T11:54:06.868+0000] {processor.py:161} INFO - Started process (PID=28342) to work on /home/vscode/.local/lib/python3.11/site-packages/airflow/example_dags/example_task_group.py
[2026-05-09T11:54:06.869+0000] {processor.py:830} INFO - Processing file /home/vscode/.local/lib/python3.11/site-packages/airflow/example_dags/example_task_group.py for tasks to queue
[2026-05-09T11:54:06.869+0000] {logging_mixin.py:188} INFO - [2026-05-09T11:54:06.869+0000] {dagbag.py:545} INFO - Filling up the DagBag from /home/vscode/.local/lib/python3.11/site-packages/airflow/example_dags/example_task_group.py
[2026-05-09T11:54:06.875+0000] {processor.py:840} INFO - DAG(s) 'example_task_group' retrieved from /home/vscode/.local/lib/python3.11/site-packages/airflow/example_dags/example_task_group.py
[2026-05-09T11:54:06.886+0000] {logging_mixin.py:188} INFO - [2026-05-09T11:54:06.886+0000] {dag.py:3096} INFO - Sync 1 DAGs
[2026-05-09T11:54:06.900+0000] {logging_mixin.py:188} INFO - [2026-05-09T11:54:06.900+0000] {dag.py:3954} INFO - Setting next_dagrun for example_task_group to 2026-05-08 00:00:00+00:00, run_after=2026-05-09 00:00:00+00:00
[2026-05-09T11:54:06.916+0000] {processor.py:183} INFO - Processing /home/vscode/.local/lib/python3.11/site-packages/airflow/example_dags/example_task_group.py took 0.054 seconds
[2026-05-09T11:54:49.407+0000] {processor.py:161} INFO - Started process (PID=28705) to work on /home/vscode/.local/lib/python3.11/site-packages/airflow/example_dags/example_task_group.py
[2026-05-09T11:54:49.408+0000] {processor.py:830} INFO - Processing file /home/vscode/.local/lib/python3.11/site-packages/airflow/example_dags/example_task_group.py for tasks to queue
[2026-05-09T11:54:49.408+0000] {logging_mixin.py:188} INFO - [2026-05-09T11:54:49.408+0000] {dagbag.py:545} INFO - Filling up the DagBag from /home/vscode/.local/lib/python3.11/site-packages/airflow/example_dags/example_task_group.py
[2026-05-09T11:54:49.414+0000] {processor.py:840} INFO - DAG(s) 'example_task_group' retrieved from /home/vscode/.local/lib/python3.11/site-packages/airflow/example_dags/example_task_group.py
[2026-05-09T11:54:49.426+0000] {logging_mixin.py:188} INFO - [2026-05-09T11:54:49.425+0000] {dag.py:3096} INFO - Sync 1 DAGs
[2026-05-09T11:54:49.439+0000] {logging_mixin.py:188} INFO - [2026-05-09T11:54:49.439+0000] {dag.py:3954} INFO - Setting next_dagrun for example_task_group to 2026-05-08 00:00:00+00:00, run_after=2026-05-09 00:00:00+00:00
[2026-05-09T11:54:49.455+0000] {processor.py:183} INFO - Processing /home/vscode/.local/lib/python3.11/site-packages/airflow/example_dags/example_task_group.py took 0.054 seconds
[2026-05-09T11:55:30.567+0000] {processor.py:161} INFO - Started process (PID=29000) to work on /home/vscode/.local/lib/python3.11/site-packages/airflow/example_dags/example_task_group.py
[2026-05-09T11:55:30.568+0000] {processor.py:830} INFO - Processing file /home/vscode/.local/lib/python3.11/site-packages/airflow/example_dags/example_task_group.py for tasks to queue
[2026-05-09T11:55:30.568+0000] {logging_mixin.py:188} INFO - [2026-05-09T11:55:30.568+0000] {dagbag.py:545} INFO - Filling up the DagBag from /home/vscode/.local/lib/python3.11/site-packages/airflow/example_dags/example_task_group.py
[2026-05-09T11:55:30.575+0000] {processor.py:840} INFO - DAG(s) 'example_task_group' retrieved from /home/vscode/.local/lib/python3.11/site-packages/airflow/example_dags/example_task_group.py
[2026-05-09T11:55:30.588+0000] {logging_mixin.py:188} INFO - [2026-05-09T11:55:30.588+0000] {dag.py:3096} INFO - Sync 1 DAGs
[2026-05-09T11:55:30.603+0000] {logging_mixin.py:188} INFO - [2026-05-09T11:55:30.603+0000] {dag.py:3954} INFO - Setting next_dagrun for example_task_group to 2026-05-08 00:00:00+00:00, run_after=2026-05-09 00:00:00+00:00
[2026-05-09T11:55:30.619+0000] {processor.py:183} INFO - Processing /home/vscode/.local/lib/python3.11/site-packages/airflow/example_dags/example_task_group.py took 0.058 seconds
[2026-05-09T11:56:11.778+0000] {processor.py:161} INFO - Started process (PID=29350) to work on /home/vscode/.local/lib/python3.11/site-packages/airflow/example_dags/example_task_group.py
[2026-05-09T11:56:11.779+0000] {processor.py:830} INFO - Processing file /home/vscode/.local/lib/python3.11/site-packages/airflow/example_dags/example_task_group.py for tasks to queue
[2026-05-09T11:56:11.779+0000] {logging_mixin.py:188} INFO - [2026-05-09T11:56:11.779+0000] {dagbag.py:545} INFO - Filling up the DagBag from /home/vscode/.local/lib/python3.11/site-packages/airflow/example_dags/example_task_group.py
[2026-05-09T11:56:11.787+0000] {processor.py:840} INFO - DAG(s) 'example_task_group' retrieved from /home/vscode/.local/lib/python3.11/site-packages/airflow/example_dags/example_task_group.py
[2026-05-09T11:56:11.799+0000] {logging_mixin.py:188} INFO - [2026-05-09T11:56:11.799+0000] {dag.py:3096} INFO - Sync 1 DAGs
[2026-05-09T11:56:11.813+0000] {logging_mixin.py:188} INFO - [2026-05-09T11:56:11.813+0000] {dag.py:3954} INFO - Setting next_dagrun for example_task_group to 2026-05-08 00:00:00+00:00, run_after=2026-05-09 00:00:00+00:00
[2026-05-09T11:56:11.829+0000] {processor.py:183} INFO - Processing /home/vscode/.local/lib/python3.11/site-packages/airflow/example_dags/example_task_group.py took 0.058 seconds
[2026-05-09T11:56:52.815+0000] {processor.py:161} INFO - Started process (PID=29701) to work on /home/vscode/.local/lib/python3.11/site-packages/airflow/example_dags/example_task_group.py
[2026-05-09T11:56:52.816+0000] {processor.py:830} INFO - Processing file /home/vscode/.local/lib/python3.11/site-packages/airflow/example_dags/example_task_group.py for tasks to queue
[2026-05-09T11:56:52.816+0000] {logging_mixin.py:188} INFO - [2026-05-09T11:56:52.816+0000] {dagbag.py:545} INFO - Filling up the DagBag from /home/vscode/.local/lib/python3.11/site-packages/airflow/example_dags/example_task_group.py
[2026-05-09T11:56:52.822+0000] {processor.py:840} INFO - DAG(s) 'example_task_group' retrieved from /home/vscode/.local/lib/python3.11/site-packages/airflow/example_dags/example_task_group.py
[2026-05-09T11:56:52.834+0000] {logging_mixin.py:188} INFO - [2026-05-09T11:56:52.834+0000] {dag.py:3096} INFO - Sync 1 DAGs
[2026-05-09T11:56:52.848+0000] {logging_mixin.py:188} INFO - [2026-05-09T11:56:52.848+0000] {dag.py:3954} INFO - Setting next_dagrun for example_task_group to 2026-05-08 00:00:00+00:00, run_after=2026-05-09 00:00:00+00:00
[2026-05-09T11:56:52.864+0000] {processor.py:183} INFO - Processing /home/vscode/.local/lib/python3.11/site-packages/airflow/example_dags/example_task_group.py took 0.055 seconds
[2026-05-09T11:57:33.056+0000] {processor.py:161} INFO - Started process (PID=29992) to work on /home/vscode/.local/lib/python3.11/site-packages/airflow/example_dags/example_task_group.py
[2026-05-09T11:57:33.056+0000] {processor.py:830} INFO - Processing file /home/vscode/.local/lib/python3.11/site-packages/airflow/example_dags/example_task_group.py for tasks to queue
[2026-05-09T11:57:33.057+0000] {logging_mixin.py:188} INFO - [2026-05-09T11:57:33.057+0000] {dagbag.py:545} INFO - Filling up the DagBag from /home/vscode/.local/lib/python3.11/site-packages/airflow/example_dags/example_task_group.py
[2026-05-09T11:57:33.063+0000] {processor.py:840} INFO - DAG(s) 'example_task_group' retrieved from /home/vscode/.local/lib/python3.11/site-packages/airflow/example_dags/example_task_group.py
[2026-05-09T11:57:33.075+0000] {logging_mixin.py:188} INFO - [2026-05-09T11:57:33.075+0000] {dag.py:3096} INFO - Sync 1 DAGs
[2026-05-09T11:57:33.089+0000] {logging_mixin.py:188} INFO - [2026-05-09T11:57:33.088+0000] {dag.py:3954} INFO - Setting next_dagrun for example_task_group to 2026-05-08 00:00:00+00:00, run_after=2026-05-09 00:00:00+00:00
[2026-05-09T11:57:33.104+0000] {processor.py:183} INFO - Processing /home/vscode/.local/lib/python3.11/site-packages/airflow/example_dags/example_task_group.py took 0.055 seconds
[2026-05-09T11:58:16.008+0000] {processor.py:161} INFO - Started process (PID=30346) to work on /home/vscode/.local/lib/python3.11/site-packages/airflow/example_dags/example_task_group.py
[2026-05-09T11:58:16.009+0000] {processor.py:830} INFO - Processing file /home/vscode/.local/lib/python3.11/site-packages/airflow/example_dags/example_task_group.py for tasks to queue
[2026-05-09T11:58:16.009+0000] {logging_mixin.py:188} INFO - [2026-05-09T11:58:16.009+0000] {dagbag.py:545} INFO - Filling up the DagBag from /home/vscode/.local/lib/python3.11/site-packages/airflow/example_dags/example_task_group.py
[2026-05-09T11:58:16.015+0000] {processor.py:840} INFO - DAG(s) 'example_task_group' retrieved from /home/vscode/.local/lib/python3.11/site-packages/airflow/example_dags/example_task_group.py
[2026-05-09T11:58:16.027+0000] {logging_mixin.py:188} INFO - [2026-05-09T11:58:16.027+0000] {dag.py:3096} INFO - Sync 1 DAGs
[2026-05-09T11:58:16.042+0000] {logging_mixin.py:188} INFO - [2026-05-09T11:58:16.041+0000] {dag.py:3954} INFO - Setting next_dagrun for example_task_group to 2026-05-08 00:00:00+00:00, run_after=2026-05-09 00:00:00+00:00
[2026-05-09T11:58:16.058+0000] {processor.py:183} INFO - Processing /home/vscode/.local/lib/python3.11/site-packages/airflow/example_dags/example_task_group.py took 0.057 seconds
[2026-05-09T11:58:59.312+0000] {processor.py:161} INFO - Started process (PID=30711) to work on /home/vscode/.local/lib/python3.11/site-packages/airflow/example_dags/example_task_group.py
[2026-05-09T11:58:59.312+0000] {processor.py:830} INFO - Processing file /home/vscode/.local/lib/python3.11/site-packages/airflow/example_dags/example_task_group.py for tasks to queue
[2026-05-09T11:58:59.313+0000] {logging_mixin.py:188} INFO - [2026-05-09T11:58:59.313+0000] {dagbag.py:545} INFO - Filling up the DagBag from /home/vscode/.local/lib/python3.11/site-packages/airflow/example_dags/example_task_group.py
[2026-05-09T11:58:59.318+0000] {processor.py:840} INFO - DAG(s) 'example_task_group' retrieved from /home/vscode/.local/lib/python3.11/site-packages/airflow/example_dags/example_task_group.py
[2026-05-09T11:58:59.330+0000] {logging_mixin.py:188} INFO - [2026-05-09T11:58:59.329+0000] {dag.py:3096} INFO - Sync 1 DAGs
[2026-05-09T11:58:59.345+0000] {logging_mixin.py:188} INFO - [2026-05-09T11:58:59.345+0000] {dag.py:3954} INFO - Setting next_dagrun for example_task_group to 2026-05-08 00:00:00+00:00, run_after=2026-05-09 00:00:00+00:00
[2026-05-09T11:58:59.369+0000] {processor.py:183} INFO - Processing /home/vscode/.local/lib/python3.11/site-packages/airflow/example_dags/example_task_group.py took 0.063 seconds
[2026-05-09T11:59:40.392+0000] {processor.py:161} INFO - Started process (PID=31069) to work on /home/vscode/.local/lib/python3.11/site-packages/airflow/example_dags/example_task_group.py
[2026-05-09T11:59:40.392+0000] {processor.py:830} INFO - Processing file /home/vscode/.local/lib/python3.11/site-packages/airflow/example_dags/example_task_group.py for tasks to queue
[2026-05-09T11:59:40.393+0000] {logging_mixin.py:188} INFO - [2026-05-09T11:59:40.393+0000] {dagbag.py:545} INFO - Filling up the DagBag from /home/vscode/.local/lib/python3.11/site-packages/airflow/example_dags/example_task_group.py
[2026-05-09T11:59:40.400+0000] {processor.py:840} INFO - DAG(s) 'example_task_group' retrieved from /home/vscode/.local/lib/python3.11/site-packages/airflow/example_dags/example_task_group.py
[2026-05-09T11:59:40.426+0000] {logging_mixin.py:188} INFO - [2026-05-09T11:59:40.426+0000] {dag.py:3096} INFO - Sync 1 DAGs
[2026-05-09T11:59:40.471+0000] {logging_mixin.py:188} INFO - [2026-05-09T11:59:40.471+0000] {dag.py:3954} INFO - Setting next_dagrun for example_task_group to 2026-05-08 00:00:00+00:00, run_after=2026-05-09 00:00:00+00:00
[2026-05-09T11:59:40.498+0000] {processor.py:183} INFO - Processing /home/vscode/.local/lib/python3.11/site-packages/airflow/example_dags/example_task_group.py took 0.113 seconds
[2026-05-09T12:00:22.117+0000] {processor.py:161} INFO - Started process (PID=31366) to work on /home/vscode/.local/lib/python3.11/site-packages/airflow/example_dags/example_task_group.py
[2026-05-09T12:00:22.118+0000] {processor.py:830} INFO - Processing file /home/vscode/.local/lib/python3.11/site-packages/airflow/example_dags/example_task_group.py for tasks to queue
[2026-05-09T12:00:22.118+0000] {logging_mixin.py:188} INFO - [2026-05-09T12:00:22.118+0000] {dagbag.py:545} INFO - Filling up the DagBag from /home/vscode/.local/lib/python3.11/site-packages/airflow/example_dags/example_task_group.py
[2026-05-09T12:00:22.124+0000] {processor.py:840} INFO - DAG(s) 'example_task_group' retrieved from /home/vscode/.local/lib/python3.11/site-packages/airflow/example_dags/example_task_group.py
[2026-05-09T12:00:22.136+0000] {logging_mixin.py:188} INFO - [2026-05-09T12:00:22.136+0000] {dag.py:3096} INFO - Sync 1 DAGs
[2026-05-09T12:00:22.150+0000] {logging_mixin.py:188} INFO - [2026-05-09T12:00:22.150+0000] {dag.py:3954} INFO - Setting next_dagrun for example_task_group to 2026-05-08 00:00:00+00:00, run_after=2026-05-09 00:00:00+00:00
[2026-05-09T12:00:22.167+0000] {processor.py:183} INFO - Processing /home/vscode/.local/lib/python3.11/site-packages/airflow/example_dags/example_task_group.py took 0.056 seconds
[2026-05-09T12:01:03.215+0000] {processor.py:161} INFO - Started process (PID=31715) to work on /home/vscode/.local/lib/python3.11/site-packages/airflow/example_dags/example_task_group.py
[2026-05-09T12:01:03.216+0000] {processor.py:830} INFO - Processing file /home/vscode/.local/lib/python3.11/site-packages/airflow/example_dags/example_task_group.py for tasks to queue
[2026-05-09T12:01:03.216+0000] {logging_mixin.py:188} INFO - [2026-05-09T12:01:03.216+0000] {dagbag.py:545} INFO - Filling up the DagBag from /home/vscode/.local/lib/python3.11/site-packages/airflow/example_dags/example_task_group.py
[2026-05-09T12:01:03.222+0000] {processor.py:840} INFO - DAG(s) 'example_task_group' retrieved from /home/vscode/.local/lib/python3.11/site-packages/airflow/example_dags/example_task_group.py
[2026-05-09T12:01:03.234+0000] {logging_mixin.py:188} INFO - [2026-05-09T12:01:03.234+0000] {dag.py:3096} INFO - Sync 1 DAGs
[2026-05-09T12:01:03.247+0000] {logging_mixin.py:188} INFO - [2026-05-09T12:01:03.247+0000] {dag.py:3954} INFO - Setting next_dagrun for example_task_group to 2026-05-08 00:00:00+00:00, run_after=2026-05-09 00:00:00+00:00
[2026-05-09T12:01:03.263+0000] {processor.py:183} INFO - Processing /home/vscode/.local/lib/python3.11/site-packages/airflow/example_dags/example_task_group.py took 0.054 seconds
[2026-05-09T12:01:47.723+0000] {processor.py:161} INFO - Started process (PID=32081) to work on /home/vscode/.local/lib/python3.11/site-packages/airflow/example_dags/example_task_group.py
[2026-05-09T12:01:47.724+0000] {processor.py:830} INFO - Processing file /home/vscode/.local/lib/python3.11/site-packages/airflow/example_dags/example_task_group.py for tasks to queue
[2026-05-09T12:01:47.725+0000] {logging_mixin.py:188} INFO - [2026-05-09T12:01:47.724+0000] {dagbag.py:545} INFO - Filling up the DagBag from /home/vscode/.local/lib/python3.11/site-packages/airflow/example_dags/example_task_group.py
[2026-05-09T12:01:47.730+0000] {processor.py:840} INFO - DAG(s) 'example_task_group' retrieved from /home/vscode/.local/lib/python3.11/site-packages/airflow/example_dags/example_task_group.py
[2026-05-09T12:01:47.744+0000] {logging_mixin.py:188} INFO - [2026-05-09T12:01:47.744+0000] {dag.py:3096} INFO - Sync 1 DAGs
[2026-05-09T12:01:47.758+0000] {logging_mixin.py:188} INFO - [2026-05-09T12:01:47.758+0000] {dag.py:3954} INFO - Setting next_dagrun for example_task_group to 2026-05-08 00:00:00+00:00, run_after=2026-05-09 00:00:00+00:00
[2026-05-09T12:01:47.774+0000] {processor.py:183} INFO - Processing /home/vscode/.local/lib/python3.11/site-packages/airflow/example_dags/example_task_group.py took 0.059 seconds
[2026-05-09T12:02:29.390+0000] {processor.py:161} INFO - Started process (PID=32378) to work on /home/vscode/.local/lib/python3.11/site-packages/airflow/example_dags/example_task_group.py
[2026-05-09T12:02:29.391+0000] {processor.py:830} INFO - Processing file /home/vscode/.local/lib/python3.11/site-packages/airflow/example_dags/example_task_group.py for tasks to queue
[2026-05-09T12:02:29.392+0000] {logging_mixin.py:188} INFO - [2026-05-09T12:02:29.391+0000] {dagbag.py:545} INFO - Filling up the DagBag from /home/vscode/.local/lib/python3.11/site-packages/airflow/example_dags/example_task_group.py
[2026-05-09T12:02:29.398+0000] {processor.py:840} INFO - DAG(s) 'example_task_group' retrieved from /home/vscode/.local/lib/python3.11/site-packages/airflow/example_dags/example_task_group.py
[2026-05-09T12:02:29.411+0000] {logging_mixin.py:188} INFO - [2026-05-09T12:02:29.410+0000] {dag.py:3096} INFO - Sync 1 DAGs
[2026-05-09T12:02:29.425+0000] {logging_mixin.py:188} INFO - [2026-05-09T12:02:29.425+0000] {dag.py:3954} INFO - Setting next_dagrun for example_task_group to 2026-05-08 00:00:00+00:00, run_after=2026-05-09 00:00:00+00:00
[2026-05-09T12:02:29.442+0000] {processor.py:183} INFO - Processing /home/vscode/.local/lib/python3.11/site-packages/airflow/example_dags/example_task_group.py took 0.058 seconds
[2026-05-09T12:03:11.023+0000] {processor.py:161} INFO - Started process (PID=32736) to work on /home/vscode/.local/lib/python3.11/site-packages/airflow/example_dags/example_task_group.py
[2026-05-09T12:03:11.024+0000] {processor.py:830} INFO - Processing file /home/vscode/.local/lib/python3.11/site-packages/airflow/example_dags/example_task_group.py for tasks to queue
[2026-05-09T12:03:11.024+0000] {logging_mixin.py:188} INFO - [2026-05-09T12:03:11.024+0000] {dagbag.py:545} INFO - Filling up the DagBag from /home/vscode/.local/lib/python3.11/site-packages/airflow/example_dags/example_task_group.py
[2026-05-09T12:03:11.031+0000] {processor.py:840} INFO - DAG(s) 'example_task_group' retrieved from /home/vscode/.local/lib/python3.11/site-packages/airflow/example_dags/example_task_group.py
[2026-05-09T12:03:11.043+0000] {logging_mixin.py:188} INFO - [2026-05-09T12:03:11.043+0000] {dag.py:3096} INFO - Sync 1 DAGs
[2026-05-09T12:03:11.058+0000] {logging_mixin.py:188} INFO - [2026-05-09T12:03:11.057+0000] {dag.py:3954} INFO - Setting next_dagrun for example_task_group to 2026-05-08 00:00:00+00:00, run_after=2026-05-09 00:00:00+00:00
[2026-05-09T12:03:11.073+0000] {processor.py:183} INFO - Processing /home/vscode/.local/lib/python3.11/site-packages/airflow/example_dags/example_task_group.py took 0.056 seconds
[2026-05-09T12:03:52.692+0000] {processor.py:161} INFO - Started process (PID=33152) to work on /home/vscode/.local/lib/python3.11/site-packages/airflow/example_dags/example_task_group.py
[2026-05-09T12:03:52.692+0000] {processor.py:830} INFO - Processing file /home/vscode/.local/lib/python3.11/site-packages/airflow/example_dags/example_task_group.py for tasks to queue
[2026-05-09T12:03:52.693+0000] {logging_mixin.py:188} INFO - [2026-05-09T12:03:52.692+0000] {dagbag.py:545} INFO - Filling up the DagBag from /home/vscode/.local/lib/python3.11/site-packages/airflow/example_dags/example_task_group.py
[2026-05-09T12:03:52.698+0000] {processor.py:840} INFO - DAG(s) 'example_task_group' retrieved from /home/vscode/.local/lib/python3.11/site-packages/airflow/example_dags/example_task_group.py
[2026-05-09T12:03:52.711+0000] {logging_mixin.py:188} INFO - [2026-05-09T12:03:52.711+0000] {dag.py:3096} INFO - Sync 1 DAGs
[2026-05-09T12:03:52.726+0000] {logging_mixin.py:188} INFO - [2026-05-09T12:03:52.725+0000] {dag.py:3954} INFO - Setting next_dagrun for example_task_group to 2026-05-08 00:00:00+00:00, run_after=2026-05-09 00:00:00+00:00
[2026-05-09T12:03:52.741+0000] {processor.py:183} INFO - Processing /home/vscode/.local/lib/python3.11/site-packages/airflow/example_dags/example_task_group.py took 0.056 seconds
[2026-05-09T12:04:35.188+0000] {processor.py:161} INFO - Started process (PID=33516) to work on /home/vscode/.local/lib/python3.11/site-packages/airflow/example_dags/example_task_group.py
[2026-05-09T12:04:35.189+0000] {processor.py:830} INFO - Processing file /home/vscode/.local/lib/python3.11/site-packages/airflow/example_dags/example_task_group.py for tasks to queue
[2026-05-09T12:04:35.189+0000] {logging_mixin.py:188} INFO - [2026-05-09T12:04:35.189+0000] {dagbag.py:545} INFO - Filling up the DagBag from /home/vscode/.local/lib/python3.11/site-packages/airflow/example_dags/example_task_group.py
[2026-05-09T12:04:35.195+0000] {processor.py:840} INFO - DAG(s) 'example_task_group' retrieved from /home/vscode/.local/lib/python3.11/site-packages/airflow/example_dags/example_task_group.py
[2026-05-09T12:04:35.210+0000] {logging_mixin.py:188} INFO - [2026-05-09T12:04:35.210+0000] {dag.py:3096} INFO - Sync 1 DAGs
[2026-05-09T12:04:35.224+0000] {logging_mixin.py:188} INFO - [2026-05-09T12:04:35.224+0000] {dag.py:3954} INFO - Setting next_dagrun for example_task_group to 2026-05-08 00:00:00+00:00, run_after=2026-05-09 00:00:00+00:00
[2026-05-09T12:04:35.246+0000] {processor.py:183} INFO - Processing /home/vscode/.local/lib/python3.11/site-packages/airflow/example_dags/example_task_group.py took 0.064 seconds
[2026-05-09T12:05:16.655+0000] {processor.py:161} INFO - Started process (PID=33802) to work on /home/vscode/.local/lib/python3.11/site-packages/airflow/example_dags/example_task_group.py
[2026-05-09T12:05:16.655+0000] {processor.py:830} INFO - Processing file /home/vscode/.local/lib/python3.11/site-packages/airflow/example_dags/example_task_group.py for tasks to queue
[2026-05-09T12:05:16.656+0000] {logging_mixin.py:188} INFO - [2026-05-09T12:05:16.656+0000] {dagbag.py:545} INFO - Filling up the DagBag from /home/vscode/.local/lib/python3.11/site-packages/airflow/example_dags/example_task_group.py
[2026-05-09T12:05:16.662+0000] {processor.py:840} INFO - DAG(s) 'example_task_group' retrieved from /home/vscode/.local/lib/python3.11/site-packages/airflow/example_dags/example_task_group.py
[2026-05-09T12:05:16.674+0000] {logging_mixin.py:188} INFO - [2026-05-09T12:05:16.674+0000] {dag.py:3096} INFO - Sync 1 DAGs
[2026-05-09T12:05:16.687+0000] {logging_mixin.py:188} INFO - [2026-05-09T12:05:16.687+0000] {dag.py:3954} INFO - Setting next_dagrun for example_task_group to 2026-05-08 00:00:00+00:00, run_after=2026-05-09 00:00:00+00:00
[2026-05-09T12:05:16.703+0000] {processor.py:183} INFO - Processing /home/vscode/.local/lib/python3.11/site-packages/airflow/example_dags/example_task_group.py took 0.055 seconds
[2026-05-09T12:05:58.287+0000] {processor.py:161} INFO - Started process (PID=34159) to work on /home/vscode/.local/lib/python3.11/site-packages/airflow/example_dags/example_task_group.py
[2026-05-09T12:05:58.287+0000] {processor.py:830} INFO - Processing file /home/vscode/.local/lib/python3.11/site-packages/airflow/example_dags/example_task_group.py for tasks to queue
[2026-05-09T12:05:58.288+0000] {logging_mixin.py:188} INFO - [2026-05-09T12:05:58.288+0000] {dagbag.py:545} INFO - Filling up the DagBag from /home/vscode/.local/lib/python3.11/site-packages/airflow/example_dags/example_task_group.py
[2026-05-09T12:05:58.294+0000] {processor.py:840} INFO - DAG(s) 'example_task_group' retrieved from /home/vscode/.local/lib/python3.11/site-packages/airflow/example_dags/example_task_group.py
[2026-05-09T12:05:58.306+0000] {logging_mixin.py:188} INFO - [2026-05-09T12:05:58.306+0000] {dag.py:3096} INFO - Sync 1 DAGs
[2026-05-09T12:05:58.321+0000] {logging_mixin.py:188} INFO - [2026-05-09T12:05:58.321+0000] {dag.py:3954} INFO - Setting next_dagrun for example_task_group to 2026-05-08 00:00:00+00:00, run_after=2026-05-09 00:00:00+00:00
[2026-05-09T12:05:58.341+0000] {processor.py:183} INFO - Processing /home/vscode/.local/lib/python3.11/site-packages/airflow/example_dags/example_task_group.py took 0.063 seconds
[2026-05-09T12:06:41.690+0000] {processor.py:161} INFO - Started process (PID=34532) to work on /home/vscode/.local/lib/python3.11/site-packages/airflow/example_dags/example_task_group.py
[2026-05-09T12:06:41.690+0000] {processor.py:830} INFO - Processing file /home/vscode/.local/lib/python3.11/site-packages/airflow/example_dags/example_task_group.py for tasks to queue
[2026-05-09T12:06:41.691+0000] {logging_mixin.py:188} INFO - [2026-05-09T12:06:41.691+0000] {dagbag.py:545} INFO - Filling up the DagBag from /home/vscode/.local/lib/python3.11/site-packages/airflow/example_dags/example_task_group.py
[2026-05-09T12:06:41.697+0000] {processor.py:840} INFO - DAG(s) 'example_task_group' retrieved from /home/vscode/.local/lib/python3.11/site-packages/airflow/example_dags/example_task_group.py
[2026-05-09T12:06:41.710+0000] {logging_mixin.py:188} INFO - [2026-05-09T12:06:41.710+0000] {dag.py:3096} INFO - Sync 1 DAGs
[2026-05-09T12:06:41.726+0000] {logging_mixin.py:188} INFO - [2026-05-09T12:06:41.725+0000] {dag.py:3954} INFO - Setting next_dagrun for example_task_group to 2026-05-08 00:00:00+00:00, run_after=2026-05-09 00:00:00+00:00
[2026-05-09T12:06:41.744+0000] {processor.py:183} INFO - Processing /home/vscode/.local/lib/python3.11/site-packages/airflow/example_dags/example_task_group.py took 0.061 seconds
[2026-05-09T12:07:25.907+0000] {processor.py:161} INFO - Started process (PID=34840) to work on /home/vscode/.local/lib/python3.11/site-packages/airflow/example_dags/example_task_group.py
[2026-05-09T12:07:25.907+0000] {processor.py:830} INFO - Processing file /home/vscode/.local/lib/python3.11/site-packages/airflow/example_dags/example_task_group.py for tasks to queue
[2026-05-09T12:07:25.908+0000] {logging_mixin.py:188} INFO - [2026-05-09T12:07:25.908+0000] {dagbag.py:545} INFO - Filling up the DagBag from /home/vscode/.local/lib/python3.11/site-packages/airflow/example_dags/example_task_group.py
[2026-05-09T12:07:25.913+0000] {processor.py:840} INFO - DAG(s) 'example_task_group' retrieved from /home/vscode/.local/lib/python3.11/site-packages/airflow/example_dags/example_task_group.py
[2026-05-09T12:07:25.926+0000] {logging_mixin.py:188} INFO - [2026-05-09T12:07:25.926+0000] {dag.py:3096} INFO - Sync 1 DAGs
[2026-05-09T12:07:25.943+0000] {logging_mixin.py:188} INFO - [2026-05-09T12:07:25.943+0000] {dag.py:3954} INFO - Setting next_dagrun for example_task_group to 2026-05-08 00:00:00+00:00, run_after=2026-05-09 00:00:00+00:00
[2026-05-09T12:07:25.960+0000] {processor.py:183} INFO - Processing /home/vscode/.local/lib/python3.11/site-packages/airflow/example_dags/example_task_group.py took 0.059 seconds
[2026-05-09T12:08:07.138+0000] {processor.py:161} INFO - Started process (PID=35190) to work on /home/vscode/.local/lib/python3.11/site-packages/airflow/example_dags/example_task_group.py
[2026-05-09T12:08:07.139+0000] {processor.py:830} INFO - Processing file /home/vscode/.local/lib/python3.11/site-packages/airflow/example_dags/example_task_group.py for tasks to queue
[2026-05-09T12:08:07.140+0000] {logging_mixin.py:188} INFO - [2026-05-09T12:08:07.139+0000] {dagbag.py:545} INFO - Filling up the DagBag from /home/vscode/.local/lib/python3.11/site-packages/airflow/example_dags/example_task_group.py
[2026-05-09T12:08:07.146+0000] {processor.py:840} INFO - DAG(s) 'example_task_group' retrieved from /home/vscode/.local/lib/python3.11/site-packages/airflow/example_dags/example_task_group.py
[2026-05-09T12:08:07.160+0000] {logging_mixin.py:188} INFO - [2026-05-09T12:08:07.159+0000] {dag.py:3096} INFO - Sync 1 DAGs
[2026-05-09T12:08:07.174+0000] {logging_mixin.py:188} INFO - [2026-05-09T12:08:07.174+0000] {dag.py:3954} INFO - Setting next_dagrun for example_task_group to 2026-05-08 00:00:00+00:00, run_after=2026-05-09 00:00:00+00:00
[2026-05-09T12:08:07.191+0000] {processor.py:183} INFO - Processing /home/vscode/.local/lib/python3.11/site-packages/airflow/example_dags/example_task_group.py took 0.061 seconds
[2026-05-09T12:08:48.476+0000] {processor.py:161} INFO - Started process (PID=35603) to work on /home/vscode/.local/lib/python3.11/site-packages/airflow/example_dags/example_task_group.py
[2026-05-09T12:08:48.477+0000] {processor.py:830} INFO - Processing file /home/vscode/.local/lib/python3.11/site-packages/airflow/example_dags/example_task_group.py for tasks to queue
[2026-05-09T12:08:48.477+0000] {logging_mixin.py:188} INFO - [2026-05-09T12:08:48.477+0000] {dagbag.py:545} INFO - Filling up the DagBag from /home/vscode/.local/lib/python3.11/site-packages/airflow/example_dags/example_task_group.py
[2026-05-09T12:08:48.483+0000] {processor.py:840} INFO - DAG(s) 'example_task_group' retrieved from /home/vscode/.local/lib/python3.11/site-packages/airflow/example_dags/example_task_group.py
[2026-05-09T12:08:48.496+0000] {logging_mixin.py:188} INFO - [2026-05-09T12:08:48.496+0000] {dag.py:3096} INFO - Sync 1 DAGs
[2026-05-09T12:08:48.510+0000] {logging_mixin.py:188} INFO - [2026-05-09T12:08:48.510+0000] {dag.py:3954} INFO - Setting next_dagrun for example_task_group to 2026-05-08 00:00:00+00:00, run_after=2026-05-09 00:00:00+00:00
[2026-05-09T12:08:48.528+0000] {processor.py:183} INFO - Processing /home/vscode/.local/lib/python3.11/site-packages/airflow/example_dags/example_task_group.py took 0.058 seconds
[2026-05-09T12:09:28.054+0000] {processor.py:161} INFO - Started process (PID=35889) to work on /home/vscode/.local/lib/python3.11/site-packages/airflow/example_dags/example_task_group.py
[2026-05-09T12:09:28.054+0000] {processor.py:830} INFO - Processing file /home/vscode/.local/lib/python3.11/site-packages/airflow/example_dags/example_task_group.py for tasks to queue
[2026-05-09T12:09:28.055+0000] {logging_mixin.py:188} INFO - [2026-05-09T12:09:28.055+0000] {dagbag.py:545} INFO - Filling up the DagBag from /home/vscode/.local/lib/python3.11/site-packages/airflow/example_dags/example_task_group.py
[2026-05-09T12:09:28.060+0000] {processor.py:840} INFO - DAG(s) 'example_task_group' retrieved from /home/vscode/.local/lib/python3.11/site-packages/airflow/example_dags/example_task_group.py
[2026-05-09T12:09:28.072+0000] {logging_mixin.py:188} INFO - [2026-05-09T12:09:28.072+0000] {dag.py:3096} INFO - Sync 1 DAGs
[2026-05-09T12:09:28.086+0000] {logging_mixin.py:188} INFO - [2026-05-09T12:09:28.086+0000] {dag.py:3954} INFO - Setting next_dagrun for example_task_group to 2026-05-08 00:00:00+00:00, run_after=2026-05-09 00:00:00+00:00
[2026-05-09T12:09:28.102+0000] {processor.py:183} INFO - Processing /home/vscode/.local/lib/python3.11/site-packages/airflow/example_dags/example_task_group.py took 0.055 seconds
[2026-05-09T12:10:06.965+0000] {processor.py:161} INFO - Started process (PID=36228) to work on /home/vscode/.local/lib/python3.11/site-packages/airflow/example_dags/example_task_group.py
[2026-05-09T12:10:06.966+0000] {processor.py:830} INFO - Processing file /home/vscode/.local/lib/python3.11/site-packages/airflow/example_dags/example_task_group.py for tasks to queue
[2026-05-09T12:10:06.966+0000] {logging_mixin.py:188} INFO - [2026-05-09T12:10:06.966+0000] {dagbag.py:545} INFO - Filling up the DagBag from /home/vscode/.local/lib/python3.11/site-packages/airflow/example_dags/example_task_group.py
[2026-05-09T12:10:06.972+0000] {processor.py:840} INFO - DAG(s) 'example_task_group' retrieved from /home/vscode/.local/lib/python3.11/site-packages/airflow/example_dags/example_task_group.py
[2026-05-09T12:10:06.987+0000] {logging_mixin.py:188} INFO - [2026-05-09T12:10:06.987+0000] {dag.py:3096} INFO - Sync 1 DAGs
[2026-05-09T12:10:07.004+0000] {logging_mixin.py:188} INFO - [2026-05-09T12:10:07.004+0000] {dag.py:3954} INFO - Setting next_dagrun for example_task_group to 2026-05-08 00:00:00+00:00, run_after=2026-05-09 00:00:00+00:00
[2026-05-09T12:10:07.019+0000] {processor.py:183} INFO - Processing /home/vscode/.local/lib/python3.11/site-packages/airflow/example_dags/example_task_group.py took 0.061 seconds
[2026-05-09T12:10:49.142+0000] {processor.py:161} INFO - Started process (PID=36587) to work on /home/vscode/.local/lib/python3.11/site-packages/airflow/example_dags/example_task_group.py
[2026-05-09T12:10:49.143+0000] {processor.py:830} INFO - Processing file /home/vscode/.local/lib/python3.11/site-packages/airflow/example_dags/example_task_group.py for tasks to queue
[2026-05-09T12:10:49.143+0000] {logging_mixin.py:188} INFO - [2026-05-09T12:10:49.143+0000] {dagbag.py:545} INFO - Filling up the DagBag from /home/vscode/.local/lib/python3.11/site-packages/airflow/example_dags/example_task_group.py
[2026-05-09T12:10:49.149+0000] {processor.py:840} INFO - DAG(s) 'example_task_group' retrieved from /home/vscode/.local/lib/python3.11/site-packages/airflow/example_dags/example_task_group.py
[2026-05-09T12:10:49.162+0000] {logging_mixin.py:188} INFO - [2026-05-09T12:10:49.162+0000] {dag.py:3096} INFO - Sync 1 DAGs
[2026-05-09T12:10:49.176+0000] {logging_mixin.py:188} INFO - [2026-05-09T12:10:49.176+0000] {dag.py:3954} INFO - Setting next_dagrun for example_task_group to 2026-05-08 00:00:00+00:00, run_after=2026-05-09 00:00:00+00:00
[2026-05-09T12:10:49.192+0000] {processor.py:183} INFO - Processing /home/vscode/.local/lib/python3.11/site-packages/airflow/example_dags/example_task_group.py took 0.059 seconds
[2026-05-09T12:11:29.382+0000] {processor.py:161} INFO - Started process (PID=36874) to work on /home/vscode/.local/lib/python3.11/site-packages/airflow/example_dags/example_task_group.py
[2026-05-09T12:11:29.383+0000] {processor.py:830} INFO - Processing file /home/vscode/.local/lib/python3.11/site-packages/airflow/example_dags/example_task_group.py for tasks to queue
[2026-05-09T12:11:29.383+0000] {logging_mixin.py:188} INFO - [2026-05-09T12:11:29.383+0000] {dagbag.py:545} INFO - Filling up the DagBag from /home/vscode/.local/lib/python3.11/site-packages/airflow/example_dags/example_task_group.py
[2026-05-09T12:11:29.389+0000] {processor.py:840} INFO - DAG(s) 'example_task_group' retrieved from /home/vscode/.local/lib/python3.11/site-packages/airflow/example_dags/example_task_group.py
[2026-05-09T12:11:29.402+0000] {logging_mixin.py:188} INFO - [2026-05-09T12:11:29.401+0000] {dag.py:3096} INFO - Sync 1 DAGs
[2026-05-09T12:11:29.417+0000] {logging_mixin.py:188} INFO - [2026-05-09T12:11:29.417+0000] {dag.py:3954} INFO - Setting next_dagrun for example_task_group to 2026-05-08 00:00:00+00:00, run_after=2026-05-09 00:00:00+00:00
[2026-05-09T12:11:29.434+0000] {processor.py:183} INFO - Processing /home/vscode/.local/lib/python3.11/site-packages/airflow/example_dags/example_task_group.py took 0.059 seconds
[2026-05-09T12:12:09.262+0000] {processor.py:161} INFO - Started process (PID=37216) to work on /home/vscode/.local/lib/python3.11/site-packages/airflow/example_dags/example_task_group.py
[2026-05-09T12:12:09.263+0000] {processor.py:830} INFO - Processing file /home/vscode/.local/lib/python3.11/site-packages/airflow/example_dags/example_task_group.py for tasks to queue
[2026-05-09T12:12:09.264+0000] {logging_mixin.py:188} INFO - [2026-05-09T12:12:09.264+0000] {dagbag.py:545} INFO - Filling up the DagBag from /home/vscode/.local/lib/python3.11/site-packages/airflow/example_dags/example_task_group.py
[2026-05-09T12:12:09.272+0000] {processor.py:840} INFO - DAG(s) 'example_task_group' retrieved from /home/vscode/.local/lib/python3.11/site-packages/airflow/example_dags/example_task_group.py
[2026-05-09T12:12:09.285+0000] {logging_mixin.py:188} INFO - [2026-05-09T12:12:09.284+0000] {dag.py:3096} INFO - Sync 1 DAGs
[2026-05-09T12:12:09.305+0000] {logging_mixin.py:188} INFO - [2026-05-09T12:12:09.304+0000] {dag.py:3954} INFO - Setting next_dagrun for example_task_group to 2026-05-08 00:00:00+00:00, run_after=2026-05-09 00:00:00+00:00
[2026-05-09T12:12:09.320+0000] {processor.py:183} INFO - Processing /home/vscode/.local/lib/python3.11/site-packages/airflow/example_dags/example_task_group.py took 0.064 seconds
[2026-05-09T12:12:50.369+0000] {processor.py:161} INFO - Started process (PID=37572) to work on /home/vscode/.local/lib/python3.11/site-packages/airflow/example_dags/example_task_group.py
[2026-05-09T12:12:50.369+0000] {processor.py:830} INFO - Processing file /home/vscode/.local/lib/python3.11/site-packages/airflow/example_dags/example_task_group.py for tasks to queue
[2026-05-09T12:12:50.370+0000] {logging_mixin.py:188} INFO - [2026-05-09T12:12:50.369+0000] {dagbag.py:545} INFO - Filling up the DagBag from /home/vscode/.local/lib/python3.11/site-packages/airflow/example_dags/example_task_group.py
[2026-05-09T12:12:50.375+0000] {processor.py:840} INFO - DAG(s) 'example_task_group' retrieved from /home/vscode/.local/lib/python3.11/site-packages/airflow/example_dags/example_task_group.py
[2026-05-09T12:12:50.387+0000] {logging_mixin.py:188} INFO - [2026-05-09T12:12:50.387+0000] {dag.py:3096} INFO - Sync 1 DAGs
[2026-05-09T12:12:50.401+0000] {logging_mixin.py:188} INFO - [2026-05-09T12:12:50.401+0000] {dag.py:3954} INFO - Setting next_dagrun for example_task_group to 2026-05-08 00:00:00+00:00, run_after=2026-05-09 00:00:00+00:00
[2026-05-09T12:12:50.416+0000] {processor.py:183} INFO - Processing /home/vscode/.local/lib/python3.11/site-packages/airflow/example_dags/example_task_group.py took 0.054 seconds
[2026-05-09T12:13:31.814+0000] {processor.py:161} INFO - Started process (PID=37868) to work on /home/vscode/.local/lib/python3.11/site-packages/airflow/example_dags/example_task_group.py
[2026-05-09T12:13:31.814+0000] {processor.py:830} INFO - Processing file /home/vscode/.local/lib/python3.11/site-packages/airflow/example_dags/example_task_group.py for tasks to queue
[2026-05-09T12:13:31.815+0000] {logging_mixin.py:188} INFO - [2026-05-09T12:13:31.815+0000] {dagbag.py:545} INFO - Filling up the DagBag from /home/vscode/.local/lib/python3.11/site-packages/airflow/example_dags/example_task_group.py
[2026-05-09T12:13:31.821+0000] {processor.py:840} INFO - DAG(s) 'example_task_group' retrieved from /home/vscode/.local/lib/python3.11/site-packages/airflow/example_dags/example_task_group.py
[2026-05-09T12:13:31.837+0000] {logging_mixin.py:188} INFO - [2026-05-09T12:13:31.837+0000] {dag.py:3096} INFO - Sync 1 DAGs
[2026-05-09T12:13:31.853+0000] {logging_mixin.py:188} INFO - [2026-05-09T12:13:31.853+0000] {dag.py:3954} INFO - Setting next_dagrun for example_task_group to 2026-05-08 00:00:00+00:00, run_after=2026-05-09 00:00:00+00:00
[2026-05-09T12:13:31.869+0000] {processor.py:183} INFO - Processing /home/vscode/.local/lib/python3.11/site-packages/airflow/example_dags/example_task_group.py took 0.062 seconds
[2026-05-09T12:14:15.723+0000] {processor.py:161} INFO - Started process (PID=38293) to work on /home/vscode/.local/lib/python3.11/site-packages/airflow/example_dags/example_task_group.py
[2026-05-09T12:14:15.723+0000] {processor.py:830} INFO - Processing file /home/vscode/.local/lib/python3.11/site-packages/airflow/example_dags/example_task_group.py for tasks to queue
[2026-05-09T12:14:15.724+0000] {logging_mixin.py:188} INFO - [2026-05-09T12:14:15.724+0000] {dagbag.py:545} INFO - Filling up the DagBag from /home/vscode/.local/lib/python3.11/site-packages/airflow/example_dags/example_task_group.py
[2026-05-09T12:14:15.732+0000] {processor.py:840} INFO - DAG(s) 'example_task_group' retrieved from /home/vscode/.local/lib/python3.11/site-packages/airflow/example_dags/example_task_group.py
[2026-05-09T12:14:15.747+0000] {logging_mixin.py:188} INFO - [2026-05-09T12:14:15.747+0000] {dag.py:3096} INFO - Sync 1 DAGs
[2026-05-09T12:14:15.761+0000] {logging_mixin.py:188} INFO - [2026-05-09T12:14:15.761+0000] {dag.py:3954} INFO - Setting next_dagrun for example_task_group to 2026-05-08 00:00:00+00:00, run_after=2026-05-09 00:00:00+00:00
[2026-05-09T12:14:15.777+0000] {processor.py:183} INFO - Processing /home/vscode/.local/lib/python3.11/site-packages/airflow/example_dags/example_task_group.py took 0.060 seconds
[2026-05-09T12:14:59.512+0000] {processor.py:161} INFO - Started process (PID=38661) to work on /home/vscode/.local/lib/python3.11/site-packages/airflow/example_dags/example_task_group.py
[2026-05-09T12:14:59.513+0000] {processor.py:830} INFO - Processing file /home/vscode/.local/lib/python3.11/site-packages/airflow/example_dags/example_task_group.py for tasks to queue
[2026-05-09T12:14:59.513+0000] {logging_mixin.py:188} INFO - [2026-05-09T12:14:59.513+0000] {dagbag.py:545} INFO - Filling up the DagBag from /home/vscode/.local/lib/python3.11/site-packages/airflow/example_dags/example_task_group.py
[2026-05-09T12:14:59.519+0000] {processor.py:840} INFO - DAG(s) 'example_task_group' retrieved from /home/vscode/.local/lib/python3.11/site-packages/airflow/example_dags/example_task_group.py
[2026-05-09T12:14:59.534+0000] {logging_mixin.py:188} INFO - [2026-05-09T12:14:59.534+0000] {dag.py:3096} INFO - Sync 1 DAGs
[2026-05-09T12:14:59.550+0000] {logging_mixin.py:188} INFO - [2026-05-09T12:14:59.550+0000] {dag.py:3954} INFO - Setting next_dagrun for example_task_group to 2026-05-08 00:00:00+00:00, run_after=2026-05-09 00:00:00+00:00
[2026-05-09T12:14:59.566+0000] {processor.py:183} INFO - Processing /home/vscode/.local/lib/python3.11/site-packages/airflow/example_dags/example_task_group.py took 0.061 seconds
[2026-05-09T12:15:38.554+0000] {processor.py:161} INFO - Started process (PID=39008) to work on /home/vscode/.local/lib/python3.11/site-packages/airflow/example_dags/example_task_group.py
[2026-05-09T12:15:38.555+0000] {processor.py:830} INFO - Processing file /home/vscode/.local/lib/python3.11/site-packages/airflow/example_dags/example_task_group.py for tasks to queue
[2026-05-09T12:15:38.556+0000] {logging_mixin.py:188} INFO - [2026-05-09T12:15:38.555+0000] {dagbag.py:545} INFO - Filling up the DagBag from /home/vscode/.local/lib/python3.11/site-packages/airflow/example_dags/example_task_group.py
[2026-05-09T12:15:38.561+0000] {processor.py:840} INFO - DAG(s) 'example_task_group' retrieved from /home/vscode/.local/lib/python3.11/site-packages/airflow/example_dags/example_task_group.py
[2026-05-09T12:15:38.574+0000] {logging_mixin.py:188} INFO - [2026-05-09T12:15:38.573+0000] {dag.py:3096} INFO - Sync 1 DAGs
[2026-05-09T12:15:38.587+0000] {logging_mixin.py:188} INFO - [2026-05-09T12:15:38.587+0000] {dag.py:3954} INFO - Setting next_dagrun for example_task_group to 2026-05-08 00:00:00+00:00, run_after=2026-05-09 00:00:00+00:00
[2026-05-09T12:15:38.602+0000] {processor.py:183} INFO - Processing /home/vscode/.local/lib/python3.11/site-packages/airflow/example_dags/example_task_group.py took 0.055 seconds
[2026-05-09T12:16:23.764+0000] {processor.py:161} INFO - Started process (PID=39310) to work on /home/vscode/.local/lib/python3.11/site-packages/airflow/example_dags/example_task_group.py
[2026-05-09T12:16:23.765+0000] {processor.py:830} INFO - Processing file /home/vscode/.local/lib/python3.11/site-packages/airflow/example_dags/example_task_group.py for tasks to queue
[2026-05-09T12:16:23.765+0000] {logging_mixin.py:188} INFO - [2026-05-09T12:16:23.765+0000] {dagbag.py:545} INFO - Filling up the DagBag from /home/vscode/.local/lib/python3.11/site-packages/airflow/example_dags/example_task_group.py
[2026-05-09T12:16:23.771+0000] {processor.py:840} INFO - DAG(s) 'example_task_group' retrieved from /home/vscode/.local/lib/python3.11/site-packages/airflow/example_dags/example_task_group.py
[2026-05-09T12:16:23.783+0000] {logging_mixin.py:188} INFO - [2026-05-09T12:16:23.783+0000] {dag.py:3096} INFO - Sync 1 DAGs
[2026-05-09T12:16:23.797+0000] {logging_mixin.py:188} INFO - [2026-05-09T12:16:23.797+0000] {dag.py:3954} INFO - Setting next_dagrun for example_task_group to 2026-05-08 00:00:00+00:00, run_after=2026-05-09 00:00:00+00:00
[2026-05-09T12:16:23.818+0000] {processor.py:183} INFO - Processing /home/vscode/.local/lib/python3.11/site-packages/airflow/example_dags/example_task_group.py took 0.060 seconds
[2026-05-09T12:17:08.916+0000] {processor.py:161} INFO - Started process (PID=39691) to work on /home/vscode/.local/lib/python3.11/site-packages/airflow/example_dags/example_task_group.py
[2026-05-09T12:17:08.917+0000] {processor.py:830} INFO - Processing file /home/vscode/.local/lib/python3.11/site-packages/airflow/example_dags/example_task_group.py for tasks to queue
[2026-05-09T12:17:08.918+0000] {logging_mixin.py:188} INFO - [2026-05-09T12:17:08.917+0000] {dagbag.py:545} INFO - Filling up the DagBag from /home/vscode/.local/lib/python3.11/site-packages/airflow/example_dags/example_task_group.py
[2026-05-09T12:17:08.923+0000] {processor.py:840} INFO - DAG(s) 'example_task_group' retrieved from /home/vscode/.local/lib/python3.11/site-packages/airflow/example_dags/example_task_group.py
[2026-05-09T12:17:08.940+0000] {logging_mixin.py:188} INFO - [2026-05-09T12:17:08.940+0000] {dag.py:3096} INFO - Sync 1 DAGs
[2026-05-09T12:17:08.955+0000] {logging_mixin.py:188} INFO - [2026-05-09T12:17:08.955+0000] {dag.py:3954} INFO - Setting next_dagrun for example_task_group to 2026-05-08 00:00:00+00:00, run_after=2026-05-09 00:00:00+00:00
[2026-05-09T12:17:08.974+0000] {processor.py:183} INFO - Processing /home/vscode/.local/lib/python3.11/site-packages/airflow/example_dags/example_task_group.py took 0.065 seconds
[2026-05-09T12:17:52.857+0000] {processor.py:161} INFO - Started process (PID=40059) to work on /home/vscode/.local/lib/python3.11/site-packages/airflow/example_dags/example_task_group.py
[2026-05-09T12:17:52.857+0000] {processor.py:830} INFO - Processing file /home/vscode/.local/lib/python3.11/site-packages/airflow/example_dags/example_task_group.py for tasks to queue
[2026-05-09T12:17:52.858+0000] {logging_mixin.py:188} INFO - [2026-05-09T12:17:52.858+0000] {dagbag.py:545} INFO - Filling up the DagBag from /home/vscode/.local/lib/python3.11/site-packages/airflow/example_dags/example_task_group.py
[2026-05-09T12:17:52.864+0000] {processor.py:840} INFO - DAG(s) 'example_task_group' retrieved from /home/vscode/.local/lib/python3.11/site-packages/airflow/example_dags/example_task_group.py
[2026-05-09T12:17:52.875+0000] {logging_mixin.py:188} INFO - [2026-05-09T12:17:52.875+0000] {dag.py:3096} INFO - Sync 1 DAGs
[2026-05-09T12:17:52.889+0000] {logging_mixin.py:188} INFO - [2026-05-09T12:17:52.889+0000] {dag.py:3954} INFO - Setting next_dagrun for example_task_group to 2026-05-08 00:00:00+00:00, run_after=2026-05-09 00:00:00+00:00
[2026-05-09T12:17:52.905+0000] {processor.py:183} INFO - Processing /home/vscode/.local/lib/python3.11/site-packages/airflow/example_dags/example_task_group.py took 0.055 seconds
[2026-05-09T12:18:34.246+0000] {processor.py:161} INFO - Started process (PID=40380) to work on /home/vscode/.local/lib/python3.11/site-packages/airflow/example_dags/example_task_group.py
[2026-05-09T12:18:34.246+0000] {processor.py:830} INFO - Processing file /home/vscode/.local/lib/python3.11/site-packages/airflow/example_dags/example_task_group.py for tasks to queue
[2026-05-09T12:18:34.247+0000] {logging_mixin.py:188} INFO - [2026-05-09T12:18:34.247+0000] {dagbag.py:545} INFO - Filling up the DagBag from /home/vscode/.local/lib/python3.11/site-packages/airflow/example_dags/example_task_group.py
[2026-05-09T12:18:34.253+0000] {processor.py:840} INFO - DAG(s) 'example_task_group' retrieved from /home/vscode/.local/lib/python3.11/site-packages/airflow/example_dags/example_task_group.py
[2026-05-09T12:18:34.266+0000] {logging_mixin.py:188} INFO - [2026-05-09T12:18:34.266+0000] {dag.py:3096} INFO - Sync 1 DAGs
[2026-05-09T12:18:34.282+0000] {logging_mixin.py:188} INFO - [2026-05-09T12:18:34.282+0000] {dag.py:3954} INFO - Setting next_dagrun for example_task_group to 2026-05-08 00:00:00+00:00, run_after=2026-05-09 00:00:00+00:00
[2026-05-09T12:18:34.299+0000] {processor.py:183} INFO - Processing /home/vscode/.local/lib/python3.11/site-packages/airflow/example_dags/example_task_group.py took 0.062 seconds
[2026-05-09T12:19:15.209+0000] {processor.py:161} INFO - Started process (PID=40765) to work on /home/vscode/.local/lib/python3.11/site-packages/airflow/example_dags/example_task_group.py
[2026-05-09T12:19:15.210+0000] {processor.py:830} INFO - Processing file /home/vscode/.local/lib/python3.11/site-packages/airflow/example_dags/example_task_group.py for tasks to queue
[2026-05-09T12:19:15.210+0000] {logging_mixin.py:188} INFO - [2026-05-09T12:19:15.210+0000] {dagbag.py:545} INFO - Filling up the DagBag from /home/vscode/.local/lib/python3.11/site-packages/airflow/example_dags/example_task_group.py
[2026-05-09T12:19:15.216+0000] {processor.py:840} INFO - DAG(s) 'example_task_group' retrieved from /home/vscode/.local/lib/python3.11/site-packages/airflow/example_dags/example_task_group.py
[2026-05-09T12:19:15.230+0000] {logging_mixin.py:188} INFO - [2026-05-09T12:19:15.230+0000] {dag.py:3096} INFO - Sync 1 DAGs
[2026-05-09T12:19:15.244+0000] {logging_mixin.py:188} INFO - [2026-05-09T12:19:15.244+0000] {dag.py:3954} INFO - Setting next_dagrun for example_task_group to 2026-05-08 00:00:00+00:00, run_after=2026-05-09 00:00:00+00:00
[2026-05-09T12:19:15.262+0000] {processor.py:183} INFO - Processing /home/vscode/.local/lib/python3.11/site-packages/airflow/example_dags/example_task_group.py took 0.059 seconds
[2026-05-09T12:20:01.150+0000] {processor.py:161} INFO - Started process (PID=41140) to work on /home/vscode/.local/lib/python3.11/site-packages/airflow/example_dags/example_task_group.py
[2026-05-09T12:20:01.150+0000] {processor.py:830} INFO - Processing file /home/vscode/.local/lib/python3.11/site-packages/airflow/example_dags/example_task_group.py for tasks to queue
[2026-05-09T12:20:01.151+0000] {logging_mixin.py:188} INFO - [2026-05-09T12:20:01.151+0000] {dagbag.py:545} INFO - Filling up the DagBag from /home/vscode/.local/lib/python3.11/site-packages/airflow/example_dags/example_task_group.py
[2026-05-09T12:20:01.157+0000] {processor.py:840} INFO - DAG(s) 'example_task_group' retrieved from /home/vscode/.local/lib/python3.11/site-packages/airflow/example_dags/example_task_group.py
[2026-05-09T12:20:01.169+0000] {logging_mixin.py:188} INFO - [2026-05-09T12:20:01.169+0000] {dag.py:3096} INFO - Sync 1 DAGs
[2026-05-09T12:20:01.183+0000] {logging_mixin.py:188} INFO - [2026-05-09T12:20:01.183+0000] {dag.py:3954} INFO - Setting next_dagrun for example_task_group to 2026-05-08 00:00:00+00:00, run_after=2026-05-09 00:00:00+00:00
[2026-05-09T12:20:01.199+0000] {processor.py:183} INFO - Processing /home/vscode/.local/lib/python3.11/site-packages/airflow/example_dags/example_task_group.py took 0.056 seconds
[2026-05-09T12:20:43.050+0000] {processor.py:161} INFO - Started process (PID=41501) to work on /home/vscode/.local/lib/python3.11/site-packages/airflow/example_dags/example_task_group.py
[2026-05-09T12:20:43.050+0000] {processor.py:830} INFO - Processing file /home/vscode/.local/lib/python3.11/site-packages/airflow/example_dags/example_task_group.py for tasks to queue
[2026-05-09T12:20:43.051+0000] {logging_mixin.py:188} INFO - [2026-05-09T12:20:43.051+0000] {dagbag.py:545} INFO - Filling up the DagBag from /home/vscode/.local/lib/python3.11/site-packages/airflow/example_dags/example_task_group.py
[2026-05-09T12:20:43.058+0000] {processor.py:840} INFO - DAG(s) 'example_task_group' retrieved from /home/vscode/.local/lib/python3.11/site-packages/airflow/example_dags/example_task_group.py
[2026-05-09T12:20:43.071+0000] {logging_mixin.py:188} INFO - [2026-05-09T12:20:43.070+0000] {dag.py:3096} INFO - Sync 1 DAGs
[2026-05-09T12:20:43.085+0000] {logging_mixin.py:188} INFO - [2026-05-09T12:20:43.085+0000] {dag.py:3954} INFO - Setting next_dagrun for example_task_group to 2026-05-08 00:00:00+00:00, run_after=2026-05-09 00:00:00+00:00
[2026-05-09T12:20:43.100+0000] {processor.py:183} INFO - Processing /home/vscode/.local/lib/python3.11/site-packages/airflow/example_dags/example_task_group.py took 0.058 seconds
[2026-05-09T12:21:23.845+0000] {processor.py:161} INFO - Started process (PID=41790) to work on /home/vscode/.local/lib/python3.11/site-packages/airflow/example_dags/example_task_group.py
[2026-05-09T12:21:23.846+0000] {processor.py:830} INFO - Processing file /home/vscode/.local/lib/python3.11/site-packages/airflow/example_dags/example_task_group.py for tasks to queue
[2026-05-09T12:21:23.846+0000] {logging_mixin.py:188} INFO - [2026-05-09T12:21:23.846+0000] {dagbag.py:545} INFO - Filling up the DagBag from /home/vscode/.local/lib/python3.11/site-packages/airflow/example_dags/example_task_group.py
[2026-05-09T12:21:23.852+0000] {processor.py:840} INFO - DAG(s) 'example_task_group' retrieved from /home/vscode/.local/lib/python3.11/site-packages/airflow/example_dags/example_task_group.py
[2026-05-09T12:21:23.865+0000] {logging_mixin.py:188} INFO - [2026-05-09T12:21:23.865+0000] {dag.py:3096} INFO - Sync 1 DAGs
[2026-05-09T12:21:23.881+0000] {logging_mixin.py:188} INFO - [2026-05-09T12:21:23.881+0000] {dag.py:3954} INFO - Setting next_dagrun for example_task_group to 2026-05-08 00:00:00+00:00, run_after=2026-05-09 00:00:00+00:00
[2026-05-09T12:21:23.896+0000] {processor.py:183} INFO - Processing /home/vscode/.local/lib/python3.11/site-packages/airflow/example_dags/example_task_group.py took 0.059 seconds
