[2026-05-09T11:18:57.190+0000] {processor.py:161} INFO - Started process (PID=7203) to work on /home/vscode/.local/lib/python3.11/site-packages/airflow/example_dags/example_setup_teardown_taskflow.py
[2026-05-09T11:18:57.191+0000] {processor.py:830} INFO - Processing file /home/vscode/.local/lib/python3.11/site-packages/airflow/example_dags/example_setup_teardown_taskflow.py for tasks to queue
[2026-05-09T11:18:57.191+0000] {logging_mixin.py:188} INFO - [2026-05-09T11:18:57.191+0000] {dagbag.py:545} INFO - Filling up the DagBag from /home/vscode/.local/lib/python3.11/site-packages/airflow/example_dags/example_setup_teardown_taskflow.py
[2026-05-09T11:18:57.199+0000] {processor.py:840} INFO - DAG(s) 'example_setup_teardown_taskflow' retrieved from /home/vscode/.local/lib/python3.11/site-packages/airflow/example_dags/example_setup_teardown_taskflow.py
[2026-05-09T11:18:57.389+0000] {logging_mixin.py:188} INFO - [2026-05-09T11:18:57.389+0000] {dag.py:3096} INFO - Sync 1 DAGs
[2026-05-09T11:18:57.400+0000] {logging_mixin.py:188} INFO - [2026-05-09T11:18:57.400+0000] {dag.py:3954} INFO - Setting next_dagrun for example_setup_teardown_taskflow to 2026-05-08 00:00:00+00:00, run_after=2026-05-09 00:00:00+00:00
[2026-05-09T11:18:57.415+0000] {processor.py:183} INFO - Processing /home/vscode/.local/lib/python3.11/site-packages/airflow/example_dags/example_setup_teardown_taskflow.py took 0.231 seconds
[2026-05-09T11:19:56.817+0000] {processor.py:161} INFO - Started process (PID=7709) to work on /home/vscode/.local/lib/python3.11/site-packages/airflow/example_dags/example_setup_teardown_taskflow.py
[2026-05-09T11:19:56.818+0000] {processor.py:830} INFO - Processing file /home/vscode/.local/lib/python3.11/site-packages/airflow/example_dags/example_setup_teardown_taskflow.py for tasks to queue
[2026-05-09T11:19:56.818+0000] {logging_mixin.py:188} INFO - [2026-05-09T11:19:56.818+0000] {dagbag.py:545} INFO - Filling up the DagBag from /home/vscode/.local/lib/python3.11/site-packages/airflow/example_dags/example_setup_teardown_taskflow.py
[2026-05-09T11:19:56.826+0000] {processor.py:840} INFO - DAG(s) 'example_setup_teardown_taskflow' retrieved from /home/vscode/.local/lib/python3.11/site-packages/airflow/example_dags/example_setup_teardown_taskflow.py
[2026-05-09T11:19:56.838+0000] {logging_mixin.py:188} INFO - [2026-05-09T11:19:56.838+0000] {dag.py:3096} INFO - Sync 1 DAGs
[2026-05-09T11:19:56.976+0000] {logging_mixin.py:188} INFO - [2026-05-09T11:19:56.975+0000] {dag.py:3954} INFO - Setting next_dagrun for example_setup_teardown_taskflow to 2026-05-08 00:00:00+00:00, run_after=2026-05-09 00:00:00+00:00
[2026-05-09T11:19:56.991+0000] {processor.py:183} INFO - Processing /home/vscode/.local/lib/python3.11/site-packages/airflow/example_dags/example_setup_teardown_taskflow.py took 0.180 seconds
[2026-05-09T11:20:49.311+0000] {processor.py:161} INFO - Started process (PID=8166) to work on /home/vscode/.local/lib/python3.11/site-packages/airflow/example_dags/example_setup_teardown_taskflow.py
[2026-05-09T11:20:49.312+0000] {processor.py:830} INFO - Processing file /home/vscode/.local/lib/python3.11/site-packages/airflow/example_dags/example_setup_teardown_taskflow.py for tasks to queue
[2026-05-09T11:20:49.313+0000] {logging_mixin.py:188} INFO - [2026-05-09T11:20:49.312+0000] {dagbag.py:545} INFO - Filling up the DagBag from /home/vscode/.local/lib/python3.11/site-packages/airflow/example_dags/example_setup_teardown_taskflow.py
[2026-05-09T11:20:49.323+0000] {processor.py:840} INFO - DAG(s) 'example_setup_teardown_taskflow' retrieved from /home/vscode/.local/lib/python3.11/site-packages/airflow/example_dags/example_setup_teardown_taskflow.py
[2026-05-09T11:20:49.343+0000] {logging_mixin.py:188} INFO - [2026-05-09T11:20:49.343+0000] {dag.py:3096} INFO - Sync 1 DAGs
[2026-05-09T11:20:49.365+0000] {logging_mixin.py:188} INFO - [2026-05-09T11:20:49.365+0000] {dag.py:3954} INFO - Setting next_dagrun for example_setup_teardown_taskflow to 2026-05-08 00:00:00+00:00, run_after=2026-05-09 00:00:00+00:00
[2026-05-09T11:20:49.397+0000] {processor.py:183} INFO - Processing /home/vscode/.local/lib/python3.11/site-packages/airflow/example_dags/example_setup_teardown_taskflow.py took 0.095 seconds
[2026-05-09T11:21:39.877+0000] {processor.py:161} INFO - Started process (PID=8719) to work on /home/vscode/.local/lib/python3.11/site-packages/airflow/example_dags/example_setup_teardown_taskflow.py
[2026-05-09T11:21:39.877+0000] {processor.py:830} INFO - Processing file /home/vscode/.local/lib/python3.11/site-packages/airflow/example_dags/example_setup_teardown_taskflow.py for tasks to queue
[2026-05-09T11:21:39.878+0000] {logging_mixin.py:188} INFO - [2026-05-09T11:21:39.878+0000] {dagbag.py:545} INFO - Filling up the DagBag from /home/vscode/.local/lib/python3.11/site-packages/airflow/example_dags/example_setup_teardown_taskflow.py
[2026-05-09T11:21:39.885+0000] {processor.py:840} INFO - DAG(s) 'example_setup_teardown_taskflow' retrieved from /home/vscode/.local/lib/python3.11/site-packages/airflow/example_dags/example_setup_teardown_taskflow.py
[2026-05-09T11:21:39.897+0000] {logging_mixin.py:188} INFO - [2026-05-09T11:21:39.897+0000] {dag.py:3096} INFO - Sync 1 DAGs
[2026-05-09T11:21:39.910+0000] {logging_mixin.py:188} INFO - [2026-05-09T11:21:39.910+0000] {dag.py:3954} INFO - Setting next_dagrun for example_setup_teardown_taskflow to 2026-05-08 00:00:00+00:00, run_after=2026-05-09 00:00:00+00:00
[2026-05-09T11:21:39.926+0000] {processor.py:183} INFO - Processing /home/vscode/.local/lib/python3.11/site-packages/airflow/example_dags/example_setup_teardown_taskflow.py took 0.056 seconds
[2026-05-09T11:22:23.277+0000] {processor.py:161} INFO - Started process (PID=9095) to work on /home/vscode/.local/lib/python3.11/site-packages/airflow/example_dags/example_setup_teardown_taskflow.py
[2026-05-09T11:22:23.278+0000] {processor.py:830} INFO - Processing file /home/vscode/.local/lib/python3.11/site-packages/airflow/example_dags/example_setup_teardown_taskflow.py for tasks to queue
[2026-05-09T11:22:23.278+0000] {logging_mixin.py:188} INFO - [2026-05-09T11:22:23.278+0000] {dagbag.py:545} INFO - Filling up the DagBag from /home/vscode/.local/lib/python3.11/site-packages/airflow/example_dags/example_setup_teardown_taskflow.py
[2026-05-09T11:22:23.285+0000] {processor.py:840} INFO - DAG(s) 'example_setup_teardown_taskflow' retrieved from /home/vscode/.local/lib/python3.11/site-packages/airflow/example_dags/example_setup_teardown_taskflow.py
[2026-05-09T11:22:23.297+0000] {logging_mixin.py:188} INFO - [2026-05-09T11:22:23.297+0000] {dag.py:3096} INFO - Sync 1 DAGs
[2026-05-09T11:22:23.310+0000] {logging_mixin.py:188} INFO - [2026-05-09T11:22:23.310+0000] {dag.py:3954} INFO - Setting next_dagrun for example_setup_teardown_taskflow to 2026-05-08 00:00:00+00:00, run_after=2026-05-09 00:00:00+00:00
[2026-05-09T11:22:23.325+0000] {processor.py:183} INFO - Processing /home/vscode/.local/lib/python3.11/site-packages/airflow/example_dags/example_setup_teardown_taskflow.py took 0.054 seconds
[2026-05-09T11:23:16.561+0000] {processor.py:161} INFO - Started process (PID=9757) to work on /home/vscode/.local/lib/python3.11/site-packages/airflow/example_dags/example_setup_teardown_taskflow.py
[2026-05-09T11:23:16.562+0000] {processor.py:830} INFO - Processing file /home/vscode/.local/lib/python3.11/site-packages/airflow/example_dags/example_setup_teardown_taskflow.py for tasks to queue
[2026-05-09T11:23:16.563+0000] {logging_mixin.py:188} INFO - [2026-05-09T11:23:16.562+0000] {dagbag.py:545} INFO - Filling up the DagBag from /home/vscode/.local/lib/python3.11/site-packages/airflow/example_dags/example_setup_teardown_taskflow.py
[2026-05-09T11:23:16.570+0000] {processor.py:840} INFO - DAG(s) 'example_setup_teardown_taskflow' retrieved from /home/vscode/.local/lib/python3.11/site-packages/airflow/example_dags/example_setup_teardown_taskflow.py
[2026-05-09T11:23:16.582+0000] {logging_mixin.py:188} INFO - [2026-05-09T11:23:16.582+0000] {dag.py:3096} INFO - Sync 1 DAGs
[2026-05-09T11:23:16.597+0000] {logging_mixin.py:188} INFO - [2026-05-09T11:23:16.597+0000] {dag.py:3954} INFO - Setting next_dagrun for example_setup_teardown_taskflow to 2026-05-08 00:00:00+00:00, run_after=2026-05-09 00:00:00+00:00
[2026-05-09T11:23:16.613+0000] {processor.py:183} INFO - Processing /home/vscode/.local/lib/python3.11/site-packages/airflow/example_dags/example_setup_teardown_taskflow.py took 0.059 seconds
[2026-05-09T11:24:18.471+0000] {processor.py:161} INFO - Started process (PID=10574) to work on /home/vscode/.local/lib/python3.11/site-packages/airflow/example_dags/example_setup_teardown_taskflow.py
[2026-05-09T11:24:18.471+0000] {processor.py:830} INFO - Processing file /home/vscode/.local/lib/python3.11/site-packages/airflow/example_dags/example_setup_teardown_taskflow.py for tasks to queue
[2026-05-09T11:24:18.472+0000] {logging_mixin.py:188} INFO - [2026-05-09T11:24:18.472+0000] {dagbag.py:545} INFO - Filling up the DagBag from /home/vscode/.local/lib/python3.11/site-packages/airflow/example_dags/example_setup_teardown_taskflow.py
[2026-05-09T11:24:18.479+0000] {processor.py:840} INFO - DAG(s) 'example_setup_teardown_taskflow' retrieved from /home/vscode/.local/lib/python3.11/site-packages/airflow/example_dags/example_setup_teardown_taskflow.py
[2026-05-09T11:24:18.495+0000] {logging_mixin.py:188} INFO - [2026-05-09T11:24:18.494+0000] {dag.py:3096} INFO - Sync 1 DAGs
[2026-05-09T11:24:18.523+0000] {logging_mixin.py:188} INFO - [2026-05-09T11:24:18.523+0000] {dag.py:3954} INFO - Setting next_dagrun for example_setup_teardown_taskflow to 2026-05-08 00:00:00+00:00, run_after=2026-05-09 00:00:00+00:00
[2026-05-09T11:24:18.541+0000] {processor.py:183} INFO - Processing /home/vscode/.local/lib/python3.11/site-packages/airflow/example_dags/example_setup_teardown_taskflow.py took 0.076 seconds
[2026-05-09T11:25:19.476+0000] {processor.py:161} INFO - Started process (PID=11306) to work on /home/vscode/.local/lib/python3.11/site-packages/airflow/example_dags/example_setup_teardown_taskflow.py
[2026-05-09T11:25:19.477+0000] {processor.py:830} INFO - Processing file /home/vscode/.local/lib/python3.11/site-packages/airflow/example_dags/example_setup_teardown_taskflow.py for tasks to queue
[2026-05-09T11:25:19.477+0000] {logging_mixin.py:188} INFO - [2026-05-09T11:25:19.477+0000] {dagbag.py:545} INFO - Filling up the DagBag from /home/vscode/.local/lib/python3.11/site-packages/airflow/example_dags/example_setup_teardown_taskflow.py
[2026-05-09T11:25:19.485+0000] {processor.py:840} INFO - DAG(s) 'example_setup_teardown_taskflow' retrieved from /home/vscode/.local/lib/python3.11/site-packages/airflow/example_dags/example_setup_teardown_taskflow.py
[2026-05-09T11:25:19.497+0000] {logging_mixin.py:188} INFO - [2026-05-09T11:25:19.497+0000] {dag.py:3096} INFO - Sync 1 DAGs
[2026-05-09T11:25:19.513+0000] {logging_mixin.py:188} INFO - [2026-05-09T11:25:19.513+0000] {dag.py:3954} INFO - Setting next_dagrun for example_setup_teardown_taskflow to 2026-05-08 00:00:00+00:00, run_after=2026-05-09 00:00:00+00:00
[2026-05-09T11:25:19.536+0000] {processor.py:183} INFO - Processing /home/vscode/.local/lib/python3.11/site-packages/airflow/example_dags/example_setup_teardown_taskflow.py took 0.066 seconds
[2026-05-09T11:26:19.630+0000] {processor.py:161} INFO - Started process (PID=11833) to work on /home/vscode/.local/lib/python3.11/site-packages/airflow/example_dags/example_setup_teardown_taskflow.py
[2026-05-09T11:26:19.630+0000] {processor.py:830} INFO - Processing file /home/vscode/.local/lib/python3.11/site-packages/airflow/example_dags/example_setup_teardown_taskflow.py for tasks to queue
[2026-05-09T11:26:19.631+0000] {logging_mixin.py:188} INFO - [2026-05-09T11:26:19.631+0000] {dagbag.py:545} INFO - Filling up the DagBag from /home/vscode/.local/lib/python3.11/site-packages/airflow/example_dags/example_setup_teardown_taskflow.py
[2026-05-09T11:26:19.639+0000] {processor.py:840} INFO - DAG(s) 'example_setup_teardown_taskflow' retrieved from /home/vscode/.local/lib/python3.11/site-packages/airflow/example_dags/example_setup_teardown_taskflow.py
[2026-05-09T11:26:19.660+0000] {logging_mixin.py:188} INFO - [2026-05-09T11:26:19.660+0000] {dag.py:3096} INFO - Sync 1 DAGs
[2026-05-09T11:26:19.691+0000] {logging_mixin.py:188} INFO - [2026-05-09T11:26:19.689+0000] {dag.py:3954} INFO - Setting next_dagrun for example_setup_teardown_taskflow to 2026-05-08 00:00:00+00:00, run_after=2026-05-09 00:00:00+00:00
[2026-05-09T11:26:19.714+0000] {processor.py:183} INFO - Processing /home/vscode/.local/lib/python3.11/site-packages/airflow/example_dags/example_setup_teardown_taskflow.py took 0.090 seconds
[2026-05-09T11:27:18.394+0000] {processor.py:161} INFO - Started process (PID=12535) to work on /home/vscode/.local/lib/python3.11/site-packages/airflow/example_dags/example_setup_teardown_taskflow.py
[2026-05-09T11:27:18.394+0000] {processor.py:830} INFO - Processing file /home/vscode/.local/lib/python3.11/site-packages/airflow/example_dags/example_setup_teardown_taskflow.py for tasks to queue
[2026-05-09T11:27:18.395+0000] {logging_mixin.py:188} INFO - [2026-05-09T11:27:18.395+0000] {dagbag.py:545} INFO - Filling up the DagBag from /home/vscode/.local/lib/python3.11/site-packages/airflow/example_dags/example_setup_teardown_taskflow.py
[2026-05-09T11:27:18.402+0000] {processor.py:840} INFO - DAG(s) 'example_setup_teardown_taskflow' retrieved from /home/vscode/.local/lib/python3.11/site-packages/airflow/example_dags/example_setup_teardown_taskflow.py
[2026-05-09T11:27:18.415+0000] {logging_mixin.py:188} INFO - [2026-05-09T11:27:18.414+0000] {dag.py:3096} INFO - Sync 1 DAGs
[2026-05-09T11:27:18.429+0000] {logging_mixin.py:188} INFO - [2026-05-09T11:27:18.428+0000] {dag.py:3954} INFO - Setting next_dagrun for example_setup_teardown_taskflow to 2026-05-08 00:00:00+00:00, run_after=2026-05-09 00:00:00+00:00
[2026-05-09T11:27:18.443+0000] {processor.py:183} INFO - Processing /home/vscode/.local/lib/python3.11/site-packages/airflow/example_dags/example_setup_teardown_taskflow.py took 0.056 seconds
[2026-05-09T11:28:18.550+0000] {processor.py:161} INFO - Started process (PID=13235) to work on /home/vscode/.local/lib/python3.11/site-packages/airflow/example_dags/example_setup_teardown_taskflow.py
[2026-05-09T11:28:18.550+0000] {processor.py:830} INFO - Processing file /home/vscode/.local/lib/python3.11/site-packages/airflow/example_dags/example_setup_teardown_taskflow.py for tasks to queue
[2026-05-09T11:28:18.551+0000] {logging_mixin.py:188} INFO - [2026-05-09T11:28:18.551+0000] {dagbag.py:545} INFO - Filling up the DagBag from /home/vscode/.local/lib/python3.11/site-packages/airflow/example_dags/example_setup_teardown_taskflow.py
[2026-05-09T11:28:18.559+0000] {processor.py:840} INFO - DAG(s) 'example_setup_teardown_taskflow' retrieved from /home/vscode/.local/lib/python3.11/site-packages/airflow/example_dags/example_setup_teardown_taskflow.py
[2026-05-09T11:28:18.571+0000] {logging_mixin.py:188} INFO - [2026-05-09T11:28:18.571+0000] {dag.py:3096} INFO - Sync 1 DAGs
[2026-05-09T11:28:18.585+0000] {logging_mixin.py:188} INFO - [2026-05-09T11:28:18.585+0000] {dag.py:3954} INFO - Setting next_dagrun for example_setup_teardown_taskflow to 2026-05-08 00:00:00+00:00, run_after=2026-05-09 00:00:00+00:00
[2026-05-09T11:28:18.600+0000] {processor.py:183} INFO - Processing /home/vscode/.local/lib/python3.11/site-packages/airflow/example_dags/example_setup_teardown_taskflow.py took 0.057 seconds
[2026-05-09T11:29:19.207+0000] {processor.py:161} INFO - Started process (PID=13883) to work on /home/vscode/.local/lib/python3.11/site-packages/airflow/example_dags/example_setup_teardown_taskflow.py
[2026-05-09T11:29:19.207+0000] {processor.py:830} INFO - Processing file /home/vscode/.local/lib/python3.11/site-packages/airflow/example_dags/example_setup_teardown_taskflow.py for tasks to queue
[2026-05-09T11:29:19.208+0000] {logging_mixin.py:188} INFO - [2026-05-09T11:29:19.208+0000] {dagbag.py:545} INFO - Filling up the DagBag from /home/vscode/.local/lib/python3.11/site-packages/airflow/example_dags/example_setup_teardown_taskflow.py
[2026-05-09T11:29:19.215+0000] {processor.py:840} INFO - DAG(s) 'example_setup_teardown_taskflow' retrieved from /home/vscode/.local/lib/python3.11/site-packages/airflow/example_dags/example_setup_teardown_taskflow.py
[2026-05-09T11:29:19.228+0000] {logging_mixin.py:188} INFO - [2026-05-09T11:29:19.228+0000] {dag.py:3096} INFO - Sync 1 DAGs
[2026-05-09T11:29:19.242+0000] {logging_mixin.py:188} INFO - [2026-05-09T11:29:19.242+0000] {dag.py:3954} INFO - Setting next_dagrun for example_setup_teardown_taskflow to 2026-05-08 00:00:00+00:00, run_after=2026-05-09 00:00:00+00:00
[2026-05-09T11:29:19.258+0000] {processor.py:183} INFO - Processing /home/vscode/.local/lib/python3.11/site-packages/airflow/example_dags/example_setup_teardown_taskflow.py took 0.058 seconds
[2026-05-09T11:30:03.295+0000] {processor.py:161} INFO - Started process (PID=14300) to work on /home/vscode/.local/lib/python3.11/site-packages/airflow/example_dags/example_setup_teardown_taskflow.py
[2026-05-09T11:30:03.296+0000] {processor.py:830} INFO - Processing file /home/vscode/.local/lib/python3.11/site-packages/airflow/example_dags/example_setup_teardown_taskflow.py for tasks to queue
[2026-05-09T11:30:03.297+0000] {logging_mixin.py:188} INFO - [2026-05-09T11:30:03.296+0000] {dagbag.py:545} INFO - Filling up the DagBag from /home/vscode/.local/lib/python3.11/site-packages/airflow/example_dags/example_setup_teardown_taskflow.py
[2026-05-09T11:30:03.312+0000] {processor.py:840} INFO - DAG(s) 'example_setup_teardown_taskflow' retrieved from /home/vscode/.local/lib/python3.11/site-packages/airflow/example_dags/example_setup_teardown_taskflow.py
[2026-05-09T11:30:03.335+0000] {logging_mixin.py:188} INFO - [2026-05-09T11:30:03.335+0000] {dag.py:3096} INFO - Sync 1 DAGs
[2026-05-09T11:30:03.356+0000] {logging_mixin.py:188} INFO - [2026-05-09T11:30:03.355+0000] {dag.py:3954} INFO - Setting next_dagrun for example_setup_teardown_taskflow to 2026-05-08 00:00:00+00:00, run_after=2026-05-09 00:00:00+00:00
[2026-05-09T11:30:03.383+0000] {processor.py:183} INFO - Processing /home/vscode/.local/lib/python3.11/site-packages/airflow/example_dags/example_setup_teardown_taskflow.py took 0.100 seconds
[2026-05-09T11:31:02.461+0000] {processor.py:161} INFO - Started process (PID=15077) to work on /home/vscode/.local/lib/python3.11/site-packages/airflow/example_dags/example_setup_teardown_taskflow.py
[2026-05-09T11:31:02.461+0000] {processor.py:830} INFO - Processing file /home/vscode/.local/lib/python3.11/site-packages/airflow/example_dags/example_setup_teardown_taskflow.py for tasks to queue
[2026-05-09T11:31:02.462+0000] {logging_mixin.py:188} INFO - [2026-05-09T11:31:02.462+0000] {dagbag.py:545} INFO - Filling up the DagBag from /home/vscode/.local/lib/python3.11/site-packages/airflow/example_dags/example_setup_teardown_taskflow.py
[2026-05-09T11:31:02.469+0000] {processor.py:840} INFO - DAG(s) 'example_setup_teardown_taskflow' retrieved from /home/vscode/.local/lib/python3.11/site-packages/airflow/example_dags/example_setup_teardown_taskflow.py
[2026-05-09T11:31:02.482+0000] {logging_mixin.py:188} INFO - [2026-05-09T11:31:02.482+0000] {dag.py:3096} INFO - Sync 1 DAGs
[2026-05-09T11:31:02.496+0000] {logging_mixin.py:188} INFO - [2026-05-09T11:31:02.496+0000] {dag.py:3954} INFO - Setting next_dagrun for example_setup_teardown_taskflow to 2026-05-08 00:00:00+00:00, run_after=2026-05-09 00:00:00+00:00
[2026-05-09T11:31:02.511+0000] {processor.py:183} INFO - Processing /home/vscode/.local/lib/python3.11/site-packages/airflow/example_dags/example_setup_teardown_taskflow.py took 0.057 seconds
[2026-05-09T11:31:46.609+0000] {processor.py:161} INFO - Started process (PID=15585) to work on /home/vscode/.local/lib/python3.11/site-packages/airflow/example_dags/example_setup_teardown_taskflow.py
[2026-05-09T11:31:46.610+0000] {processor.py:830} INFO - Processing file /home/vscode/.local/lib/python3.11/site-packages/airflow/example_dags/example_setup_teardown_taskflow.py for tasks to queue
[2026-05-09T11:31:46.611+0000] {logging_mixin.py:188} INFO - [2026-05-09T11:31:46.610+0000] {dagbag.py:545} INFO - Filling up the DagBag from /home/vscode/.local/lib/python3.11/site-packages/airflow/example_dags/example_setup_teardown_taskflow.py
[2026-05-09T11:31:46.618+0000] {processor.py:840} INFO - DAG(s) 'example_setup_teardown_taskflow' retrieved from /home/vscode/.local/lib/python3.11/site-packages/airflow/example_dags/example_setup_teardown_taskflow.py
[2026-05-09T11:31:46.630+0000] {logging_mixin.py:188} INFO - [2026-05-09T11:31:46.630+0000] {dag.py:3096} INFO - Sync 1 DAGs
[2026-05-09T11:31:46.644+0000] {logging_mixin.py:188} INFO - [2026-05-09T11:31:46.644+0000] {dag.py:3954} INFO - Setting next_dagrun for example_setup_teardown_taskflow to 2026-05-08 00:00:00+00:00, run_after=2026-05-09 00:00:00+00:00
[2026-05-09T11:31:46.660+0000] {processor.py:183} INFO - Processing /home/vscode/.local/lib/python3.11/site-packages/airflow/example_dags/example_setup_teardown_taskflow.py took 0.057 seconds
[2026-05-09T11:32:32.064+0000] {processor.py:161} INFO - Started process (PID=15920) to work on /home/vscode/.local/lib/python3.11/site-packages/airflow/example_dags/example_setup_teardown_taskflow.py
[2026-05-09T11:32:32.064+0000] {processor.py:830} INFO - Processing file /home/vscode/.local/lib/python3.11/site-packages/airflow/example_dags/example_setup_teardown_taskflow.py for tasks to queue
[2026-05-09T11:32:32.065+0000] {logging_mixin.py:188} INFO - [2026-05-09T11:32:32.065+0000] {dagbag.py:545} INFO - Filling up the DagBag from /home/vscode/.local/lib/python3.11/site-packages/airflow/example_dags/example_setup_teardown_taskflow.py
[2026-05-09T11:32:32.073+0000] {processor.py:840} INFO - DAG(s) 'example_setup_teardown_taskflow' retrieved from /home/vscode/.local/lib/python3.11/site-packages/airflow/example_dags/example_setup_teardown_taskflow.py
[2026-05-09T11:32:32.085+0000] {logging_mixin.py:188} INFO - [2026-05-09T11:32:32.085+0000] {dag.py:3096} INFO - Sync 1 DAGs
[2026-05-09T11:32:32.100+0000] {logging_mixin.py:188} INFO - [2026-05-09T11:32:32.100+0000] {dag.py:3954} INFO - Setting next_dagrun for example_setup_teardown_taskflow to 2026-05-08 00:00:00+00:00, run_after=2026-05-09 00:00:00+00:00
[2026-05-09T11:32:32.116+0000] {processor.py:183} INFO - Processing /home/vscode/.local/lib/python3.11/site-packages/airflow/example_dags/example_setup_teardown_taskflow.py took 0.059 seconds
[2026-05-09T11:33:14.235+0000] {processor.py:161} INFO - Started process (PID=16291) to work on /home/vscode/.local/lib/python3.11/site-packages/airflow/example_dags/example_setup_teardown_taskflow.py
[2026-05-09T11:33:14.236+0000] {processor.py:830} INFO - Processing file /home/vscode/.local/lib/python3.11/site-packages/airflow/example_dags/example_setup_teardown_taskflow.py for tasks to queue
[2026-05-09T11:33:14.237+0000] {logging_mixin.py:188} INFO - [2026-05-09T11:33:14.236+0000] {dagbag.py:545} INFO - Filling up the DagBag from /home/vscode/.local/lib/python3.11/site-packages/airflow/example_dags/example_setup_teardown_taskflow.py
[2026-05-09T11:33:14.247+0000] {processor.py:840} INFO - DAG(s) 'example_setup_teardown_taskflow' retrieved from /home/vscode/.local/lib/python3.11/site-packages/airflow/example_dags/example_setup_teardown_taskflow.py
[2026-05-09T11:33:14.264+0000] {logging_mixin.py:188} INFO - [2026-05-09T11:33:14.264+0000] {dag.py:3096} INFO - Sync 1 DAGs
[2026-05-09T11:33:14.279+0000] {logging_mixin.py:188} INFO - [2026-05-09T11:33:14.278+0000] {dag.py:3954} INFO - Setting next_dagrun for example_setup_teardown_taskflow to 2026-05-08 00:00:00+00:00, run_after=2026-05-09 00:00:00+00:00
[2026-05-09T11:33:14.295+0000] {processor.py:183} INFO - Processing /home/vscode/.local/lib/python3.11/site-packages/airflow/example_dags/example_setup_teardown_taskflow.py took 0.067 seconds
[2026-05-09T11:34:17.552+0000] {processor.py:161} INFO - Started process (PID=16884) to work on /home/vscode/.local/lib/python3.11/site-packages/airflow/example_dags/example_setup_teardown_taskflow.py
[2026-05-09T11:34:17.552+0000] {processor.py:830} INFO - Processing file /home/vscode/.local/lib/python3.11/site-packages/airflow/example_dags/example_setup_teardown_taskflow.py for tasks to queue
[2026-05-09T11:34:17.553+0000] {logging_mixin.py:188} INFO - [2026-05-09T11:34:17.553+0000] {dagbag.py:545} INFO - Filling up the DagBag from /home/vscode/.local/lib/python3.11/site-packages/airflow/example_dags/example_setup_teardown_taskflow.py
[2026-05-09T11:34:17.564+0000] {processor.py:840} INFO - DAG(s) 'example_setup_teardown_taskflow' retrieved from /home/vscode/.local/lib/python3.11/site-packages/airflow/example_dags/example_setup_teardown_taskflow.py
[2026-05-09T11:34:17.582+0000] {logging_mixin.py:188} INFO - [2026-05-09T11:34:17.582+0000] {dag.py:3096} INFO - Sync 1 DAGs
[2026-05-09T11:34:17.596+0000] {logging_mixin.py:188} INFO - [2026-05-09T11:34:17.596+0000] {dag.py:3954} INFO - Setting next_dagrun for example_setup_teardown_taskflow to 2026-05-08 00:00:00+00:00, run_after=2026-05-09 00:00:00+00:00
[2026-05-09T11:34:17.612+0000] {processor.py:183} INFO - Processing /home/vscode/.local/lib/python3.11/site-packages/airflow/example_dags/example_setup_teardown_taskflow.py took 0.067 seconds
[2026-05-09T11:35:18.443+0000] {processor.py:161} INFO - Started process (PID=17393) to work on /home/vscode/.local/lib/python3.11/site-packages/airflow/example_dags/example_setup_teardown_taskflow.py
[2026-05-09T11:35:18.444+0000] {processor.py:830} INFO - Processing file /home/vscode/.local/lib/python3.11/site-packages/airflow/example_dags/example_setup_teardown_taskflow.py for tasks to queue
[2026-05-09T11:35:18.445+0000] {logging_mixin.py:188} INFO - [2026-05-09T11:35:18.444+0000] {dagbag.py:545} INFO - Filling up the DagBag from /home/vscode/.local/lib/python3.11/site-packages/airflow/example_dags/example_setup_teardown_taskflow.py
[2026-05-09T11:35:18.453+0000] {processor.py:840} INFO - DAG(s) 'example_setup_teardown_taskflow' retrieved from /home/vscode/.local/lib/python3.11/site-packages/airflow/example_dags/example_setup_teardown_taskflow.py
[2026-05-09T11:35:18.468+0000] {logging_mixin.py:188} INFO - [2026-05-09T11:35:18.468+0000] {dag.py:3096} INFO - Sync 1 DAGs
[2026-05-09T11:35:18.484+0000] {logging_mixin.py:188} INFO - [2026-05-09T11:35:18.484+0000] {dag.py:3954} INFO - Setting next_dagrun for example_setup_teardown_taskflow to 2026-05-08 00:00:00+00:00, run_after=2026-05-09 00:00:00+00:00
[2026-05-09T11:35:18.499+0000] {processor.py:183} INFO - Processing /home/vscode/.local/lib/python3.11/site-packages/airflow/example_dags/example_setup_teardown_taskflow.py took 0.062 seconds
[2026-05-09T11:36:15.819+0000] {processor.py:161} INFO - Started process (PID=17876) to work on /home/vscode/.local/lib/python3.11/site-packages/airflow/example_dags/example_setup_teardown_taskflow.py
[2026-05-09T11:36:15.820+0000] {processor.py:830} INFO - Processing file /home/vscode/.local/lib/python3.11/site-packages/airflow/example_dags/example_setup_teardown_taskflow.py for tasks to queue
[2026-05-09T11:36:15.821+0000] {logging_mixin.py:188} INFO - [2026-05-09T11:36:15.820+0000] {dagbag.py:545} INFO - Filling up the DagBag from /home/vscode/.local/lib/python3.11/site-packages/airflow/example_dags/example_setup_teardown_taskflow.py
[2026-05-09T11:36:15.828+0000] {processor.py:840} INFO - DAG(s) 'example_setup_teardown_taskflow' retrieved from /home/vscode/.local/lib/python3.11/site-packages/airflow/example_dags/example_setup_teardown_taskflow.py
[2026-05-09T11:36:15.841+0000] {logging_mixin.py:188} INFO - [2026-05-09T11:36:15.841+0000] {dag.py:3096} INFO - Sync 1 DAGs
[2026-05-09T11:36:15.856+0000] {logging_mixin.py:188} INFO - [2026-05-09T11:36:15.856+0000] {dag.py:3954} INFO - Setting next_dagrun for example_setup_teardown_taskflow to 2026-05-08 00:00:00+00:00, run_after=2026-05-09 00:00:00+00:00
[2026-05-09T11:36:15.871+0000] {processor.py:183} INFO - Processing /home/vscode/.local/lib/python3.11/site-packages/airflow/example_dags/example_setup_teardown_taskflow.py took 0.059 seconds
[2026-05-09T11:36:57.505+0000] {processor.py:161} INFO - Started process (PID=18248) to work on /home/vscode/.local/lib/python3.11/site-packages/airflow/example_dags/example_setup_teardown_taskflow.py
[2026-05-09T11:36:57.505+0000] {processor.py:830} INFO - Processing file /home/vscode/.local/lib/python3.11/site-packages/airflow/example_dags/example_setup_teardown_taskflow.py for tasks to queue
[2026-05-09T11:36:57.506+0000] {logging_mixin.py:188} INFO - [2026-05-09T11:36:57.505+0000] {dagbag.py:545} INFO - Filling up the DagBag from /home/vscode/.local/lib/python3.11/site-packages/airflow/example_dags/example_setup_teardown_taskflow.py
[2026-05-09T11:36:57.513+0000] {processor.py:840} INFO - DAG(s) 'example_setup_teardown_taskflow' retrieved from /home/vscode/.local/lib/python3.11/site-packages/airflow/example_dags/example_setup_teardown_taskflow.py
[2026-05-09T11:36:57.526+0000] {logging_mixin.py:188} INFO - [2026-05-09T11:36:57.526+0000] {dag.py:3096} INFO - Sync 1 DAGs
[2026-05-09T11:36:57.542+0000] {logging_mixin.py:188} INFO - [2026-05-09T11:36:57.542+0000] {dag.py:3954} INFO - Setting next_dagrun for example_setup_teardown_taskflow to 2026-05-08 00:00:00+00:00, run_after=2026-05-09 00:00:00+00:00
[2026-05-09T11:36:57.558+0000] {processor.py:183} INFO - Processing /home/vscode/.local/lib/python3.11/site-packages/airflow/example_dags/example_setup_teardown_taskflow.py took 0.060 seconds
[2026-05-09T11:37:59.762+0000] {processor.py:161} INFO - Started process (PID=19154) to work on /home/vscode/.local/lib/python3.11/site-packages/airflow/example_dags/example_setup_teardown_taskflow.py
[2026-05-09T11:37:59.762+0000] {processor.py:830} INFO - Processing file /home/vscode/.local/lib/python3.11/site-packages/airflow/example_dags/example_setup_teardown_taskflow.py for tasks to queue
[2026-05-09T11:37:59.763+0000] {logging_mixin.py:188} INFO - [2026-05-09T11:37:59.763+0000] {dagbag.py:545} INFO - Filling up the DagBag from /home/vscode/.local/lib/python3.11/site-packages/airflow/example_dags/example_setup_teardown_taskflow.py
[2026-05-09T11:37:59.770+0000] {processor.py:840} INFO - DAG(s) 'example_setup_teardown_taskflow' retrieved from /home/vscode/.local/lib/python3.11/site-packages/airflow/example_dags/example_setup_teardown_taskflow.py
[2026-05-09T11:37:59.782+0000] {logging_mixin.py:188} INFO - [2026-05-09T11:37:59.782+0000] {dag.py:3096} INFO - Sync 1 DAGs
[2026-05-09T11:37:59.796+0000] {logging_mixin.py:188} INFO - [2026-05-09T11:37:59.796+0000] {dag.py:3954} INFO - Setting next_dagrun for example_setup_teardown_taskflow to 2026-05-08 00:00:00+00:00, run_after=2026-05-09 00:00:00+00:00
[2026-05-09T11:37:59.812+0000] {processor.py:183} INFO - Processing /home/vscode/.local/lib/python3.11/site-packages/airflow/example_dags/example_setup_teardown_taskflow.py took 0.057 seconds
[2026-05-09T11:39:00.829+0000] {processor.py:161} INFO - Started process (PID=19703) to work on /home/vscode/.local/lib/python3.11/site-packages/airflow/example_dags/example_setup_teardown_taskflow.py
[2026-05-09T11:39:00.831+0000] {processor.py:830} INFO - Processing file /home/vscode/.local/lib/python3.11/site-packages/airflow/example_dags/example_setup_teardown_taskflow.py for tasks to queue
[2026-05-09T11:39:00.832+0000] {logging_mixin.py:188} INFO - [2026-05-09T11:39:00.831+0000] {dagbag.py:545} INFO - Filling up the DagBag from /home/vscode/.local/lib/python3.11/site-packages/airflow/example_dags/example_setup_teardown_taskflow.py
[2026-05-09T11:39:00.842+0000] {processor.py:840} INFO - DAG(s) 'example_setup_teardown_taskflow' retrieved from /home/vscode/.local/lib/python3.11/site-packages/airflow/example_dags/example_setup_teardown_taskflow.py
[2026-05-09T11:39:00.856+0000] {logging_mixin.py:188} INFO - [2026-05-09T11:39:00.856+0000] {dag.py:3096} INFO - Sync 1 DAGs
[2026-05-09T11:39:00.870+0000] {logging_mixin.py:188} INFO - [2026-05-09T11:39:00.870+0000] {dag.py:3954} INFO - Setting next_dagrun for example_setup_teardown_taskflow to 2026-05-08 00:00:00+00:00, run_after=2026-05-09 00:00:00+00:00
[2026-05-09T11:39:00.885+0000] {processor.py:183} INFO - Processing /home/vscode/.local/lib/python3.11/site-packages/airflow/example_dags/example_setup_teardown_taskflow.py took 0.066 seconds
[2026-05-09T11:40:01.467+0000] {processor.py:161} INFO - Started process (PID=20479) to work on /home/vscode/.local/lib/python3.11/site-packages/airflow/example_dags/example_setup_teardown_taskflow.py
[2026-05-09T11:40:01.467+0000] {processor.py:830} INFO - Processing file /home/vscode/.local/lib/python3.11/site-packages/airflow/example_dags/example_setup_teardown_taskflow.py for tasks to queue
[2026-05-09T11:40:01.468+0000] {logging_mixin.py:188} INFO - [2026-05-09T11:40:01.468+0000] {dagbag.py:545} INFO - Filling up the DagBag from /home/vscode/.local/lib/python3.11/site-packages/airflow/example_dags/example_setup_teardown_taskflow.py
[2026-05-09T11:40:01.481+0000] {processor.py:840} INFO - DAG(s) 'example_setup_teardown_taskflow' retrieved from /home/vscode/.local/lib/python3.11/site-packages/airflow/example_dags/example_setup_teardown_taskflow.py
[2026-05-09T11:40:01.500+0000] {logging_mixin.py:188} INFO - [2026-05-09T11:40:01.500+0000] {dag.py:3096} INFO - Sync 1 DAGs
[2026-05-09T11:40:01.515+0000] {logging_mixin.py:188} INFO - [2026-05-09T11:40:01.515+0000] {dag.py:3954} INFO - Setting next_dagrun for example_setup_teardown_taskflow to 2026-05-08 00:00:00+00:00, run_after=2026-05-09 00:00:00+00:00
[2026-05-09T11:40:01.536+0000] {processor.py:183} INFO - Processing /home/vscode/.local/lib/python3.11/site-packages/airflow/example_dags/example_setup_teardown_taskflow.py took 0.081 seconds
[2026-05-09T11:41:05.269+0000] {processor.py:161} INFO - Started process (PID=21100) to work on /home/vscode/.local/lib/python3.11/site-packages/airflow/example_dags/example_setup_teardown_taskflow.py
[2026-05-09T11:41:05.269+0000] {processor.py:830} INFO - Processing file /home/vscode/.local/lib/python3.11/site-packages/airflow/example_dags/example_setup_teardown_taskflow.py for tasks to queue
[2026-05-09T11:41:05.270+0000] {logging_mixin.py:188} INFO - [2026-05-09T11:41:05.269+0000] {dagbag.py:545} INFO - Filling up the DagBag from /home/vscode/.local/lib/python3.11/site-packages/airflow/example_dags/example_setup_teardown_taskflow.py
[2026-05-09T11:41:05.277+0000] {processor.py:840} INFO - DAG(s) 'example_setup_teardown_taskflow' retrieved from /home/vscode/.local/lib/python3.11/site-packages/airflow/example_dags/example_setup_teardown_taskflow.py
[2026-05-09T11:41:05.290+0000] {logging_mixin.py:188} INFO - [2026-05-09T11:41:05.290+0000] {dag.py:3096} INFO - Sync 1 DAGs
[2026-05-09T11:41:05.304+0000] {logging_mixin.py:188} INFO - [2026-05-09T11:41:05.304+0000] {dag.py:3954} INFO - Setting next_dagrun for example_setup_teardown_taskflow to 2026-05-08 00:00:00+00:00, run_after=2026-05-09 00:00:00+00:00
[2026-05-09T11:41:05.321+0000] {processor.py:183} INFO - Processing /home/vscode/.local/lib/python3.11/site-packages/airflow/example_dags/example_setup_teardown_taskflow.py took 0.059 seconds
[2026-05-09T11:41:49.774+0000] {processor.py:161} INFO - Started process (PID=21521) to work on /home/vscode/.local/lib/python3.11/site-packages/airflow/example_dags/example_setup_teardown_taskflow.py
[2026-05-09T11:41:49.774+0000] {processor.py:830} INFO - Processing file /home/vscode/.local/lib/python3.11/site-packages/airflow/example_dags/example_setup_teardown_taskflow.py for tasks to queue
[2026-05-09T11:41:49.775+0000] {logging_mixin.py:188} INFO - [2026-05-09T11:41:49.775+0000] {dagbag.py:545} INFO - Filling up the DagBag from /home/vscode/.local/lib/python3.11/site-packages/airflow/example_dags/example_setup_teardown_taskflow.py
[2026-05-09T11:41:49.782+0000] {processor.py:840} INFO - DAG(s) 'example_setup_teardown_taskflow' retrieved from /home/vscode/.local/lib/python3.11/site-packages/airflow/example_dags/example_setup_teardown_taskflow.py
[2026-05-09T11:41:49.795+0000] {logging_mixin.py:188} INFO - [2026-05-09T11:41:49.794+0000] {dag.py:3096} INFO - Sync 1 DAGs
[2026-05-09T11:41:49.809+0000] {logging_mixin.py:188} INFO - [2026-05-09T11:41:49.809+0000] {dag.py:3954} INFO - Setting next_dagrun for example_setup_teardown_taskflow to 2026-05-08 00:00:00+00:00, run_after=2026-05-09 00:00:00+00:00
[2026-05-09T11:41:49.825+0000] {processor.py:183} INFO - Processing /home/vscode/.local/lib/python3.11/site-packages/airflow/example_dags/example_setup_teardown_taskflow.py took 0.058 seconds
[2026-05-09T11:42:33.269+0000] {processor.py:161} INFO - Started process (PID=21862) to work on /home/vscode/.local/lib/python3.11/site-packages/airflow/example_dags/example_setup_teardown_taskflow.py
[2026-05-09T11:42:33.269+0000] {processor.py:830} INFO - Processing file /home/vscode/.local/lib/python3.11/site-packages/airflow/example_dags/example_setup_teardown_taskflow.py for tasks to queue
[2026-05-09T11:42:33.270+0000] {logging_mixin.py:188} INFO - [2026-05-09T11:42:33.270+0000] {dagbag.py:545} INFO - Filling up the DagBag from /home/vscode/.local/lib/python3.11/site-packages/airflow/example_dags/example_setup_teardown_taskflow.py
[2026-05-09T11:42:33.278+0000] {processor.py:840} INFO - DAG(s) 'example_setup_teardown_taskflow' retrieved from /home/vscode/.local/lib/python3.11/site-packages/airflow/example_dags/example_setup_teardown_taskflow.py
[2026-05-09T11:42:33.292+0000] {logging_mixin.py:188} INFO - [2026-05-09T11:42:33.291+0000] {dag.py:3096} INFO - Sync 1 DAGs
[2026-05-09T11:42:33.306+0000] {logging_mixin.py:188} INFO - [2026-05-09T11:42:33.306+0000] {dag.py:3954} INFO - Setting next_dagrun for example_setup_teardown_taskflow to 2026-05-08 00:00:00+00:00, run_after=2026-05-09 00:00:00+00:00
[2026-05-09T11:42:33.322+0000] {processor.py:183} INFO - Processing /home/vscode/.local/lib/python3.11/site-packages/airflow/example_dags/example_setup_teardown_taskflow.py took 0.060 seconds
[2026-05-09T11:43:18.699+0000] {processor.py:161} INFO - Started process (PID=22238) to work on /home/vscode/.local/lib/python3.11/site-packages/airflow/example_dags/example_setup_teardown_taskflow.py
[2026-05-09T11:43:18.700+0000] {processor.py:830} INFO - Processing file /home/vscode/.local/lib/python3.11/site-packages/airflow/example_dags/example_setup_teardown_taskflow.py for tasks to queue
[2026-05-09T11:43:18.701+0000] {logging_mixin.py:188} INFO - [2026-05-09T11:43:18.701+0000] {dagbag.py:545} INFO - Filling up the DagBag from /home/vscode/.local/lib/python3.11/site-packages/airflow/example_dags/example_setup_teardown_taskflow.py
[2026-05-09T11:43:18.716+0000] {processor.py:840} INFO - DAG(s) 'example_setup_teardown_taskflow' retrieved from /home/vscode/.local/lib/python3.11/site-packages/airflow/example_dags/example_setup_teardown_taskflow.py
[2026-05-09T11:43:18.738+0000] {logging_mixin.py:188} INFO - [2026-05-09T11:43:18.738+0000] {dag.py:3096} INFO - Sync 1 DAGs
[2026-05-09T11:43:18.752+0000] {logging_mixin.py:188} INFO - [2026-05-09T11:43:18.752+0000] {dag.py:3954} INFO - Setting next_dagrun for example_setup_teardown_taskflow to 2026-05-08 00:00:00+00:00, run_after=2026-05-09 00:00:00+00:00
[2026-05-09T11:43:18.768+0000] {processor.py:183} INFO - Processing /home/vscode/.local/lib/python3.11/site-packages/airflow/example_dags/example_setup_teardown_taskflow.py took 0.081 seconds
[2026-05-09T11:44:02.692+0000] {processor.py:161} INFO - Started process (PID=22686) to work on /home/vscode/.local/lib/python3.11/site-packages/airflow/example_dags/example_setup_teardown_taskflow.py
[2026-05-09T11:44:02.693+0000] {processor.py:830} INFO - Processing file /home/vscode/.local/lib/python3.11/site-packages/airflow/example_dags/example_setup_teardown_taskflow.py for tasks to queue
[2026-05-09T11:44:02.694+0000] {logging_mixin.py:188} INFO - [2026-05-09T11:44:02.693+0000] {dagbag.py:545} INFO - Filling up the DagBag from /home/vscode/.local/lib/python3.11/site-packages/airflow/example_dags/example_setup_teardown_taskflow.py
[2026-05-09T11:44:02.704+0000] {processor.py:840} INFO - DAG(s) 'example_setup_teardown_taskflow' retrieved from /home/vscode/.local/lib/python3.11/site-packages/airflow/example_dags/example_setup_teardown_taskflow.py
[2026-05-09T11:44:02.721+0000] {logging_mixin.py:188} INFO - [2026-05-09T11:44:02.721+0000] {dag.py:3096} INFO - Sync 1 DAGs
[2026-05-09T11:44:02.781+0000] {logging_mixin.py:188} INFO - [2026-05-09T11:44:02.780+0000] {dag.py:3954} INFO - Setting next_dagrun for example_setup_teardown_taskflow to 2026-05-08 00:00:00+00:00, run_after=2026-05-09 00:00:00+00:00
[2026-05-09T11:44:02.807+0000] {processor.py:183} INFO - Processing /home/vscode/.local/lib/python3.11/site-packages/airflow/example_dags/example_setup_teardown_taskflow.py took 0.124 seconds
[2026-05-09T11:45:04.790+0000] {processor.py:161} INFO - Started process (PID=23202) to work on /home/vscode/.local/lib/python3.11/site-packages/airflow/example_dags/example_setup_teardown_taskflow.py
[2026-05-09T11:45:04.791+0000] {processor.py:830} INFO - Processing file /home/vscode/.local/lib/python3.11/site-packages/airflow/example_dags/example_setup_teardown_taskflow.py for tasks to queue
[2026-05-09T11:45:04.792+0000] {logging_mixin.py:188} INFO - [2026-05-09T11:45:04.791+0000] {dagbag.py:545} INFO - Filling up the DagBag from /home/vscode/.local/lib/python3.11/site-packages/airflow/example_dags/example_setup_teardown_taskflow.py
[2026-05-09T11:45:04.800+0000] {processor.py:840} INFO - DAG(s) 'example_setup_teardown_taskflow' retrieved from /home/vscode/.local/lib/python3.11/site-packages/airflow/example_dags/example_setup_teardown_taskflow.py
[2026-05-09T11:45:04.812+0000] {logging_mixin.py:188} INFO - [2026-05-09T11:45:04.812+0000] {dag.py:3096} INFO - Sync 1 DAGs
[2026-05-09T11:45:04.831+0000] {logging_mixin.py:188} INFO - [2026-05-09T11:45:04.831+0000] {dag.py:3954} INFO - Setting next_dagrun for example_setup_teardown_taskflow to 2026-05-08 00:00:00+00:00, run_after=2026-05-09 00:00:00+00:00
[2026-05-09T11:45:04.849+0000] {processor.py:183} INFO - Processing /home/vscode/.local/lib/python3.11/site-packages/airflow/example_dags/example_setup_teardown_taskflow.py took 0.065 seconds
[2026-05-09T11:45:48.855+0000] {processor.py:161} INFO - Started process (PID=23596) to work on /home/vscode/.local/lib/python3.11/site-packages/airflow/example_dags/example_setup_teardown_taskflow.py
[2026-05-09T11:45:48.856+0000] {processor.py:830} INFO - Processing file /home/vscode/.local/lib/python3.11/site-packages/airflow/example_dags/example_setup_teardown_taskflow.py for tasks to queue
[2026-05-09T11:45:48.857+0000] {logging_mixin.py:188} INFO - [2026-05-09T11:45:48.856+0000] {dagbag.py:545} INFO - Filling up the DagBag from /home/vscode/.local/lib/python3.11/site-packages/airflow/example_dags/example_setup_teardown_taskflow.py
[2026-05-09T11:45:48.864+0000] {processor.py:840} INFO - DAG(s) 'example_setup_teardown_taskflow' retrieved from /home/vscode/.local/lib/python3.11/site-packages/airflow/example_dags/example_setup_teardown_taskflow.py
[2026-05-09T11:45:48.877+0000] {logging_mixin.py:188} INFO - [2026-05-09T11:45:48.877+0000] {dag.py:3096} INFO - Sync 1 DAGs
[2026-05-09T11:45:48.900+0000] {logging_mixin.py:188} INFO - [2026-05-09T11:45:48.900+0000] {dag.py:3954} INFO - Setting next_dagrun for example_setup_teardown_taskflow to 2026-05-08 00:00:00+00:00, run_after=2026-05-09 00:00:00+00:00
[2026-05-09T11:45:48.919+0000] {processor.py:183} INFO - Processing /home/vscode/.local/lib/python3.11/site-packages/airflow/example_dags/example_setup_teardown_taskflow.py took 0.070 seconds
[2026-05-09T11:46:53.642+0000] {processor.py:161} INFO - Started process (PID=24185) to work on /home/vscode/.local/lib/python3.11/site-packages/airflow/example_dags/example_setup_teardown_taskflow.py
[2026-05-09T11:46:53.642+0000] {processor.py:830} INFO - Processing file /home/vscode/.local/lib/python3.11/site-packages/airflow/example_dags/example_setup_teardown_taskflow.py for tasks to queue
[2026-05-09T11:46:53.643+0000] {logging_mixin.py:188} INFO - [2026-05-09T11:46:53.643+0000] {dagbag.py:545} INFO - Filling up the DagBag from /home/vscode/.local/lib/python3.11/site-packages/airflow/example_dags/example_setup_teardown_taskflow.py
[2026-05-09T11:46:53.651+0000] {processor.py:840} INFO - DAG(s) 'example_setup_teardown_taskflow' retrieved from /home/vscode/.local/lib/python3.11/site-packages/airflow/example_dags/example_setup_teardown_taskflow.py
[2026-05-09T11:46:53.663+0000] {logging_mixin.py:188} INFO - [2026-05-09T11:46:53.663+0000] {dag.py:3096} INFO - Sync 1 DAGs
[2026-05-09T11:46:53.677+0000] {logging_mixin.py:188} INFO - [2026-05-09T11:46:53.677+0000] {dag.py:3954} INFO - Setting next_dagrun for example_setup_teardown_taskflow to 2026-05-08 00:00:00+00:00, run_after=2026-05-09 00:00:00+00:00
[2026-05-09T11:46:53.693+0000] {processor.py:183} INFO - Processing /home/vscode/.local/lib/python3.11/site-packages/airflow/example_dags/example_setup_teardown_taskflow.py took 0.058 seconds
[2026-05-09T11:47:38.266+0000] {processor.py:161} INFO - Started process (PID=24662) to work on /home/vscode/.local/lib/python3.11/site-packages/airflow/example_dags/example_setup_teardown_taskflow.py
[2026-05-09T11:47:38.266+0000] {processor.py:830} INFO - Processing file /home/vscode/.local/lib/python3.11/site-packages/airflow/example_dags/example_setup_teardown_taskflow.py for tasks to queue
[2026-05-09T11:47:38.267+0000] {logging_mixin.py:188} INFO - [2026-05-09T11:47:38.266+0000] {dagbag.py:545} INFO - Filling up the DagBag from /home/vscode/.local/lib/python3.11/site-packages/airflow/example_dags/example_setup_teardown_taskflow.py
[2026-05-09T11:47:38.274+0000] {processor.py:840} INFO - DAG(s) 'example_setup_teardown_taskflow' retrieved from /home/vscode/.local/lib/python3.11/site-packages/airflow/example_dags/example_setup_teardown_taskflow.py
[2026-05-09T11:47:38.286+0000] {logging_mixin.py:188} INFO - [2026-05-09T11:47:38.286+0000] {dag.py:3096} INFO - Sync 1 DAGs
[2026-05-09T11:47:38.300+0000] {logging_mixin.py:188} INFO - [2026-05-09T11:47:38.300+0000] {dag.py:3954} INFO - Setting next_dagrun for example_setup_teardown_taskflow to 2026-05-08 00:00:00+00:00, run_after=2026-05-09 00:00:00+00:00
[2026-05-09T11:47:38.316+0000] {processor.py:183} INFO - Processing /home/vscode/.local/lib/python3.11/site-packages/airflow/example_dags/example_setup_teardown_taskflow.py took 0.057 seconds
[2026-05-09T11:48:22.093+0000] {processor.py:161} INFO - Started process (PID=24967) to work on /home/vscode/.local/lib/python3.11/site-packages/airflow/example_dags/example_setup_teardown_taskflow.py
[2026-05-09T11:48:22.094+0000] {processor.py:830} INFO - Processing file /home/vscode/.local/lib/python3.11/site-packages/airflow/example_dags/example_setup_teardown_taskflow.py for tasks to queue
[2026-05-09T11:48:22.094+0000] {logging_mixin.py:188} INFO - [2026-05-09T11:48:22.094+0000] {dagbag.py:545} INFO - Filling up the DagBag from /home/vscode/.local/lib/python3.11/site-packages/airflow/example_dags/example_setup_teardown_taskflow.py
[2026-05-09T11:48:22.101+0000] {processor.py:840} INFO - DAG(s) 'example_setup_teardown_taskflow' retrieved from /home/vscode/.local/lib/python3.11/site-packages/airflow/example_dags/example_setup_teardown_taskflow.py
[2026-05-09T11:48:22.113+0000] {logging_mixin.py:188} INFO - [2026-05-09T11:48:22.113+0000] {dag.py:3096} INFO - Sync 1 DAGs
[2026-05-09T11:48:22.127+0000] {logging_mixin.py:188} INFO - [2026-05-09T11:48:22.127+0000] {dag.py:3954} INFO - Setting next_dagrun for example_setup_teardown_taskflow to 2026-05-08 00:00:00+00:00, run_after=2026-05-09 00:00:00+00:00
[2026-05-09T11:48:22.147+0000] {processor.py:183} INFO - Processing /home/vscode/.local/lib/python3.11/site-packages/airflow/example_dags/example_setup_teardown_taskflow.py took 0.060 seconds
[2026-05-09T11:49:21.231+0000] {processor.py:161} INFO - Started process (PID=25529) to work on /home/vscode/.local/lib/python3.11/site-packages/airflow/example_dags/example_setup_teardown_taskflow.py
[2026-05-09T11:49:21.231+0000] {processor.py:830} INFO - Processing file /home/vscode/.local/lib/python3.11/site-packages/airflow/example_dags/example_setup_teardown_taskflow.py for tasks to queue
[2026-05-09T11:49:21.232+0000] {logging_mixin.py:188} INFO - [2026-05-09T11:49:21.232+0000] {dagbag.py:545} INFO - Filling up the DagBag from /home/vscode/.local/lib/python3.11/site-packages/airflow/example_dags/example_setup_teardown_taskflow.py
[2026-05-09T11:49:21.239+0000] {processor.py:840} INFO - DAG(s) 'example_setup_teardown_taskflow' retrieved from /home/vscode/.local/lib/python3.11/site-packages/airflow/example_dags/example_setup_teardown_taskflow.py
[2026-05-09T11:49:21.251+0000] {logging_mixin.py:188} INFO - [2026-05-09T11:49:21.251+0000] {dag.py:3096} INFO - Sync 1 DAGs
[2026-05-09T11:49:21.265+0000] {logging_mixin.py:188} INFO - [2026-05-09T11:49:21.265+0000] {dag.py:3954} INFO - Setting next_dagrun for example_setup_teardown_taskflow to 2026-05-08 00:00:00+00:00, run_after=2026-05-09 00:00:00+00:00
[2026-05-09T11:49:21.280+0000] {processor.py:183} INFO - Processing /home/vscode/.local/lib/python3.11/site-packages/airflow/example_dags/example_setup_teardown_taskflow.py took 0.055 seconds
[2026-05-09T11:50:06.419+0000] {processor.py:161} INFO - Started process (PID=25980) to work on /home/vscode/.local/lib/python3.11/site-packages/airflow/example_dags/example_setup_teardown_taskflow.py
[2026-05-09T11:50:06.419+0000] {processor.py:830} INFO - Processing file /home/vscode/.local/lib/python3.11/site-packages/airflow/example_dags/example_setup_teardown_taskflow.py for tasks to queue
[2026-05-09T11:50:06.420+0000] {logging_mixin.py:188} INFO - [2026-05-09T11:50:06.419+0000] {dagbag.py:545} INFO - Filling up the DagBag from /home/vscode/.local/lib/python3.11/site-packages/airflow/example_dags/example_setup_teardown_taskflow.py
[2026-05-09T11:50:06.427+0000] {processor.py:840} INFO - DAG(s) 'example_setup_teardown_taskflow' retrieved from /home/vscode/.local/lib/python3.11/site-packages/airflow/example_dags/example_setup_teardown_taskflow.py
[2026-05-09T11:50:06.438+0000] {logging_mixin.py:188} INFO - [2026-05-09T11:50:06.438+0000] {dag.py:3096} INFO - Sync 1 DAGs
[2026-05-09T11:50:06.451+0000] {logging_mixin.py:188} INFO - [2026-05-09T11:50:06.451+0000] {dag.py:3954} INFO - Setting next_dagrun for example_setup_teardown_taskflow to 2026-05-08 00:00:00+00:00, run_after=2026-05-09 00:00:00+00:00
[2026-05-09T11:50:06.466+0000] {processor.py:183} INFO - Processing /home/vscode/.local/lib/python3.11/site-packages/airflow/example_dags/example_setup_teardown_taskflow.py took 0.054 seconds
[2026-05-09T11:51:09.949+0000] {processor.py:161} INFO - Started process (PID=26756) to work on /home/vscode/.local/lib/python3.11/site-packages/airflow/example_dags/example_setup_teardown_taskflow.py
[2026-05-09T11:51:09.950+0000] {processor.py:830} INFO - Processing file /home/vscode/.local/lib/python3.11/site-packages/airflow/example_dags/example_setup_teardown_taskflow.py for tasks to queue
[2026-05-09T11:51:09.950+0000] {logging_mixin.py:188} INFO - [2026-05-09T11:51:09.950+0000] {dagbag.py:545} INFO - Filling up the DagBag from /home/vscode/.local/lib/python3.11/site-packages/airflow/example_dags/example_setup_teardown_taskflow.py
[2026-05-09T11:51:09.958+0000] {processor.py:840} INFO - DAG(s) 'example_setup_teardown_taskflow' retrieved from /home/vscode/.local/lib/python3.11/site-packages/airflow/example_dags/example_setup_teardown_taskflow.py
[2026-05-09T11:51:09.970+0000] {logging_mixin.py:188} INFO - [2026-05-09T11:51:09.970+0000] {dag.py:3096} INFO - Sync 1 DAGs
[2026-05-09T11:51:09.984+0000] {logging_mixin.py:188} INFO - [2026-05-09T11:51:09.984+0000] {dag.py:3954} INFO - Setting next_dagrun for example_setup_teardown_taskflow to 2026-05-08 00:00:00+00:00, run_after=2026-05-09 00:00:00+00:00
[2026-05-09T11:51:10.001+0000] {processor.py:183} INFO - Processing /home/vscode/.local/lib/python3.11/site-packages/airflow/example_dags/example_setup_teardown_taskflow.py took 0.059 seconds
[2026-05-09T11:52:13.595+0000] {processor.py:161} INFO - Started process (PID=27326) to work on /home/vscode/.local/lib/python3.11/site-packages/airflow/example_dags/example_setup_teardown_taskflow.py
[2026-05-09T11:52:13.596+0000] {processor.py:830} INFO - Processing file /home/vscode/.local/lib/python3.11/site-packages/airflow/example_dags/example_setup_teardown_taskflow.py for tasks to queue
[2026-05-09T11:52:13.596+0000] {logging_mixin.py:188} INFO - [2026-05-09T11:52:13.596+0000] {dagbag.py:545} INFO - Filling up the DagBag from /home/vscode/.local/lib/python3.11/site-packages/airflow/example_dags/example_setup_teardown_taskflow.py
[2026-05-09T11:52:13.604+0000] {processor.py:840} INFO - DAG(s) 'example_setup_teardown_taskflow' retrieved from /home/vscode/.local/lib/python3.11/site-packages/airflow/example_dags/example_setup_teardown_taskflow.py
[2026-05-09T11:52:13.616+0000] {logging_mixin.py:188} INFO - [2026-05-09T11:52:13.616+0000] {dag.py:3096} INFO - Sync 1 DAGs
[2026-05-09T11:52:13.630+0000] {logging_mixin.py:188} INFO - [2026-05-09T11:52:13.630+0000] {dag.py:3954} INFO - Setting next_dagrun for example_setup_teardown_taskflow to 2026-05-08 00:00:00+00:00, run_after=2026-05-09 00:00:00+00:00
[2026-05-09T11:52:13.646+0000] {processor.py:183} INFO - Processing /home/vscode/.local/lib/python3.11/site-packages/airflow/example_dags/example_setup_teardown_taskflow.py took 0.057 seconds
[2026-05-09T11:53:12.379+0000] {processor.py:161} INFO - Started process (PID=27861) to work on /home/vscode/.local/lib/python3.11/site-packages/airflow/example_dags/example_setup_teardown_taskflow.py
[2026-05-09T11:53:12.380+0000] {processor.py:830} INFO - Processing file /home/vscode/.local/lib/python3.11/site-packages/airflow/example_dags/example_setup_teardown_taskflow.py for tasks to queue
[2026-05-09T11:53:12.381+0000] {logging_mixin.py:188} INFO - [2026-05-09T11:53:12.380+0000] {dagbag.py:545} INFO - Filling up the DagBag from /home/vscode/.local/lib/python3.11/site-packages/airflow/example_dags/example_setup_teardown_taskflow.py
[2026-05-09T11:53:12.389+0000] {processor.py:840} INFO - DAG(s) 'example_setup_teardown_taskflow' retrieved from /home/vscode/.local/lib/python3.11/site-packages/airflow/example_dags/example_setup_teardown_taskflow.py
[2026-05-09T11:53:12.401+0000] {logging_mixin.py:188} INFO - [2026-05-09T11:53:12.401+0000] {dag.py:3096} INFO - Sync 1 DAGs
[2026-05-09T11:53:12.415+0000] {logging_mixin.py:188} INFO - [2026-05-09T11:53:12.415+0000] {dag.py:3954} INFO - Setting next_dagrun for example_setup_teardown_taskflow to 2026-05-08 00:00:00+00:00, run_after=2026-05-09 00:00:00+00:00
[2026-05-09T11:53:12.430+0000] {processor.py:183} INFO - Processing /home/vscode/.local/lib/python3.11/site-packages/airflow/example_dags/example_setup_teardown_taskflow.py took 0.057 seconds
[2026-05-09T11:54:13.138+0000] {processor.py:161} INFO - Started process (PID=28384) to work on /home/vscode/.local/lib/python3.11/site-packages/airflow/example_dags/example_setup_teardown_taskflow.py
[2026-05-09T11:54:13.138+0000] {processor.py:830} INFO - Processing file /home/vscode/.local/lib/python3.11/site-packages/airflow/example_dags/example_setup_teardown_taskflow.py for tasks to queue
[2026-05-09T11:54:13.139+0000] {logging_mixin.py:188} INFO - [2026-05-09T11:54:13.139+0000] {dagbag.py:545} INFO - Filling up the DagBag from /home/vscode/.local/lib/python3.11/site-packages/airflow/example_dags/example_setup_teardown_taskflow.py
[2026-05-09T11:54:13.148+0000] {processor.py:840} INFO - DAG(s) 'example_setup_teardown_taskflow' retrieved from /home/vscode/.local/lib/python3.11/site-packages/airflow/example_dags/example_setup_teardown_taskflow.py
[2026-05-09T11:54:13.160+0000] {logging_mixin.py:188} INFO - [2026-05-09T11:54:13.160+0000] {dag.py:3096} INFO - Sync 1 DAGs
[2026-05-09T11:54:13.175+0000] {logging_mixin.py:188} INFO - [2026-05-09T11:54:13.175+0000] {dag.py:3954} INFO - Setting next_dagrun for example_setup_teardown_taskflow to 2026-05-08 00:00:00+00:00, run_after=2026-05-09 00:00:00+00:00
[2026-05-09T11:54:13.190+0000] {processor.py:183} INFO - Processing /home/vscode/.local/lib/python3.11/site-packages/airflow/example_dags/example_setup_teardown_taskflow.py took 0.059 seconds
[2026-05-09T11:55:16.183+0000] {processor.py:161} INFO - Started process (PID=28916) to work on /home/vscode/.local/lib/python3.11/site-packages/airflow/example_dags/example_setup_teardown_taskflow.py
[2026-05-09T11:55:16.183+0000] {processor.py:830} INFO - Processing file /home/vscode/.local/lib/python3.11/site-packages/airflow/example_dags/example_setup_teardown_taskflow.py for tasks to queue
[2026-05-09T11:55:16.184+0000] {logging_mixin.py:188} INFO - [2026-05-09T11:55:16.184+0000] {dagbag.py:545} INFO - Filling up the DagBag from /home/vscode/.local/lib/python3.11/site-packages/airflow/example_dags/example_setup_teardown_taskflow.py
[2026-05-09T11:55:16.191+0000] {processor.py:840} INFO - DAG(s) 'example_setup_teardown_taskflow' retrieved from /home/vscode/.local/lib/python3.11/site-packages/airflow/example_dags/example_setup_teardown_taskflow.py
[2026-05-09T11:55:16.204+0000] {logging_mixin.py:188} INFO - [2026-05-09T11:55:16.204+0000] {dag.py:3096} INFO - Sync 1 DAGs
[2026-05-09T11:55:16.218+0000] {logging_mixin.py:188} INFO - [2026-05-09T11:55:16.218+0000] {dag.py:3954} INFO - Setting next_dagrun for example_setup_teardown_taskflow to 2026-05-08 00:00:00+00:00, run_after=2026-05-09 00:00:00+00:00
[2026-05-09T11:55:16.234+0000] {processor.py:183} INFO - Processing /home/vscode/.local/lib/python3.11/site-packages/airflow/example_dags/example_setup_teardown_taskflow.py took 0.057 seconds
[2026-05-09T11:56:19.181+0000] {processor.py:161} INFO - Started process (PID=29394) to work on /home/vscode/.local/lib/python3.11/site-packages/airflow/example_dags/example_setup_teardown_taskflow.py
[2026-05-09T11:56:19.182+0000] {processor.py:830} INFO - Processing file /home/vscode/.local/lib/python3.11/site-packages/airflow/example_dags/example_setup_teardown_taskflow.py for tasks to queue
[2026-05-09T11:56:19.182+0000] {logging_mixin.py:188} INFO - [2026-05-09T11:56:19.182+0000] {dagbag.py:545} INFO - Filling up the DagBag from /home/vscode/.local/lib/python3.11/site-packages/airflow/example_dags/example_setup_teardown_taskflow.py
[2026-05-09T11:56:19.190+0000] {processor.py:840} INFO - DAG(s) 'example_setup_teardown_taskflow' retrieved from /home/vscode/.local/lib/python3.11/site-packages/airflow/example_dags/example_setup_teardown_taskflow.py
[2026-05-09T11:56:19.203+0000] {logging_mixin.py:188} INFO - [2026-05-09T11:56:19.203+0000] {dag.py:3096} INFO - Sync 1 DAGs
[2026-05-09T11:56:19.219+0000] {logging_mixin.py:188} INFO - [2026-05-09T11:56:19.218+0000] {dag.py:3954} INFO - Setting next_dagrun for example_setup_teardown_taskflow to 2026-05-08 00:00:00+00:00, run_after=2026-05-09 00:00:00+00:00
[2026-05-09T11:56:19.235+0000] {processor.py:183} INFO - Processing /home/vscode/.local/lib/python3.11/site-packages/airflow/example_dags/example_setup_teardown_taskflow.py took 0.059 seconds
[2026-05-09T11:57:18.771+0000] {processor.py:161} INFO - Started process (PID=29909) to work on /home/vscode/.local/lib/python3.11/site-packages/airflow/example_dags/example_setup_teardown_taskflow.py
[2026-05-09T11:57:18.771+0000] {processor.py:830} INFO - Processing file /home/vscode/.local/lib/python3.11/site-packages/airflow/example_dags/example_setup_teardown_taskflow.py for tasks to queue
[2026-05-09T11:57:18.772+0000] {logging_mixin.py:188} INFO - [2026-05-09T11:57:18.772+0000] {dagbag.py:545} INFO - Filling up the DagBag from /home/vscode/.local/lib/python3.11/site-packages/airflow/example_dags/example_setup_teardown_taskflow.py
[2026-05-09T11:57:18.779+0000] {processor.py:840} INFO - DAG(s) 'example_setup_teardown_taskflow' retrieved from /home/vscode/.local/lib/python3.11/site-packages/airflow/example_dags/example_setup_teardown_taskflow.py
[2026-05-09T11:57:18.793+0000] {logging_mixin.py:188} INFO - [2026-05-09T11:57:18.793+0000] {dag.py:3096} INFO - Sync 1 DAGs
[2026-05-09T11:57:18.807+0000] {logging_mixin.py:188} INFO - [2026-05-09T11:57:18.807+0000] {dag.py:3954} INFO - Setting next_dagrun for example_setup_teardown_taskflow to 2026-05-08 00:00:00+00:00, run_after=2026-05-09 00:00:00+00:00
[2026-05-09T11:57:18.822+0000] {processor.py:183} INFO - Processing /home/vscode/.local/lib/python3.11/site-packages/airflow/example_dags/example_setup_teardown_taskflow.py took 0.058 seconds
[2026-05-09T11:58:22.504+0000] {processor.py:161} INFO - Started process (PID=30388) to work on /home/vscode/.local/lib/python3.11/site-packages/airflow/example_dags/example_setup_teardown_taskflow.py
[2026-05-09T11:58:22.505+0000] {processor.py:830} INFO - Processing file /home/vscode/.local/lib/python3.11/site-packages/airflow/example_dags/example_setup_teardown_taskflow.py for tasks to queue
[2026-05-09T11:58:22.505+0000] {logging_mixin.py:188} INFO - [2026-05-09T11:58:22.505+0000] {dagbag.py:545} INFO - Filling up the DagBag from /home/vscode/.local/lib/python3.11/site-packages/airflow/example_dags/example_setup_teardown_taskflow.py
[2026-05-09T11:58:22.513+0000] {processor.py:840} INFO - DAG(s) 'example_setup_teardown_taskflow' retrieved from /home/vscode/.local/lib/python3.11/site-packages/airflow/example_dags/example_setup_teardown_taskflow.py
[2026-05-09T11:58:22.525+0000] {logging_mixin.py:188} INFO - [2026-05-09T11:58:22.525+0000] {dag.py:3096} INFO - Sync 1 DAGs
[2026-05-09T11:58:22.540+0000] {logging_mixin.py:188} INFO - [2026-05-09T11:58:22.540+0000] {dag.py:3954} INFO - Setting next_dagrun for example_setup_teardown_taskflow to 2026-05-08 00:00:00+00:00, run_after=2026-05-09 00:00:00+00:00
[2026-05-09T11:58:22.557+0000] {processor.py:183} INFO - Processing /home/vscode/.local/lib/python3.11/site-packages/airflow/example_dags/example_setup_teardown_taskflow.py took 0.059 seconds
[2026-05-09T11:59:04.449+0000] {processor.py:161} INFO - Started process (PID=30740) to work on /home/vscode/.local/lib/python3.11/site-packages/airflow/example_dags/example_setup_teardown_taskflow.py
[2026-05-09T11:59:04.450+0000] {processor.py:830} INFO - Processing file /home/vscode/.local/lib/python3.11/site-packages/airflow/example_dags/example_setup_teardown_taskflow.py for tasks to queue
[2026-05-09T11:59:04.450+0000] {logging_mixin.py:188} INFO - [2026-05-09T11:59:04.450+0000] {dagbag.py:545} INFO - Filling up the DagBag from /home/vscode/.local/lib/python3.11/site-packages/airflow/example_dags/example_setup_teardown_taskflow.py
[2026-05-09T11:59:04.458+0000] {processor.py:840} INFO - DAG(s) 'example_setup_teardown_taskflow' retrieved from /home/vscode/.local/lib/python3.11/site-packages/airflow/example_dags/example_setup_teardown_taskflow.py
[2026-05-09T11:59:04.470+0000] {logging_mixin.py:188} INFO - [2026-05-09T11:59:04.470+0000] {dag.py:3096} INFO - Sync 1 DAGs
[2026-05-09T11:59:04.485+0000] {logging_mixin.py:188} INFO - [2026-05-09T11:59:04.485+0000] {dag.py:3954} INFO - Setting next_dagrun for example_setup_teardown_taskflow to 2026-05-08 00:00:00+00:00, run_after=2026-05-09 00:00:00+00:00
[2026-05-09T11:59:04.501+0000] {processor.py:183} INFO - Processing /home/vscode/.local/lib/python3.11/site-packages/airflow/example_dags/example_setup_teardown_taskflow.py took 0.059 seconds
[2026-05-09T11:59:46.767+0000] {processor.py:161} INFO - Started process (PID=31105) to work on /home/vscode/.local/lib/python3.11/site-packages/airflow/example_dags/example_setup_teardown_taskflow.py
[2026-05-09T11:59:46.767+0000] {processor.py:830} INFO - Processing file /home/vscode/.local/lib/python3.11/site-packages/airflow/example_dags/example_setup_teardown_taskflow.py for tasks to queue
[2026-05-09T11:59:46.768+0000] {logging_mixin.py:188} INFO - [2026-05-09T11:59:46.768+0000] {dagbag.py:545} INFO - Filling up the DagBag from /home/vscode/.local/lib/python3.11/site-packages/airflow/example_dags/example_setup_teardown_taskflow.py
[2026-05-09T11:59:46.776+0000] {processor.py:840} INFO - DAG(s) 'example_setup_teardown_taskflow' retrieved from /home/vscode/.local/lib/python3.11/site-packages/airflow/example_dags/example_setup_teardown_taskflow.py
[2026-05-09T11:59:46.788+0000] {logging_mixin.py:188} INFO - [2026-05-09T11:59:46.788+0000] {dag.py:3096} INFO - Sync 1 DAGs
[2026-05-09T11:59:46.802+0000] {logging_mixin.py:188} INFO - [2026-05-09T11:59:46.802+0000] {dag.py:3954} INFO - Setting next_dagrun for example_setup_teardown_taskflow to 2026-05-08 00:00:00+00:00, run_after=2026-05-09 00:00:00+00:00
[2026-05-09T11:59:46.817+0000] {processor.py:183} INFO - Processing /home/vscode/.local/lib/python3.11/site-packages/airflow/example_dags/example_setup_teardown_taskflow.py took 0.057 seconds
[2026-05-09T12:00:47.193+0000] {processor.py:161} INFO - Started process (PID=31623) to work on /home/vscode/.local/lib/python3.11/site-packages/airflow/example_dags/example_setup_teardown_taskflow.py
[2026-05-09T12:00:47.193+0000] {processor.py:830} INFO - Processing file /home/vscode/.local/lib/python3.11/site-packages/airflow/example_dags/example_setup_teardown_taskflow.py for tasks to queue
[2026-05-09T12:00:47.194+0000] {logging_mixin.py:188} INFO - [2026-05-09T12:00:47.194+0000] {dagbag.py:545} INFO - Filling up the DagBag from /home/vscode/.local/lib/python3.11/site-packages/airflow/example_dags/example_setup_teardown_taskflow.py
[2026-05-09T12:00:47.202+0000] {processor.py:840} INFO - DAG(s) 'example_setup_teardown_taskflow' retrieved from /home/vscode/.local/lib/python3.11/site-packages/airflow/example_dags/example_setup_teardown_taskflow.py
[2026-05-09T12:00:47.214+0000] {logging_mixin.py:188} INFO - [2026-05-09T12:00:47.214+0000] {dag.py:3096} INFO - Sync 1 DAGs
[2026-05-09T12:00:47.228+0000] {logging_mixin.py:188} INFO - [2026-05-09T12:00:47.228+0000] {dag.py:3954} INFO - Setting next_dagrun for example_setup_teardown_taskflow to 2026-05-08 00:00:00+00:00, run_after=2026-05-09 00:00:00+00:00
[2026-05-09T12:00:47.242+0000] {processor.py:183} INFO - Processing /home/vscode/.local/lib/python3.11/site-packages/airflow/example_dags/example_setup_teardown_taskflow.py took 0.056 seconds
[2026-05-09T12:01:30.063+0000] {processor.py:161} INFO - Started process (PID=31925) to work on /home/vscode/.local/lib/python3.11/site-packages/airflow/example_dags/example_setup_teardown_taskflow.py
[2026-05-09T12:01:30.065+0000] {processor.py:830} INFO - Processing file /home/vscode/.local/lib/python3.11/site-packages/airflow/example_dags/example_setup_teardown_taskflow.py for tasks to queue
[2026-05-09T12:01:30.067+0000] {logging_mixin.py:188} INFO - [2026-05-09T12:01:30.066+0000] {dagbag.py:545} INFO - Filling up the DagBag from /home/vscode/.local/lib/python3.11/site-packages/airflow/example_dags/example_setup_teardown_taskflow.py
[2026-05-09T12:01:30.080+0000] {processor.py:840} INFO - DAG(s) 'example_setup_teardown_taskflow' retrieved from /home/vscode/.local/lib/python3.11/site-packages/airflow/example_dags/example_setup_teardown_taskflow.py
[2026-05-09T12:01:30.092+0000] {logging_mixin.py:188} INFO - [2026-05-09T12:01:30.092+0000] {dag.py:3096} INFO - Sync 1 DAGs
[2026-05-09T12:01:30.106+0000] {logging_mixin.py:188} INFO - [2026-05-09T12:01:30.106+0000] {dag.py:3954} INFO - Setting next_dagrun for example_setup_teardown_taskflow to 2026-05-08 00:00:00+00:00, run_after=2026-05-09 00:00:00+00:00
[2026-05-09T12:01:30.121+0000] {processor.py:183} INFO - Processing /home/vscode/.local/lib/python3.11/site-packages/airflow/example_dags/example_setup_teardown_taskflow.py took 0.068 seconds
[2026-05-09T12:02:13.445+0000] {processor.py:161} INFO - Started process (PID=32292) to work on /home/vscode/.local/lib/python3.11/site-packages/airflow/example_dags/example_setup_teardown_taskflow.py
[2026-05-09T12:02:13.446+0000] {processor.py:830} INFO - Processing file /home/vscode/.local/lib/python3.11/site-packages/airflow/example_dags/example_setup_teardown_taskflow.py for tasks to queue
[2026-05-09T12:02:13.446+0000] {logging_mixin.py:188} INFO - [2026-05-09T12:02:13.446+0000] {dagbag.py:545} INFO - Filling up the DagBag from /home/vscode/.local/lib/python3.11/site-packages/airflow/example_dags/example_setup_teardown_taskflow.py
[2026-05-09T12:02:13.454+0000] {processor.py:840} INFO - DAG(s) 'example_setup_teardown_taskflow' retrieved from /home/vscode/.local/lib/python3.11/site-packages/airflow/example_dags/example_setup_teardown_taskflow.py
[2026-05-09T12:02:13.465+0000] {logging_mixin.py:188} INFO - [2026-05-09T12:02:13.465+0000] {dag.py:3096} INFO - Sync 1 DAGs
[2026-05-09T12:02:13.479+0000] {logging_mixin.py:188} INFO - [2026-05-09T12:02:13.479+0000] {dag.py:3954} INFO - Setting next_dagrun for example_setup_teardown_taskflow to 2026-05-08 00:00:00+00:00, run_after=2026-05-09 00:00:00+00:00
[2026-05-09T12:02:13.494+0000] {processor.py:183} INFO - Processing /home/vscode/.local/lib/python3.11/site-packages/airflow/example_dags/example_setup_teardown_taskflow.py took 0.055 seconds
[2026-05-09T12:02:56.169+0000] {processor.py:161} INFO - Started process (PID=32650) to work on /home/vscode/.local/lib/python3.11/site-packages/airflow/example_dags/example_setup_teardown_taskflow.py
[2026-05-09T12:02:56.170+0000] {processor.py:830} INFO - Processing file /home/vscode/.local/lib/python3.11/site-packages/airflow/example_dags/example_setup_teardown_taskflow.py for tasks to queue
[2026-05-09T12:02:56.170+0000] {logging_mixin.py:188} INFO - [2026-05-09T12:02:56.170+0000] {dagbag.py:545} INFO - Filling up the DagBag from /home/vscode/.local/lib/python3.11/site-packages/airflow/example_dags/example_setup_teardown_taskflow.py
[2026-05-09T12:02:56.179+0000] {processor.py:840} INFO - DAG(s) 'example_setup_teardown_taskflow' retrieved from /home/vscode/.local/lib/python3.11/site-packages/airflow/example_dags/example_setup_teardown_taskflow.py
[2026-05-09T12:02:56.191+0000] {logging_mixin.py:188} INFO - [2026-05-09T12:02:56.191+0000] {dag.py:3096} INFO - Sync 1 DAGs
[2026-05-09T12:02:56.206+0000] {logging_mixin.py:188} INFO - [2026-05-09T12:02:56.206+0000] {dag.py:3954} INFO - Setting next_dagrun for example_setup_teardown_taskflow to 2026-05-08 00:00:00+00:00, run_after=2026-05-09 00:00:00+00:00
[2026-05-09T12:02:56.221+0000] {processor.py:183} INFO - Processing /home/vscode/.local/lib/python3.11/site-packages/airflow/example_dags/example_setup_teardown_taskflow.py took 0.058 seconds
[2026-05-09T12:03:57.830+0000] {processor.py:161} INFO - Started process (PID=33181) to work on /home/vscode/.local/lib/python3.11/site-packages/airflow/example_dags/example_setup_teardown_taskflow.py
[2026-05-09T12:03:57.831+0000] {processor.py:830} INFO - Processing file /home/vscode/.local/lib/python3.11/site-packages/airflow/example_dags/example_setup_teardown_taskflow.py for tasks to queue
[2026-05-09T12:03:57.831+0000] {logging_mixin.py:188} INFO - [2026-05-09T12:03:57.831+0000] {dagbag.py:545} INFO - Filling up the DagBag from /home/vscode/.local/lib/python3.11/site-packages/airflow/example_dags/example_setup_teardown_taskflow.py
[2026-05-09T12:03:57.840+0000] {processor.py:840} INFO - DAG(s) 'example_setup_teardown_taskflow' retrieved from /home/vscode/.local/lib/python3.11/site-packages/airflow/example_dags/example_setup_teardown_taskflow.py
[2026-05-09T12:03:57.856+0000] {logging_mixin.py:188} INFO - [2026-05-09T12:03:57.856+0000] {dag.py:3096} INFO - Sync 1 DAGs
[2026-05-09T12:03:57.871+0000] {logging_mixin.py:188} INFO - [2026-05-09T12:03:57.871+0000] {dag.py:3954} INFO - Setting next_dagrun for example_setup_teardown_taskflow to 2026-05-08 00:00:00+00:00, run_after=2026-05-09 00:00:00+00:00
[2026-05-09T12:03:57.886+0000] {processor.py:183} INFO - Processing /home/vscode/.local/lib/python3.11/site-packages/airflow/example_dags/example_setup_teardown_taskflow.py took 0.062 seconds
[2026-05-09T12:04:39.192+0000] {processor.py:161} INFO - Started process (PID=33539) to work on /home/vscode/.local/lib/python3.11/site-packages/airflow/example_dags/example_setup_teardown_taskflow.py
[2026-05-09T12:04:39.193+0000] {processor.py:830} INFO - Processing file /home/vscode/.local/lib/python3.11/site-packages/airflow/example_dags/example_setup_teardown_taskflow.py for tasks to queue
[2026-05-09T12:04:39.193+0000] {logging_mixin.py:188} INFO - [2026-05-09T12:04:39.193+0000] {dagbag.py:545} INFO - Filling up the DagBag from /home/vscode/.local/lib/python3.11/site-packages/airflow/example_dags/example_setup_teardown_taskflow.py
[2026-05-09T12:04:39.201+0000] {processor.py:840} INFO - DAG(s) 'example_setup_teardown_taskflow' retrieved from /home/vscode/.local/lib/python3.11/site-packages/airflow/example_dags/example_setup_teardown_taskflow.py
[2026-05-09T12:04:39.213+0000] {logging_mixin.py:188} INFO - [2026-05-09T12:04:39.213+0000] {dag.py:3096} INFO - Sync 1 DAGs
[2026-05-09T12:04:39.228+0000] {logging_mixin.py:188} INFO - [2026-05-09T12:04:39.228+0000] {dag.py:3954} INFO - Setting next_dagrun for example_setup_teardown_taskflow to 2026-05-08 00:00:00+00:00, run_after=2026-05-09 00:00:00+00:00
[2026-05-09T12:04:39.246+0000] {processor.py:183} INFO - Processing /home/vscode/.local/lib/python3.11/site-packages/airflow/example_dags/example_setup_teardown_taskflow.py took 0.060 seconds
[2026-05-09T12:05:41.332+0000] {processor.py:161} INFO - Started process (PID=34071) to work on /home/vscode/.local/lib/python3.11/site-packages/airflow/example_dags/example_setup_teardown_taskflow.py
[2026-05-09T12:05:41.333+0000] {processor.py:830} INFO - Processing file /home/vscode/.local/lib/python3.11/site-packages/airflow/example_dags/example_setup_teardown_taskflow.py for tasks to queue
[2026-05-09T12:05:41.334+0000] {logging_mixin.py:188} INFO - [2026-05-09T12:05:41.333+0000] {dagbag.py:545} INFO - Filling up the DagBag from /home/vscode/.local/lib/python3.11/site-packages/airflow/example_dags/example_setup_teardown_taskflow.py
[2026-05-09T12:05:41.343+0000] {processor.py:840} INFO - DAG(s) 'example_setup_teardown_taskflow' retrieved from /home/vscode/.local/lib/python3.11/site-packages/airflow/example_dags/example_setup_teardown_taskflow.py
[2026-05-09T12:05:41.355+0000] {logging_mixin.py:188} INFO - [2026-05-09T12:05:41.355+0000] {dag.py:3096} INFO - Sync 1 DAGs
[2026-05-09T12:05:41.368+0000] {logging_mixin.py:188} INFO - [2026-05-09T12:05:41.368+0000] {dag.py:3954} INFO - Setting next_dagrun for example_setup_teardown_taskflow to 2026-05-08 00:00:00+00:00, run_after=2026-05-09 00:00:00+00:00
[2026-05-09T12:05:41.384+0000] {processor.py:183} INFO - Processing /home/vscode/.local/lib/python3.11/site-packages/airflow/example_dags/example_setup_teardown_taskflow.py took 0.060 seconds
[2026-05-09T12:06:24.507+0000] {processor.py:161} INFO - Started process (PID=34377) to work on /home/vscode/.local/lib/python3.11/site-packages/airflow/example_dags/example_setup_teardown_taskflow.py
[2026-05-09T12:06:24.507+0000] {processor.py:830} INFO - Processing file /home/vscode/.local/lib/python3.11/site-packages/airflow/example_dags/example_setup_teardown_taskflow.py for tasks to queue
[2026-05-09T12:06:24.508+0000] {logging_mixin.py:188} INFO - [2026-05-09T12:06:24.507+0000] {dagbag.py:545} INFO - Filling up the DagBag from /home/vscode/.local/lib/python3.11/site-packages/airflow/example_dags/example_setup_teardown_taskflow.py
[2026-05-09T12:06:24.517+0000] {processor.py:840} INFO - DAG(s) 'example_setup_teardown_taskflow' retrieved from /home/vscode/.local/lib/python3.11/site-packages/airflow/example_dags/example_setup_teardown_taskflow.py
[2026-05-09T12:06:24.530+0000] {logging_mixin.py:188} INFO - [2026-05-09T12:06:24.530+0000] {dag.py:3096} INFO - Sync 1 DAGs
[2026-05-09T12:06:24.545+0000] {logging_mixin.py:188} INFO - [2026-05-09T12:06:24.545+0000] {dag.py:3954} INFO - Setting next_dagrun for example_setup_teardown_taskflow to 2026-05-08 00:00:00+00:00, run_after=2026-05-09 00:00:00+00:00
[2026-05-09T12:06:24.563+0000] {processor.py:183} INFO - Processing /home/vscode/.local/lib/python3.11/site-packages/airflow/example_dags/example_setup_teardown_taskflow.py took 0.063 seconds
[2026-05-09T12:07:09.466+0000] {processor.py:161} INFO - Started process (PID=34740) to work on /home/vscode/.local/lib/python3.11/site-packages/airflow/example_dags/example_setup_teardown_taskflow.py
[2026-05-09T12:07:09.466+0000] {processor.py:830} INFO - Processing file /home/vscode/.local/lib/python3.11/site-packages/airflow/example_dags/example_setup_teardown_taskflow.py for tasks to queue
[2026-05-09T12:07:09.467+0000] {logging_mixin.py:188} INFO - [2026-05-09T12:07:09.467+0000] {dagbag.py:545} INFO - Filling up the DagBag from /home/vscode/.local/lib/python3.11/site-packages/airflow/example_dags/example_setup_teardown_taskflow.py
[2026-05-09T12:07:09.476+0000] {processor.py:840} INFO - DAG(s) 'example_setup_teardown_taskflow' retrieved from /home/vscode/.local/lib/python3.11/site-packages/airflow/example_dags/example_setup_teardown_taskflow.py
[2026-05-09T12:07:09.489+0000] {logging_mixin.py:188} INFO - [2026-05-09T12:07:09.489+0000] {dag.py:3096} INFO - Sync 1 DAGs
[2026-05-09T12:07:09.504+0000] {logging_mixin.py:188} INFO - [2026-05-09T12:07:09.504+0000] {dag.py:3954} INFO - Setting next_dagrun for example_setup_teardown_taskflow to 2026-05-08 00:00:00+00:00, run_after=2026-05-09 00:00:00+00:00
[2026-05-09T12:07:09.519+0000] {processor.py:183} INFO - Processing /home/vscode/.local/lib/python3.11/site-packages/airflow/example_dags/example_setup_teardown_taskflow.py took 0.060 seconds
[2026-05-09T12:07:51.898+0000] {processor.py:161} INFO - Started process (PID=35105) to work on /home/vscode/.local/lib/python3.11/site-packages/airflow/example_dags/example_setup_teardown_taskflow.py
[2026-05-09T12:07:51.899+0000] {processor.py:830} INFO - Processing file /home/vscode/.local/lib/python3.11/site-packages/airflow/example_dags/example_setup_teardown_taskflow.py for tasks to queue
[2026-05-09T12:07:51.899+0000] {logging_mixin.py:188} INFO - [2026-05-09T12:07:51.899+0000] {dagbag.py:545} INFO - Filling up the DagBag from /home/vscode/.local/lib/python3.11/site-packages/airflow/example_dags/example_setup_teardown_taskflow.py
[2026-05-09T12:07:51.907+0000] {processor.py:840} INFO - DAG(s) 'example_setup_teardown_taskflow' retrieved from /home/vscode/.local/lib/python3.11/site-packages/airflow/example_dags/example_setup_teardown_taskflow.py
[2026-05-09T12:07:51.919+0000] {logging_mixin.py:188} INFO - [2026-05-09T12:07:51.919+0000] {dag.py:3096} INFO - Sync 1 DAGs
[2026-05-09T12:07:51.936+0000] {logging_mixin.py:188} INFO - [2026-05-09T12:07:51.936+0000] {dag.py:3954} INFO - Setting next_dagrun for example_setup_teardown_taskflow to 2026-05-08 00:00:00+00:00, run_after=2026-05-09 00:00:00+00:00
[2026-05-09T12:07:51.953+0000] {processor.py:183} INFO - Processing /home/vscode/.local/lib/python3.11/site-packages/airflow/example_dags/example_setup_teardown_taskflow.py took 0.061 seconds
[2026-05-09T12:08:53.791+0000] {processor.py:161} INFO - Started process (PID=35638) to work on /home/vscode/.local/lib/python3.11/site-packages/airflow/example_dags/example_setup_teardown_taskflow.py
[2026-05-09T12:08:53.792+0000] {processor.py:830} INFO - Processing file /home/vscode/.local/lib/python3.11/site-packages/airflow/example_dags/example_setup_teardown_taskflow.py for tasks to queue
[2026-05-09T12:08:53.792+0000] {logging_mixin.py:188} INFO - [2026-05-09T12:08:53.792+0000] {dagbag.py:545} INFO - Filling up the DagBag from /home/vscode/.local/lib/python3.11/site-packages/airflow/example_dags/example_setup_teardown_taskflow.py
[2026-05-09T12:08:53.800+0000] {processor.py:840} INFO - DAG(s) 'example_setup_teardown_taskflow' retrieved from /home/vscode/.local/lib/python3.11/site-packages/airflow/example_dags/example_setup_teardown_taskflow.py
[2026-05-09T12:08:53.812+0000] {logging_mixin.py:188} INFO - [2026-05-09T12:08:53.812+0000] {dag.py:3096} INFO - Sync 1 DAGs
[2026-05-09T12:08:53.827+0000] {logging_mixin.py:188} INFO - [2026-05-09T12:08:53.827+0000] {dag.py:3954} INFO - Setting next_dagrun for example_setup_teardown_taskflow to 2026-05-08 00:00:00+00:00, run_after=2026-05-09 00:00:00+00:00
[2026-05-09T12:08:53.845+0000] {processor.py:183} INFO - Processing /home/vscode/.local/lib/python3.11/site-packages/airflow/example_dags/example_setup_teardown_taskflow.py took 0.060 seconds
[2026-05-09T12:09:51.554+0000] {processor.py:161} INFO - Started process (PID=36144) to work on /home/vscode/.local/lib/python3.11/site-packages/airflow/example_dags/example_setup_teardown_taskflow.py
[2026-05-09T12:09:51.555+0000] {processor.py:830} INFO - Processing file /home/vscode/.local/lib/python3.11/site-packages/airflow/example_dags/example_setup_teardown_taskflow.py for tasks to queue
[2026-05-09T12:09:51.555+0000] {logging_mixin.py:188} INFO - [2026-05-09T12:09:51.555+0000] {dagbag.py:545} INFO - Filling up the DagBag from /home/vscode/.local/lib/python3.11/site-packages/airflow/example_dags/example_setup_teardown_taskflow.py
[2026-05-09T12:09:51.563+0000] {processor.py:840} INFO - DAG(s) 'example_setup_teardown_taskflow' retrieved from /home/vscode/.local/lib/python3.11/site-packages/airflow/example_dags/example_setup_teardown_taskflow.py
[2026-05-09T12:09:51.575+0000] {logging_mixin.py:188} INFO - [2026-05-09T12:09:51.575+0000] {dag.py:3096} INFO - Sync 1 DAGs
[2026-05-09T12:09:51.589+0000] {logging_mixin.py:188} INFO - [2026-05-09T12:09:51.589+0000] {dag.py:3954} INFO - Setting next_dagrun for example_setup_teardown_taskflow to 2026-05-08 00:00:00+00:00, run_after=2026-05-09 00:00:00+00:00
[2026-05-09T12:09:51.605+0000] {processor.py:183} INFO - Processing /home/vscode/.local/lib/python3.11/site-packages/airflow/example_dags/example_setup_teardown_taskflow.py took 0.063 seconds
[2026-05-09T12:10:54.575+0000] {processor.py:161} INFO - Started process (PID=36622) to work on /home/vscode/.local/lib/python3.11/site-packages/airflow/example_dags/example_setup_teardown_taskflow.py
[2026-05-09T12:10:54.576+0000] {processor.py:830} INFO - Processing file /home/vscode/.local/lib/python3.11/site-packages/airflow/example_dags/example_setup_teardown_taskflow.py for tasks to queue
[2026-05-09T12:10:54.576+0000] {logging_mixin.py:188} INFO - [2026-05-09T12:10:54.576+0000] {dagbag.py:545} INFO - Filling up the DagBag from /home/vscode/.local/lib/python3.11/site-packages/airflow/example_dags/example_setup_teardown_taskflow.py
[2026-05-09T12:10:54.584+0000] {processor.py:840} INFO - DAG(s) 'example_setup_teardown_taskflow' retrieved from /home/vscode/.local/lib/python3.11/site-packages/airflow/example_dags/example_setup_teardown_taskflow.py
[2026-05-09T12:10:54.596+0000] {logging_mixin.py:188} INFO - [2026-05-09T12:10:54.596+0000] {dag.py:3096} INFO - Sync 1 DAGs
[2026-05-09T12:10:54.609+0000] {logging_mixin.py:188} INFO - [2026-05-09T12:10:54.609+0000] {dag.py:3954} INFO - Setting next_dagrun for example_setup_teardown_taskflow to 2026-05-08 00:00:00+00:00, run_after=2026-05-09 00:00:00+00:00
[2026-05-09T12:10:54.626+0000] {processor.py:183} INFO - Processing /home/vscode/.local/lib/python3.11/site-packages/airflow/example_dags/example_setup_teardown_taskflow.py took 0.057 seconds
[2026-05-09T12:11:55.021+0000] {processor.py:161} INFO - Started process (PID=37144) to work on /home/vscode/.local/lib/python3.11/site-packages/airflow/example_dags/example_setup_teardown_taskflow.py
[2026-05-09T12:11:55.022+0000] {processor.py:830} INFO - Processing file /home/vscode/.local/lib/python3.11/site-packages/airflow/example_dags/example_setup_teardown_taskflow.py for tasks to queue
[2026-05-09T12:11:55.023+0000] {logging_mixin.py:188} INFO - [2026-05-09T12:11:55.022+0000] {dagbag.py:545} INFO - Filling up the DagBag from /home/vscode/.local/lib/python3.11/site-packages/airflow/example_dags/example_setup_teardown_taskflow.py
[2026-05-09T12:11:55.031+0000] {processor.py:840} INFO - DAG(s) 'example_setup_teardown_taskflow' retrieved from /home/vscode/.local/lib/python3.11/site-packages/airflow/example_dags/example_setup_teardown_taskflow.py
[2026-05-09T12:11:55.046+0000] {logging_mixin.py:188} INFO - [2026-05-09T12:11:55.046+0000] {dag.py:3096} INFO - Sync 1 DAGs
[2026-05-09T12:11:55.061+0000] {logging_mixin.py:188} INFO - [2026-05-09T12:11:55.060+0000] {dag.py:3954} INFO - Setting next_dagrun for example_setup_teardown_taskflow to 2026-05-08 00:00:00+00:00, run_after=2026-05-09 00:00:00+00:00
[2026-05-09T12:11:55.077+0000] {processor.py:183} INFO - Processing /home/vscode/.local/lib/python3.11/site-packages/airflow/example_dags/example_setup_teardown_taskflow.py took 0.062 seconds
[2026-05-09T12:12:56.219+0000] {processor.py:161} INFO - Started process (PID=37608) to work on /home/vscode/.local/lib/python3.11/site-packages/airflow/example_dags/example_setup_teardown_taskflow.py
[2026-05-09T12:12:56.220+0000] {processor.py:830} INFO - Processing file /home/vscode/.local/lib/python3.11/site-packages/airflow/example_dags/example_setup_teardown_taskflow.py for tasks to queue
[2026-05-09T12:12:56.220+0000] {logging_mixin.py:188} INFO - [2026-05-09T12:12:56.220+0000] {dagbag.py:545} INFO - Filling up the DagBag from /home/vscode/.local/lib/python3.11/site-packages/airflow/example_dags/example_setup_teardown_taskflow.py
[2026-05-09T12:12:56.229+0000] {processor.py:840} INFO - DAG(s) 'example_setup_teardown_taskflow' retrieved from /home/vscode/.local/lib/python3.11/site-packages/airflow/example_dags/example_setup_teardown_taskflow.py
[2026-05-09T12:12:56.245+0000] {logging_mixin.py:188} INFO - [2026-05-09T12:12:56.245+0000] {dag.py:3096} INFO - Sync 1 DAGs
[2026-05-09T12:12:56.259+0000] {logging_mixin.py:188} INFO - [2026-05-09T12:12:56.259+0000] {dag.py:3954} INFO - Setting next_dagrun for example_setup_teardown_taskflow to 2026-05-08 00:00:00+00:00, run_after=2026-05-09 00:00:00+00:00
[2026-05-09T12:12:56.274+0000] {processor.py:183} INFO - Processing /home/vscode/.local/lib/python3.11/site-packages/airflow/example_dags/example_setup_teardown_taskflow.py took 0.061 seconds
[2026-05-09T12:14:00.589+0000] {processor.py:161} INFO - Started process (PID=38208) to work on /home/vscode/.local/lib/python3.11/site-packages/airflow/example_dags/example_setup_teardown_taskflow.py
[2026-05-09T12:14:00.590+0000] {processor.py:830} INFO - Processing file /home/vscode/.local/lib/python3.11/site-packages/airflow/example_dags/example_setup_teardown_taskflow.py for tasks to queue
[2026-05-09T12:14:00.591+0000] {logging_mixin.py:188} INFO - [2026-05-09T12:14:00.590+0000] {dagbag.py:545} INFO - Filling up the DagBag from /home/vscode/.local/lib/python3.11/site-packages/airflow/example_dags/example_setup_teardown_taskflow.py
[2026-05-09T12:14:00.601+0000] {processor.py:840} INFO - DAG(s) 'example_setup_teardown_taskflow' retrieved from /home/vscode/.local/lib/python3.11/site-packages/airflow/example_dags/example_setup_teardown_taskflow.py
[2026-05-09T12:14:00.622+0000] {logging_mixin.py:188} INFO - [2026-05-09T12:14:00.622+0000] {dag.py:3096} INFO - Sync 1 DAGs
[2026-05-09T12:14:00.641+0000] {logging_mixin.py:188} INFO - [2026-05-09T12:14:00.640+0000] {dag.py:3954} INFO - Setting next_dagrun for example_setup_teardown_taskflow to 2026-05-08 00:00:00+00:00, run_after=2026-05-09 00:00:00+00:00
[2026-05-09T12:14:00.657+0000] {processor.py:183} INFO - Processing /home/vscode/.local/lib/python3.11/site-packages/airflow/example_dags/example_setup_teardown_taskflow.py took 0.075 seconds
[2026-05-09T12:14:45.220+0000] {processor.py:161} INFO - Started process (PID=38583) to work on /home/vscode/.local/lib/python3.11/site-packages/airflow/example_dags/example_setup_teardown_taskflow.py
[2026-05-09T12:14:45.221+0000] {processor.py:830} INFO - Processing file /home/vscode/.local/lib/python3.11/site-packages/airflow/example_dags/example_setup_teardown_taskflow.py for tasks to queue
[2026-05-09T12:14:45.221+0000] {logging_mixin.py:188} INFO - [2026-05-09T12:14:45.221+0000] {dagbag.py:545} INFO - Filling up the DagBag from /home/vscode/.local/lib/python3.11/site-packages/airflow/example_dags/example_setup_teardown_taskflow.py
[2026-05-09T12:14:45.231+0000] {processor.py:840} INFO - DAG(s) 'example_setup_teardown_taskflow' retrieved from /home/vscode/.local/lib/python3.11/site-packages/airflow/example_dags/example_setup_teardown_taskflow.py
[2026-05-09T12:14:45.246+0000] {logging_mixin.py:188} INFO - [2026-05-09T12:14:45.246+0000] {dag.py:3096} INFO - Sync 1 DAGs
[2026-05-09T12:14:45.260+0000] {logging_mixin.py:188} INFO - [2026-05-09T12:14:45.260+0000] {dag.py:3954} INFO - Setting next_dagrun for example_setup_teardown_taskflow to 2026-05-08 00:00:00+00:00, run_after=2026-05-09 00:00:00+00:00
[2026-05-09T12:14:45.276+0000] {processor.py:183} INFO - Processing /home/vscode/.local/lib/python3.11/site-packages/airflow/example_dags/example_setup_teardown_taskflow.py took 0.062 seconds
[2026-05-09T12:15:45.660+0000] {processor.py:161} INFO - Started process (PID=39046) to work on /home/vscode/.local/lib/python3.11/site-packages/airflow/example_dags/example_setup_teardown_taskflow.py
[2026-05-09T12:15:45.661+0000] {processor.py:830} INFO - Processing file /home/vscode/.local/lib/python3.11/site-packages/airflow/example_dags/example_setup_teardown_taskflow.py for tasks to queue
[2026-05-09T12:15:45.661+0000] {logging_mixin.py:188} INFO - [2026-05-09T12:15:45.661+0000] {dagbag.py:545} INFO - Filling up the DagBag from /home/vscode/.local/lib/python3.11/site-packages/airflow/example_dags/example_setup_teardown_taskflow.py
[2026-05-09T12:15:45.669+0000] {processor.py:840} INFO - DAG(s) 'example_setup_teardown_taskflow' retrieved from /home/vscode/.local/lib/python3.11/site-packages/airflow/example_dags/example_setup_teardown_taskflow.py
[2026-05-09T12:15:45.682+0000] {logging_mixin.py:188} INFO - [2026-05-09T12:15:45.682+0000] {dag.py:3096} INFO - Sync 1 DAGs
[2026-05-09T12:15:45.696+0000] {logging_mixin.py:188} INFO - [2026-05-09T12:15:45.695+0000] {dag.py:3954} INFO - Setting next_dagrun for example_setup_teardown_taskflow to 2026-05-08 00:00:00+00:00, run_after=2026-05-09 00:00:00+00:00
[2026-05-09T12:15:45.710+0000] {processor.py:183} INFO - Processing /home/vscode/.local/lib/python3.11/site-packages/airflow/example_dags/example_setup_teardown_taskflow.py took 0.056 seconds
[2026-05-09T12:16:30.242+0000] {processor.py:161} INFO - Started process (PID=39354) to work on /home/vscode/.local/lib/python3.11/site-packages/airflow/example_dags/example_setup_teardown_taskflow.py
[2026-05-09T12:16:30.242+0000] {processor.py:830} INFO - Processing file /home/vscode/.local/lib/python3.11/site-packages/airflow/example_dags/example_setup_teardown_taskflow.py for tasks to queue
[2026-05-09T12:16:30.243+0000] {logging_mixin.py:188} INFO - [2026-05-09T12:16:30.243+0000] {dagbag.py:545} INFO - Filling up the DagBag from /home/vscode/.local/lib/python3.11/site-packages/airflow/example_dags/example_setup_teardown_taskflow.py
[2026-05-09T12:16:30.251+0000] {processor.py:840} INFO - DAG(s) 'example_setup_teardown_taskflow' retrieved from /home/vscode/.local/lib/python3.11/site-packages/airflow/example_dags/example_setup_teardown_taskflow.py
[2026-05-09T12:16:30.263+0000] {logging_mixin.py:188} INFO - [2026-05-09T12:16:30.263+0000] {dag.py:3096} INFO - Sync 1 DAGs
[2026-05-09T12:16:30.279+0000] {logging_mixin.py:188} INFO - [2026-05-09T12:16:30.278+0000] {dag.py:3954} INFO - Setting next_dagrun for example_setup_teardown_taskflow to 2026-05-08 00:00:00+00:00, run_after=2026-05-09 00:00:00+00:00
[2026-05-09T12:16:30.298+0000] {processor.py:183} INFO - Processing /home/vscode/.local/lib/python3.11/site-packages/airflow/example_dags/example_setup_teardown_taskflow.py took 0.065 seconds
[2026-05-09T12:17:16.302+0000] {processor.py:161} INFO - Started process (PID=39730) to work on /home/vscode/.local/lib/python3.11/site-packages/airflow/example_dags/example_setup_teardown_taskflow.py
[2026-05-09T12:17:16.302+0000] {processor.py:830} INFO - Processing file /home/vscode/.local/lib/python3.11/site-packages/airflow/example_dags/example_setup_teardown_taskflow.py for tasks to queue
[2026-05-09T12:17:16.303+0000] {logging_mixin.py:188} INFO - [2026-05-09T12:17:16.303+0000] {dagbag.py:545} INFO - Filling up the DagBag from /home/vscode/.local/lib/python3.11/site-packages/airflow/example_dags/example_setup_teardown_taskflow.py
[2026-05-09T12:17:16.312+0000] {processor.py:840} INFO - DAG(s) 'example_setup_teardown_taskflow' retrieved from /home/vscode/.local/lib/python3.11/site-packages/airflow/example_dags/example_setup_teardown_taskflow.py
[2026-05-09T12:17:16.331+0000] {logging_mixin.py:188} INFO - [2026-05-09T12:17:16.331+0000] {dag.py:3096} INFO - Sync 1 DAGs
[2026-05-09T12:17:16.349+0000] {logging_mixin.py:188} INFO - [2026-05-09T12:17:16.349+0000] {dag.py:3954} INFO - Setting next_dagrun for example_setup_teardown_taskflow to 2026-05-08 00:00:00+00:00, run_after=2026-05-09 00:00:00+00:00
[2026-05-09T12:17:16.365+0000] {processor.py:183} INFO - Processing /home/vscode/.local/lib/python3.11/site-packages/airflow/example_dags/example_setup_teardown_taskflow.py took 0.069 seconds
[2026-05-09T12:18:00.149+0000] {processor.py:161} INFO - Started process (PID=40097) to work on /home/vscode/.local/lib/python3.11/site-packages/airflow/example_dags/example_setup_teardown_taskflow.py
[2026-05-09T12:18:00.149+0000] {processor.py:830} INFO - Processing file /home/vscode/.local/lib/python3.11/site-packages/airflow/example_dags/example_setup_teardown_taskflow.py for tasks to queue
[2026-05-09T12:18:00.150+0000] {logging_mixin.py:188} INFO - [2026-05-09T12:18:00.150+0000] {dagbag.py:545} INFO - Filling up the DagBag from /home/vscode/.local/lib/python3.11/site-packages/airflow/example_dags/example_setup_teardown_taskflow.py
[2026-05-09T12:18:00.158+0000] {processor.py:840} INFO - DAG(s) 'example_setup_teardown_taskflow' retrieved from /home/vscode/.local/lib/python3.11/site-packages/airflow/example_dags/example_setup_teardown_taskflow.py
[2026-05-09T12:18:00.170+0000] {logging_mixin.py:188} INFO - [2026-05-09T12:18:00.170+0000] {dag.py:3096} INFO - Sync 1 DAGs
[2026-05-09T12:18:00.184+0000] {logging_mixin.py:188} INFO - [2026-05-09T12:18:00.184+0000] {dag.py:3954} INFO - Setting next_dagrun for example_setup_teardown_taskflow to 2026-05-08 00:00:00+00:00, run_after=2026-05-09 00:00:00+00:00
[2026-05-09T12:18:00.199+0000] {processor.py:183} INFO - Processing /home/vscode/.local/lib/python3.11/site-packages/airflow/example_dags/example_setup_teardown_taskflow.py took 0.056 seconds
[2026-05-09T12:18:59.795+0000] {processor.py:161} INFO - Started process (PID=40680) to work on /home/vscode/.local/lib/python3.11/site-packages/airflow/example_dags/example_setup_teardown_taskflow.py
[2026-05-09T12:18:59.796+0000] {processor.py:830} INFO - Processing file /home/vscode/.local/lib/python3.11/site-packages/airflow/example_dags/example_setup_teardown_taskflow.py for tasks to queue
[2026-05-09T12:18:59.796+0000] {logging_mixin.py:188} INFO - [2026-05-09T12:18:59.796+0000] {dagbag.py:545} INFO - Filling up the DagBag from /home/vscode/.local/lib/python3.11/site-packages/airflow/example_dags/example_setup_teardown_taskflow.py
[2026-05-09T12:18:59.804+0000] {processor.py:840} INFO - DAG(s) 'example_setup_teardown_taskflow' retrieved from /home/vscode/.local/lib/python3.11/site-packages/airflow/example_dags/example_setup_teardown_taskflow.py
[2026-05-09T12:18:59.816+0000] {logging_mixin.py:188} INFO - [2026-05-09T12:18:59.816+0000] {dag.py:3096} INFO - Sync 1 DAGs
[2026-05-09T12:18:59.833+0000] {logging_mixin.py:188} INFO - [2026-05-09T12:18:59.833+0000] {dag.py:3954} INFO - Setting next_dagrun for example_setup_teardown_taskflow to 2026-05-08 00:00:00+00:00, run_after=2026-05-09 00:00:00+00:00
[2026-05-09T12:18:59.850+0000] {processor.py:183} INFO - Processing /home/vscode/.local/lib/python3.11/site-packages/airflow/example_dags/example_setup_teardown_taskflow.py took 0.061 seconds
[2026-05-09T12:19:43.609+0000] {processor.py:161} INFO - Started process (PID=41046) to work on /home/vscode/.local/lib/python3.11/site-packages/airflow/example_dags/example_setup_teardown_taskflow.py
[2026-05-09T12:19:43.609+0000] {processor.py:830} INFO - Processing file /home/vscode/.local/lib/python3.11/site-packages/airflow/example_dags/example_setup_teardown_taskflow.py for tasks to queue
[2026-05-09T12:19:43.610+0000] {logging_mixin.py:188} INFO - [2026-05-09T12:19:43.610+0000] {dagbag.py:545} INFO - Filling up the DagBag from /home/vscode/.local/lib/python3.11/site-packages/airflow/example_dags/example_setup_teardown_taskflow.py
[2026-05-09T12:19:43.618+0000] {processor.py:840} INFO - DAG(s) 'example_setup_teardown_taskflow' retrieved from /home/vscode/.local/lib/python3.11/site-packages/airflow/example_dags/example_setup_teardown_taskflow.py
[2026-05-09T12:19:43.633+0000] {logging_mixin.py:188} INFO - [2026-05-09T12:19:43.633+0000] {dag.py:3096} INFO - Sync 1 DAGs
[2026-05-09T12:19:43.650+0000] {logging_mixin.py:188} INFO - [2026-05-09T12:19:43.649+0000] {dag.py:3954} INFO - Setting next_dagrun for example_setup_teardown_taskflow to 2026-05-08 00:00:00+00:00, run_after=2026-05-09 00:00:00+00:00
[2026-05-09T12:19:43.666+0000] {processor.py:183} INFO - Processing /home/vscode/.local/lib/python3.11/site-packages/airflow/example_dags/example_setup_teardown_taskflow.py took 0.064 seconds
[2026-05-09T12:20:29.902+0000] {processor.py:161} INFO - Started process (PID=41369) to work on /home/vscode/.local/lib/python3.11/site-packages/airflow/example_dags/example_setup_teardown_taskflow.py
[2026-05-09T12:20:29.902+0000] {processor.py:830} INFO - Processing file /home/vscode/.local/lib/python3.11/site-packages/airflow/example_dags/example_setup_teardown_taskflow.py for tasks to queue
[2026-05-09T12:20:29.903+0000] {logging_mixin.py:188} INFO - [2026-05-09T12:20:29.903+0000] {dagbag.py:545} INFO - Filling up the DagBag from /home/vscode/.local/lib/python3.11/site-packages/airflow/example_dags/example_setup_teardown_taskflow.py
[2026-05-09T12:20:29.911+0000] {processor.py:840} INFO - DAG(s) 'example_setup_teardown_taskflow' retrieved from /home/vscode/.local/lib/python3.11/site-packages/airflow/example_dags/example_setup_teardown_taskflow.py
[2026-05-09T12:20:29.923+0000] {logging_mixin.py:188} INFO - [2026-05-09T12:20:29.923+0000] {dag.py:3096} INFO - Sync 1 DAGs
[2026-05-09T12:20:29.952+0000] {logging_mixin.py:188} INFO - [2026-05-09T12:20:29.952+0000] {dag.py:3954} INFO - Setting next_dagrun for example_setup_teardown_taskflow to 2026-05-08 00:00:00+00:00, run_after=2026-05-09 00:00:00+00:00
[2026-05-09T12:20:29.978+0000] {processor.py:183} INFO - Processing /home/vscode/.local/lib/python3.11/site-packages/airflow/example_dags/example_setup_teardown_taskflow.py took 0.083 seconds
[2026-05-09T12:21:30.414+0000] {processor.py:161} INFO - Started process (PID=41834) to work on /home/vscode/.local/lib/python3.11/site-packages/airflow/example_dags/example_setup_teardown_taskflow.py
[2026-05-09T12:21:30.415+0000] {processor.py:830} INFO - Processing file /home/vscode/.local/lib/python3.11/site-packages/airflow/example_dags/example_setup_teardown_taskflow.py for tasks to queue
[2026-05-09T12:21:30.415+0000] {logging_mixin.py:188} INFO - [2026-05-09T12:21:30.415+0000] {dagbag.py:545} INFO - Filling up the DagBag from /home/vscode/.local/lib/python3.11/site-packages/airflow/example_dags/example_setup_teardown_taskflow.py
[2026-05-09T12:21:30.431+0000] {processor.py:840} INFO - DAG(s) 'example_setup_teardown_taskflow' retrieved from /home/vscode/.local/lib/python3.11/site-packages/airflow/example_dags/example_setup_teardown_taskflow.py
[2026-05-09T12:21:30.454+0000] {logging_mixin.py:188} INFO - [2026-05-09T12:21:30.454+0000] {dag.py:3096} INFO - Sync 1 DAGs
[2026-05-09T12:21:30.471+0000] {logging_mixin.py:188} INFO - [2026-05-09T12:21:30.471+0000] {dag.py:3954} INFO - Setting next_dagrun for example_setup_teardown_taskflow to 2026-05-08 00:00:00+00:00, run_after=2026-05-09 00:00:00+00:00
[2026-05-09T12:21:30.488+0000] {processor.py:183} INFO - Processing /home/vscode/.local/lib/python3.11/site-packages/airflow/example_dags/example_setup_teardown_taskflow.py took 0.080 seconds
