[2026-05-09T11:18:37.858+0000] {processor.py:161} INFO - Started process (PID=7011) to work on /home/vscode/.local/lib/python3.11/site-packages/airflow/example_dags/example_xcom.py
[2026-05-09T11:18:37.858+0000] {processor.py:830} INFO - Processing file /home/vscode/.local/lib/python3.11/site-packages/airflow/example_dags/example_xcom.py for tasks to queue
[2026-05-09T11:18:37.859+0000] {logging_mixin.py:188} INFO - [2026-05-09T11:18:37.859+0000] {dagbag.py:545} INFO - Filling up the DagBag from /home/vscode/.local/lib/python3.11/site-packages/airflow/example_dags/example_xcom.py
[2026-05-09T11:18:37.866+0000] {processor.py:840} INFO - DAG(s) 'example_xcom' retrieved from /home/vscode/.local/lib/python3.11/site-packages/airflow/example_dags/example_xcom.py
[2026-05-09T11:18:37.871+0000] {logging_mixin.py:188} INFO - [2026-05-09T11:18:37.871+0000] {dag.py:3096} INFO - Sync 1 DAGs
[2026-05-09T11:18:37.885+0000] {logging_mixin.py:188} INFO - [2026-05-09T11:18:37.885+0000] {dag.py:3954} INFO - Setting next_dagrun for example_xcom to 2021-01-01 00:00:00+00:00, run_after=2021-01-01 00:00:00+00:00
[2026-05-09T11:18:37.919+0000] {processor.py:183} INFO - Processing /home/vscode/.local/lib/python3.11/site-packages/airflow/example_dags/example_xcom.py took 0.071 seconds
[2026-05-09T11:19:34.473+0000] {processor.py:161} INFO - Started process (PID=7540) to work on /home/vscode/.local/lib/python3.11/site-packages/airflow/example_dags/example_xcom.py
[2026-05-09T11:19:34.473+0000] {processor.py:830} INFO - Processing file /home/vscode/.local/lib/python3.11/site-packages/airflow/example_dags/example_xcom.py for tasks to queue
[2026-05-09T11:19:34.474+0000] {logging_mixin.py:188} INFO - [2026-05-09T11:19:34.474+0000] {dagbag.py:545} INFO - Filling up the DagBag from /home/vscode/.local/lib/python3.11/site-packages/airflow/example_dags/example_xcom.py
[2026-05-09T11:19:34.479+0000] {processor.py:840} INFO - DAG(s) 'example_xcom' retrieved from /home/vscode/.local/lib/python3.11/site-packages/airflow/example_dags/example_xcom.py
[2026-05-09T11:19:34.693+0000] {logging_mixin.py:188} INFO - [2026-05-09T11:19:34.693+0000] {dag.py:3096} INFO - Sync 1 DAGs
[2026-05-09T11:19:34.704+0000] {logging_mixin.py:188} INFO - [2026-05-09T11:19:34.704+0000] {dag.py:3954} INFO - Setting next_dagrun for example_xcom to 2021-01-01 00:00:00+00:00, run_after=2021-01-01 00:00:00+00:00
[2026-05-09T11:19:34.720+0000] {processor.py:183} INFO - Processing /home/vscode/.local/lib/python3.11/site-packages/airflow/example_dags/example_xcom.py took 0.253 seconds
[2026-05-09T11:20:30.150+0000] {processor.py:161} INFO - Started process (PID=7966) to work on /home/vscode/.local/lib/python3.11/site-packages/airflow/example_dags/example_xcom.py
[2026-05-09T11:20:30.151+0000] {processor.py:830} INFO - Processing file /home/vscode/.local/lib/python3.11/site-packages/airflow/example_dags/example_xcom.py for tasks to queue
[2026-05-09T11:20:30.151+0000] {logging_mixin.py:188} INFO - [2026-05-09T11:20:30.151+0000] {dagbag.py:545} INFO - Filling up the DagBag from /home/vscode/.local/lib/python3.11/site-packages/airflow/example_dags/example_xcom.py
[2026-05-09T11:20:30.157+0000] {processor.py:840} INFO - DAG(s) 'example_xcom' retrieved from /home/vscode/.local/lib/python3.11/site-packages/airflow/example_dags/example_xcom.py
[2026-05-09T11:20:30.169+0000] {logging_mixin.py:188} INFO - [2026-05-09T11:20:30.169+0000] {dag.py:3096} INFO - Sync 1 DAGs
[2026-05-09T11:20:30.183+0000] {logging_mixin.py:188} INFO - [2026-05-09T11:20:30.183+0000] {dag.py:3954} INFO - Setting next_dagrun for example_xcom to 2021-01-01 00:00:00+00:00, run_after=2021-01-01 00:00:00+00:00
[2026-05-09T11:20:30.199+0000] {processor.py:183} INFO - Processing /home/vscode/.local/lib/python3.11/site-packages/airflow/example_dags/example_xcom.py took 0.055 seconds
[2026-05-09T11:21:13.423+0000] {processor.py:161} INFO - Started process (PID=8349) to work on /home/vscode/.local/lib/python3.11/site-packages/airflow/example_dags/example_xcom.py
[2026-05-09T11:21:13.424+0000] {processor.py:830} INFO - Processing file /home/vscode/.local/lib/python3.11/site-packages/airflow/example_dags/example_xcom.py for tasks to queue
[2026-05-09T11:21:13.424+0000] {logging_mixin.py:188} INFO - [2026-05-09T11:21:13.424+0000] {dagbag.py:545} INFO - Filling up the DagBag from /home/vscode/.local/lib/python3.11/site-packages/airflow/example_dags/example_xcom.py
[2026-05-09T11:21:13.430+0000] {processor.py:840} INFO - DAG(s) 'example_xcom' retrieved from /home/vscode/.local/lib/python3.11/site-packages/airflow/example_dags/example_xcom.py
[2026-05-09T11:21:13.442+0000] {logging_mixin.py:188} INFO - [2026-05-09T11:21:13.442+0000] {dag.py:3096} INFO - Sync 1 DAGs
[2026-05-09T11:21:13.455+0000] {logging_mixin.py:188} INFO - [2026-05-09T11:21:13.455+0000] {dag.py:3954} INFO - Setting next_dagrun for example_xcom to 2021-01-01 00:00:00+00:00, run_after=2021-01-01 00:00:00+00:00
[2026-05-09T11:21:13.470+0000] {processor.py:183} INFO - Processing /home/vscode/.local/lib/python3.11/site-packages/airflow/example_dags/example_xcom.py took 0.054 seconds
[2026-05-09T11:21:53.851+0000] {processor.py:161} INFO - Started process (PID=8824) to work on /home/vscode/.local/lib/python3.11/site-packages/airflow/example_dags/example_xcom.py
[2026-05-09T11:21:53.851+0000] {processor.py:830} INFO - Processing file /home/vscode/.local/lib/python3.11/site-packages/airflow/example_dags/example_xcom.py for tasks to queue
[2026-05-09T11:21:53.852+0000] {logging_mixin.py:188} INFO - [2026-05-09T11:21:53.852+0000] {dagbag.py:545} INFO - Filling up the DagBag from /home/vscode/.local/lib/python3.11/site-packages/airflow/example_dags/example_xcom.py
[2026-05-09T11:21:53.858+0000] {processor.py:840} INFO - DAG(s) 'example_xcom' retrieved from /home/vscode/.local/lib/python3.11/site-packages/airflow/example_dags/example_xcom.py
[2026-05-09T11:21:53.870+0000] {logging_mixin.py:188} INFO - [2026-05-09T11:21:53.869+0000] {dag.py:3096} INFO - Sync 1 DAGs
[2026-05-09T11:21:53.883+0000] {logging_mixin.py:188} INFO - [2026-05-09T11:21:53.883+0000] {dag.py:3954} INFO - Setting next_dagrun for example_xcom to 2021-01-01 00:00:00+00:00, run_after=2021-01-01 00:00:00+00:00
[2026-05-09T11:21:53.899+0000] {processor.py:183} INFO - Processing /home/vscode/.local/lib/python3.11/site-packages/airflow/example_dags/example_xcom.py took 0.055 seconds
[2026-05-09T11:22:34.115+0000] {processor.py:161} INFO - Started process (PID=9293) to work on /home/vscode/.local/lib/python3.11/site-packages/airflow/example_dags/example_xcom.py
[2026-05-09T11:22:34.115+0000] {processor.py:830} INFO - Processing file /home/vscode/.local/lib/python3.11/site-packages/airflow/example_dags/example_xcom.py for tasks to queue
[2026-05-09T11:22:34.116+0000] {logging_mixin.py:188} INFO - [2026-05-09T11:22:34.115+0000] {dagbag.py:545} INFO - Filling up the DagBag from /home/vscode/.local/lib/python3.11/site-packages/airflow/example_dags/example_xcom.py
[2026-05-09T11:22:34.121+0000] {processor.py:840} INFO - DAG(s) 'example_xcom' retrieved from /home/vscode/.local/lib/python3.11/site-packages/airflow/example_dags/example_xcom.py
[2026-05-09T11:22:34.133+0000] {logging_mixin.py:188} INFO - [2026-05-09T11:22:34.133+0000] {dag.py:3096} INFO - Sync 1 DAGs
[2026-05-09T11:22:34.147+0000] {logging_mixin.py:188} INFO - [2026-05-09T11:22:34.147+0000] {dag.py:3954} INFO - Setting next_dagrun for example_xcom to 2021-01-01 00:00:00+00:00, run_after=2021-01-01 00:00:00+00:00
[2026-05-09T11:22:34.163+0000] {processor.py:183} INFO - Processing /home/vscode/.local/lib/python3.11/site-packages/airflow/example_dags/example_xcom.py took 0.055 seconds
[2026-05-09T11:23:10.282+0000] {processor.py:161} INFO - Started process (PID=9692) to work on /home/vscode/.local/lib/python3.11/site-packages/airflow/example_dags/example_xcom.py
[2026-05-09T11:23:10.282+0000] {processor.py:830} INFO - Processing file /home/vscode/.local/lib/python3.11/site-packages/airflow/example_dags/example_xcom.py for tasks to queue
[2026-05-09T11:23:10.283+0000] {logging_mixin.py:188} INFO - [2026-05-09T11:23:10.282+0000] {dagbag.py:545} INFO - Filling up the DagBag from /home/vscode/.local/lib/python3.11/site-packages/airflow/example_dags/example_xcom.py
[2026-05-09T11:23:10.288+0000] {processor.py:840} INFO - DAG(s) 'example_xcom' retrieved from /home/vscode/.local/lib/python3.11/site-packages/airflow/example_dags/example_xcom.py
[2026-05-09T11:23:10.299+0000] {logging_mixin.py:188} INFO - [2026-05-09T11:23:10.299+0000] {dag.py:3096} INFO - Sync 1 DAGs
[2026-05-09T11:23:10.313+0000] {logging_mixin.py:188} INFO - [2026-05-09T11:23:10.313+0000] {dag.py:3954} INFO - Setting next_dagrun for example_xcom to 2021-01-01 00:00:00+00:00, run_after=2021-01-01 00:00:00+00:00
[2026-05-09T11:23:10.329+0000] {processor.py:183} INFO - Processing /home/vscode/.local/lib/python3.11/site-packages/airflow/example_dags/example_xcom.py took 0.054 seconds
[2026-05-09T11:23:50.927+0000] {processor.py:161} INFO - Started process (PID=10255) to work on /home/vscode/.local/lib/python3.11/site-packages/airflow/example_dags/example_xcom.py
[2026-05-09T11:23:50.928+0000] {processor.py:830} INFO - Processing file /home/vscode/.local/lib/python3.11/site-packages/airflow/example_dags/example_xcom.py for tasks to queue
[2026-05-09T11:23:50.928+0000] {logging_mixin.py:188} INFO - [2026-05-09T11:23:50.928+0000] {dagbag.py:545} INFO - Filling up the DagBag from /home/vscode/.local/lib/python3.11/site-packages/airflow/example_dags/example_xcom.py
[2026-05-09T11:23:50.934+0000] {processor.py:840} INFO - DAG(s) 'example_xcom' retrieved from /home/vscode/.local/lib/python3.11/site-packages/airflow/example_dags/example_xcom.py
[2026-05-09T11:23:50.946+0000] {logging_mixin.py:188} INFO - [2026-05-09T11:23:50.946+0000] {dag.py:3096} INFO - Sync 1 DAGs
[2026-05-09T11:23:50.959+0000] {logging_mixin.py:188} INFO - [2026-05-09T11:23:50.959+0000] {dag.py:3954} INFO - Setting next_dagrun for example_xcom to 2021-01-01 00:00:00+00:00, run_after=2021-01-01 00:00:00+00:00
[2026-05-09T11:23:50.974+0000] {processor.py:183} INFO - Processing /home/vscode/.local/lib/python3.11/site-packages/airflow/example_dags/example_xcom.py took 0.053 seconds
[2026-05-09T11:24:30.974+0000] {processor.py:161} INFO - Started process (PID=10800) to work on /home/vscode/.local/lib/python3.11/site-packages/airflow/example_dags/example_xcom.py
[2026-05-09T11:24:30.975+0000] {processor.py:830} INFO - Processing file /home/vscode/.local/lib/python3.11/site-packages/airflow/example_dags/example_xcom.py for tasks to queue
[2026-05-09T11:24:30.976+0000] {logging_mixin.py:188} INFO - [2026-05-09T11:24:30.975+0000] {dagbag.py:545} INFO - Filling up the DagBag from /home/vscode/.local/lib/python3.11/site-packages/airflow/example_dags/example_xcom.py
[2026-05-09T11:24:30.983+0000] {processor.py:840} INFO - DAG(s) 'example_xcom' retrieved from /home/vscode/.local/lib/python3.11/site-packages/airflow/example_dags/example_xcom.py
[2026-05-09T11:24:30.995+0000] {logging_mixin.py:188} INFO - [2026-05-09T11:24:30.995+0000] {dag.py:3096} INFO - Sync 1 DAGs
[2026-05-09T11:24:31.010+0000] {logging_mixin.py:188} INFO - [2026-05-09T11:24:31.009+0000] {dag.py:3954} INFO - Setting next_dagrun for example_xcom to 2021-01-01 00:00:00+00:00, run_after=2021-01-01 00:00:00+00:00
[2026-05-09T11:24:31.024+0000] {processor.py:183} INFO - Processing /home/vscode/.local/lib/python3.11/site-packages/airflow/example_dags/example_xcom.py took 0.056 seconds
[2026-05-09T11:25:12.201+0000] {processor.py:161} INFO - Started process (PID=11261) to work on /home/vscode/.local/lib/python3.11/site-packages/airflow/example_dags/example_xcom.py
[2026-05-09T11:25:12.202+0000] {processor.py:830} INFO - Processing file /home/vscode/.local/lib/python3.11/site-packages/airflow/example_dags/example_xcom.py for tasks to queue
[2026-05-09T11:25:12.202+0000] {logging_mixin.py:188} INFO - [2026-05-09T11:25:12.202+0000] {dagbag.py:545} INFO - Filling up the DagBag from /home/vscode/.local/lib/python3.11/site-packages/airflow/example_dags/example_xcom.py
[2026-05-09T11:25:12.210+0000] {processor.py:840} INFO - DAG(s) 'example_xcom' retrieved from /home/vscode/.local/lib/python3.11/site-packages/airflow/example_dags/example_xcom.py
[2026-05-09T11:25:12.229+0000] {logging_mixin.py:188} INFO - [2026-05-09T11:25:12.229+0000] {dag.py:3096} INFO - Sync 1 DAGs
[2026-05-09T11:25:12.253+0000] {logging_mixin.py:188} INFO - [2026-05-09T11:25:12.252+0000] {dag.py:3954} INFO - Setting next_dagrun for example_xcom to 2021-01-01 00:00:00+00:00, run_after=2021-01-01 00:00:00+00:00
[2026-05-09T11:25:12.270+0000] {processor.py:183} INFO - Processing /home/vscode/.local/lib/python3.11/site-packages/airflow/example_dags/example_xcom.py took 0.076 seconds
[2026-05-09T11:25:53.144+0000] {processor.py:161} INFO - Started process (PID=11592) to work on /home/vscode/.local/lib/python3.11/site-packages/airflow/example_dags/example_xcom.py
[2026-05-09T11:25:53.145+0000] {processor.py:830} INFO - Processing file /home/vscode/.local/lib/python3.11/site-packages/airflow/example_dags/example_xcom.py for tasks to queue
[2026-05-09T11:25:53.145+0000] {logging_mixin.py:188} INFO - [2026-05-09T11:25:53.145+0000] {dagbag.py:545} INFO - Filling up the DagBag from /home/vscode/.local/lib/python3.11/site-packages/airflow/example_dags/example_xcom.py
[2026-05-09T11:25:53.151+0000] {processor.py:840} INFO - DAG(s) 'example_xcom' retrieved from /home/vscode/.local/lib/python3.11/site-packages/airflow/example_dags/example_xcom.py
[2026-05-09T11:25:53.162+0000] {logging_mixin.py:188} INFO - [2026-05-09T11:25:53.162+0000] {dag.py:3096} INFO - Sync 1 DAGs
[2026-05-09T11:25:53.175+0000] {logging_mixin.py:188} INFO - [2026-05-09T11:25:53.175+0000] {dag.py:3954} INFO - Setting next_dagrun for example_xcom to 2021-01-01 00:00:00+00:00, run_after=2021-01-01 00:00:00+00:00
[2026-05-09T11:25:53.190+0000] {processor.py:183} INFO - Processing /home/vscode/.local/lib/python3.11/site-packages/airflow/example_dags/example_xcom.py took 0.052 seconds
[2026-05-09T11:26:32.401+0000] {processor.py:161} INFO - Started process (PID=11985) to work on /home/vscode/.local/lib/python3.11/site-packages/airflow/example_dags/example_xcom.py
[2026-05-09T11:26:32.401+0000] {processor.py:830} INFO - Processing file /home/vscode/.local/lib/python3.11/site-packages/airflow/example_dags/example_xcom.py for tasks to queue
[2026-05-09T11:26:32.402+0000] {logging_mixin.py:188} INFO - [2026-05-09T11:26:32.401+0000] {dagbag.py:545} INFO - Filling up the DagBag from /home/vscode/.local/lib/python3.11/site-packages/airflow/example_dags/example_xcom.py
[2026-05-09T11:26:32.407+0000] {processor.py:840} INFO - DAG(s) 'example_xcom' retrieved from /home/vscode/.local/lib/python3.11/site-packages/airflow/example_dags/example_xcom.py
[2026-05-09T11:26:32.418+0000] {logging_mixin.py:188} INFO - [2026-05-09T11:26:32.418+0000] {dag.py:3096} INFO - Sync 1 DAGs
[2026-05-09T11:26:32.431+0000] {logging_mixin.py:188} INFO - [2026-05-09T11:26:32.431+0000] {dag.py:3954} INFO - Setting next_dagrun for example_xcom to 2021-01-01 00:00:00+00:00, run_after=2021-01-01 00:00:00+00:00
[2026-05-09T11:26:32.446+0000] {processor.py:183} INFO - Processing /home/vscode/.local/lib/python3.11/site-packages/airflow/example_dags/example_xcom.py took 0.051 seconds
[2026-05-09T11:27:12.262+0000] {processor.py:161} INFO - Started process (PID=12445) to work on /home/vscode/.local/lib/python3.11/site-packages/airflow/example_dags/example_xcom.py
[2026-05-09T11:27:12.262+0000] {processor.py:830} INFO - Processing file /home/vscode/.local/lib/python3.11/site-packages/airflow/example_dags/example_xcom.py for tasks to queue
[2026-05-09T11:27:12.263+0000] {logging_mixin.py:188} INFO - [2026-05-09T11:27:12.263+0000] {dagbag.py:545} INFO - Filling up the DagBag from /home/vscode/.local/lib/python3.11/site-packages/airflow/example_dags/example_xcom.py
[2026-05-09T11:27:12.268+0000] {processor.py:840} INFO - DAG(s) 'example_xcom' retrieved from /home/vscode/.local/lib/python3.11/site-packages/airflow/example_dags/example_xcom.py
[2026-05-09T11:27:12.280+0000] {logging_mixin.py:188} INFO - [2026-05-09T11:27:12.280+0000] {dag.py:3096} INFO - Sync 1 DAGs
[2026-05-09T11:27:12.293+0000] {logging_mixin.py:188} INFO - [2026-05-09T11:27:12.293+0000] {dag.py:3954} INFO - Setting next_dagrun for example_xcom to 2021-01-01 00:00:00+00:00, run_after=2021-01-01 00:00:00+00:00
[2026-05-09T11:27:12.308+0000] {processor.py:183} INFO - Processing /home/vscode/.local/lib/python3.11/site-packages/airflow/example_dags/example_xcom.py took 0.053 seconds
[2026-05-09T11:27:51.949+0000] {processor.py:161} INFO - Started process (PID=12943) to work on /home/vscode/.local/lib/python3.11/site-packages/airflow/example_dags/example_xcom.py
[2026-05-09T11:27:51.950+0000] {processor.py:830} INFO - Processing file /home/vscode/.local/lib/python3.11/site-packages/airflow/example_dags/example_xcom.py for tasks to queue
[2026-05-09T11:27:51.950+0000] {logging_mixin.py:188} INFO - [2026-05-09T11:27:51.950+0000] {dagbag.py:545} INFO - Filling up the DagBag from /home/vscode/.local/lib/python3.11/site-packages/airflow/example_dags/example_xcom.py
[2026-05-09T11:27:51.956+0000] {processor.py:840} INFO - DAG(s) 'example_xcom' retrieved from /home/vscode/.local/lib/python3.11/site-packages/airflow/example_dags/example_xcom.py
[2026-05-09T11:27:51.973+0000] {logging_mixin.py:188} INFO - [2026-05-09T11:27:51.973+0000] {dag.py:3096} INFO - Sync 1 DAGs
[2026-05-09T11:27:52.003+0000] {logging_mixin.py:188} INFO - [2026-05-09T11:27:52.002+0000] {dag.py:3954} INFO - Setting next_dagrun for example_xcom to 2021-01-01 00:00:00+00:00, run_after=2021-01-01 00:00:00+00:00
[2026-05-09T11:27:52.019+0000] {processor.py:183} INFO - Processing /home/vscode/.local/lib/python3.11/site-packages/airflow/example_dags/example_xcom.py took 0.076 seconds
[2026-05-09T11:28:31.530+0000] {processor.py:161} INFO - Started process (PID=13406) to work on /home/vscode/.local/lib/python3.11/site-packages/airflow/example_dags/example_xcom.py
[2026-05-09T11:28:31.530+0000] {processor.py:830} INFO - Processing file /home/vscode/.local/lib/python3.11/site-packages/airflow/example_dags/example_xcom.py for tasks to queue
[2026-05-09T11:28:31.531+0000] {logging_mixin.py:188} INFO - [2026-05-09T11:28:31.531+0000] {dagbag.py:545} INFO - Filling up the DagBag from /home/vscode/.local/lib/python3.11/site-packages/airflow/example_dags/example_xcom.py
[2026-05-09T11:28:31.537+0000] {processor.py:840} INFO - DAG(s) 'example_xcom' retrieved from /home/vscode/.local/lib/python3.11/site-packages/airflow/example_dags/example_xcom.py
[2026-05-09T11:28:31.549+0000] {logging_mixin.py:188} INFO - [2026-05-09T11:28:31.549+0000] {dag.py:3096} INFO - Sync 1 DAGs
[2026-05-09T11:28:31.564+0000] {logging_mixin.py:188} INFO - [2026-05-09T11:28:31.564+0000] {dag.py:3954} INFO - Setting next_dagrun for example_xcom to 2021-01-01 00:00:00+00:00, run_after=2021-01-01 00:00:00+00:00
[2026-05-09T11:28:31.579+0000] {processor.py:183} INFO - Processing /home/vscode/.local/lib/python3.11/site-packages/airflow/example_dags/example_xcom.py took 0.055 seconds
[2026-05-09T11:29:11.800+0000] {processor.py:161} INFO - Started process (PID=13829) to work on /home/vscode/.local/lib/python3.11/site-packages/airflow/example_dags/example_xcom.py
[2026-05-09T11:29:11.800+0000] {processor.py:830} INFO - Processing file /home/vscode/.local/lib/python3.11/site-packages/airflow/example_dags/example_xcom.py for tasks to queue
[2026-05-09T11:29:11.801+0000] {logging_mixin.py:188} INFO - [2026-05-09T11:29:11.800+0000] {dagbag.py:545} INFO - Filling up the DagBag from /home/vscode/.local/lib/python3.11/site-packages/airflow/example_dags/example_xcom.py
[2026-05-09T11:29:11.806+0000] {processor.py:840} INFO - DAG(s) 'example_xcom' retrieved from /home/vscode/.local/lib/python3.11/site-packages/airflow/example_dags/example_xcom.py
[2026-05-09T11:29:11.818+0000] {logging_mixin.py:188} INFO - [2026-05-09T11:29:11.818+0000] {dag.py:3096} INFO - Sync 1 DAGs
[2026-05-09T11:29:11.831+0000] {logging_mixin.py:188} INFO - [2026-05-09T11:29:11.831+0000] {dag.py:3954} INFO - Setting next_dagrun for example_xcom to 2021-01-01 00:00:00+00:00, run_after=2021-01-01 00:00:00+00:00
[2026-05-09T11:29:11.851+0000] {processor.py:183} INFO - Processing /home/vscode/.local/lib/python3.11/site-packages/airflow/example_dags/example_xcom.py took 0.057 seconds
[2026-05-09T11:29:56.613+0000] {processor.py:161} INFO - Started process (PID=14233) to work on /home/vscode/.local/lib/python3.11/site-packages/airflow/example_dags/example_xcom.py
[2026-05-09T11:29:56.614+0000] {processor.py:830} INFO - Processing file /home/vscode/.local/lib/python3.11/site-packages/airflow/example_dags/example_xcom.py for tasks to queue
[2026-05-09T11:29:56.614+0000] {logging_mixin.py:188} INFO - [2026-05-09T11:29:56.614+0000] {dagbag.py:545} INFO - Filling up the DagBag from /home/vscode/.local/lib/python3.11/site-packages/airflow/example_dags/example_xcom.py
[2026-05-09T11:29:56.619+0000] {processor.py:840} INFO - DAG(s) 'example_xcom' retrieved from /home/vscode/.local/lib/python3.11/site-packages/airflow/example_dags/example_xcom.py
[2026-05-09T11:29:56.631+0000] {logging_mixin.py:188} INFO - [2026-05-09T11:29:56.631+0000] {dag.py:3096} INFO - Sync 1 DAGs
[2026-05-09T11:29:56.644+0000] {logging_mixin.py:188} INFO - [2026-05-09T11:29:56.644+0000] {dag.py:3954} INFO - Setting next_dagrun for example_xcom to 2021-01-01 00:00:00+00:00, run_after=2021-01-01 00:00:00+00:00
[2026-05-09T11:29:56.660+0000] {processor.py:183} INFO - Processing /home/vscode/.local/lib/python3.11/site-packages/airflow/example_dags/example_xcom.py took 0.053 seconds
[2026-05-09T11:30:38.289+0000] {processor.py:161} INFO - Started process (PID=14756) to work on /home/vscode/.local/lib/python3.11/site-packages/airflow/example_dags/example_xcom.py
[2026-05-09T11:30:38.290+0000] {processor.py:830} INFO - Processing file /home/vscode/.local/lib/python3.11/site-packages/airflow/example_dags/example_xcom.py for tasks to queue
[2026-05-09T11:30:38.290+0000] {logging_mixin.py:188} INFO - [2026-05-09T11:30:38.290+0000] {dagbag.py:545} INFO - Filling up the DagBag from /home/vscode/.local/lib/python3.11/site-packages/airflow/example_dags/example_xcom.py
[2026-05-09T11:30:38.296+0000] {processor.py:840} INFO - DAG(s) 'example_xcom' retrieved from /home/vscode/.local/lib/python3.11/site-packages/airflow/example_dags/example_xcom.py
[2026-05-09T11:30:38.309+0000] {logging_mixin.py:188} INFO - [2026-05-09T11:30:38.309+0000] {dag.py:3096} INFO - Sync 1 DAGs
[2026-05-09T11:30:38.324+0000] {logging_mixin.py:188} INFO - [2026-05-09T11:30:38.324+0000] {dag.py:3954} INFO - Setting next_dagrun for example_xcom to 2021-01-01 00:00:00+00:00, run_after=2021-01-01 00:00:00+00:00
[2026-05-09T11:30:38.345+0000] {processor.py:183} INFO - Processing /home/vscode/.local/lib/python3.11/site-packages/airflow/example_dags/example_xcom.py took 0.062 seconds
[2026-05-09T11:31:16.843+0000] {processor.py:161} INFO - Started process (PID=15223) to work on /home/vscode/.local/lib/python3.11/site-packages/airflow/example_dags/example_xcom.py
[2026-05-09T11:31:16.844+0000] {processor.py:830} INFO - Processing file /home/vscode/.local/lib/python3.11/site-packages/airflow/example_dags/example_xcom.py for tasks to queue
[2026-05-09T11:31:16.845+0000] {logging_mixin.py:188} INFO - [2026-05-09T11:31:16.844+0000] {dagbag.py:545} INFO - Filling up the DagBag from /home/vscode/.local/lib/python3.11/site-packages/airflow/example_dags/example_xcom.py
[2026-05-09T11:31:16.850+0000] {processor.py:840} INFO - DAG(s) 'example_xcom' retrieved from /home/vscode/.local/lib/python3.11/site-packages/airflow/example_dags/example_xcom.py
[2026-05-09T11:31:16.865+0000] {logging_mixin.py:188} INFO - [2026-05-09T11:31:16.865+0000] {dag.py:3096} INFO - Sync 1 DAGs
[2026-05-09T11:31:16.879+0000] {logging_mixin.py:188} INFO - [2026-05-09T11:31:16.878+0000] {dag.py:3954} INFO - Setting next_dagrun for example_xcom to 2021-01-01 00:00:00+00:00, run_after=2021-01-01 00:00:00+00:00
[2026-05-09T11:31:16.896+0000] {processor.py:183} INFO - Processing /home/vscode/.local/lib/python3.11/site-packages/airflow/example_dags/example_xcom.py took 0.060 seconds
[2026-05-09T11:32:00.922+0000] {processor.py:161} INFO - Started process (PID=15693) to work on /home/vscode/.local/lib/python3.11/site-packages/airflow/example_dags/example_xcom.py
[2026-05-09T11:32:00.922+0000] {processor.py:830} INFO - Processing file /home/vscode/.local/lib/python3.11/site-packages/airflow/example_dags/example_xcom.py for tasks to queue
[2026-05-09T11:32:00.923+0000] {logging_mixin.py:188} INFO - [2026-05-09T11:32:00.923+0000] {dagbag.py:545} INFO - Filling up the DagBag from /home/vscode/.local/lib/python3.11/site-packages/airflow/example_dags/example_xcom.py
[2026-05-09T11:32:00.928+0000] {processor.py:840} INFO - DAG(s) 'example_xcom' retrieved from /home/vscode/.local/lib/python3.11/site-packages/airflow/example_dags/example_xcom.py
[2026-05-09T11:32:00.940+0000] {logging_mixin.py:188} INFO - [2026-05-09T11:32:00.940+0000] {dag.py:3096} INFO - Sync 1 DAGs
[2026-05-09T11:32:00.954+0000] {logging_mixin.py:188} INFO - [2026-05-09T11:32:00.954+0000] {dag.py:3954} INFO - Setting next_dagrun for example_xcom to 2021-01-01 00:00:00+00:00, run_after=2021-01-01 00:00:00+00:00
[2026-05-09T11:32:00.969+0000] {processor.py:183} INFO - Processing /home/vscode/.local/lib/python3.11/site-packages/airflow/example_dags/example_xcom.py took 0.054 seconds
[2026-05-09T11:32:45.006+0000] {processor.py:161} INFO - Started process (PID=16075) to work on /home/vscode/.local/lib/python3.11/site-packages/airflow/example_dags/example_xcom.py
[2026-05-09T11:32:45.007+0000] {processor.py:830} INFO - Processing file /home/vscode/.local/lib/python3.11/site-packages/airflow/example_dags/example_xcom.py for tasks to queue
[2026-05-09T11:32:45.007+0000] {logging_mixin.py:188} INFO - [2026-05-09T11:32:45.007+0000] {dagbag.py:545} INFO - Filling up the DagBag from /home/vscode/.local/lib/python3.11/site-packages/airflow/example_dags/example_xcom.py
[2026-05-09T11:32:45.013+0000] {processor.py:840} INFO - DAG(s) 'example_xcom' retrieved from /home/vscode/.local/lib/python3.11/site-packages/airflow/example_dags/example_xcom.py
[2026-05-09T11:32:45.025+0000] {logging_mixin.py:188} INFO - [2026-05-09T11:32:45.025+0000] {dag.py:3096} INFO - Sync 1 DAGs
[2026-05-09T11:32:45.038+0000] {logging_mixin.py:188} INFO - [2026-05-09T11:32:45.038+0000] {dag.py:3954} INFO - Setting next_dagrun for example_xcom to 2021-01-01 00:00:00+00:00, run_after=2021-01-01 00:00:00+00:00
[2026-05-09T11:32:45.053+0000] {processor.py:183} INFO - Processing /home/vscode/.local/lib/python3.11/site-packages/airflow/example_dags/example_xcom.py took 0.055 seconds
[2026-05-09T11:33:28.576+0000] {processor.py:161} INFO - Started process (PID=16388) to work on /home/vscode/.local/lib/python3.11/site-packages/airflow/example_dags/example_xcom.py
[2026-05-09T11:33:28.576+0000] {processor.py:830} INFO - Processing file /home/vscode/.local/lib/python3.11/site-packages/airflow/example_dags/example_xcom.py for tasks to queue
[2026-05-09T11:33:28.577+0000] {logging_mixin.py:188} INFO - [2026-05-09T11:33:28.577+0000] {dagbag.py:545} INFO - Filling up the DagBag from /home/vscode/.local/lib/python3.11/site-packages/airflow/example_dags/example_xcom.py
[2026-05-09T11:33:28.582+0000] {processor.py:840} INFO - DAG(s) 'example_xcom' retrieved from /home/vscode/.local/lib/python3.11/site-packages/airflow/example_dags/example_xcom.py
[2026-05-09T11:33:28.595+0000] {logging_mixin.py:188} INFO - [2026-05-09T11:33:28.595+0000] {dag.py:3096} INFO - Sync 1 DAGs
[2026-05-09T11:33:28.613+0000] {logging_mixin.py:188} INFO - [2026-05-09T11:33:28.613+0000] {dag.py:3954} INFO - Setting next_dagrun for example_xcom to 2021-01-01 00:00:00+00:00, run_after=2021-01-01 00:00:00+00:00
[2026-05-09T11:33:28.688+0000] {processor.py:183} INFO - Processing /home/vscode/.local/lib/python3.11/site-packages/airflow/example_dags/example_xcom.py took 0.121 seconds
[2026-05-09T11:34:10.152+0000] {processor.py:161} INFO - Started process (PID=16822) to work on /home/vscode/.local/lib/python3.11/site-packages/airflow/example_dags/example_xcom.py
[2026-05-09T11:34:10.153+0000] {processor.py:830} INFO - Processing file /home/vscode/.local/lib/python3.11/site-packages/airflow/example_dags/example_xcom.py for tasks to queue
[2026-05-09T11:34:10.153+0000] {logging_mixin.py:188} INFO - [2026-05-09T11:34:10.153+0000] {dagbag.py:545} INFO - Filling up the DagBag from /home/vscode/.local/lib/python3.11/site-packages/airflow/example_dags/example_xcom.py
[2026-05-09T11:34:10.159+0000] {processor.py:840} INFO - DAG(s) 'example_xcom' retrieved from /home/vscode/.local/lib/python3.11/site-packages/airflow/example_dags/example_xcom.py
[2026-05-09T11:34:10.171+0000] {logging_mixin.py:188} INFO - [2026-05-09T11:34:10.171+0000] {dag.py:3096} INFO - Sync 1 DAGs
[2026-05-09T11:34:10.186+0000] {logging_mixin.py:188} INFO - [2026-05-09T11:34:10.186+0000] {dag.py:3954} INFO - Setting next_dagrun for example_xcom to 2021-01-01 00:00:00+00:00, run_after=2021-01-01 00:00:00+00:00
[2026-05-09T11:34:10.202+0000] {processor.py:183} INFO - Processing /home/vscode/.local/lib/python3.11/site-packages/airflow/example_dags/example_xcom.py took 0.056 seconds
[2026-05-09T11:34:51.735+0000] {processor.py:161} INFO - Started process (PID=17196) to work on /home/vscode/.local/lib/python3.11/site-packages/airflow/example_dags/example_xcom.py
[2026-05-09T11:34:51.736+0000] {processor.py:830} INFO - Processing file /home/vscode/.local/lib/python3.11/site-packages/airflow/example_dags/example_xcom.py for tasks to queue
[2026-05-09T11:34:51.736+0000] {logging_mixin.py:188} INFO - [2026-05-09T11:34:51.736+0000] {dagbag.py:545} INFO - Filling up the DagBag from /home/vscode/.local/lib/python3.11/site-packages/airflow/example_dags/example_xcom.py
[2026-05-09T11:34:51.742+0000] {processor.py:840} INFO - DAG(s) 'example_xcom' retrieved from /home/vscode/.local/lib/python3.11/site-packages/airflow/example_dags/example_xcom.py
[2026-05-09T11:34:51.754+0000] {logging_mixin.py:188} INFO - [2026-05-09T11:34:51.754+0000] {dag.py:3096} INFO - Sync 1 DAGs
[2026-05-09T11:34:51.768+0000] {logging_mixin.py:188} INFO - [2026-05-09T11:34:51.768+0000] {dag.py:3954} INFO - Setting next_dagrun for example_xcom to 2021-01-01 00:00:00+00:00, run_after=2021-01-01 00:00:00+00:00
[2026-05-09T11:34:51.784+0000] {processor.py:183} INFO - Processing /home/vscode/.local/lib/python3.11/site-packages/airflow/example_dags/example_xcom.py took 0.056 seconds
[2026-05-09T11:35:32.371+0000] {processor.py:161} INFO - Started process (PID=17499) to work on /home/vscode/.local/lib/python3.11/site-packages/airflow/example_dags/example_xcom.py
[2026-05-09T11:35:32.371+0000] {processor.py:830} INFO - Processing file /home/vscode/.local/lib/python3.11/site-packages/airflow/example_dags/example_xcom.py for tasks to queue
[2026-05-09T11:35:32.372+0000] {logging_mixin.py:188} INFO - [2026-05-09T11:35:32.372+0000] {dagbag.py:545} INFO - Filling up the DagBag from /home/vscode/.local/lib/python3.11/site-packages/airflow/example_dags/example_xcom.py
[2026-05-09T11:35:32.378+0000] {processor.py:840} INFO - DAG(s) 'example_xcom' retrieved from /home/vscode/.local/lib/python3.11/site-packages/airflow/example_dags/example_xcom.py
[2026-05-09T11:35:32.390+0000] {logging_mixin.py:188} INFO - [2026-05-09T11:35:32.390+0000] {dag.py:3096} INFO - Sync 1 DAGs
[2026-05-09T11:35:32.405+0000] {logging_mixin.py:188} INFO - [2026-05-09T11:35:32.405+0000] {dag.py:3954} INFO - Setting next_dagrun for example_xcom to 2021-01-01 00:00:00+00:00, run_after=2021-01-01 00:00:00+00:00
[2026-05-09T11:35:32.424+0000] {processor.py:183} INFO - Processing /home/vscode/.local/lib/python3.11/site-packages/airflow/example_dags/example_xcom.py took 0.060 seconds
[2026-05-09T11:36:09.979+0000] {processor.py:161} INFO - Started process (PID=17830) to work on /home/vscode/.local/lib/python3.11/site-packages/airflow/example_dags/example_xcom.py
[2026-05-09T11:36:09.980+0000] {processor.py:830} INFO - Processing file /home/vscode/.local/lib/python3.11/site-packages/airflow/example_dags/example_xcom.py for tasks to queue
[2026-05-09T11:36:09.980+0000] {logging_mixin.py:188} INFO - [2026-05-09T11:36:09.980+0000] {dagbag.py:545} INFO - Filling up the DagBag from /home/vscode/.local/lib/python3.11/site-packages/airflow/example_dags/example_xcom.py
[2026-05-09T11:36:09.986+0000] {processor.py:840} INFO - DAG(s) 'example_xcom' retrieved from /home/vscode/.local/lib/python3.11/site-packages/airflow/example_dags/example_xcom.py
[2026-05-09T11:36:09.998+0000] {logging_mixin.py:188} INFO - [2026-05-09T11:36:09.998+0000] {dag.py:3096} INFO - Sync 1 DAGs
[2026-05-09T11:36:10.012+0000] {logging_mixin.py:188} INFO - [2026-05-09T11:36:10.012+0000] {dag.py:3954} INFO - Setting next_dagrun for example_xcom to 2021-01-01 00:00:00+00:00, run_after=2021-01-01 00:00:00+00:00
[2026-05-09T11:36:10.027+0000] {processor.py:183} INFO - Processing /home/vscode/.local/lib/python3.11/site-packages/airflow/example_dags/example_xcom.py took 0.054 seconds
[2026-05-09T11:36:51.232+0000] {processor.py:161} INFO - Started process (PID=18201) to work on /home/vscode/.local/lib/python3.11/site-packages/airflow/example_dags/example_xcom.py
[2026-05-09T11:36:51.233+0000] {processor.py:830} INFO - Processing file /home/vscode/.local/lib/python3.11/site-packages/airflow/example_dags/example_xcom.py for tasks to queue
[2026-05-09T11:36:51.234+0000] {logging_mixin.py:188} INFO - [2026-05-09T11:36:51.233+0000] {dagbag.py:545} INFO - Filling up the DagBag from /home/vscode/.local/lib/python3.11/site-packages/airflow/example_dags/example_xcom.py
[2026-05-09T11:36:51.243+0000] {processor.py:840} INFO - DAG(s) 'example_xcom' retrieved from /home/vscode/.local/lib/python3.11/site-packages/airflow/example_dags/example_xcom.py
[2026-05-09T11:36:51.269+0000] {logging_mixin.py:188} INFO - [2026-05-09T11:36:51.269+0000] {dag.py:3096} INFO - Sync 1 DAGs
[2026-05-09T11:36:51.283+0000] {logging_mixin.py:188} INFO - [2026-05-09T11:36:51.282+0000] {dag.py:3954} INFO - Setting next_dagrun for example_xcom to 2021-01-01 00:00:00+00:00, run_after=2021-01-01 00:00:00+00:00
[2026-05-09T11:36:51.300+0000] {processor.py:183} INFO - Processing /home/vscode/.local/lib/python3.11/site-packages/airflow/example_dags/example_xcom.py took 0.079 seconds
[2026-05-09T11:37:32.463+0000] {processor.py:161} INFO - Started process (PID=18687) to work on /home/vscode/.local/lib/python3.11/site-packages/airflow/example_dags/example_xcom.py
[2026-05-09T11:37:32.464+0000] {processor.py:830} INFO - Processing file /home/vscode/.local/lib/python3.11/site-packages/airflow/example_dags/example_xcom.py for tasks to queue
[2026-05-09T11:37:32.464+0000] {logging_mixin.py:188} INFO - [2026-05-09T11:37:32.464+0000] {dagbag.py:545} INFO - Filling up the DagBag from /home/vscode/.local/lib/python3.11/site-packages/airflow/example_dags/example_xcom.py
[2026-05-09T11:37:32.471+0000] {processor.py:840} INFO - DAG(s) 'example_xcom' retrieved from /home/vscode/.local/lib/python3.11/site-packages/airflow/example_dags/example_xcom.py
[2026-05-09T11:37:32.483+0000] {logging_mixin.py:188} INFO - [2026-05-09T11:37:32.483+0000] {dag.py:3096} INFO - Sync 1 DAGs
[2026-05-09T11:37:32.497+0000] {logging_mixin.py:188} INFO - [2026-05-09T11:37:32.497+0000] {dag.py:3954} INFO - Setting next_dagrun for example_xcom to 2021-01-01 00:00:00+00:00, run_after=2021-01-01 00:00:00+00:00
[2026-05-09T11:37:32.512+0000] {processor.py:183} INFO - Processing /home/vscode/.local/lib/python3.11/site-packages/airflow/example_dags/example_xcom.py took 0.055 seconds
[2026-05-09T11:38:13.472+0000] {processor.py:161} INFO - Started process (PID=19256) to work on /home/vscode/.local/lib/python3.11/site-packages/airflow/example_dags/example_xcom.py
[2026-05-09T11:38:13.472+0000] {processor.py:830} INFO - Processing file /home/vscode/.local/lib/python3.11/site-packages/airflow/example_dags/example_xcom.py for tasks to queue
[2026-05-09T11:38:13.473+0000] {logging_mixin.py:188} INFO - [2026-05-09T11:38:13.473+0000] {dagbag.py:545} INFO - Filling up the DagBag from /home/vscode/.local/lib/python3.11/site-packages/airflow/example_dags/example_xcom.py
[2026-05-09T11:38:13.480+0000] {processor.py:840} INFO - DAG(s) 'example_xcom' retrieved from /home/vscode/.local/lib/python3.11/site-packages/airflow/example_dags/example_xcom.py
[2026-05-09T11:38:13.499+0000] {logging_mixin.py:188} INFO - [2026-05-09T11:38:13.498+0000] {dag.py:3096} INFO - Sync 1 DAGs
[2026-05-09T11:38:13.518+0000] {logging_mixin.py:188} INFO - [2026-05-09T11:38:13.518+0000] {dag.py:3954} INFO - Setting next_dagrun for example_xcom to 2021-01-01 00:00:00+00:00, run_after=2021-01-01 00:00:00+00:00
[2026-05-09T11:38:13.539+0000] {processor.py:183} INFO - Processing /home/vscode/.local/lib/python3.11/site-packages/airflow/example_dags/example_xcom.py took 0.076 seconds
[2026-05-09T11:38:54.560+0000] {processor.py:161} INFO - Started process (PID=19663) to work on /home/vscode/.local/lib/python3.11/site-packages/airflow/example_dags/example_xcom.py
[2026-05-09T11:38:54.561+0000] {processor.py:830} INFO - Processing file /home/vscode/.local/lib/python3.11/site-packages/airflow/example_dags/example_xcom.py for tasks to queue
[2026-05-09T11:38:54.561+0000] {logging_mixin.py:188} INFO - [2026-05-09T11:38:54.561+0000] {dagbag.py:545} INFO - Filling up the DagBag from /home/vscode/.local/lib/python3.11/site-packages/airflow/example_dags/example_xcom.py
[2026-05-09T11:38:54.566+0000] {processor.py:840} INFO - DAG(s) 'example_xcom' retrieved from /home/vscode/.local/lib/python3.11/site-packages/airflow/example_dags/example_xcom.py
[2026-05-09T11:38:54.579+0000] {logging_mixin.py:188} INFO - [2026-05-09T11:38:54.578+0000] {dag.py:3096} INFO - Sync 1 DAGs
[2026-05-09T11:38:54.592+0000] {logging_mixin.py:188} INFO - [2026-05-09T11:38:54.592+0000] {dag.py:3954} INFO - Setting next_dagrun for example_xcom to 2021-01-01 00:00:00+00:00, run_after=2021-01-01 00:00:00+00:00
[2026-05-09T11:38:54.607+0000] {processor.py:183} INFO - Processing /home/vscode/.local/lib/python3.11/site-packages/airflow/example_dags/example_xcom.py took 0.054 seconds
[2026-05-09T11:39:34.149+0000] {processor.py:161} INFO - Started process (PID=20267) to work on /home/vscode/.local/lib/python3.11/site-packages/airflow/example_dags/example_xcom.py
[2026-05-09T11:39:34.150+0000] {processor.py:830} INFO - Processing file /home/vscode/.local/lib/python3.11/site-packages/airflow/example_dags/example_xcom.py for tasks to queue
[2026-05-09T11:39:34.151+0000] {logging_mixin.py:188} INFO - [2026-05-09T11:39:34.150+0000] {dagbag.py:545} INFO - Filling up the DagBag from /home/vscode/.local/lib/python3.11/site-packages/airflow/example_dags/example_xcom.py
[2026-05-09T11:39:34.157+0000] {processor.py:840} INFO - DAG(s) 'example_xcom' retrieved from /home/vscode/.local/lib/python3.11/site-packages/airflow/example_dags/example_xcom.py
[2026-05-09T11:39:34.170+0000] {logging_mixin.py:188} INFO - [2026-05-09T11:39:34.170+0000] {dag.py:3096} INFO - Sync 1 DAGs
[2026-05-09T11:39:34.183+0000] {logging_mixin.py:188} INFO - [2026-05-09T11:39:34.183+0000] {dag.py:3954} INFO - Setting next_dagrun for example_xcom to 2021-01-01 00:00:00+00:00, run_after=2021-01-01 00:00:00+00:00
[2026-05-09T11:39:34.198+0000] {processor.py:183} INFO - Processing /home/vscode/.local/lib/python3.11/site-packages/airflow/example_dags/example_xcom.py took 0.055 seconds
[2026-05-09T11:40:15.647+0000] {processor.py:161} INFO - Started process (PID=20575) to work on /home/vscode/.local/lib/python3.11/site-packages/airflow/example_dags/example_xcom.py
[2026-05-09T11:40:15.647+0000] {processor.py:830} INFO - Processing file /home/vscode/.local/lib/python3.11/site-packages/airflow/example_dags/example_xcom.py for tasks to queue
[2026-05-09T11:40:15.648+0000] {logging_mixin.py:188} INFO - [2026-05-09T11:40:15.647+0000] {dagbag.py:545} INFO - Filling up the DagBag from /home/vscode/.local/lib/python3.11/site-packages/airflow/example_dags/example_xcom.py
[2026-05-09T11:40:15.653+0000] {processor.py:840} INFO - DAG(s) 'example_xcom' retrieved from /home/vscode/.local/lib/python3.11/site-packages/airflow/example_dags/example_xcom.py
[2026-05-09T11:40:15.665+0000] {logging_mixin.py:188} INFO - [2026-05-09T11:40:15.665+0000] {dag.py:3096} INFO - Sync 1 DAGs
[2026-05-09T11:40:15.677+0000] {logging_mixin.py:188} INFO - [2026-05-09T11:40:15.677+0000] {dag.py:3954} INFO - Setting next_dagrun for example_xcom to 2021-01-01 00:00:00+00:00, run_after=2021-01-01 00:00:00+00:00
[2026-05-09T11:40:15.692+0000] {processor.py:183} INFO - Processing /home/vscode/.local/lib/python3.11/site-packages/airflow/example_dags/example_xcom.py took 0.052 seconds
[2026-05-09T11:40:57.873+0000] {processor.py:161} INFO - Started process (PID=20918) to work on /home/vscode/.local/lib/python3.11/site-packages/airflow/example_dags/example_xcom.py
[2026-05-09T11:40:57.873+0000] {processor.py:830} INFO - Processing file /home/vscode/.local/lib/python3.11/site-packages/airflow/example_dags/example_xcom.py for tasks to queue
[2026-05-09T11:40:57.874+0000] {logging_mixin.py:188} INFO - [2026-05-09T11:40:57.874+0000] {dagbag.py:545} INFO - Filling up the DagBag from /home/vscode/.local/lib/python3.11/site-packages/airflow/example_dags/example_xcom.py
[2026-05-09T11:40:57.879+0000] {processor.py:840} INFO - DAG(s) 'example_xcom' retrieved from /home/vscode/.local/lib/python3.11/site-packages/airflow/example_dags/example_xcom.py
[2026-05-09T11:40:57.891+0000] {logging_mixin.py:188} INFO - [2026-05-09T11:40:57.891+0000] {dag.py:3096} INFO - Sync 1 DAGs
[2026-05-09T11:40:57.904+0000] {logging_mixin.py:188} INFO - [2026-05-09T11:40:57.904+0000] {dag.py:3954} INFO - Setting next_dagrun for example_xcom to 2021-01-01 00:00:00+00:00, run_after=2021-01-01 00:00:00+00:00
[2026-05-09T11:40:57.920+0000] {processor.py:183} INFO - Processing /home/vscode/.local/lib/python3.11/site-packages/airflow/example_dags/example_xcom.py took 0.053 seconds
[2026-05-09T11:41:41.539+0000] {processor.py:161} INFO - Started process (PID=21462) to work on /home/vscode/.local/lib/python3.11/site-packages/airflow/example_dags/example_xcom.py
[2026-05-09T11:41:41.540+0000] {processor.py:830} INFO - Processing file /home/vscode/.local/lib/python3.11/site-packages/airflow/example_dags/example_xcom.py for tasks to queue
[2026-05-09T11:41:41.540+0000] {logging_mixin.py:188} INFO - [2026-05-09T11:41:41.540+0000] {dagbag.py:545} INFO - Filling up the DagBag from /home/vscode/.local/lib/python3.11/site-packages/airflow/example_dags/example_xcom.py
[2026-05-09T11:41:41.546+0000] {processor.py:840} INFO - DAG(s) 'example_xcom' retrieved from /home/vscode/.local/lib/python3.11/site-packages/airflow/example_dags/example_xcom.py
[2026-05-09T11:41:41.559+0000] {logging_mixin.py:188} INFO - [2026-05-09T11:41:41.559+0000] {dag.py:3096} INFO - Sync 1 DAGs
[2026-05-09T11:41:41.576+0000] {logging_mixin.py:188} INFO - [2026-05-09T11:41:41.576+0000] {dag.py:3954} INFO - Setting next_dagrun for example_xcom to 2021-01-01 00:00:00+00:00, run_after=2021-01-01 00:00:00+00:00
[2026-05-09T11:41:41.599+0000] {processor.py:183} INFO - Processing /home/vscode/.local/lib/python3.11/site-packages/airflow/example_dags/example_xcom.py took 0.065 seconds
[2026-05-09T11:42:25.968+0000] {processor.py:161} INFO - Started process (PID=21794) to work on /home/vscode/.local/lib/python3.11/site-packages/airflow/example_dags/example_xcom.py
[2026-05-09T11:42:25.969+0000] {processor.py:830} INFO - Processing file /home/vscode/.local/lib/python3.11/site-packages/airflow/example_dags/example_xcom.py for tasks to queue
[2026-05-09T11:42:25.969+0000] {logging_mixin.py:188} INFO - [2026-05-09T11:42:25.969+0000] {dagbag.py:545} INFO - Filling up the DagBag from /home/vscode/.local/lib/python3.11/site-packages/airflow/example_dags/example_xcom.py
[2026-05-09T11:42:25.975+0000] {processor.py:840} INFO - DAG(s) 'example_xcom' retrieved from /home/vscode/.local/lib/python3.11/site-packages/airflow/example_dags/example_xcom.py
[2026-05-09T11:42:25.987+0000] {logging_mixin.py:188} INFO - [2026-05-09T11:42:25.987+0000] {dag.py:3096} INFO - Sync 1 DAGs
[2026-05-09T11:42:26.000+0000] {logging_mixin.py:188} INFO - [2026-05-09T11:42:26.000+0000] {dag.py:3954} INFO - Setting next_dagrun for example_xcom to 2021-01-01 00:00:00+00:00, run_after=2021-01-01 00:00:00+00:00
[2026-05-09T11:42:26.015+0000] {processor.py:183} INFO - Processing /home/vscode/.local/lib/python3.11/site-packages/airflow/example_dags/example_xcom.py took 0.053 seconds
[2026-05-09T11:43:10.884+0000] {processor.py:161} INFO - Started process (PID=22182) to work on /home/vscode/.local/lib/python3.11/site-packages/airflow/example_dags/example_xcom.py
[2026-05-09T11:43:10.885+0000] {processor.py:830} INFO - Processing file /home/vscode/.local/lib/python3.11/site-packages/airflow/example_dags/example_xcom.py for tasks to queue
[2026-05-09T11:43:10.885+0000] {logging_mixin.py:188} INFO - [2026-05-09T11:43:10.885+0000] {dagbag.py:545} INFO - Filling up the DagBag from /home/vscode/.local/lib/python3.11/site-packages/airflow/example_dags/example_xcom.py
[2026-05-09T11:43:10.890+0000] {processor.py:840} INFO - DAG(s) 'example_xcom' retrieved from /home/vscode/.local/lib/python3.11/site-packages/airflow/example_dags/example_xcom.py
[2026-05-09T11:43:10.902+0000] {logging_mixin.py:188} INFO - [2026-05-09T11:43:10.902+0000] {dag.py:3096} INFO - Sync 1 DAGs
[2026-05-09T11:43:10.916+0000] {logging_mixin.py:188} INFO - [2026-05-09T11:43:10.915+0000] {dag.py:3954} INFO - Setting next_dagrun for example_xcom to 2021-01-01 00:00:00+00:00, run_after=2021-01-01 00:00:00+00:00
[2026-05-09T11:43:10.931+0000] {processor.py:183} INFO - Processing /home/vscode/.local/lib/python3.11/site-packages/airflow/example_dags/example_xcom.py took 0.053 seconds
[2026-05-09T11:43:54.880+0000] {processor.py:161} INFO - Started process (PID=22626) to work on /home/vscode/.local/lib/python3.11/site-packages/airflow/example_dags/example_xcom.py
[2026-05-09T11:43:54.880+0000] {processor.py:830} INFO - Processing file /home/vscode/.local/lib/python3.11/site-packages/airflow/example_dags/example_xcom.py for tasks to queue
[2026-05-09T11:43:54.881+0000] {logging_mixin.py:188} INFO - [2026-05-09T11:43:54.881+0000] {dagbag.py:545} INFO - Filling up the DagBag from /home/vscode/.local/lib/python3.11/site-packages/airflow/example_dags/example_xcom.py
[2026-05-09T11:43:54.887+0000] {processor.py:840} INFO - DAG(s) 'example_xcom' retrieved from /home/vscode/.local/lib/python3.11/site-packages/airflow/example_dags/example_xcom.py
[2026-05-09T11:43:54.899+0000] {logging_mixin.py:188} INFO - [2026-05-09T11:43:54.899+0000] {dag.py:3096} INFO - Sync 1 DAGs
[2026-05-09T11:43:54.914+0000] {logging_mixin.py:188} INFO - [2026-05-09T11:43:54.914+0000] {dag.py:3954} INFO - Setting next_dagrun for example_xcom to 2021-01-01 00:00:00+00:00, run_after=2021-01-01 00:00:00+00:00
[2026-05-09T11:43:54.929+0000] {processor.py:183} INFO - Processing /home/vscode/.local/lib/python3.11/site-packages/airflow/example_dags/example_xcom.py took 0.066 seconds
[2026-05-09T11:44:33.816+0000] {processor.py:161} INFO - Started process (PID=22940) to work on /home/vscode/.local/lib/python3.11/site-packages/airflow/example_dags/example_xcom.py
[2026-05-09T11:44:33.817+0000] {processor.py:830} INFO - Processing file /home/vscode/.local/lib/python3.11/site-packages/airflow/example_dags/example_xcom.py for tasks to queue
[2026-05-09T11:44:33.817+0000] {logging_mixin.py:188} INFO - [2026-05-09T11:44:33.817+0000] {dagbag.py:545} INFO - Filling up the DagBag from /home/vscode/.local/lib/python3.11/site-packages/airflow/example_dags/example_xcom.py
[2026-05-09T11:44:33.824+0000] {processor.py:840} INFO - DAG(s) 'example_xcom' retrieved from /home/vscode/.local/lib/python3.11/site-packages/airflow/example_dags/example_xcom.py
[2026-05-09T11:44:33.836+0000] {logging_mixin.py:188} INFO - [2026-05-09T11:44:33.836+0000] {dag.py:3096} INFO - Sync 1 DAGs
[2026-05-09T11:44:33.850+0000] {logging_mixin.py:188} INFO - [2026-05-09T11:44:33.849+0000] {dag.py:3954} INFO - Setting next_dagrun for example_xcom to 2021-01-01 00:00:00+00:00, run_after=2021-01-01 00:00:00+00:00
[2026-05-09T11:44:33.865+0000] {processor.py:183} INFO - Processing /home/vscode/.local/lib/python3.11/site-packages/airflow/example_dags/example_xcom.py took 0.055 seconds
[2026-05-09T11:45:17.897+0000] {processor.py:161} INFO - Started process (PID=23304) to work on /home/vscode/.local/lib/python3.11/site-packages/airflow/example_dags/example_xcom.py
[2026-05-09T11:45:17.897+0000] {processor.py:830} INFO - Processing file /home/vscode/.local/lib/python3.11/site-packages/airflow/example_dags/example_xcom.py for tasks to queue
[2026-05-09T11:45:17.898+0000] {logging_mixin.py:188} INFO - [2026-05-09T11:45:17.898+0000] {dagbag.py:545} INFO - Filling up the DagBag from /home/vscode/.local/lib/python3.11/site-packages/airflow/example_dags/example_xcom.py
[2026-05-09T11:45:17.904+0000] {processor.py:840} INFO - DAG(s) 'example_xcom' retrieved from /home/vscode/.local/lib/python3.11/site-packages/airflow/example_dags/example_xcom.py
[2026-05-09T11:45:17.916+0000] {logging_mixin.py:188} INFO - [2026-05-09T11:45:17.916+0000] {dag.py:3096} INFO - Sync 1 DAGs
[2026-05-09T11:45:17.930+0000] {logging_mixin.py:188} INFO - [2026-05-09T11:45:17.930+0000] {dag.py:3954} INFO - Setting next_dagrun for example_xcom to 2021-01-01 00:00:00+00:00, run_after=2021-01-01 00:00:00+00:00
[2026-05-09T11:45:17.951+0000] {processor.py:183} INFO - Processing /home/vscode/.local/lib/python3.11/site-packages/airflow/example_dags/example_xcom.py took 0.061 seconds
[2026-05-09T11:46:02.199+0000] {processor.py:161} INFO - Started process (PID=23689) to work on /home/vscode/.local/lib/python3.11/site-packages/airflow/example_dags/example_xcom.py
[2026-05-09T11:46:02.200+0000] {processor.py:830} INFO - Processing file /home/vscode/.local/lib/python3.11/site-packages/airflow/example_dags/example_xcom.py for tasks to queue
[2026-05-09T11:46:02.201+0000] {logging_mixin.py:188} INFO - [2026-05-09T11:46:02.200+0000] {dagbag.py:545} INFO - Filling up the DagBag from /home/vscode/.local/lib/python3.11/site-packages/airflow/example_dags/example_xcom.py
[2026-05-09T11:46:02.210+0000] {processor.py:840} INFO - DAG(s) 'example_xcom' retrieved from /home/vscode/.local/lib/python3.11/site-packages/airflow/example_dags/example_xcom.py
[2026-05-09T11:46:02.234+0000] {logging_mixin.py:188} INFO - [2026-05-09T11:46:02.230+0000] {dag.py:3096} INFO - Sync 1 DAGs
[2026-05-09T11:46:02.261+0000] {logging_mixin.py:188} INFO - [2026-05-09T11:46:02.261+0000] {dag.py:3954} INFO - Setting next_dagrun for example_xcom to 2021-01-01 00:00:00+00:00, run_after=2021-01-01 00:00:00+00:00
[2026-05-09T11:46:02.277+0000] {processor.py:183} INFO - Processing /home/vscode/.local/lib/python3.11/site-packages/airflow/example_dags/example_xcom.py took 0.090 seconds
[2026-05-09T11:46:45.345+0000] {processor.py:161} INFO - Started process (PID=24067) to work on /home/vscode/.local/lib/python3.11/site-packages/airflow/example_dags/example_xcom.py
[2026-05-09T11:46:45.346+0000] {processor.py:830} INFO - Processing file /home/vscode/.local/lib/python3.11/site-packages/airflow/example_dags/example_xcom.py for tasks to queue
[2026-05-09T11:46:45.346+0000] {logging_mixin.py:188} INFO - [2026-05-09T11:46:45.346+0000] {dagbag.py:545} INFO - Filling up the DagBag from /home/vscode/.local/lib/python3.11/site-packages/airflow/example_dags/example_xcom.py
[2026-05-09T11:46:45.352+0000] {processor.py:840} INFO - DAG(s) 'example_xcom' retrieved from /home/vscode/.local/lib/python3.11/site-packages/airflow/example_dags/example_xcom.py
[2026-05-09T11:46:45.363+0000] {logging_mixin.py:188} INFO - [2026-05-09T11:46:45.363+0000] {dag.py:3096} INFO - Sync 1 DAGs
[2026-05-09T11:46:45.376+0000] {logging_mixin.py:188} INFO - [2026-05-09T11:46:45.376+0000] {dag.py:3954} INFO - Setting next_dagrun for example_xcom to 2021-01-01 00:00:00+00:00, run_after=2021-01-01 00:00:00+00:00
[2026-05-09T11:46:45.391+0000] {processor.py:183} INFO - Processing /home/vscode/.local/lib/python3.11/site-packages/airflow/example_dags/example_xcom.py took 0.052 seconds
[2026-05-09T11:47:30.692+0000] {processor.py:161} INFO - Started process (PID=24549) to work on /home/vscode/.local/lib/python3.11/site-packages/airflow/example_dags/example_xcom.py
[2026-05-09T11:47:30.693+0000] {processor.py:830} INFO - Processing file /home/vscode/.local/lib/python3.11/site-packages/airflow/example_dags/example_xcom.py for tasks to queue
[2026-05-09T11:47:30.693+0000] {logging_mixin.py:188} INFO - [2026-05-09T11:47:30.693+0000] {dagbag.py:545} INFO - Filling up the DagBag from /home/vscode/.local/lib/python3.11/site-packages/airflow/example_dags/example_xcom.py
[2026-05-09T11:47:30.699+0000] {processor.py:840} INFO - DAG(s) 'example_xcom' retrieved from /home/vscode/.local/lib/python3.11/site-packages/airflow/example_dags/example_xcom.py
[2026-05-09T11:47:30.711+0000] {logging_mixin.py:188} INFO - [2026-05-09T11:47:30.711+0000] {dag.py:3096} INFO - Sync 1 DAGs
[2026-05-09T11:47:30.724+0000] {logging_mixin.py:188} INFO - [2026-05-09T11:47:30.724+0000] {dag.py:3954} INFO - Setting next_dagrun for example_xcom to 2021-01-01 00:00:00+00:00, run_after=2021-01-01 00:00:00+00:00
[2026-05-09T11:47:30.739+0000] {processor.py:183} INFO - Processing /home/vscode/.local/lib/python3.11/site-packages/airflow/example_dags/example_xcom.py took 0.053 seconds
[2026-05-09T11:48:15.211+0000] {processor.py:161} INFO - Started process (PID=24918) to work on /home/vscode/.local/lib/python3.11/site-packages/airflow/example_dags/example_xcom.py
[2026-05-09T11:48:15.212+0000] {processor.py:830} INFO - Processing file /home/vscode/.local/lib/python3.11/site-packages/airflow/example_dags/example_xcom.py for tasks to queue
[2026-05-09T11:48:15.212+0000] {logging_mixin.py:188} INFO - [2026-05-09T11:48:15.212+0000] {dagbag.py:545} INFO - Filling up the DagBag from /home/vscode/.local/lib/python3.11/site-packages/airflow/example_dags/example_xcom.py
[2026-05-09T11:48:15.218+0000] {processor.py:840} INFO - DAG(s) 'example_xcom' retrieved from /home/vscode/.local/lib/python3.11/site-packages/airflow/example_dags/example_xcom.py
[2026-05-09T11:48:15.230+0000] {logging_mixin.py:188} INFO - [2026-05-09T11:48:15.230+0000] {dag.py:3096} INFO - Sync 1 DAGs
[2026-05-09T11:48:15.243+0000] {logging_mixin.py:188} INFO - [2026-05-09T11:48:15.243+0000] {dag.py:3954} INFO - Setting next_dagrun for example_xcom to 2021-01-01 00:00:00+00:00, run_after=2021-01-01 00:00:00+00:00
[2026-05-09T11:48:15.259+0000] {processor.py:183} INFO - Processing /home/vscode/.local/lib/python3.11/site-packages/airflow/example_dags/example_xcom.py took 0.054 seconds
[2026-05-09T11:48:57.054+0000] {processor.py:161} INFO - Started process (PID=25352) to work on /home/vscode/.local/lib/python3.11/site-packages/airflow/example_dags/example_xcom.py
[2026-05-09T11:48:57.055+0000] {processor.py:830} INFO - Processing file /home/vscode/.local/lib/python3.11/site-packages/airflow/example_dags/example_xcom.py for tasks to queue
[2026-05-09T11:48:57.056+0000] {logging_mixin.py:188} INFO - [2026-05-09T11:48:57.055+0000] {dagbag.py:545} INFO - Filling up the DagBag from /home/vscode/.local/lib/python3.11/site-packages/airflow/example_dags/example_xcom.py
[2026-05-09T11:48:57.061+0000] {processor.py:840} INFO - DAG(s) 'example_xcom' retrieved from /home/vscode/.local/lib/python3.11/site-packages/airflow/example_dags/example_xcom.py
[2026-05-09T11:48:57.074+0000] {logging_mixin.py:188} INFO - [2026-05-09T11:48:57.074+0000] {dag.py:3096} INFO - Sync 1 DAGs
[2026-05-09T11:48:57.088+0000] {logging_mixin.py:188} INFO - [2026-05-09T11:48:57.088+0000] {dag.py:3954} INFO - Setting next_dagrun for example_xcom to 2021-01-01 00:00:00+00:00, run_after=2021-01-01 00:00:00+00:00
[2026-05-09T11:48:57.104+0000] {processor.py:183} INFO - Processing /home/vscode/.local/lib/python3.11/site-packages/airflow/example_dags/example_xcom.py took 0.057 seconds
[2026-05-09T11:49:36.486+0000] {processor.py:161} INFO - Started process (PID=25722) to work on /home/vscode/.local/lib/python3.11/site-packages/airflow/example_dags/example_xcom.py
[2026-05-09T11:49:36.487+0000] {processor.py:830} INFO - Processing file /home/vscode/.local/lib/python3.11/site-packages/airflow/example_dags/example_xcom.py for tasks to queue
[2026-05-09T11:49:36.487+0000] {logging_mixin.py:188} INFO - [2026-05-09T11:49:36.487+0000] {dagbag.py:545} INFO - Filling up the DagBag from /home/vscode/.local/lib/python3.11/site-packages/airflow/example_dags/example_xcom.py
[2026-05-09T11:49:36.493+0000] {processor.py:840} INFO - DAG(s) 'example_xcom' retrieved from /home/vscode/.local/lib/python3.11/site-packages/airflow/example_dags/example_xcom.py
[2026-05-09T11:49:36.505+0000] {logging_mixin.py:188} INFO - [2026-05-09T11:49:36.505+0000] {dag.py:3096} INFO - Sync 1 DAGs
[2026-05-09T11:49:36.519+0000] {logging_mixin.py:188} INFO - [2026-05-09T11:49:36.519+0000] {dag.py:3954} INFO - Setting next_dagrun for example_xcom to 2021-01-01 00:00:00+00:00, run_after=2021-01-01 00:00:00+00:00
[2026-05-09T11:49:36.534+0000] {processor.py:183} INFO - Processing /home/vscode/.local/lib/python3.11/site-packages/airflow/example_dags/example_xcom.py took 0.054 seconds
[2026-05-09T11:50:20.638+0000] {processor.py:161} INFO - Started process (PID=26144) to work on /home/vscode/.local/lib/python3.11/site-packages/airflow/example_dags/example_xcom.py
[2026-05-09T11:50:20.639+0000] {processor.py:830} INFO - Processing file /home/vscode/.local/lib/python3.11/site-packages/airflow/example_dags/example_xcom.py for tasks to queue
[2026-05-09T11:50:20.640+0000] {logging_mixin.py:188} INFO - [2026-05-09T11:50:20.639+0000] {dagbag.py:545} INFO - Filling up the DagBag from /home/vscode/.local/lib/python3.11/site-packages/airflow/example_dags/example_xcom.py
[2026-05-09T11:50:20.645+0000] {processor.py:840} INFO - DAG(s) 'example_xcom' retrieved from /home/vscode/.local/lib/python3.11/site-packages/airflow/example_dags/example_xcom.py
[2026-05-09T11:50:20.657+0000] {logging_mixin.py:188} INFO - [2026-05-09T11:50:20.657+0000] {dag.py:3096} INFO - Sync 1 DAGs
[2026-05-09T11:50:20.671+0000] {logging_mixin.py:188} INFO - [2026-05-09T11:50:20.671+0000] {dag.py:3954} INFO - Setting next_dagrun for example_xcom to 2021-01-01 00:00:00+00:00, run_after=2021-01-01 00:00:00+00:00
[2026-05-09T11:50:20.687+0000] {processor.py:183} INFO - Processing /home/vscode/.local/lib/python3.11/site-packages/airflow/example_dags/example_xcom.py took 0.055 seconds
[2026-05-09T11:51:03.009+0000] {processor.py:161} INFO - Started process (PID=26701) to work on /home/vscode/.local/lib/python3.11/site-packages/airflow/example_dags/example_xcom.py
[2026-05-09T11:51:03.009+0000] {processor.py:830} INFO - Processing file /home/vscode/.local/lib/python3.11/site-packages/airflow/example_dags/example_xcom.py for tasks to queue
[2026-05-09T11:51:03.010+0000] {logging_mixin.py:188} INFO - [2026-05-09T11:51:03.010+0000] {dagbag.py:545} INFO - Filling up the DagBag from /home/vscode/.local/lib/python3.11/site-packages/airflow/example_dags/example_xcom.py
[2026-05-09T11:51:03.015+0000] {processor.py:840} INFO - DAG(s) 'example_xcom' retrieved from /home/vscode/.local/lib/python3.11/site-packages/airflow/example_dags/example_xcom.py
[2026-05-09T11:51:03.027+0000] {logging_mixin.py:188} INFO - [2026-05-09T11:51:03.027+0000] {dag.py:3096} INFO - Sync 1 DAGs
[2026-05-09T11:51:03.040+0000] {logging_mixin.py:188} INFO - [2026-05-09T11:51:03.040+0000] {dag.py:3954} INFO - Setting next_dagrun for example_xcom to 2021-01-01 00:00:00+00:00, run_after=2021-01-01 00:00:00+00:00
[2026-05-09T11:51:03.055+0000] {processor.py:183} INFO - Processing /home/vscode/.local/lib/python3.11/site-packages/airflow/example_dags/example_xcom.py took 0.052 seconds
[2026-05-09T11:51:46.163+0000] {processor.py:161} INFO - Started process (PID=27135) to work on /home/vscode/.local/lib/python3.11/site-packages/airflow/example_dags/example_xcom.py
[2026-05-09T11:51:46.163+0000] {processor.py:830} INFO - Processing file /home/vscode/.local/lib/python3.11/site-packages/airflow/example_dags/example_xcom.py for tasks to queue
[2026-05-09T11:51:46.164+0000] {logging_mixin.py:188} INFO - [2026-05-09T11:51:46.164+0000] {dagbag.py:545} INFO - Filling up the DagBag from /home/vscode/.local/lib/python3.11/site-packages/airflow/example_dags/example_xcom.py
[2026-05-09T11:51:46.171+0000] {processor.py:840} INFO - DAG(s) 'example_xcom' retrieved from /home/vscode/.local/lib/python3.11/site-packages/airflow/example_dags/example_xcom.py
[2026-05-09T11:51:46.187+0000] {logging_mixin.py:188} INFO - [2026-05-09T11:51:46.187+0000] {dag.py:3096} INFO - Sync 1 DAGs
[2026-05-09T11:51:46.204+0000] {logging_mixin.py:188} INFO - [2026-05-09T11:51:46.204+0000] {dag.py:3954} INFO - Setting next_dagrun for example_xcom to 2021-01-01 00:00:00+00:00, run_after=2021-01-01 00:00:00+00:00
[2026-05-09T11:51:46.223+0000] {processor.py:183} INFO - Processing /home/vscode/.local/lib/python3.11/site-packages/airflow/example_dags/example_xcom.py took 0.069 seconds
[2026-05-09T11:52:27.403+0000] {processor.py:161} INFO - Started process (PID=27475) to work on /home/vscode/.local/lib/python3.11/site-packages/airflow/example_dags/example_xcom.py
[2026-05-09T11:52:27.404+0000] {processor.py:830} INFO - Processing file /home/vscode/.local/lib/python3.11/site-packages/airflow/example_dags/example_xcom.py for tasks to queue
[2026-05-09T11:52:27.404+0000] {logging_mixin.py:188} INFO - [2026-05-09T11:52:27.404+0000] {dagbag.py:545} INFO - Filling up the DagBag from /home/vscode/.local/lib/python3.11/site-packages/airflow/example_dags/example_xcom.py
[2026-05-09T11:52:27.410+0000] {processor.py:840} INFO - DAG(s) 'example_xcom' retrieved from /home/vscode/.local/lib/python3.11/site-packages/airflow/example_dags/example_xcom.py
[2026-05-09T11:52:27.422+0000] {logging_mixin.py:188} INFO - [2026-05-09T11:52:27.421+0000] {dag.py:3096} INFO - Sync 1 DAGs
[2026-05-09T11:52:27.435+0000] {logging_mixin.py:188} INFO - [2026-05-09T11:52:27.434+0000] {dag.py:3954} INFO - Setting next_dagrun for example_xcom to 2021-01-01 00:00:00+00:00, run_after=2021-01-01 00:00:00+00:00
[2026-05-09T11:52:27.449+0000] {processor.py:183} INFO - Processing /home/vscode/.local/lib/python3.11/site-packages/airflow/example_dags/example_xcom.py took 0.052 seconds
[2026-05-09T11:53:05.815+0000] {processor.py:161} INFO - Started process (PID=27817) to work on /home/vscode/.local/lib/python3.11/site-packages/airflow/example_dags/example_xcom.py
[2026-05-09T11:53:05.816+0000] {processor.py:830} INFO - Processing file /home/vscode/.local/lib/python3.11/site-packages/airflow/example_dags/example_xcom.py for tasks to queue
[2026-05-09T11:53:05.816+0000] {logging_mixin.py:188} INFO - [2026-05-09T11:53:05.816+0000] {dagbag.py:545} INFO - Filling up the DagBag from /home/vscode/.local/lib/python3.11/site-packages/airflow/example_dags/example_xcom.py
[2026-05-09T11:53:05.823+0000] {processor.py:840} INFO - DAG(s) 'example_xcom' retrieved from /home/vscode/.local/lib/python3.11/site-packages/airflow/example_dags/example_xcom.py
[2026-05-09T11:53:05.835+0000] {logging_mixin.py:188} INFO - [2026-05-09T11:53:05.835+0000] {dag.py:3096} INFO - Sync 1 DAGs
[2026-05-09T11:53:05.849+0000] {logging_mixin.py:188} INFO - [2026-05-09T11:53:05.849+0000] {dag.py:3954} INFO - Setting next_dagrun for example_xcom to 2021-01-01 00:00:00+00:00, run_after=2021-01-01 00:00:00+00:00
[2026-05-09T11:53:05.868+0000] {processor.py:183} INFO - Processing /home/vscode/.local/lib/python3.11/site-packages/airflow/example_dags/example_xcom.py took 0.060 seconds
[2026-05-09T11:53:47.453+0000] {processor.py:161} INFO - Started process (PID=28229) to work on /home/vscode/.local/lib/python3.11/site-packages/airflow/example_dags/example_xcom.py
[2026-05-09T11:53:47.454+0000] {processor.py:830} INFO - Processing file /home/vscode/.local/lib/python3.11/site-packages/airflow/example_dags/example_xcom.py for tasks to queue
[2026-05-09T11:53:47.454+0000] {logging_mixin.py:188} INFO - [2026-05-09T11:53:47.454+0000] {dagbag.py:545} INFO - Filling up the DagBag from /home/vscode/.local/lib/python3.11/site-packages/airflow/example_dags/example_xcom.py
[2026-05-09T11:53:47.461+0000] {processor.py:840} INFO - DAG(s) 'example_xcom' retrieved from /home/vscode/.local/lib/python3.11/site-packages/airflow/example_dags/example_xcom.py
[2026-05-09T11:53:47.499+0000] {logging_mixin.py:188} INFO - [2026-05-09T11:53:47.499+0000] {dag.py:3096} INFO - Sync 1 DAGs
[2026-05-09T11:53:47.522+0000] {logging_mixin.py:188} INFO - [2026-05-09T11:53:47.522+0000] {dag.py:3954} INFO - Setting next_dagrun for example_xcom to 2021-01-01 00:00:00+00:00, run_after=2021-01-01 00:00:00+00:00
[2026-05-09T11:53:47.542+0000] {processor.py:183} INFO - Processing /home/vscode/.local/lib/python3.11/site-packages/airflow/example_dags/example_xcom.py took 0.095 seconds
[2026-05-09T11:54:26.582+0000] {processor.py:161} INFO - Started process (PID=28515) to work on /home/vscode/.local/lib/python3.11/site-packages/airflow/example_dags/example_xcom.py
[2026-05-09T11:54:26.582+0000] {processor.py:830} INFO - Processing file /home/vscode/.local/lib/python3.11/site-packages/airflow/example_dags/example_xcom.py for tasks to queue
[2026-05-09T11:54:26.583+0000] {logging_mixin.py:188} INFO - [2026-05-09T11:54:26.583+0000] {dagbag.py:545} INFO - Filling up the DagBag from /home/vscode/.local/lib/python3.11/site-packages/airflow/example_dags/example_xcom.py
[2026-05-09T11:54:26.589+0000] {processor.py:840} INFO - DAG(s) 'example_xcom' retrieved from /home/vscode/.local/lib/python3.11/site-packages/airflow/example_dags/example_xcom.py
[2026-05-09T11:54:26.601+0000] {logging_mixin.py:188} INFO - [2026-05-09T11:54:26.601+0000] {dag.py:3096} INFO - Sync 1 DAGs
[2026-05-09T11:54:26.614+0000] {logging_mixin.py:188} INFO - [2026-05-09T11:54:26.614+0000] {dag.py:3954} INFO - Setting next_dagrun for example_xcom to 2021-01-01 00:00:00+00:00, run_after=2021-01-01 00:00:00+00:00
[2026-05-09T11:54:26.630+0000] {processor.py:183} INFO - Processing /home/vscode/.local/lib/python3.11/site-packages/airflow/example_dags/example_xcom.py took 0.054 seconds
[2026-05-09T11:55:08.834+0000] {processor.py:161} INFO - Started process (PID=28872) to work on /home/vscode/.local/lib/python3.11/site-packages/airflow/example_dags/example_xcom.py
[2026-05-09T11:55:08.834+0000] {processor.py:830} INFO - Processing file /home/vscode/.local/lib/python3.11/site-packages/airflow/example_dags/example_xcom.py for tasks to queue
[2026-05-09T11:55:08.835+0000] {logging_mixin.py:188} INFO - [2026-05-09T11:55:08.834+0000] {dagbag.py:545} INFO - Filling up the DagBag from /home/vscode/.local/lib/python3.11/site-packages/airflow/example_dags/example_xcom.py
[2026-05-09T11:55:08.840+0000] {processor.py:840} INFO - DAG(s) 'example_xcom' retrieved from /home/vscode/.local/lib/python3.11/site-packages/airflow/example_dags/example_xcom.py
[2026-05-09T11:55:08.852+0000] {logging_mixin.py:188} INFO - [2026-05-09T11:55:08.852+0000] {dag.py:3096} INFO - Sync 1 DAGs
[2026-05-09T11:55:08.869+0000] {logging_mixin.py:188} INFO - [2026-05-09T11:55:08.869+0000] {dag.py:3954} INFO - Setting next_dagrun for example_xcom to 2021-01-01 00:00:00+00:00, run_after=2021-01-01 00:00:00+00:00
[2026-05-09T11:55:08.915+0000] {processor.py:183} INFO - Processing /home/vscode/.local/lib/python3.11/site-packages/airflow/example_dags/example_xcom.py took 0.088 seconds
[2026-05-09T11:55:49.994+0000] {processor.py:161} INFO - Started process (PID=29228) to work on /home/vscode/.local/lib/python3.11/site-packages/airflow/example_dags/example_xcom.py
[2026-05-09T11:55:49.995+0000] {processor.py:830} INFO - Processing file /home/vscode/.local/lib/python3.11/site-packages/airflow/example_dags/example_xcom.py for tasks to queue
[2026-05-09T11:55:49.995+0000] {logging_mixin.py:188} INFO - [2026-05-09T11:55:49.995+0000] {dagbag.py:545} INFO - Filling up the DagBag from /home/vscode/.local/lib/python3.11/site-packages/airflow/example_dags/example_xcom.py
[2026-05-09T11:55:50.001+0000] {processor.py:840} INFO - DAG(s) 'example_xcom' retrieved from /home/vscode/.local/lib/python3.11/site-packages/airflow/example_dags/example_xcom.py
[2026-05-09T11:55:50.013+0000] {logging_mixin.py:188} INFO - [2026-05-09T11:55:50.012+0000] {dag.py:3096} INFO - Sync 1 DAGs
[2026-05-09T11:55:50.025+0000] {logging_mixin.py:188} INFO - [2026-05-09T11:55:50.025+0000] {dag.py:3954} INFO - Setting next_dagrun for example_xcom to 2021-01-01 00:00:00+00:00, run_after=2021-01-01 00:00:00+00:00
[2026-05-09T11:55:50.040+0000] {processor.py:183} INFO - Processing /home/vscode/.local/lib/python3.11/site-packages/airflow/example_dags/example_xcom.py took 0.052 seconds
[2026-05-09T11:56:32.312+0000] {processor.py:161} INFO - Started process (PID=29524) to work on /home/vscode/.local/lib/python3.11/site-packages/airflow/example_dags/example_xcom.py
[2026-05-09T11:56:32.312+0000] {processor.py:830} INFO - Processing file /home/vscode/.local/lib/python3.11/site-packages/airflow/example_dags/example_xcom.py for tasks to queue
[2026-05-09T11:56:32.313+0000] {logging_mixin.py:188} INFO - [2026-05-09T11:56:32.312+0000] {dagbag.py:545} INFO - Filling up the DagBag from /home/vscode/.local/lib/python3.11/site-packages/airflow/example_dags/example_xcom.py
[2026-05-09T11:56:32.318+0000] {processor.py:840} INFO - DAG(s) 'example_xcom' retrieved from /home/vscode/.local/lib/python3.11/site-packages/airflow/example_dags/example_xcom.py
[2026-05-09T11:56:32.331+0000] {logging_mixin.py:188} INFO - [2026-05-09T11:56:32.331+0000] {dag.py:3096} INFO - Sync 1 DAGs
[2026-05-09T11:56:32.344+0000] {logging_mixin.py:188} INFO - [2026-05-09T11:56:32.344+0000] {dag.py:3954} INFO - Setting next_dagrun for example_xcom to 2021-01-01 00:00:00+00:00, run_after=2021-01-01 00:00:00+00:00
[2026-05-09T11:56:32.360+0000] {processor.py:183} INFO - Processing /home/vscode/.local/lib/python3.11/site-packages/airflow/example_dags/example_xcom.py took 0.055 seconds
[2026-05-09T11:57:11.362+0000] {processor.py:161} INFO - Started process (PID=29864) to work on /home/vscode/.local/lib/python3.11/site-packages/airflow/example_dags/example_xcom.py
[2026-05-09T11:57:11.362+0000] {processor.py:830} INFO - Processing file /home/vscode/.local/lib/python3.11/site-packages/airflow/example_dags/example_xcom.py for tasks to queue
[2026-05-09T11:57:11.363+0000] {logging_mixin.py:188} INFO - [2026-05-09T11:57:11.363+0000] {dagbag.py:545} INFO - Filling up the DagBag from /home/vscode/.local/lib/python3.11/site-packages/airflow/example_dags/example_xcom.py
[2026-05-09T11:57:11.369+0000] {processor.py:840} INFO - DAG(s) 'example_xcom' retrieved from /home/vscode/.local/lib/python3.11/site-packages/airflow/example_dags/example_xcom.py
[2026-05-09T11:57:11.381+0000] {logging_mixin.py:188} INFO - [2026-05-09T11:57:11.380+0000] {dag.py:3096} INFO - Sync 1 DAGs
[2026-05-09T11:57:11.393+0000] {logging_mixin.py:188} INFO - [2026-05-09T11:57:11.393+0000] {dag.py:3954} INFO - Setting next_dagrun for example_xcom to 2021-01-01 00:00:00+00:00, run_after=2021-01-01 00:00:00+00:00
[2026-05-09T11:57:11.409+0000] {processor.py:183} INFO - Processing /home/vscode/.local/lib/python3.11/site-packages/airflow/example_dags/example_xcom.py took 0.053 seconds
[2026-05-09T11:57:54.615+0000] {processor.py:161} INFO - Started process (PID=30229) to work on /home/vscode/.local/lib/python3.11/site-packages/airflow/example_dags/example_xcom.py
[2026-05-09T11:57:54.615+0000] {processor.py:830} INFO - Processing file /home/vscode/.local/lib/python3.11/site-packages/airflow/example_dags/example_xcom.py for tasks to queue
[2026-05-09T11:57:54.616+0000] {logging_mixin.py:188} INFO - [2026-05-09T11:57:54.615+0000] {dagbag.py:545} INFO - Filling up the DagBag from /home/vscode/.local/lib/python3.11/site-packages/airflow/example_dags/example_xcom.py
[2026-05-09T11:57:54.621+0000] {processor.py:840} INFO - DAG(s) 'example_xcom' retrieved from /home/vscode/.local/lib/python3.11/site-packages/airflow/example_dags/example_xcom.py
[2026-05-09T11:57:54.634+0000] {logging_mixin.py:188} INFO - [2026-05-09T11:57:54.634+0000] {dag.py:3096} INFO - Sync 1 DAGs
[2026-05-09T11:57:54.647+0000] {logging_mixin.py:188} INFO - [2026-05-09T11:57:54.647+0000] {dag.py:3954} INFO - Setting next_dagrun for example_xcom to 2021-01-01 00:00:00+00:00, run_after=2021-01-01 00:00:00+00:00
[2026-05-09T11:57:54.663+0000] {processor.py:183} INFO - Processing /home/vscode/.local/lib/python3.11/site-packages/airflow/example_dags/example_xcom.py took 0.056 seconds
[2026-05-09T11:58:36.533+0000] {processor.py:161} INFO - Started process (PID=30526) to work on /home/vscode/.local/lib/python3.11/site-packages/airflow/example_dags/example_xcom.py
[2026-05-09T11:58:36.534+0000] {processor.py:830} INFO - Processing file /home/vscode/.local/lib/python3.11/site-packages/airflow/example_dags/example_xcom.py for tasks to queue
[2026-05-09T11:58:36.534+0000] {logging_mixin.py:188} INFO - [2026-05-09T11:58:36.534+0000] {dagbag.py:545} INFO - Filling up the DagBag from /home/vscode/.local/lib/python3.11/site-packages/airflow/example_dags/example_xcom.py
[2026-05-09T11:58:36.540+0000] {processor.py:840} INFO - DAG(s) 'example_xcom' retrieved from /home/vscode/.local/lib/python3.11/site-packages/airflow/example_dags/example_xcom.py
[2026-05-09T11:58:36.553+0000] {logging_mixin.py:188} INFO - [2026-05-09T11:58:36.553+0000] {dag.py:3096} INFO - Sync 1 DAGs
[2026-05-09T11:58:36.567+0000] {logging_mixin.py:188} INFO - [2026-05-09T11:58:36.567+0000] {dag.py:3954} INFO - Setting next_dagrun for example_xcom to 2021-01-01 00:00:00+00:00, run_after=2021-01-01 00:00:00+00:00
[2026-05-09T11:58:36.583+0000] {processor.py:183} INFO - Processing /home/vscode/.local/lib/python3.11/site-packages/airflow/example_dags/example_xcom.py took 0.056 seconds
[2026-05-09T11:59:19.882+0000] {processor.py:161} INFO - Started process (PID=30899) to work on /home/vscode/.local/lib/python3.11/site-packages/airflow/example_dags/example_xcom.py
[2026-05-09T11:59:19.883+0000] {processor.py:830} INFO - Processing file /home/vscode/.local/lib/python3.11/site-packages/airflow/example_dags/example_xcom.py for tasks to queue
[2026-05-09T11:59:19.883+0000] {logging_mixin.py:188} INFO - [2026-05-09T11:59:19.883+0000] {dagbag.py:545} INFO - Filling up the DagBag from /home/vscode/.local/lib/python3.11/site-packages/airflow/example_dags/example_xcom.py
[2026-05-09T11:59:19.889+0000] {processor.py:840} INFO - DAG(s) 'example_xcom' retrieved from /home/vscode/.local/lib/python3.11/site-packages/airflow/example_dags/example_xcom.py
[2026-05-09T11:59:19.901+0000] {logging_mixin.py:188} INFO - [2026-05-09T11:59:19.901+0000] {dag.py:3096} INFO - Sync 1 DAGs
[2026-05-09T11:59:19.915+0000] {logging_mixin.py:188} INFO - [2026-05-09T11:59:19.915+0000] {dag.py:3954} INFO - Setting next_dagrun for example_xcom to 2021-01-01 00:00:00+00:00, run_after=2021-01-01 00:00:00+00:00
[2026-05-09T11:59:19.930+0000] {processor.py:183} INFO - Processing /home/vscode/.local/lib/python3.11/site-packages/airflow/example_dags/example_xcom.py took 0.054 seconds
[2026-05-09T12:00:01.466+0000] {processor.py:161} INFO - Started process (PID=31250) to work on /home/vscode/.local/lib/python3.11/site-packages/airflow/example_dags/example_xcom.py
[2026-05-09T12:00:01.466+0000] {processor.py:830} INFO - Processing file /home/vscode/.local/lib/python3.11/site-packages/airflow/example_dags/example_xcom.py for tasks to queue
[2026-05-09T12:00:01.467+0000] {logging_mixin.py:188} INFO - [2026-05-09T12:00:01.467+0000] {dagbag.py:545} INFO - Filling up the DagBag from /home/vscode/.local/lib/python3.11/site-packages/airflow/example_dags/example_xcom.py
[2026-05-09T12:00:01.473+0000] {processor.py:840} INFO - DAG(s) 'example_xcom' retrieved from /home/vscode/.local/lib/python3.11/site-packages/airflow/example_dags/example_xcom.py
[2026-05-09T12:00:01.485+0000] {logging_mixin.py:188} INFO - [2026-05-09T12:00:01.485+0000] {dag.py:3096} INFO - Sync 1 DAGs
[2026-05-09T12:00:01.498+0000] {logging_mixin.py:188} INFO - [2026-05-09T12:00:01.498+0000] {dag.py:3954} INFO - Setting next_dagrun for example_xcom to 2021-01-01 00:00:00+00:00, run_after=2021-01-01 00:00:00+00:00
[2026-05-09T12:00:01.513+0000] {processor.py:183} INFO - Processing /home/vscode/.local/lib/python3.11/site-packages/airflow/example_dags/example_xcom.py took 0.054 seconds
[2026-05-09T12:00:40.951+0000] {processor.py:161} INFO - Started process (PID=31592) to work on /home/vscode/.local/lib/python3.11/site-packages/airflow/example_dags/example_xcom.py
[2026-05-09T12:00:40.952+0000] {processor.py:830} INFO - Processing file /home/vscode/.local/lib/python3.11/site-packages/airflow/example_dags/example_xcom.py for tasks to queue
[2026-05-09T12:00:40.952+0000] {logging_mixin.py:188} INFO - [2026-05-09T12:00:40.952+0000] {dagbag.py:545} INFO - Filling up the DagBag from /home/vscode/.local/lib/python3.11/site-packages/airflow/example_dags/example_xcom.py
[2026-05-09T12:00:40.959+0000] {processor.py:840} INFO - DAG(s) 'example_xcom' retrieved from /home/vscode/.local/lib/python3.11/site-packages/airflow/example_dags/example_xcom.py
[2026-05-09T12:00:40.970+0000] {logging_mixin.py:188} INFO - [2026-05-09T12:00:40.970+0000] {dag.py:3096} INFO - Sync 1 DAGs
[2026-05-09T12:00:40.985+0000] {logging_mixin.py:188} INFO - [2026-05-09T12:00:40.985+0000] {dag.py:3954} INFO - Setting next_dagrun for example_xcom to 2021-01-01 00:00:00+00:00, run_after=2021-01-01 00:00:00+00:00
[2026-05-09T12:00:41.000+0000] {processor.py:183} INFO - Processing /home/vscode/.local/lib/python3.11/site-packages/airflow/example_dags/example_xcom.py took 0.055 seconds
[2026-05-09T12:01:24.078+0000] {processor.py:161} INFO - Started process (PID=31896) to work on /home/vscode/.local/lib/python3.11/site-packages/airflow/example_dags/example_xcom.py
[2026-05-09T12:01:24.079+0000] {processor.py:830} INFO - Processing file /home/vscode/.local/lib/python3.11/site-packages/airflow/example_dags/example_xcom.py for tasks to queue
[2026-05-09T12:01:24.079+0000] {logging_mixin.py:188} INFO - [2026-05-09T12:01:24.079+0000] {dagbag.py:545} INFO - Filling up the DagBag from /home/vscode/.local/lib/python3.11/site-packages/airflow/example_dags/example_xcom.py
[2026-05-09T12:01:24.085+0000] {processor.py:840} INFO - DAG(s) 'example_xcom' retrieved from /home/vscode/.local/lib/python3.11/site-packages/airflow/example_dags/example_xcom.py
[2026-05-09T12:01:24.097+0000] {logging_mixin.py:188} INFO - [2026-05-09T12:01:24.096+0000] {dag.py:3096} INFO - Sync 1 DAGs
[2026-05-09T12:01:24.110+0000] {logging_mixin.py:188} INFO - [2026-05-09T12:01:24.109+0000] {dag.py:3954} INFO - Setting next_dagrun for example_xcom to 2021-01-01 00:00:00+00:00, run_after=2021-01-01 00:00:00+00:00
[2026-05-09T12:01:24.125+0000] {processor.py:183} INFO - Processing /home/vscode/.local/lib/python3.11/site-packages/airflow/example_dags/example_xcom.py took 0.052 seconds
[2026-05-09T12:02:07.984+0000] {processor.py:161} INFO - Started process (PID=32256) to work on /home/vscode/.local/lib/python3.11/site-packages/airflow/example_dags/example_xcom.py
[2026-05-09T12:02:07.984+0000] {processor.py:830} INFO - Processing file /home/vscode/.local/lib/python3.11/site-packages/airflow/example_dags/example_xcom.py for tasks to queue
[2026-05-09T12:02:07.985+0000] {logging_mixin.py:188} INFO - [2026-05-09T12:02:07.985+0000] {dagbag.py:545} INFO - Filling up the DagBag from /home/vscode/.local/lib/python3.11/site-packages/airflow/example_dags/example_xcom.py
[2026-05-09T12:02:07.990+0000] {processor.py:840} INFO - DAG(s) 'example_xcom' retrieved from /home/vscode/.local/lib/python3.11/site-packages/airflow/example_dags/example_xcom.py
[2026-05-09T12:02:08.002+0000] {logging_mixin.py:188} INFO - [2026-05-09T12:02:08.002+0000] {dag.py:3096} INFO - Sync 1 DAGs
[2026-05-09T12:02:08.015+0000] {logging_mixin.py:188} INFO - [2026-05-09T12:02:08.015+0000] {dag.py:3954} INFO - Setting next_dagrun for example_xcom to 2021-01-01 00:00:00+00:00, run_after=2021-01-01 00:00:00+00:00
[2026-05-09T12:02:08.030+0000] {processor.py:183} INFO - Processing /home/vscode/.local/lib/python3.11/site-packages/airflow/example_dags/example_xcom.py took 0.052 seconds
[2026-05-09T12:02:49.755+0000] {processor.py:161} INFO - Started process (PID=32612) to work on /home/vscode/.local/lib/python3.11/site-packages/airflow/example_dags/example_xcom.py
[2026-05-09T12:02:49.755+0000] {processor.py:830} INFO - Processing file /home/vscode/.local/lib/python3.11/site-packages/airflow/example_dags/example_xcom.py for tasks to queue
[2026-05-09T12:02:49.756+0000] {logging_mixin.py:188} INFO - [2026-05-09T12:02:49.756+0000] {dagbag.py:545} INFO - Filling up the DagBag from /home/vscode/.local/lib/python3.11/site-packages/airflow/example_dags/example_xcom.py
[2026-05-09T12:02:49.762+0000] {processor.py:840} INFO - DAG(s) 'example_xcom' retrieved from /home/vscode/.local/lib/python3.11/site-packages/airflow/example_dags/example_xcom.py
[2026-05-09T12:02:49.775+0000] {logging_mixin.py:188} INFO - [2026-05-09T12:02:49.774+0000] {dag.py:3096} INFO - Sync 1 DAGs
[2026-05-09T12:02:49.790+0000] {logging_mixin.py:188} INFO - [2026-05-09T12:02:49.790+0000] {dag.py:3954} INFO - Setting next_dagrun for example_xcom to 2021-01-01 00:00:00+00:00, run_after=2021-01-01 00:00:00+00:00
[2026-05-09T12:02:49.807+0000] {processor.py:183} INFO - Processing /home/vscode/.local/lib/python3.11/site-packages/airflow/example_dags/example_xcom.py took 0.059 seconds
[2026-05-09T12:03:31.404+0000] {processor.py:161} INFO - Started process (PID=32916) to work on /home/vscode/.local/lib/python3.11/site-packages/airflow/example_dags/example_xcom.py
[2026-05-09T12:03:31.405+0000] {processor.py:830} INFO - Processing file /home/vscode/.local/lib/python3.11/site-packages/airflow/example_dags/example_xcom.py for tasks to queue
[2026-05-09T12:03:31.406+0000] {logging_mixin.py:188} INFO - [2026-05-09T12:03:31.405+0000] {dagbag.py:545} INFO - Filling up the DagBag from /home/vscode/.local/lib/python3.11/site-packages/airflow/example_dags/example_xcom.py
[2026-05-09T12:03:31.414+0000] {processor.py:840} INFO - DAG(s) 'example_xcom' retrieved from /home/vscode/.local/lib/python3.11/site-packages/airflow/example_dags/example_xcom.py
[2026-05-09T12:03:31.426+0000] {logging_mixin.py:188} INFO - [2026-05-09T12:03:31.426+0000] {dag.py:3096} INFO - Sync 1 DAGs
[2026-05-09T12:03:31.439+0000] {logging_mixin.py:188} INFO - [2026-05-09T12:03:31.439+0000] {dag.py:3954} INFO - Setting next_dagrun for example_xcom to 2021-01-01 00:00:00+00:00, run_after=2021-01-01 00:00:00+00:00
[2026-05-09T12:03:31.454+0000] {processor.py:183} INFO - Processing /home/vscode/.local/lib/python3.11/site-packages/airflow/example_dags/example_xcom.py took 0.060 seconds
[2026-05-09T12:04:12.687+0000] {processor.py:161} INFO - Started process (PID=33327) to work on /home/vscode/.local/lib/python3.11/site-packages/airflow/example_dags/example_xcom.py
[2026-05-09T12:04:12.688+0000] {processor.py:830} INFO - Processing file /home/vscode/.local/lib/python3.11/site-packages/airflow/example_dags/example_xcom.py for tasks to queue
[2026-05-09T12:04:12.688+0000] {logging_mixin.py:188} INFO - [2026-05-09T12:04:12.688+0000] {dagbag.py:545} INFO - Filling up the DagBag from /home/vscode/.local/lib/python3.11/site-packages/airflow/example_dags/example_xcom.py
[2026-05-09T12:04:12.694+0000] {processor.py:840} INFO - DAG(s) 'example_xcom' retrieved from /home/vscode/.local/lib/python3.11/site-packages/airflow/example_dags/example_xcom.py
[2026-05-09T12:04:12.707+0000] {logging_mixin.py:188} INFO - [2026-05-09T12:04:12.707+0000] {dag.py:3096} INFO - Sync 1 DAGs
[2026-05-09T12:04:12.721+0000] {logging_mixin.py:188} INFO - [2026-05-09T12:04:12.721+0000] {dag.py:3954} INFO - Setting next_dagrun for example_xcom to 2021-01-01 00:00:00+00:00, run_after=2021-01-01 00:00:00+00:00
[2026-05-09T12:04:12.738+0000] {processor.py:183} INFO - Processing /home/vscode/.local/lib/python3.11/site-packages/airflow/example_dags/example_xcom.py took 0.057 seconds
[2026-05-09T12:04:55.161+0000] {processor.py:161} INFO - Started process (PID=33686) to work on /home/vscode/.local/lib/python3.11/site-packages/airflow/example_dags/example_xcom.py
[2026-05-09T12:04:55.161+0000] {processor.py:830} INFO - Processing file /home/vscode/.local/lib/python3.11/site-packages/airflow/example_dags/example_xcom.py for tasks to queue
[2026-05-09T12:04:55.162+0000] {logging_mixin.py:188} INFO - [2026-05-09T12:04:55.162+0000] {dagbag.py:545} INFO - Filling up the DagBag from /home/vscode/.local/lib/python3.11/site-packages/airflow/example_dags/example_xcom.py
[2026-05-09T12:04:55.168+0000] {processor.py:840} INFO - DAG(s) 'example_xcom' retrieved from /home/vscode/.local/lib/python3.11/site-packages/airflow/example_dags/example_xcom.py
[2026-05-09T12:04:55.180+0000] {logging_mixin.py:188} INFO - [2026-05-09T12:04:55.180+0000] {dag.py:3096} INFO - Sync 1 DAGs
[2026-05-09T12:04:55.194+0000] {logging_mixin.py:188} INFO - [2026-05-09T12:04:55.193+0000] {dag.py:3954} INFO - Setting next_dagrun for example_xcom to 2021-01-01 00:00:00+00:00, run_after=2021-01-01 00:00:00+00:00
[2026-05-09T12:04:55.209+0000] {processor.py:183} INFO - Processing /home/vscode/.local/lib/python3.11/site-packages/airflow/example_dags/example_xcom.py took 0.054 seconds
[2026-05-09T12:05:36.467+0000] {processor.py:161} INFO - Started process (PID=33980) to work on /home/vscode/.local/lib/python3.11/site-packages/airflow/example_dags/example_xcom.py
[2026-05-09T12:05:36.467+0000] {processor.py:830} INFO - Processing file /home/vscode/.local/lib/python3.11/site-packages/airflow/example_dags/example_xcom.py for tasks to queue
[2026-05-09T12:05:36.468+0000] {logging_mixin.py:188} INFO - [2026-05-09T12:05:36.467+0000] {dagbag.py:545} INFO - Filling up the DagBag from /home/vscode/.local/lib/python3.11/site-packages/airflow/example_dags/example_xcom.py
[2026-05-09T12:05:36.473+0000] {processor.py:840} INFO - DAG(s) 'example_xcom' retrieved from /home/vscode/.local/lib/python3.11/site-packages/airflow/example_dags/example_xcom.py
[2026-05-09T12:05:36.485+0000] {logging_mixin.py:188} INFO - [2026-05-09T12:05:36.485+0000] {dag.py:3096} INFO - Sync 1 DAGs
[2026-05-09T12:05:36.497+0000] {logging_mixin.py:188} INFO - [2026-05-09T12:05:36.497+0000] {dag.py:3954} INFO - Setting next_dagrun for example_xcom to 2021-01-01 00:00:00+00:00, run_after=2021-01-01 00:00:00+00:00
[2026-05-09T12:05:36.512+0000] {processor.py:183} INFO - Processing /home/vscode/.local/lib/python3.11/site-packages/airflow/example_dags/example_xcom.py took 0.052 seconds
[2026-05-09T12:06:18.228+0000] {processor.py:161} INFO - Started process (PID=34335) to work on /home/vscode/.local/lib/python3.11/site-packages/airflow/example_dags/example_xcom.py
[2026-05-09T12:06:18.228+0000] {processor.py:830} INFO - Processing file /home/vscode/.local/lib/python3.11/site-packages/airflow/example_dags/example_xcom.py for tasks to queue
[2026-05-09T12:06:18.229+0000] {logging_mixin.py:188} INFO - [2026-05-09T12:06:18.229+0000] {dagbag.py:545} INFO - Filling up the DagBag from /home/vscode/.local/lib/python3.11/site-packages/airflow/example_dags/example_xcom.py
[2026-05-09T12:06:18.236+0000] {processor.py:840} INFO - DAG(s) 'example_xcom' retrieved from /home/vscode/.local/lib/python3.11/site-packages/airflow/example_dags/example_xcom.py
[2026-05-09T12:06:18.252+0000] {logging_mixin.py:188} INFO - [2026-05-09T12:06:18.252+0000] {dag.py:3096} INFO - Sync 1 DAGs
[2026-05-09T12:06:18.270+0000] {logging_mixin.py:188} INFO - [2026-05-09T12:06:18.269+0000] {dag.py:3954} INFO - Setting next_dagrun for example_xcom to 2021-01-01 00:00:00+00:00, run_after=2021-01-01 00:00:00+00:00
[2026-05-09T12:06:18.289+0000] {processor.py:183} INFO - Processing /home/vscode/.local/lib/python3.11/site-packages/airflow/example_dags/example_xcom.py took 0.071 seconds
[2026-05-09T12:07:03.197+0000] {processor.py:161} INFO - Started process (PID=34709) to work on /home/vscode/.local/lib/python3.11/site-packages/airflow/example_dags/example_xcom.py
[2026-05-09T12:07:03.197+0000] {processor.py:830} INFO - Processing file /home/vscode/.local/lib/python3.11/site-packages/airflow/example_dags/example_xcom.py for tasks to queue
[2026-05-09T12:07:03.198+0000] {logging_mixin.py:188} INFO - [2026-05-09T12:07:03.198+0000] {dagbag.py:545} INFO - Filling up the DagBag from /home/vscode/.local/lib/python3.11/site-packages/airflow/example_dags/example_xcom.py
[2026-05-09T12:07:03.204+0000] {processor.py:840} INFO - DAG(s) 'example_xcom' retrieved from /home/vscode/.local/lib/python3.11/site-packages/airflow/example_dags/example_xcom.py
[2026-05-09T12:07:03.219+0000] {logging_mixin.py:188} INFO - [2026-05-09T12:07:03.218+0000] {dag.py:3096} INFO - Sync 1 DAGs
[2026-05-09T12:07:03.236+0000] {logging_mixin.py:188} INFO - [2026-05-09T12:07:03.235+0000] {dag.py:3954} INFO - Setting next_dagrun for example_xcom to 2021-01-01 00:00:00+00:00, run_after=2021-01-01 00:00:00+00:00
[2026-05-09T12:07:03.254+0000] {processor.py:183} INFO - Processing /home/vscode/.local/lib/python3.11/site-packages/airflow/example_dags/example_xcom.py took 0.063 seconds
[2026-05-09T12:07:46.483+0000] {processor.py:161} INFO - Started process (PID=35076) to work on /home/vscode/.local/lib/python3.11/site-packages/airflow/example_dags/example_xcom.py
[2026-05-09T12:07:46.484+0000] {processor.py:830} INFO - Processing file /home/vscode/.local/lib/python3.11/site-packages/airflow/example_dags/example_xcom.py for tasks to queue
[2026-05-09T12:07:46.484+0000] {logging_mixin.py:188} INFO - [2026-05-09T12:07:46.484+0000] {dagbag.py:545} INFO - Filling up the DagBag from /home/vscode/.local/lib/python3.11/site-packages/airflow/example_dags/example_xcom.py
[2026-05-09T12:07:46.490+0000] {processor.py:840} INFO - DAG(s) 'example_xcom' retrieved from /home/vscode/.local/lib/python3.11/site-packages/airflow/example_dags/example_xcom.py
[2026-05-09T12:07:46.502+0000] {logging_mixin.py:188} INFO - [2026-05-09T12:07:46.502+0000] {dag.py:3096} INFO - Sync 1 DAGs
[2026-05-09T12:07:46.515+0000] {logging_mixin.py:188} INFO - [2026-05-09T12:07:46.515+0000] {dag.py:3954} INFO - Setting next_dagrun for example_xcom to 2021-01-01 00:00:00+00:00, run_after=2021-01-01 00:00:00+00:00
[2026-05-09T12:07:46.532+0000] {processor.py:183} INFO - Processing /home/vscode/.local/lib/python3.11/site-packages/airflow/example_dags/example_xcom.py took 0.055 seconds
[2026-05-09T12:08:26.893+0000] {processor.py:161} INFO - Started process (PID=35363) to work on /home/vscode/.local/lib/python3.11/site-packages/airflow/example_dags/example_xcom.py
[2026-05-09T12:08:26.894+0000] {processor.py:830} INFO - Processing file /home/vscode/.local/lib/python3.11/site-packages/airflow/example_dags/example_xcom.py for tasks to queue
[2026-05-09T12:08:26.894+0000] {logging_mixin.py:188} INFO - [2026-05-09T12:08:26.894+0000] {dagbag.py:545} INFO - Filling up the DagBag from /home/vscode/.local/lib/python3.11/site-packages/airflow/example_dags/example_xcom.py
[2026-05-09T12:08:26.900+0000] {processor.py:840} INFO - DAG(s) 'example_xcom' retrieved from /home/vscode/.local/lib/python3.11/site-packages/airflow/example_dags/example_xcom.py
[2026-05-09T12:08:26.913+0000] {logging_mixin.py:188} INFO - [2026-05-09T12:08:26.913+0000] {dag.py:3096} INFO - Sync 1 DAGs
[2026-05-09T12:08:26.928+0000] {logging_mixin.py:188} INFO - [2026-05-09T12:08:26.928+0000] {dag.py:3954} INFO - Setting next_dagrun for example_xcom to 2021-01-01 00:00:00+00:00, run_after=2021-01-01 00:00:00+00:00
[2026-05-09T12:08:26.947+0000] {processor.py:183} INFO - Processing /home/vscode/.local/lib/python3.11/site-packages/airflow/example_dags/example_xcom.py took 0.060 seconds
[2026-05-09T12:09:08.112+0000] {processor.py:161} INFO - Started process (PID=35777) to work on /home/vscode/.local/lib/python3.11/site-packages/airflow/example_dags/example_xcom.py
[2026-05-09T12:09:08.112+0000] {processor.py:830} INFO - Processing file /home/vscode/.local/lib/python3.11/site-packages/airflow/example_dags/example_xcom.py for tasks to queue
[2026-05-09T12:09:08.113+0000] {logging_mixin.py:188} INFO - [2026-05-09T12:09:08.113+0000] {dagbag.py:545} INFO - Filling up the DagBag from /home/vscode/.local/lib/python3.11/site-packages/airflow/example_dags/example_xcom.py
[2026-05-09T12:09:08.119+0000] {processor.py:840} INFO - DAG(s) 'example_xcom' retrieved from /home/vscode/.local/lib/python3.11/site-packages/airflow/example_dags/example_xcom.py
[2026-05-09T12:09:08.134+0000] {logging_mixin.py:188} INFO - [2026-05-09T12:09:08.133+0000] {dag.py:3096} INFO - Sync 1 DAGs
[2026-05-09T12:09:08.149+0000] {logging_mixin.py:188} INFO - [2026-05-09T12:09:08.149+0000] {dag.py:3954} INFO - Setting next_dagrun for example_xcom to 2021-01-01 00:00:00+00:00, run_after=2021-01-01 00:00:00+00:00
[2026-05-09T12:09:08.165+0000] {processor.py:183} INFO - Processing /home/vscode/.local/lib/python3.11/site-packages/airflow/example_dags/example_xcom.py took 0.059 seconds
[2026-05-09T12:09:46.359+0000] {processor.py:161} INFO - Started process (PID=36116) to work on /home/vscode/.local/lib/python3.11/site-packages/airflow/example_dags/example_xcom.py
[2026-05-09T12:09:46.360+0000] {processor.py:830} INFO - Processing file /home/vscode/.local/lib/python3.11/site-packages/airflow/example_dags/example_xcom.py for tasks to queue
[2026-05-09T12:09:46.361+0000] {logging_mixin.py:188} INFO - [2026-05-09T12:09:46.360+0000] {dagbag.py:545} INFO - Filling up the DagBag from /home/vscode/.local/lib/python3.11/site-packages/airflow/example_dags/example_xcom.py
[2026-05-09T12:09:46.369+0000] {processor.py:840} INFO - DAG(s) 'example_xcom' retrieved from /home/vscode/.local/lib/python3.11/site-packages/airflow/example_dags/example_xcom.py
[2026-05-09T12:09:46.383+0000] {logging_mixin.py:188} INFO - [2026-05-09T12:09:46.383+0000] {dag.py:3096} INFO - Sync 1 DAGs
[2026-05-09T12:09:46.397+0000] {logging_mixin.py:188} INFO - [2026-05-09T12:09:46.397+0000] {dag.py:3954} INFO - Setting next_dagrun for example_xcom to 2021-01-01 00:00:00+00:00, run_after=2021-01-01 00:00:00+00:00
[2026-05-09T12:09:46.412+0000] {processor.py:183} INFO - Processing /home/vscode/.local/lib/python3.11/site-packages/airflow/example_dags/example_xcom.py took 0.059 seconds
[2026-05-09T12:10:27.554+0000] {processor.py:161} INFO - Started process (PID=36410) to work on /home/vscode/.local/lib/python3.11/site-packages/airflow/example_dags/example_xcom.py
[2026-05-09T12:10:27.555+0000] {processor.py:830} INFO - Processing file /home/vscode/.local/lib/python3.11/site-packages/airflow/example_dags/example_xcom.py for tasks to queue
[2026-05-09T12:10:27.556+0000] {logging_mixin.py:188} INFO - [2026-05-09T12:10:27.555+0000] {dagbag.py:545} INFO - Filling up the DagBag from /home/vscode/.local/lib/python3.11/site-packages/airflow/example_dags/example_xcom.py
[2026-05-09T12:10:27.562+0000] {processor.py:840} INFO - DAG(s) 'example_xcom' retrieved from /home/vscode/.local/lib/python3.11/site-packages/airflow/example_dags/example_xcom.py
[2026-05-09T12:10:27.574+0000] {logging_mixin.py:188} INFO - [2026-05-09T12:10:27.574+0000] {dag.py:3096} INFO - Sync 1 DAGs
[2026-05-09T12:10:27.587+0000] {logging_mixin.py:188} INFO - [2026-05-09T12:10:27.587+0000] {dag.py:3954} INFO - Setting next_dagrun for example_xcom to 2021-01-01 00:00:00+00:00, run_after=2021-01-01 00:00:00+00:00
[2026-05-09T12:10:27.602+0000] {processor.py:183} INFO - Processing /home/vscode/.local/lib/python3.11/site-packages/airflow/example_dags/example_xcom.py took 0.054 seconds
[2026-05-09T12:11:08.667+0000] {processor.py:161} INFO - Started process (PID=36754) to work on /home/vscode/.local/lib/python3.11/site-packages/airflow/example_dags/example_xcom.py
[2026-05-09T12:11:08.668+0000] {processor.py:830} INFO - Processing file /home/vscode/.local/lib/python3.11/site-packages/airflow/example_dags/example_xcom.py for tasks to queue
[2026-05-09T12:11:08.668+0000] {logging_mixin.py:188} INFO - [2026-05-09T12:11:08.668+0000] {dagbag.py:545} INFO - Filling up the DagBag from /home/vscode/.local/lib/python3.11/site-packages/airflow/example_dags/example_xcom.py
[2026-05-09T12:11:08.674+0000] {processor.py:840} INFO - DAG(s) 'example_xcom' retrieved from /home/vscode/.local/lib/python3.11/site-packages/airflow/example_dags/example_xcom.py
[2026-05-09T12:11:08.686+0000] {logging_mixin.py:188} INFO - [2026-05-09T12:11:08.686+0000] {dag.py:3096} INFO - Sync 1 DAGs
[2026-05-09T12:11:08.699+0000] {logging_mixin.py:188} INFO - [2026-05-09T12:11:08.699+0000] {dag.py:3954} INFO - Setting next_dagrun for example_xcom to 2021-01-01 00:00:00+00:00, run_after=2021-01-01 00:00:00+00:00
[2026-05-09T12:11:08.715+0000] {processor.py:183} INFO - Processing /home/vscode/.local/lib/python3.11/site-packages/airflow/example_dags/example_xcom.py took 0.054 seconds
[2026-05-09T12:11:48.650+0000] {processor.py:161} INFO - Started process (PID=37108) to work on /home/vscode/.local/lib/python3.11/site-packages/airflow/example_dags/example_xcom.py
[2026-05-09T12:11:48.650+0000] {processor.py:830} INFO - Processing file /home/vscode/.local/lib/python3.11/site-packages/airflow/example_dags/example_xcom.py for tasks to queue
[2026-05-09T12:11:48.651+0000] {logging_mixin.py:188} INFO - [2026-05-09T12:11:48.650+0000] {dagbag.py:545} INFO - Filling up the DagBag from /home/vscode/.local/lib/python3.11/site-packages/airflow/example_dags/example_xcom.py
[2026-05-09T12:11:48.656+0000] {processor.py:840} INFO - DAG(s) 'example_xcom' retrieved from /home/vscode/.local/lib/python3.11/site-packages/airflow/example_dags/example_xcom.py
[2026-05-09T12:11:48.668+0000] {logging_mixin.py:188} INFO - [2026-05-09T12:11:48.668+0000] {dag.py:3096} INFO - Sync 1 DAGs
[2026-05-09T12:11:48.681+0000] {logging_mixin.py:188} INFO - [2026-05-09T12:11:48.681+0000] {dag.py:3954} INFO - Setting next_dagrun for example_xcom to 2021-01-01 00:00:00+00:00, run_after=2021-01-01 00:00:00+00:00
[2026-05-09T12:11:48.698+0000] {processor.py:183} INFO - Processing /home/vscode/.local/lib/python3.11/site-packages/airflow/example_dags/example_xcom.py took 0.054 seconds
[2026-05-09T12:12:29.817+0000] {processor.py:161} INFO - Started process (PID=37397) to work on /home/vscode/.local/lib/python3.11/site-packages/airflow/example_dags/example_xcom.py
[2026-05-09T12:12:29.817+0000] {processor.py:830} INFO - Processing file /home/vscode/.local/lib/python3.11/site-packages/airflow/example_dags/example_xcom.py for tasks to queue
[2026-05-09T12:12:29.818+0000] {logging_mixin.py:188} INFO - [2026-05-09T12:12:29.818+0000] {dagbag.py:545} INFO - Filling up the DagBag from /home/vscode/.local/lib/python3.11/site-packages/airflow/example_dags/example_xcom.py
[2026-05-09T12:12:29.824+0000] {processor.py:840} INFO - DAG(s) 'example_xcom' retrieved from /home/vscode/.local/lib/python3.11/site-packages/airflow/example_dags/example_xcom.py
[2026-05-09T12:12:29.839+0000] {logging_mixin.py:188} INFO - [2026-05-09T12:12:29.839+0000] {dag.py:3096} INFO - Sync 1 DAGs
[2026-05-09T12:12:29.853+0000] {logging_mixin.py:188} INFO - [2026-05-09T12:12:29.853+0000] {dag.py:3954} INFO - Setting next_dagrun for example_xcom to 2021-01-01 00:00:00+00:00, run_after=2021-01-01 00:00:00+00:00
[2026-05-09T12:12:29.869+0000] {processor.py:183} INFO - Processing /home/vscode/.local/lib/python3.11/site-packages/airflow/example_dags/example_xcom.py took 0.058 seconds
[2026-05-09T12:13:09.751+0000] {processor.py:161} INFO - Started process (PID=37740) to work on /home/vscode/.local/lib/python3.11/site-packages/airflow/example_dags/example_xcom.py
[2026-05-09T12:13:09.752+0000] {processor.py:830} INFO - Processing file /home/vscode/.local/lib/python3.11/site-packages/airflow/example_dags/example_xcom.py for tasks to queue
[2026-05-09T12:13:09.752+0000] {logging_mixin.py:188} INFO - [2026-05-09T12:13:09.752+0000] {dagbag.py:545} INFO - Filling up the DagBag from /home/vscode/.local/lib/python3.11/site-packages/airflow/example_dags/example_xcom.py
[2026-05-09T12:13:09.758+0000] {processor.py:840} INFO - DAG(s) 'example_xcom' retrieved from /home/vscode/.local/lib/python3.11/site-packages/airflow/example_dags/example_xcom.py
[2026-05-09T12:13:09.770+0000] {logging_mixin.py:188} INFO - [2026-05-09T12:13:09.770+0000] {dag.py:3096} INFO - Sync 1 DAGs
[2026-05-09T12:13:09.784+0000] {logging_mixin.py:188} INFO - [2026-05-09T12:13:09.784+0000] {dag.py:3954} INFO - Setting next_dagrun for example_xcom to 2021-01-01 00:00:00+00:00, run_after=2021-01-01 00:00:00+00:00
[2026-05-09T12:13:09.800+0000] {processor.py:183} INFO - Processing /home/vscode/.local/lib/python3.11/site-packages/airflow/example_dags/example_xcom.py took 0.056 seconds
[2026-05-09T12:13:52.315+0000] {processor.py:161} INFO - Started process (PID=38162) to work on /home/vscode/.local/lib/python3.11/site-packages/airflow/example_dags/example_xcom.py
[2026-05-09T12:13:52.315+0000] {processor.py:830} INFO - Processing file /home/vscode/.local/lib/python3.11/site-packages/airflow/example_dags/example_xcom.py for tasks to queue
[2026-05-09T12:13:52.316+0000] {logging_mixin.py:188} INFO - [2026-05-09T12:13:52.316+0000] {dagbag.py:545} INFO - Filling up the DagBag from /home/vscode/.local/lib/python3.11/site-packages/airflow/example_dags/example_xcom.py
[2026-05-09T12:13:52.322+0000] {processor.py:840} INFO - DAG(s) 'example_xcom' retrieved from /home/vscode/.local/lib/python3.11/site-packages/airflow/example_dags/example_xcom.py
[2026-05-09T12:13:52.337+0000] {logging_mixin.py:188} INFO - [2026-05-09T12:13:52.337+0000] {dag.py:3096} INFO - Sync 1 DAGs
[2026-05-09T12:13:52.352+0000] {logging_mixin.py:188} INFO - [2026-05-09T12:13:52.352+0000] {dag.py:3954} INFO - Setting next_dagrun for example_xcom to 2021-01-01 00:00:00+00:00, run_after=2021-01-01 00:00:00+00:00
[2026-05-09T12:13:52.367+0000] {processor.py:183} INFO - Processing /home/vscode/.local/lib/python3.11/site-packages/airflow/example_dags/example_xcom.py took 0.058 seconds
[2026-05-09T12:14:37.499+0000] {processor.py:161} INFO - Started process (PID=38476) to work on /home/vscode/.local/lib/python3.11/site-packages/airflow/example_dags/example_xcom.py
[2026-05-09T12:14:37.499+0000] {processor.py:830} INFO - Processing file /home/vscode/.local/lib/python3.11/site-packages/airflow/example_dags/example_xcom.py for tasks to queue
[2026-05-09T12:14:37.500+0000] {logging_mixin.py:188} INFO - [2026-05-09T12:14:37.500+0000] {dagbag.py:545} INFO - Filling up the DagBag from /home/vscode/.local/lib/python3.11/site-packages/airflow/example_dags/example_xcom.py
[2026-05-09T12:14:37.505+0000] {processor.py:840} INFO - DAG(s) 'example_xcom' retrieved from /home/vscode/.local/lib/python3.11/site-packages/airflow/example_dags/example_xcom.py
[2026-05-09T12:14:37.517+0000] {logging_mixin.py:188} INFO - [2026-05-09T12:14:37.517+0000] {dag.py:3096} INFO - Sync 1 DAGs
[2026-05-09T12:14:37.531+0000] {logging_mixin.py:188} INFO - [2026-05-09T12:14:37.531+0000] {dag.py:3954} INFO - Setting next_dagrun for example_xcom to 2021-01-01 00:00:00+00:00, run_after=2021-01-01 00:00:00+00:00
[2026-05-09T12:14:37.548+0000] {processor.py:183} INFO - Processing /home/vscode/.local/lib/python3.11/site-packages/airflow/example_dags/example_xcom.py took 0.055 seconds
[2026-05-09T12:15:18.347+0000] {processor.py:161} INFO - Started process (PID=38827) to work on /home/vscode/.local/lib/python3.11/site-packages/airflow/example_dags/example_xcom.py
[2026-05-09T12:15:18.347+0000] {processor.py:830} INFO - Processing file /home/vscode/.local/lib/python3.11/site-packages/airflow/example_dags/example_xcom.py for tasks to queue
[2026-05-09T12:15:18.348+0000] {logging_mixin.py:188} INFO - [2026-05-09T12:15:18.348+0000] {dagbag.py:545} INFO - Filling up the DagBag from /home/vscode/.local/lib/python3.11/site-packages/airflow/example_dags/example_xcom.py
[2026-05-09T12:15:18.354+0000] {processor.py:840} INFO - DAG(s) 'example_xcom' retrieved from /home/vscode/.local/lib/python3.11/site-packages/airflow/example_dags/example_xcom.py
[2026-05-09T12:15:18.367+0000] {logging_mixin.py:188} INFO - [2026-05-09T12:15:18.367+0000] {dag.py:3096} INFO - Sync 1 DAGs
[2026-05-09T12:15:18.380+0000] {logging_mixin.py:188} INFO - [2026-05-09T12:15:18.380+0000] {dag.py:3954} INFO - Setting next_dagrun for example_xcom to 2021-01-01 00:00:00+00:00, run_after=2021-01-01 00:00:00+00:00
[2026-05-09T12:15:18.397+0000] {processor.py:183} INFO - Processing /home/vscode/.local/lib/python3.11/site-packages/airflow/example_dags/example_xcom.py took 0.057 seconds
[2026-05-09T12:16:01.081+0000] {processor.py:161} INFO - Started process (PID=39186) to work on /home/vscode/.local/lib/python3.11/site-packages/airflow/example_dags/example_xcom.py
[2026-05-09T12:16:01.081+0000] {processor.py:830} INFO - Processing file /home/vscode/.local/lib/python3.11/site-packages/airflow/example_dags/example_xcom.py for tasks to queue
[2026-05-09T12:16:01.082+0000] {logging_mixin.py:188} INFO - [2026-05-09T12:16:01.081+0000] {dagbag.py:545} INFO - Filling up the DagBag from /home/vscode/.local/lib/python3.11/site-packages/airflow/example_dags/example_xcom.py
[2026-05-09T12:16:01.088+0000] {processor.py:840} INFO - DAG(s) 'example_xcom' retrieved from /home/vscode/.local/lib/python3.11/site-packages/airflow/example_dags/example_xcom.py
[2026-05-09T12:16:01.100+0000] {logging_mixin.py:188} INFO - [2026-05-09T12:16:01.100+0000] {dag.py:3096} INFO - Sync 1 DAGs
[2026-05-09T12:16:01.114+0000] {logging_mixin.py:188} INFO - [2026-05-09T12:16:01.113+0000] {dag.py:3954} INFO - Setting next_dagrun for example_xcom to 2021-01-01 00:00:00+00:00, run_after=2021-01-01 00:00:00+00:00
[2026-05-09T12:16:01.131+0000] {processor.py:183} INFO - Processing /home/vscode/.local/lib/python3.11/site-packages/airflow/example_dags/example_xcom.py took 0.057 seconds
[2026-05-09T12:16:45.587+0000] {processor.py:161} INFO - Started process (PID=39566) to work on /home/vscode/.local/lib/python3.11/site-packages/airflow/example_dags/example_xcom.py
[2026-05-09T12:16:45.587+0000] {processor.py:830} INFO - Processing file /home/vscode/.local/lib/python3.11/site-packages/airflow/example_dags/example_xcom.py for tasks to queue
[2026-05-09T12:16:45.588+0000] {logging_mixin.py:188} INFO - [2026-05-09T12:16:45.588+0000] {dagbag.py:545} INFO - Filling up the DagBag from /home/vscode/.local/lib/python3.11/site-packages/airflow/example_dags/example_xcom.py
[2026-05-09T12:16:45.593+0000] {processor.py:840} INFO - DAG(s) 'example_xcom' retrieved from /home/vscode/.local/lib/python3.11/site-packages/airflow/example_dags/example_xcom.py
[2026-05-09T12:16:45.606+0000] {logging_mixin.py:188} INFO - [2026-05-09T12:16:45.606+0000] {dag.py:3096} INFO - Sync 1 DAGs
[2026-05-09T12:16:45.619+0000] {logging_mixin.py:188} INFO - [2026-05-09T12:16:45.619+0000] {dag.py:3954} INFO - Setting next_dagrun for example_xcom to 2021-01-01 00:00:00+00:00, run_after=2021-01-01 00:00:00+00:00
[2026-05-09T12:16:45.637+0000] {processor.py:183} INFO - Processing /home/vscode/.local/lib/python3.11/site-packages/airflow/example_dags/example_xcom.py took 0.056 seconds
[2026-05-09T12:17:30.904+0000] {processor.py:161} INFO - Started process (PID=39874) to work on /home/vscode/.local/lib/python3.11/site-packages/airflow/example_dags/example_xcom.py
[2026-05-09T12:17:30.904+0000] {processor.py:830} INFO - Processing file /home/vscode/.local/lib/python3.11/site-packages/airflow/example_dags/example_xcom.py for tasks to queue
[2026-05-09T12:17:30.905+0000] {logging_mixin.py:188} INFO - [2026-05-09T12:17:30.905+0000] {dagbag.py:545} INFO - Filling up the DagBag from /home/vscode/.local/lib/python3.11/site-packages/airflow/example_dags/example_xcom.py
[2026-05-09T12:17:30.912+0000] {processor.py:840} INFO - DAG(s) 'example_xcom' retrieved from /home/vscode/.local/lib/python3.11/site-packages/airflow/example_dags/example_xcom.py
[2026-05-09T12:17:30.928+0000] {logging_mixin.py:188} INFO - [2026-05-09T12:17:30.928+0000] {dag.py:3096} INFO - Sync 1 DAGs
[2026-05-09T12:17:30.942+0000] {logging_mixin.py:188} INFO - [2026-05-09T12:17:30.942+0000] {dag.py:3954} INFO - Setting next_dagrun for example_xcom to 2021-01-01 00:00:00+00:00, run_after=2021-01-01 00:00:00+00:00
[2026-05-09T12:17:30.957+0000] {processor.py:183} INFO - Processing /home/vscode/.local/lib/python3.11/site-packages/airflow/example_dags/example_xcom.py took 0.060 seconds
[2026-05-09T12:18:13.679+0000] {processor.py:161} INFO - Started process (PID=40235) to work on /home/vscode/.local/lib/python3.11/site-packages/airflow/example_dags/example_xcom.py
[2026-05-09T12:18:13.679+0000] {processor.py:830} INFO - Processing file /home/vscode/.local/lib/python3.11/site-packages/airflow/example_dags/example_xcom.py for tasks to queue
[2026-05-09T12:18:13.680+0000] {logging_mixin.py:188} INFO - [2026-05-09T12:18:13.680+0000] {dagbag.py:545} INFO - Filling up the DagBag from /home/vscode/.local/lib/python3.11/site-packages/airflow/example_dags/example_xcom.py
[2026-05-09T12:18:13.686+0000] {processor.py:840} INFO - DAG(s) 'example_xcom' retrieved from /home/vscode/.local/lib/python3.11/site-packages/airflow/example_dags/example_xcom.py
[2026-05-09T12:18:13.697+0000] {logging_mixin.py:188} INFO - [2026-05-09T12:18:13.697+0000] {dag.py:3096} INFO - Sync 1 DAGs
[2026-05-09T12:18:13.711+0000] {logging_mixin.py:188} INFO - [2026-05-09T12:18:13.711+0000] {dag.py:3954} INFO - Setting next_dagrun for example_xcom to 2021-01-01 00:00:00+00:00, run_after=2021-01-01 00:00:00+00:00
[2026-05-09T12:18:13.727+0000] {processor.py:183} INFO - Processing /home/vscode/.local/lib/python3.11/site-packages/airflow/example_dags/example_xcom.py took 0.054 seconds
[2026-05-09T12:18:54.209+0000] {processor.py:161} INFO - Started process (PID=40644) to work on /home/vscode/.local/lib/python3.11/site-packages/airflow/example_dags/example_xcom.py
[2026-05-09T12:18:54.210+0000] {processor.py:830} INFO - Processing file /home/vscode/.local/lib/python3.11/site-packages/airflow/example_dags/example_xcom.py for tasks to queue
[2026-05-09T12:18:54.210+0000] {logging_mixin.py:188} INFO - [2026-05-09T12:18:54.210+0000] {dagbag.py:545} INFO - Filling up the DagBag from /home/vscode/.local/lib/python3.11/site-packages/airflow/example_dags/example_xcom.py
[2026-05-09T12:18:54.216+0000] {processor.py:840} INFO - DAG(s) 'example_xcom' retrieved from /home/vscode/.local/lib/python3.11/site-packages/airflow/example_dags/example_xcom.py
[2026-05-09T12:18:54.231+0000] {logging_mixin.py:188} INFO - [2026-05-09T12:18:54.231+0000] {dag.py:3096} INFO - Sync 1 DAGs
[2026-05-09T12:18:54.247+0000] {logging_mixin.py:188} INFO - [2026-05-09T12:18:54.247+0000] {dag.py:3954} INFO - Setting next_dagrun for example_xcom to 2021-01-01 00:00:00+00:00, run_after=2021-01-01 00:00:00+00:00
[2026-05-09T12:18:54.268+0000] {processor.py:183} INFO - Processing /home/vscode/.local/lib/python3.11/site-packages/airflow/example_dags/example_xcom.py took 0.065 seconds
[2026-05-09T12:19:35.762+0000] {processor.py:161} INFO - Started process (PID=40945) to work on /home/vscode/.local/lib/python3.11/site-packages/airflow/example_dags/example_xcom.py
[2026-05-09T12:19:35.762+0000] {processor.py:830} INFO - Processing file /home/vscode/.local/lib/python3.11/site-packages/airflow/example_dags/example_xcom.py for tasks to queue
[2026-05-09T12:19:35.763+0000] {logging_mixin.py:188} INFO - [2026-05-09T12:19:35.763+0000] {dagbag.py:545} INFO - Filling up the DagBag from /home/vscode/.local/lib/python3.11/site-packages/airflow/example_dags/example_xcom.py
[2026-05-09T12:19:35.768+0000] {processor.py:840} INFO - DAG(s) 'example_xcom' retrieved from /home/vscode/.local/lib/python3.11/site-packages/airflow/example_dags/example_xcom.py
[2026-05-09T12:19:35.780+0000] {logging_mixin.py:188} INFO - [2026-05-09T12:19:35.780+0000] {dag.py:3096} INFO - Sync 1 DAGs
[2026-05-09T12:19:35.800+0000] {logging_mixin.py:188} INFO - [2026-05-09T12:19:35.800+0000] {dag.py:3954} INFO - Setting next_dagrun for example_xcom to 2021-01-01 00:00:00+00:00, run_after=2021-01-01 00:00:00+00:00
[2026-05-09T12:19:35.818+0000] {processor.py:183} INFO - Processing /home/vscode/.local/lib/python3.11/site-packages/airflow/example_dags/example_xcom.py took 0.063 seconds
[2026-05-09T12:20:21.901+0000] {processor.py:161} INFO - Started process (PID=41317) to work on /home/vscode/.local/lib/python3.11/site-packages/airflow/example_dags/example_xcom.py
[2026-05-09T12:20:21.902+0000] {processor.py:830} INFO - Processing file /home/vscode/.local/lib/python3.11/site-packages/airflow/example_dags/example_xcom.py for tasks to queue
[2026-05-09T12:20:21.902+0000] {logging_mixin.py:188} INFO - [2026-05-09T12:20:21.902+0000] {dagbag.py:545} INFO - Filling up the DagBag from /home/vscode/.local/lib/python3.11/site-packages/airflow/example_dags/example_xcom.py
[2026-05-09T12:20:21.908+0000] {processor.py:840} INFO - DAG(s) 'example_xcom' retrieved from /home/vscode/.local/lib/python3.11/site-packages/airflow/example_dags/example_xcom.py
[2026-05-09T12:20:21.920+0000] {logging_mixin.py:188} INFO - [2026-05-09T12:20:21.920+0000] {dag.py:3096} INFO - Sync 1 DAGs
[2026-05-09T12:20:21.937+0000] {logging_mixin.py:188} INFO - [2026-05-09T12:20:21.937+0000] {dag.py:3954} INFO - Setting next_dagrun for example_xcom to 2021-01-01 00:00:00+00:00, run_after=2021-01-01 00:00:00+00:00
[2026-05-09T12:20:21.954+0000] {processor.py:183} INFO - Processing /home/vscode/.local/lib/python3.11/site-packages/airflow/example_dags/example_xcom.py took 0.059 seconds
[2026-05-09T12:21:02.447+0000] {processor.py:161} INFO - Started process (PID=41670) to work on /home/vscode/.local/lib/python3.11/site-packages/airflow/example_dags/example_xcom.py
[2026-05-09T12:21:02.448+0000] {processor.py:830} INFO - Processing file /home/vscode/.local/lib/python3.11/site-packages/airflow/example_dags/example_xcom.py for tasks to queue
[2026-05-09T12:21:02.449+0000] {logging_mixin.py:188} INFO - [2026-05-09T12:21:02.448+0000] {dagbag.py:545} INFO - Filling up the DagBag from /home/vscode/.local/lib/python3.11/site-packages/airflow/example_dags/example_xcom.py
[2026-05-09T12:21:02.457+0000] {processor.py:840} INFO - DAG(s) 'example_xcom' retrieved from /home/vscode/.local/lib/python3.11/site-packages/airflow/example_dags/example_xcom.py
[2026-05-09T12:21:02.487+0000] {logging_mixin.py:188} INFO - [2026-05-09T12:21:02.487+0000] {dag.py:3096} INFO - Sync 1 DAGs
[2026-05-09T12:21:02.502+0000] {logging_mixin.py:188} INFO - [2026-05-09T12:21:02.502+0000] {dag.py:3954} INFO - Setting next_dagrun for example_xcom to 2021-01-01 00:00:00+00:00, run_after=2021-01-01 00:00:00+00:00
[2026-05-09T12:21:02.519+0000] {processor.py:183} INFO - Processing /home/vscode/.local/lib/python3.11/site-packages/airflow/example_dags/example_xcom.py took 0.083 seconds
