[2026-05-09T11:18:54.113+0000] {processor.py:161} INFO - Started process (PID=7185) to work on /home/vscode/.local/lib/python3.11/site-packages/airflow/example_dags/example_setup_teardown.py
[2026-05-09T11:18:54.114+0000] {processor.py:830} INFO - Processing file /home/vscode/.local/lib/python3.11/site-packages/airflow/example_dags/example_setup_teardown.py for tasks to queue
[2026-05-09T11:18:54.114+0000] {logging_mixin.py:188} INFO - [2026-05-09T11:18:54.114+0000] {dagbag.py:545} INFO - Filling up the DagBag from /home/vscode/.local/lib/python3.11/site-packages/airflow/example_dags/example_setup_teardown.py
[2026-05-09T11:18:54.119+0000] {processor.py:840} INFO - DAG(s) 'example_setup_teardown' retrieved from /home/vscode/.local/lib/python3.11/site-packages/airflow/example_dags/example_setup_teardown.py
[2026-05-09T11:18:54.325+0000] {logging_mixin.py:188} INFO - [2026-05-09T11:18:54.325+0000] {dag.py:3096} INFO - Sync 1 DAGs
[2026-05-09T11:18:54.336+0000] {logging_mixin.py:188} INFO - [2026-05-09T11:18:54.336+0000] {dag.py:3954} INFO - Setting next_dagrun for example_setup_teardown to 2026-05-08 00:00:00+00:00, run_after=2026-05-09 00:00:00+00:00
[2026-05-09T11:18:54.360+0000] {processor.py:183} INFO - Processing /home/vscode/.local/lib/python3.11/site-packages/airflow/example_dags/example_setup_teardown.py took 0.253 seconds
[2026-05-09T11:19:53.268+0000] {processor.py:161} INFO - Started process (PID=7680) to work on /home/vscode/.local/lib/python3.11/site-packages/airflow/example_dags/example_setup_teardown.py
[2026-05-09T11:19:53.268+0000] {processor.py:830} INFO - Processing file /home/vscode/.local/lib/python3.11/site-packages/airflow/example_dags/example_setup_teardown.py for tasks to queue
[2026-05-09T11:19:53.269+0000] {logging_mixin.py:188} INFO - [2026-05-09T11:19:53.268+0000] {dagbag.py:545} INFO - Filling up the DagBag from /home/vscode/.local/lib/python3.11/site-packages/airflow/example_dags/example_setup_teardown.py
[2026-05-09T11:19:53.274+0000] {processor.py:840} INFO - DAG(s) 'example_setup_teardown' retrieved from /home/vscode/.local/lib/python3.11/site-packages/airflow/example_dags/example_setup_teardown.py
[2026-05-09T11:19:53.285+0000] {logging_mixin.py:188} INFO - [2026-05-09T11:19:53.285+0000] {dag.py:3096} INFO - Sync 1 DAGs
[2026-05-09T11:19:53.394+0000] {logging_mixin.py:188} INFO - [2026-05-09T11:19:53.394+0000] {dag.py:3954} INFO - Setting next_dagrun for example_setup_teardown to 2026-05-08 00:00:00+00:00, run_after=2026-05-09 00:00:00+00:00
[2026-05-09T11:19:53.409+0000] {processor.py:183} INFO - Processing /home/vscode/.local/lib/python3.11/site-packages/airflow/example_dags/example_setup_teardown.py took 0.147 seconds
[2026-05-09T11:20:45.271+0000] {processor.py:161} INFO - Started process (PID=8133) to work on /home/vscode/.local/lib/python3.11/site-packages/airflow/example_dags/example_setup_teardown.py
[2026-05-09T11:20:45.272+0000] {processor.py:830} INFO - Processing file /home/vscode/.local/lib/python3.11/site-packages/airflow/example_dags/example_setup_teardown.py for tasks to queue
[2026-05-09T11:20:45.272+0000] {logging_mixin.py:188} INFO - [2026-05-09T11:20:45.272+0000] {dagbag.py:545} INFO - Filling up the DagBag from /home/vscode/.local/lib/python3.11/site-packages/airflow/example_dags/example_setup_teardown.py
[2026-05-09T11:20:45.282+0000] {processor.py:840} INFO - DAG(s) 'example_setup_teardown' retrieved from /home/vscode/.local/lib/python3.11/site-packages/airflow/example_dags/example_setup_teardown.py
[2026-05-09T11:20:45.294+0000] {logging_mixin.py:188} INFO - [2026-05-09T11:20:45.294+0000] {dag.py:3096} INFO - Sync 1 DAGs
[2026-05-09T11:20:45.308+0000] {logging_mixin.py:188} INFO - [2026-05-09T11:20:45.308+0000] {dag.py:3954} INFO - Setting next_dagrun for example_setup_teardown to 2026-05-08 00:00:00+00:00, run_after=2026-05-09 00:00:00+00:00
[2026-05-09T11:20:45.324+0000] {processor.py:183} INFO - Processing /home/vscode/.local/lib/python3.11/site-packages/airflow/example_dags/example_setup_teardown.py took 0.063 seconds
[2026-05-09T11:21:36.987+0000] {processor.py:161} INFO - Started process (PID=8696) to work on /home/vscode/.local/lib/python3.11/site-packages/airflow/example_dags/example_setup_teardown.py
[2026-05-09T11:21:36.988+0000] {processor.py:830} INFO - Processing file /home/vscode/.local/lib/python3.11/site-packages/airflow/example_dags/example_setup_teardown.py for tasks to queue
[2026-05-09T11:21:36.988+0000] {logging_mixin.py:188} INFO - [2026-05-09T11:21:36.988+0000] {dagbag.py:545} INFO - Filling up the DagBag from /home/vscode/.local/lib/python3.11/site-packages/airflow/example_dags/example_setup_teardown.py
[2026-05-09T11:21:36.993+0000] {processor.py:840} INFO - DAG(s) 'example_setup_teardown' retrieved from /home/vscode/.local/lib/python3.11/site-packages/airflow/example_dags/example_setup_teardown.py
[2026-05-09T11:21:37.005+0000] {logging_mixin.py:188} INFO - [2026-05-09T11:21:37.005+0000] {dag.py:3096} INFO - Sync 1 DAGs
[2026-05-09T11:21:37.018+0000] {logging_mixin.py:188} INFO - [2026-05-09T11:21:37.018+0000] {dag.py:3954} INFO - Setting next_dagrun for example_setup_teardown to 2026-05-08 00:00:00+00:00, run_after=2026-05-09 00:00:00+00:00
[2026-05-09T11:21:37.033+0000] {processor.py:183} INFO - Processing /home/vscode/.local/lib/python3.11/site-packages/airflow/example_dags/example_setup_teardown.py took 0.053 seconds
[2026-05-09T11:22:19.886+0000] {processor.py:161} INFO - Started process (PID=9042) to work on /home/vscode/.local/lib/python3.11/site-packages/airflow/example_dags/example_setup_teardown.py
[2026-05-09T11:22:19.887+0000] {processor.py:830} INFO - Processing file /home/vscode/.local/lib/python3.11/site-packages/airflow/example_dags/example_setup_teardown.py for tasks to queue
[2026-05-09T11:22:19.887+0000] {logging_mixin.py:188} INFO - [2026-05-09T11:22:19.887+0000] {dagbag.py:545} INFO - Filling up the DagBag from /home/vscode/.local/lib/python3.11/site-packages/airflow/example_dags/example_setup_teardown.py
[2026-05-09T11:22:19.892+0000] {processor.py:840} INFO - DAG(s) 'example_setup_teardown' retrieved from /home/vscode/.local/lib/python3.11/site-packages/airflow/example_dags/example_setup_teardown.py
[2026-05-09T11:22:19.903+0000] {logging_mixin.py:188} INFO - [2026-05-09T11:22:19.903+0000] {dag.py:3096} INFO - Sync 1 DAGs
[2026-05-09T11:22:19.918+0000] {logging_mixin.py:188} INFO - [2026-05-09T11:22:19.918+0000] {dag.py:3954} INFO - Setting next_dagrun for example_setup_teardown to 2026-05-08 00:00:00+00:00, run_after=2026-05-09 00:00:00+00:00
[2026-05-09T11:22:19.932+0000] {processor.py:183} INFO - Processing /home/vscode/.local/lib/python3.11/site-packages/airflow/example_dags/example_setup_teardown.py took 0.052 seconds
[2026-05-09T11:23:13.687+0000] {processor.py:161} INFO - Started process (PID=9734) to work on /home/vscode/.local/lib/python3.11/site-packages/airflow/example_dags/example_setup_teardown.py
[2026-05-09T11:23:13.687+0000] {processor.py:830} INFO - Processing file /home/vscode/.local/lib/python3.11/site-packages/airflow/example_dags/example_setup_teardown.py for tasks to queue
[2026-05-09T11:23:13.688+0000] {logging_mixin.py:188} INFO - [2026-05-09T11:23:13.688+0000] {dagbag.py:545} INFO - Filling up the DagBag from /home/vscode/.local/lib/python3.11/site-packages/airflow/example_dags/example_setup_teardown.py
[2026-05-09T11:23:13.693+0000] {processor.py:840} INFO - DAG(s) 'example_setup_teardown' retrieved from /home/vscode/.local/lib/python3.11/site-packages/airflow/example_dags/example_setup_teardown.py
[2026-05-09T11:23:13.705+0000] {logging_mixin.py:188} INFO - [2026-05-09T11:23:13.704+0000] {dag.py:3096} INFO - Sync 1 DAGs
[2026-05-09T11:23:13.719+0000] {logging_mixin.py:188} INFO - [2026-05-09T11:23:13.719+0000] {dag.py:3954} INFO - Setting next_dagrun for example_setup_teardown to 2026-05-08 00:00:00+00:00, run_after=2026-05-09 00:00:00+00:00
[2026-05-09T11:23:13.734+0000] {processor.py:183} INFO - Processing /home/vscode/.local/lib/python3.11/site-packages/airflow/example_dags/example_setup_teardown.py took 0.054 seconds
[2026-05-09T11:23:55.014+0000] {processor.py:161} INFO - Started process (PID=10310) to work on /home/vscode/.local/lib/python3.11/site-packages/airflow/example_dags/example_setup_teardown.py
[2026-05-09T11:23:55.015+0000] {processor.py:830} INFO - Processing file /home/vscode/.local/lib/python3.11/site-packages/airflow/example_dags/example_setup_teardown.py for tasks to queue
[2026-05-09T11:23:55.015+0000] {logging_mixin.py:188} INFO - [2026-05-09T11:23:55.015+0000] {dagbag.py:545} INFO - Filling up the DagBag from /home/vscode/.local/lib/python3.11/site-packages/airflow/example_dags/example_setup_teardown.py
[2026-05-09T11:23:55.020+0000] {processor.py:840} INFO - DAG(s) 'example_setup_teardown' retrieved from /home/vscode/.local/lib/python3.11/site-packages/airflow/example_dags/example_setup_teardown.py
[2026-05-09T11:23:55.032+0000] {logging_mixin.py:188} INFO - [2026-05-09T11:23:55.032+0000] {dag.py:3096} INFO - Sync 1 DAGs
[2026-05-09T11:23:55.047+0000] {logging_mixin.py:188} INFO - [2026-05-09T11:23:55.047+0000] {dag.py:3954} INFO - Setting next_dagrun for example_setup_teardown to 2026-05-08 00:00:00+00:00, run_after=2026-05-09 00:00:00+00:00
[2026-05-09T11:23:55.065+0000] {processor.py:183} INFO - Processing /home/vscode/.local/lib/python3.11/site-packages/airflow/example_dags/example_setup_teardown.py took 0.057 seconds
[2026-05-09T11:24:34.064+0000] {processor.py:161} INFO - Started process (PID=10843) to work on /home/vscode/.local/lib/python3.11/site-packages/airflow/example_dags/example_setup_teardown.py
[2026-05-09T11:24:34.065+0000] {processor.py:830} INFO - Processing file /home/vscode/.local/lib/python3.11/site-packages/airflow/example_dags/example_setup_teardown.py for tasks to queue
[2026-05-09T11:24:34.065+0000] {logging_mixin.py:188} INFO - [2026-05-09T11:24:34.065+0000] {dagbag.py:545} INFO - Filling up the DagBag from /home/vscode/.local/lib/python3.11/site-packages/airflow/example_dags/example_setup_teardown.py
[2026-05-09T11:24:34.071+0000] {processor.py:840} INFO - DAG(s) 'example_setup_teardown' retrieved from /home/vscode/.local/lib/python3.11/site-packages/airflow/example_dags/example_setup_teardown.py
[2026-05-09T11:24:34.083+0000] {logging_mixin.py:188} INFO - [2026-05-09T11:24:34.083+0000] {dag.py:3096} INFO - Sync 1 DAGs
[2026-05-09T11:24:34.097+0000] {logging_mixin.py:188} INFO - [2026-05-09T11:24:34.097+0000] {dag.py:3954} INFO - Setting next_dagrun for example_setup_teardown to 2026-05-08 00:00:00+00:00, run_after=2026-05-09 00:00:00+00:00
[2026-05-09T11:24:34.114+0000] {processor.py:183} INFO - Processing /home/vscode/.local/lib/python3.11/site-packages/airflow/example_dags/example_setup_teardown.py took 0.057 seconds
[2026-05-09T11:25:16.726+0000] {processor.py:161} INFO - Started process (PID=11288) to work on /home/vscode/.local/lib/python3.11/site-packages/airflow/example_dags/example_setup_teardown.py
[2026-05-09T11:25:16.727+0000] {processor.py:830} INFO - Processing file /home/vscode/.local/lib/python3.11/site-packages/airflow/example_dags/example_setup_teardown.py for tasks to queue
[2026-05-09T11:25:16.727+0000] {logging_mixin.py:188} INFO - [2026-05-09T11:25:16.727+0000] {dagbag.py:545} INFO - Filling up the DagBag from /home/vscode/.local/lib/python3.11/site-packages/airflow/example_dags/example_setup_teardown.py
[2026-05-09T11:25:16.732+0000] {processor.py:840} INFO - DAG(s) 'example_setup_teardown' retrieved from /home/vscode/.local/lib/python3.11/site-packages/airflow/example_dags/example_setup_teardown.py
[2026-05-09T11:25:16.744+0000] {logging_mixin.py:188} INFO - [2026-05-09T11:25:16.744+0000] {dag.py:3096} INFO - Sync 1 DAGs
[2026-05-09T11:25:16.758+0000] {logging_mixin.py:188} INFO - [2026-05-09T11:25:16.758+0000] {dag.py:3954} INFO - Setting next_dagrun for example_setup_teardown to 2026-05-08 00:00:00+00:00, run_after=2026-05-09 00:00:00+00:00
[2026-05-09T11:25:16.773+0000] {processor.py:183} INFO - Processing /home/vscode/.local/lib/python3.11/site-packages/airflow/example_dags/example_setup_teardown.py took 0.053 seconds
[2026-05-09T11:25:58.237+0000] {processor.py:161} INFO - Started process (PID=11626) to work on /home/vscode/.local/lib/python3.11/site-packages/airflow/example_dags/example_setup_teardown.py
[2026-05-09T11:25:58.237+0000] {processor.py:830} INFO - Processing file /home/vscode/.local/lib/python3.11/site-packages/airflow/example_dags/example_setup_teardown.py for tasks to queue
[2026-05-09T11:25:58.238+0000] {logging_mixin.py:188} INFO - [2026-05-09T11:25:58.238+0000] {dagbag.py:545} INFO - Filling up the DagBag from /home/vscode/.local/lib/python3.11/site-packages/airflow/example_dags/example_setup_teardown.py
[2026-05-09T11:25:58.243+0000] {processor.py:840} INFO - DAG(s) 'example_setup_teardown' retrieved from /home/vscode/.local/lib/python3.11/site-packages/airflow/example_dags/example_setup_teardown.py
[2026-05-09T11:25:58.254+0000] {logging_mixin.py:188} INFO - [2026-05-09T11:25:58.254+0000] {dag.py:3096} INFO - Sync 1 DAGs
[2026-05-09T11:25:58.268+0000] {logging_mixin.py:188} INFO - [2026-05-09T11:25:58.268+0000] {dag.py:3954} INFO - Setting next_dagrun for example_setup_teardown to 2026-05-08 00:00:00+00:00, run_after=2026-05-09 00:00:00+00:00
[2026-05-09T11:25:58.283+0000] {processor.py:183} INFO - Processing /home/vscode/.local/lib/python3.11/site-packages/airflow/example_dags/example_setup_teardown.py took 0.054 seconds
[2026-05-09T11:26:58.140+0000] {processor.py:161} INFO - Started process (PID=12297) to work on /home/vscode/.local/lib/python3.11/site-packages/airflow/example_dags/example_setup_teardown.py
[2026-05-09T11:26:58.140+0000] {processor.py:830} INFO - Processing file /home/vscode/.local/lib/python3.11/site-packages/airflow/example_dags/example_setup_teardown.py for tasks to queue
[2026-05-09T11:26:58.141+0000] {logging_mixin.py:188} INFO - [2026-05-09T11:26:58.141+0000] {dagbag.py:545} INFO - Filling up the DagBag from /home/vscode/.local/lib/python3.11/site-packages/airflow/example_dags/example_setup_teardown.py
[2026-05-09T11:26:58.146+0000] {processor.py:840} INFO - DAG(s) 'example_setup_teardown' retrieved from /home/vscode/.local/lib/python3.11/site-packages/airflow/example_dags/example_setup_teardown.py
[2026-05-09T11:26:58.158+0000] {logging_mixin.py:188} INFO - [2026-05-09T11:26:58.158+0000] {dag.py:3096} INFO - Sync 1 DAGs
[2026-05-09T11:26:58.171+0000] {logging_mixin.py:188} INFO - [2026-05-09T11:26:58.171+0000] {dag.py:3954} INFO - Setting next_dagrun for example_setup_teardown to 2026-05-08 00:00:00+00:00, run_after=2026-05-09 00:00:00+00:00
[2026-05-09T11:26:58.191+0000] {processor.py:183} INFO - Processing /home/vscode/.local/lib/python3.11/site-packages/airflow/example_dags/example_setup_teardown.py took 0.058 seconds
[2026-05-09T11:27:57.893+0000] {processor.py:161} INFO - Started process (PID=13018) to work on /home/vscode/.local/lib/python3.11/site-packages/airflow/example_dags/example_setup_teardown.py
[2026-05-09T11:27:57.893+0000] {processor.py:830} INFO - Processing file /home/vscode/.local/lib/python3.11/site-packages/airflow/example_dags/example_setup_teardown.py for tasks to queue
[2026-05-09T11:27:57.894+0000] {logging_mixin.py:188} INFO - [2026-05-09T11:27:57.893+0000] {dagbag.py:545} INFO - Filling up the DagBag from /home/vscode/.local/lib/python3.11/site-packages/airflow/example_dags/example_setup_teardown.py
[2026-05-09T11:27:57.899+0000] {processor.py:840} INFO - DAG(s) 'example_setup_teardown' retrieved from /home/vscode/.local/lib/python3.11/site-packages/airflow/example_dags/example_setup_teardown.py
[2026-05-09T11:27:57.910+0000] {logging_mixin.py:188} INFO - [2026-05-09T11:27:57.910+0000] {dag.py:3096} INFO - Sync 1 DAGs
[2026-05-09T11:27:57.924+0000] {logging_mixin.py:188} INFO - [2026-05-09T11:27:57.924+0000] {dag.py:3954} INFO - Setting next_dagrun for example_setup_teardown to 2026-05-08 00:00:00+00:00, run_after=2026-05-09 00:00:00+00:00
[2026-05-09T11:27:57.939+0000] {processor.py:183} INFO - Processing /home/vscode/.local/lib/python3.11/site-packages/airflow/example_dags/example_setup_teardown.py took 0.053 seconds
[2026-05-09T11:28:37.371+0000] {processor.py:161} INFO - Started process (PID=13537) to work on /home/vscode/.local/lib/python3.11/site-packages/airflow/example_dags/example_setup_teardown.py
[2026-05-09T11:28:37.372+0000] {processor.py:830} INFO - Processing file /home/vscode/.local/lib/python3.11/site-packages/airflow/example_dags/example_setup_teardown.py for tasks to queue
[2026-05-09T11:28:37.372+0000] {logging_mixin.py:188} INFO - [2026-05-09T11:28:37.372+0000] {dagbag.py:545} INFO - Filling up the DagBag from /home/vscode/.local/lib/python3.11/site-packages/airflow/example_dags/example_setup_teardown.py
[2026-05-09T11:28:37.378+0000] {processor.py:840} INFO - DAG(s) 'example_setup_teardown' retrieved from /home/vscode/.local/lib/python3.11/site-packages/airflow/example_dags/example_setup_teardown.py
[2026-05-09T11:28:37.390+0000] {logging_mixin.py:188} INFO - [2026-05-09T11:28:37.390+0000] {dag.py:3096} INFO - Sync 1 DAGs
[2026-05-09T11:28:37.405+0000] {logging_mixin.py:188} INFO - [2026-05-09T11:28:37.405+0000] {dag.py:3954} INFO - Setting next_dagrun for example_setup_teardown to 2026-05-08 00:00:00+00:00, run_after=2026-05-09 00:00:00+00:00
[2026-05-09T11:28:37.421+0000] {processor.py:183} INFO - Processing /home/vscode/.local/lib/python3.11/site-packages/airflow/example_dags/example_setup_teardown.py took 0.057 seconds
[2026-05-09T11:29:39.459+0000] {processor.py:161} INFO - Started process (PID=14100) to work on /home/vscode/.local/lib/python3.11/site-packages/airflow/example_dags/example_setup_teardown.py
[2026-05-09T11:29:39.459+0000] {processor.py:830} INFO - Processing file /home/vscode/.local/lib/python3.11/site-packages/airflow/example_dags/example_setup_teardown.py for tasks to queue
[2026-05-09T11:29:39.460+0000] {logging_mixin.py:188} INFO - [2026-05-09T11:29:39.460+0000] {dagbag.py:545} INFO - Filling up the DagBag from /home/vscode/.local/lib/python3.11/site-packages/airflow/example_dags/example_setup_teardown.py
[2026-05-09T11:29:39.465+0000] {processor.py:840} INFO - DAG(s) 'example_setup_teardown' retrieved from /home/vscode/.local/lib/python3.11/site-packages/airflow/example_dags/example_setup_teardown.py
[2026-05-09T11:29:39.476+0000] {logging_mixin.py:188} INFO - [2026-05-09T11:29:39.476+0000] {dag.py:3096} INFO - Sync 1 DAGs
[2026-05-09T11:29:39.491+0000] {logging_mixin.py:188} INFO - [2026-05-09T11:29:39.491+0000] {dag.py:3954} INFO - Setting next_dagrun for example_setup_teardown to 2026-05-08 00:00:00+00:00, run_after=2026-05-09 00:00:00+00:00
[2026-05-09T11:29:39.507+0000] {processor.py:183} INFO - Processing /home/vscode/.local/lib/python3.11/site-packages/airflow/example_dags/example_setup_teardown.py took 0.055 seconds
[2026-05-09T11:30:22.642+0000] {processor.py:161} INFO - Started process (PID=14507) to work on /home/vscode/.local/lib/python3.11/site-packages/airflow/example_dags/example_setup_teardown.py
[2026-05-09T11:30:22.643+0000] {processor.py:830} INFO - Processing file /home/vscode/.local/lib/python3.11/site-packages/airflow/example_dags/example_setup_teardown.py for tasks to queue
[2026-05-09T11:30:22.643+0000] {logging_mixin.py:188} INFO - [2026-05-09T11:30:22.643+0000] {dagbag.py:545} INFO - Filling up the DagBag from /home/vscode/.local/lib/python3.11/site-packages/airflow/example_dags/example_setup_teardown.py
[2026-05-09T11:30:22.649+0000] {processor.py:840} INFO - DAG(s) 'example_setup_teardown' retrieved from /home/vscode/.local/lib/python3.11/site-packages/airflow/example_dags/example_setup_teardown.py
[2026-05-09T11:30:22.661+0000] {logging_mixin.py:188} INFO - [2026-05-09T11:30:22.660+0000] {dag.py:3096} INFO - Sync 1 DAGs
[2026-05-09T11:30:22.676+0000] {logging_mixin.py:188} INFO - [2026-05-09T11:30:22.676+0000] {dag.py:3954} INFO - Setting next_dagrun for example_setup_teardown to 2026-05-08 00:00:00+00:00, run_after=2026-05-09 00:00:00+00:00
[2026-05-09T11:30:22.694+0000] {processor.py:183} INFO - Processing /home/vscode/.local/lib/python3.11/site-packages/airflow/example_dags/example_setup_teardown.py took 0.059 seconds
[2026-05-09T11:31:20.877+0000] {processor.py:161} INFO - Started process (PID=15269) to work on /home/vscode/.local/lib/python3.11/site-packages/airflow/example_dags/example_setup_teardown.py
[2026-05-09T11:31:20.878+0000] {processor.py:830} INFO - Processing file /home/vscode/.local/lib/python3.11/site-packages/airflow/example_dags/example_setup_teardown.py for tasks to queue
[2026-05-09T11:31:20.879+0000] {logging_mixin.py:188} INFO - [2026-05-09T11:31:20.879+0000] {dagbag.py:545} INFO - Filling up the DagBag from /home/vscode/.local/lib/python3.11/site-packages/airflow/example_dags/example_setup_teardown.py
[2026-05-09T11:31:20.889+0000] {processor.py:840} INFO - DAG(s) 'example_setup_teardown' retrieved from /home/vscode/.local/lib/python3.11/site-packages/airflow/example_dags/example_setup_teardown.py
[2026-05-09T11:31:20.915+0000] {logging_mixin.py:188} INFO - [2026-05-09T11:31:20.915+0000] {dag.py:3096} INFO - Sync 1 DAGs
[2026-05-09T11:31:20.935+0000] {logging_mixin.py:188} INFO - [2026-05-09T11:31:20.935+0000] {dag.py:3954} INFO - Setting next_dagrun for example_setup_teardown to 2026-05-08 00:00:00+00:00, run_after=2026-05-09 00:00:00+00:00
[2026-05-09T11:31:20.951+0000] {processor.py:183} INFO - Processing /home/vscode/.local/lib/python3.11/site-packages/airflow/example_dags/example_setup_teardown.py took 0.093 seconds
[2026-05-09T11:32:04.602+0000] {processor.py:161} INFO - Started process (PID=15724) to work on /home/vscode/.local/lib/python3.11/site-packages/airflow/example_dags/example_setup_teardown.py
[2026-05-09T11:32:04.602+0000] {processor.py:830} INFO - Processing file /home/vscode/.local/lib/python3.11/site-packages/airflow/example_dags/example_setup_teardown.py for tasks to queue
[2026-05-09T11:32:04.603+0000] {logging_mixin.py:188} INFO - [2026-05-09T11:32:04.603+0000] {dagbag.py:545} INFO - Filling up the DagBag from /home/vscode/.local/lib/python3.11/site-packages/airflow/example_dags/example_setup_teardown.py
[2026-05-09T11:32:04.608+0000] {processor.py:840} INFO - DAG(s) 'example_setup_teardown' retrieved from /home/vscode/.local/lib/python3.11/site-packages/airflow/example_dags/example_setup_teardown.py
[2026-05-09T11:32:04.620+0000] {logging_mixin.py:188} INFO - [2026-05-09T11:32:04.620+0000] {dag.py:3096} INFO - Sync 1 DAGs
[2026-05-09T11:32:04.635+0000] {logging_mixin.py:188} INFO - [2026-05-09T11:32:04.635+0000] {dag.py:3954} INFO - Setting next_dagrun for example_setup_teardown to 2026-05-08 00:00:00+00:00, run_after=2026-05-09 00:00:00+00:00
[2026-05-09T11:32:04.651+0000] {processor.py:183} INFO - Processing /home/vscode/.local/lib/python3.11/site-packages/airflow/example_dags/example_setup_teardown.py took 0.056 seconds
[2026-05-09T11:32:49.676+0000] {processor.py:161} INFO - Started process (PID=16105) to work on /home/vscode/.local/lib/python3.11/site-packages/airflow/example_dags/example_setup_teardown.py
[2026-05-09T11:32:49.677+0000] {processor.py:830} INFO - Processing file /home/vscode/.local/lib/python3.11/site-packages/airflow/example_dags/example_setup_teardown.py for tasks to queue
[2026-05-09T11:32:49.678+0000] {logging_mixin.py:188} INFO - [2026-05-09T11:32:49.677+0000] {dagbag.py:545} INFO - Filling up the DagBag from /home/vscode/.local/lib/python3.11/site-packages/airflow/example_dags/example_setup_teardown.py
[2026-05-09T11:32:49.683+0000] {processor.py:840} INFO - DAG(s) 'example_setup_teardown' retrieved from /home/vscode/.local/lib/python3.11/site-packages/airflow/example_dags/example_setup_teardown.py
[2026-05-09T11:32:49.694+0000] {logging_mixin.py:188} INFO - [2026-05-09T11:32:49.694+0000] {dag.py:3096} INFO - Sync 1 DAGs
[2026-05-09T11:32:49.712+0000] {logging_mixin.py:188} INFO - [2026-05-09T11:32:49.712+0000] {dag.py:3954} INFO - Setting next_dagrun for example_setup_teardown to 2026-05-08 00:00:00+00:00, run_after=2026-05-09 00:00:00+00:00
[2026-05-09T11:32:49.730+0000] {processor.py:183} INFO - Processing /home/vscode/.local/lib/python3.11/site-packages/airflow/example_dags/example_setup_teardown.py took 0.060 seconds
[2026-05-09T11:33:33.231+0000] {processor.py:161} INFO - Started process (PID=16493) to work on /home/vscode/.local/lib/python3.11/site-packages/airflow/example_dags/example_setup_teardown.py
[2026-05-09T11:33:33.232+0000] {processor.py:830} INFO - Processing file /home/vscode/.local/lib/python3.11/site-packages/airflow/example_dags/example_setup_teardown.py for tasks to queue
[2026-05-09T11:33:33.232+0000] {logging_mixin.py:188} INFO - [2026-05-09T11:33:33.232+0000] {dagbag.py:545} INFO - Filling up the DagBag from /home/vscode/.local/lib/python3.11/site-packages/airflow/example_dags/example_setup_teardown.py
[2026-05-09T11:33:33.238+0000] {processor.py:840} INFO - DAG(s) 'example_setup_teardown' retrieved from /home/vscode/.local/lib/python3.11/site-packages/airflow/example_dags/example_setup_teardown.py
[2026-05-09T11:33:33.250+0000] {logging_mixin.py:188} INFO - [2026-05-09T11:33:33.250+0000] {dag.py:3096} INFO - Sync 1 DAGs
[2026-05-09T11:33:33.265+0000] {logging_mixin.py:188} INFO - [2026-05-09T11:33:33.265+0000] {dag.py:3954} INFO - Setting next_dagrun for example_setup_teardown to 2026-05-08 00:00:00+00:00, run_after=2026-05-09 00:00:00+00:00
[2026-05-09T11:33:33.280+0000] {processor.py:183} INFO - Processing /home/vscode/.local/lib/python3.11/site-packages/airflow/example_dags/example_setup_teardown.py took 0.056 seconds
[2026-05-09T11:34:14.125+0000] {processor.py:161} INFO - Started process (PID=16853) to work on /home/vscode/.local/lib/python3.11/site-packages/airflow/example_dags/example_setup_teardown.py
[2026-05-09T11:34:14.126+0000] {processor.py:830} INFO - Processing file /home/vscode/.local/lib/python3.11/site-packages/airflow/example_dags/example_setup_teardown.py for tasks to queue
[2026-05-09T11:34:14.126+0000] {logging_mixin.py:188} INFO - [2026-05-09T11:34:14.126+0000] {dagbag.py:545} INFO - Filling up the DagBag from /home/vscode/.local/lib/python3.11/site-packages/airflow/example_dags/example_setup_teardown.py
[2026-05-09T11:34:14.132+0000] {processor.py:840} INFO - DAG(s) 'example_setup_teardown' retrieved from /home/vscode/.local/lib/python3.11/site-packages/airflow/example_dags/example_setup_teardown.py
[2026-05-09T11:34:14.148+0000] {logging_mixin.py:188} INFO - [2026-05-09T11:34:14.148+0000] {dag.py:3096} INFO - Sync 1 DAGs
[2026-05-09T11:34:14.168+0000] {logging_mixin.py:188} INFO - [2026-05-09T11:34:14.168+0000] {dag.py:3954} INFO - Setting next_dagrun for example_setup_teardown to 2026-05-08 00:00:00+00:00, run_after=2026-05-09 00:00:00+00:00
[2026-05-09T11:34:14.208+0000] {processor.py:183} INFO - Processing /home/vscode/.local/lib/python3.11/site-packages/airflow/example_dags/example_setup_teardown.py took 0.089 seconds
[2026-05-09T11:34:56.142+0000] {processor.py:161} INFO - Started process (PID=17233) to work on /home/vscode/.local/lib/python3.11/site-packages/airflow/example_dags/example_setup_teardown.py
[2026-05-09T11:34:56.142+0000] {processor.py:830} INFO - Processing file /home/vscode/.local/lib/python3.11/site-packages/airflow/example_dags/example_setup_teardown.py for tasks to queue
[2026-05-09T11:34:56.143+0000] {logging_mixin.py:188} INFO - [2026-05-09T11:34:56.143+0000] {dagbag.py:545} INFO - Filling up the DagBag from /home/vscode/.local/lib/python3.11/site-packages/airflow/example_dags/example_setup_teardown.py
[2026-05-09T11:34:56.148+0000] {processor.py:840} INFO - DAG(s) 'example_setup_teardown' retrieved from /home/vscode/.local/lib/python3.11/site-packages/airflow/example_dags/example_setup_teardown.py
[2026-05-09T11:34:56.160+0000] {logging_mixin.py:188} INFO - [2026-05-09T11:34:56.159+0000] {dag.py:3096} INFO - Sync 1 DAGs
[2026-05-09T11:34:56.174+0000] {logging_mixin.py:188} INFO - [2026-05-09T11:34:56.173+0000] {dag.py:3954} INFO - Setting next_dagrun for example_setup_teardown to 2026-05-08 00:00:00+00:00, run_after=2026-05-09 00:00:00+00:00
[2026-05-09T11:34:56.189+0000] {processor.py:183} INFO - Processing /home/vscode/.local/lib/python3.11/site-packages/airflow/example_dags/example_setup_teardown.py took 0.054 seconds
[2026-05-09T11:35:36.392+0000] {processor.py:161} INFO - Started process (PID=17586) to work on /home/vscode/.local/lib/python3.11/site-packages/airflow/example_dags/example_setup_teardown.py
[2026-05-09T11:35:36.393+0000] {processor.py:830} INFO - Processing file /home/vscode/.local/lib/python3.11/site-packages/airflow/example_dags/example_setup_teardown.py for tasks to queue
[2026-05-09T11:35:36.393+0000] {logging_mixin.py:188} INFO - [2026-05-09T11:35:36.393+0000] {dagbag.py:545} INFO - Filling up the DagBag from /home/vscode/.local/lib/python3.11/site-packages/airflow/example_dags/example_setup_teardown.py
[2026-05-09T11:35:36.400+0000] {processor.py:840} INFO - DAG(s) 'example_setup_teardown' retrieved from /home/vscode/.local/lib/python3.11/site-packages/airflow/example_dags/example_setup_teardown.py
[2026-05-09T11:35:36.419+0000] {logging_mixin.py:188} INFO - [2026-05-09T11:35:36.419+0000] {dag.py:3096} INFO - Sync 1 DAGs
[2026-05-09T11:35:36.433+0000] {logging_mixin.py:188} INFO - [2026-05-09T11:35:36.433+0000] {dag.py:3954} INFO - Setting next_dagrun for example_setup_teardown to 2026-05-08 00:00:00+00:00, run_after=2026-05-09 00:00:00+00:00
[2026-05-09T11:35:36.452+0000] {processor.py:183} INFO - Processing /home/vscode/.local/lib/python3.11/site-packages/airflow/example_dags/example_setup_teardown.py took 0.068 seconds
[2026-05-09T11:36:35.982+0000] {processor.py:161} INFO - Started process (PID=18089) to work on /home/vscode/.local/lib/python3.11/site-packages/airflow/example_dags/example_setup_teardown.py
[2026-05-09T11:36:35.983+0000] {processor.py:830} INFO - Processing file /home/vscode/.local/lib/python3.11/site-packages/airflow/example_dags/example_setup_teardown.py for tasks to queue
[2026-05-09T11:36:35.984+0000] {logging_mixin.py:188} INFO - [2026-05-09T11:36:35.983+0000] {dagbag.py:545} INFO - Filling up the DagBag from /home/vscode/.local/lib/python3.11/site-packages/airflow/example_dags/example_setup_teardown.py
[2026-05-09T11:36:35.990+0000] {processor.py:840} INFO - DAG(s) 'example_setup_teardown' retrieved from /home/vscode/.local/lib/python3.11/site-packages/airflow/example_dags/example_setup_teardown.py
[2026-05-09T11:36:36.001+0000] {logging_mixin.py:188} INFO - [2026-05-09T11:36:36.001+0000] {dag.py:3096} INFO - Sync 1 DAGs
[2026-05-09T11:36:36.015+0000] {logging_mixin.py:188} INFO - [2026-05-09T11:36:36.015+0000] {dag.py:3954} INFO - Setting next_dagrun for example_setup_teardown to 2026-05-08 00:00:00+00:00, run_after=2026-05-09 00:00:00+00:00
[2026-05-09T11:36:36.031+0000] {processor.py:183} INFO - Processing /home/vscode/.local/lib/python3.11/site-packages/airflow/example_dags/example_setup_teardown.py took 0.061 seconds
[2026-05-09T11:37:17.790+0000] {processor.py:161} INFO - Started process (PID=18478) to work on /home/vscode/.local/lib/python3.11/site-packages/airflow/example_dags/example_setup_teardown.py
[2026-05-09T11:37:17.790+0000] {processor.py:830} INFO - Processing file /home/vscode/.local/lib/python3.11/site-packages/airflow/example_dags/example_setup_teardown.py for tasks to queue
[2026-05-09T11:37:17.791+0000] {logging_mixin.py:188} INFO - [2026-05-09T11:37:17.791+0000] {dagbag.py:545} INFO - Filling up the DagBag from /home/vscode/.local/lib/python3.11/site-packages/airflow/example_dags/example_setup_teardown.py
[2026-05-09T11:37:17.796+0000] {processor.py:840} INFO - DAG(s) 'example_setup_teardown' retrieved from /home/vscode/.local/lib/python3.11/site-packages/airflow/example_dags/example_setup_teardown.py
[2026-05-09T11:37:17.808+0000] {logging_mixin.py:188} INFO - [2026-05-09T11:37:17.808+0000] {dag.py:3096} INFO - Sync 1 DAGs
[2026-05-09T11:37:17.822+0000] {logging_mixin.py:188} INFO - [2026-05-09T11:37:17.822+0000] {dag.py:3954} INFO - Setting next_dagrun for example_setup_teardown to 2026-05-08 00:00:00+00:00, run_after=2026-05-09 00:00:00+00:00
[2026-05-09T11:37:17.839+0000] {processor.py:183} INFO - Processing /home/vscode/.local/lib/python3.11/site-packages/airflow/example_dags/example_setup_teardown.py took 0.056 seconds
[2026-05-09T11:38:17.770+0000] {processor.py:161} INFO - Started process (PID=19287) to work on /home/vscode/.local/lib/python3.11/site-packages/airflow/example_dags/example_setup_teardown.py
[2026-05-09T11:38:17.771+0000] {processor.py:830} INFO - Processing file /home/vscode/.local/lib/python3.11/site-packages/airflow/example_dags/example_setup_teardown.py for tasks to queue
[2026-05-09T11:38:17.771+0000] {logging_mixin.py:188} INFO - [2026-05-09T11:38:17.771+0000] {dagbag.py:545} INFO - Filling up the DagBag from /home/vscode/.local/lib/python3.11/site-packages/airflow/example_dags/example_setup_teardown.py
[2026-05-09T11:38:17.776+0000] {processor.py:840} INFO - DAG(s) 'example_setup_teardown' retrieved from /home/vscode/.local/lib/python3.11/site-packages/airflow/example_dags/example_setup_teardown.py
[2026-05-09T11:38:17.788+0000] {logging_mixin.py:188} INFO - [2026-05-09T11:38:17.788+0000] {dag.py:3096} INFO - Sync 1 DAGs
[2026-05-09T11:38:17.802+0000] {logging_mixin.py:188} INFO - [2026-05-09T11:38:17.802+0000] {dag.py:3954} INFO - Setting next_dagrun for example_setup_teardown to 2026-05-08 00:00:00+00:00, run_after=2026-05-09 00:00:00+00:00
[2026-05-09T11:38:17.821+0000] {processor.py:183} INFO - Processing /home/vscode/.local/lib/python3.11/site-packages/airflow/example_dags/example_setup_teardown.py took 0.059 seconds
[2026-05-09T11:38:58.560+0000] {processor.py:161} INFO - Started process (PID=19689) to work on /home/vscode/.local/lib/python3.11/site-packages/airflow/example_dags/example_setup_teardown.py
[2026-05-09T11:38:58.561+0000] {processor.py:830} INFO - Processing file /home/vscode/.local/lib/python3.11/site-packages/airflow/example_dags/example_setup_teardown.py for tasks to queue
[2026-05-09T11:38:58.561+0000] {logging_mixin.py:188} INFO - [2026-05-09T11:38:58.561+0000] {dagbag.py:545} INFO - Filling up the DagBag from /home/vscode/.local/lib/python3.11/site-packages/airflow/example_dags/example_setup_teardown.py
[2026-05-09T11:38:58.567+0000] {processor.py:840} INFO - DAG(s) 'example_setup_teardown' retrieved from /home/vscode/.local/lib/python3.11/site-packages/airflow/example_dags/example_setup_teardown.py
[2026-05-09T11:38:58.579+0000] {logging_mixin.py:188} INFO - [2026-05-09T11:38:58.578+0000] {dag.py:3096} INFO - Sync 1 DAGs
[2026-05-09T11:38:58.593+0000] {logging_mixin.py:188} INFO - [2026-05-09T11:38:58.593+0000] {dag.py:3954} INFO - Setting next_dagrun for example_setup_teardown to 2026-05-08 00:00:00+00:00, run_after=2026-05-09 00:00:00+00:00
[2026-05-09T11:38:58.608+0000] {processor.py:183} INFO - Processing /home/vscode/.local/lib/python3.11/site-packages/airflow/example_dags/example_setup_teardown.py took 0.055 seconds
[2026-05-09T11:40:00.176+0000] {processor.py:161} INFO - Started process (PID=20470) to work on /home/vscode/.local/lib/python3.11/site-packages/airflow/example_dags/example_setup_teardown.py
[2026-05-09T11:40:00.177+0000] {processor.py:830} INFO - Processing file /home/vscode/.local/lib/python3.11/site-packages/airflow/example_dags/example_setup_teardown.py for tasks to queue
[2026-05-09T11:40:00.177+0000] {logging_mixin.py:188} INFO - [2026-05-09T11:40:00.177+0000] {dagbag.py:545} INFO - Filling up the DagBag from /home/vscode/.local/lib/python3.11/site-packages/airflow/example_dags/example_setup_teardown.py
[2026-05-09T11:40:00.183+0000] {processor.py:840} INFO - DAG(s) 'example_setup_teardown' retrieved from /home/vscode/.local/lib/python3.11/site-packages/airflow/example_dags/example_setup_teardown.py
[2026-05-09T11:40:00.194+0000] {logging_mixin.py:188} INFO - [2026-05-09T11:40:00.194+0000] {dag.py:3096} INFO - Sync 1 DAGs
[2026-05-09T11:40:00.207+0000] {logging_mixin.py:188} INFO - [2026-05-09T11:40:00.207+0000] {dag.py:3954} INFO - Setting next_dagrun for example_setup_teardown to 2026-05-08 00:00:00+00:00, run_after=2026-05-09 00:00:00+00:00
[2026-05-09T11:40:00.223+0000] {processor.py:183} INFO - Processing /home/vscode/.local/lib/python3.11/site-packages/airflow/example_dags/example_setup_teardown.py took 0.053 seconds
[2026-05-09T11:40:41.447+0000] {processor.py:161} INFO - Started process (PID=20809) to work on /home/vscode/.local/lib/python3.11/site-packages/airflow/example_dags/example_setup_teardown.py
[2026-05-09T11:40:41.448+0000] {processor.py:830} INFO - Processing file /home/vscode/.local/lib/python3.11/site-packages/airflow/example_dags/example_setup_teardown.py for tasks to queue
[2026-05-09T11:40:41.448+0000] {logging_mixin.py:188} INFO - [2026-05-09T11:40:41.448+0000] {dagbag.py:545} INFO - Filling up the DagBag from /home/vscode/.local/lib/python3.11/site-packages/airflow/example_dags/example_setup_teardown.py
[2026-05-09T11:40:41.454+0000] {processor.py:840} INFO - DAG(s) 'example_setup_teardown' retrieved from /home/vscode/.local/lib/python3.11/site-packages/airflow/example_dags/example_setup_teardown.py
[2026-05-09T11:40:41.465+0000] {logging_mixin.py:188} INFO - [2026-05-09T11:40:41.465+0000] {dag.py:3096} INFO - Sync 1 DAGs
[2026-05-09T11:40:41.480+0000] {logging_mixin.py:188} INFO - [2026-05-09T11:40:41.480+0000] {dag.py:3954} INFO - Setting next_dagrun for example_setup_teardown to 2026-05-08 00:00:00+00:00, run_after=2026-05-09 00:00:00+00:00
[2026-05-09T11:40:41.495+0000] {processor.py:183} INFO - Processing /home/vscode/.local/lib/python3.11/site-packages/airflow/example_dags/example_setup_teardown.py took 0.055 seconds
[2026-05-09T11:41:25.102+0000] {processor.py:161} INFO - Started process (PID=21286) to work on /home/vscode/.local/lib/python3.11/site-packages/airflow/example_dags/example_setup_teardown.py
[2026-05-09T11:41:25.103+0000] {processor.py:830} INFO - Processing file /home/vscode/.local/lib/python3.11/site-packages/airflow/example_dags/example_setup_teardown.py for tasks to queue
[2026-05-09T11:41:25.103+0000] {logging_mixin.py:188} INFO - [2026-05-09T11:41:25.103+0000] {dagbag.py:545} INFO - Filling up the DagBag from /home/vscode/.local/lib/python3.11/site-packages/airflow/example_dags/example_setup_teardown.py
[2026-05-09T11:41:25.109+0000] {processor.py:840} INFO - DAG(s) 'example_setup_teardown' retrieved from /home/vscode/.local/lib/python3.11/site-packages/airflow/example_dags/example_setup_teardown.py
[2026-05-09T11:41:25.120+0000] {logging_mixin.py:188} INFO - [2026-05-09T11:41:25.120+0000] {dag.py:3096} INFO - Sync 1 DAGs
[2026-05-09T11:41:25.134+0000] {logging_mixin.py:188} INFO - [2026-05-09T11:41:25.133+0000] {dag.py:3954} INFO - Setting next_dagrun for example_setup_teardown to 2026-05-08 00:00:00+00:00, run_after=2026-05-09 00:00:00+00:00
[2026-05-09T11:41:25.149+0000] {processor.py:183} INFO - Processing /home/vscode/.local/lib/python3.11/site-packages/airflow/example_dags/example_setup_teardown.py took 0.053 seconds
[2026-05-09T11:42:10.553+0000] {processor.py:161} INFO - Started process (PID=21676) to work on /home/vscode/.local/lib/python3.11/site-packages/airflow/example_dags/example_setup_teardown.py
[2026-05-09T11:42:10.554+0000] {processor.py:830} INFO - Processing file /home/vscode/.local/lib/python3.11/site-packages/airflow/example_dags/example_setup_teardown.py for tasks to queue
[2026-05-09T11:42:10.555+0000] {logging_mixin.py:188} INFO - [2026-05-09T11:42:10.554+0000] {dagbag.py:545} INFO - Filling up the DagBag from /home/vscode/.local/lib/python3.11/site-packages/airflow/example_dags/example_setup_teardown.py
[2026-05-09T11:42:10.560+0000] {processor.py:840} INFO - DAG(s) 'example_setup_teardown' retrieved from /home/vscode/.local/lib/python3.11/site-packages/airflow/example_dags/example_setup_teardown.py
[2026-05-09T11:42:10.572+0000] {logging_mixin.py:188} INFO - [2026-05-09T11:42:10.571+0000] {dag.py:3096} INFO - Sync 1 DAGs
[2026-05-09T11:42:10.585+0000] {logging_mixin.py:188} INFO - [2026-05-09T11:42:10.585+0000] {dag.py:3954} INFO - Setting next_dagrun for example_setup_teardown to 2026-05-08 00:00:00+00:00, run_after=2026-05-09 00:00:00+00:00
[2026-05-09T11:42:10.601+0000] {processor.py:183} INFO - Processing /home/vscode/.local/lib/python3.11/site-packages/airflow/example_dags/example_setup_teardown.py took 0.054 seconds
[2026-05-09T11:42:54.055+0000] {processor.py:161} INFO - Started process (PID=22054) to work on /home/vscode/.local/lib/python3.11/site-packages/airflow/example_dags/example_setup_teardown.py
[2026-05-09T11:42:54.055+0000] {processor.py:830} INFO - Processing file /home/vscode/.local/lib/python3.11/site-packages/airflow/example_dags/example_setup_teardown.py for tasks to queue
[2026-05-09T11:42:54.056+0000] {logging_mixin.py:188} INFO - [2026-05-09T11:42:54.056+0000] {dagbag.py:545} INFO - Filling up the DagBag from /home/vscode/.local/lib/python3.11/site-packages/airflow/example_dags/example_setup_teardown.py
[2026-05-09T11:42:54.061+0000] {processor.py:840} INFO - DAG(s) 'example_setup_teardown' retrieved from /home/vscode/.local/lib/python3.11/site-packages/airflow/example_dags/example_setup_teardown.py
[2026-05-09T11:42:54.073+0000] {logging_mixin.py:188} INFO - [2026-05-09T11:42:54.073+0000] {dag.py:3096} INFO - Sync 1 DAGs
[2026-05-09T11:42:54.088+0000] {logging_mixin.py:188} INFO - [2026-05-09T11:42:54.088+0000] {dag.py:3954} INFO - Setting next_dagrun for example_setup_teardown to 2026-05-08 00:00:00+00:00, run_after=2026-05-09 00:00:00+00:00
[2026-05-09T11:42:54.106+0000] {processor.py:183} INFO - Processing /home/vscode/.local/lib/python3.11/site-packages/airflow/example_dags/example_setup_teardown.py took 0.060 seconds
[2026-05-09T11:43:38.160+0000] {processor.py:161} INFO - Started process (PID=22471) to work on /home/vscode/.local/lib/python3.11/site-packages/airflow/example_dags/example_setup_teardown.py
[2026-05-09T11:43:38.166+0000] {processor.py:830} INFO - Processing file /home/vscode/.local/lib/python3.11/site-packages/airflow/example_dags/example_setup_teardown.py for tasks to queue
[2026-05-09T11:43:38.168+0000] {logging_mixin.py:188} INFO - [2026-05-09T11:43:38.168+0000] {dagbag.py:545} INFO - Filling up the DagBag from /home/vscode/.local/lib/python3.11/site-packages/airflow/example_dags/example_setup_teardown.py
[2026-05-09T11:43:38.194+0000] {processor.py:840} INFO - DAG(s) 'example_setup_teardown' retrieved from /home/vscode/.local/lib/python3.11/site-packages/airflow/example_dags/example_setup_teardown.py
[2026-05-09T11:43:38.252+0000] {logging_mixin.py:188} INFO - [2026-05-09T11:43:38.252+0000] {dag.py:3096} INFO - Sync 1 DAGs
[2026-05-09T11:43:38.296+0000] {logging_mixin.py:188} INFO - [2026-05-09T11:43:38.296+0000] {dag.py:3954} INFO - Setting next_dagrun for example_setup_teardown to 2026-05-08 00:00:00+00:00, run_after=2026-05-09 00:00:00+00:00
[2026-05-09T11:43:38.377+0000] {processor.py:183} INFO - Processing /home/vscode/.local/lib/python3.11/site-packages/airflow/example_dags/example_setup_teardown.py took 0.241 seconds
[2026-05-09T11:44:20.658+0000] {processor.py:161} INFO - Started process (PID=22820) to work on /home/vscode/.local/lib/python3.11/site-packages/airflow/example_dags/example_setup_teardown.py
[2026-05-09T11:44:20.658+0000] {processor.py:830} INFO - Processing file /home/vscode/.local/lib/python3.11/site-packages/airflow/example_dags/example_setup_teardown.py for tasks to queue
[2026-05-09T11:44:20.659+0000] {logging_mixin.py:188} INFO - [2026-05-09T11:44:20.659+0000] {dagbag.py:545} INFO - Filling up the DagBag from /home/vscode/.local/lib/python3.11/site-packages/airflow/example_dags/example_setup_teardown.py
[2026-05-09T11:44:20.664+0000] {processor.py:840} INFO - DAG(s) 'example_setup_teardown' retrieved from /home/vscode/.local/lib/python3.11/site-packages/airflow/example_dags/example_setup_teardown.py
[2026-05-09T11:44:20.676+0000] {logging_mixin.py:188} INFO - [2026-05-09T11:44:20.676+0000] {dag.py:3096} INFO - Sync 1 DAGs
[2026-05-09T11:44:20.690+0000] {logging_mixin.py:188} INFO - [2026-05-09T11:44:20.690+0000] {dag.py:3954} INFO - Setting next_dagrun for example_setup_teardown to 2026-05-08 00:00:00+00:00, run_after=2026-05-09 00:00:00+00:00
[2026-05-09T11:44:20.705+0000] {processor.py:183} INFO - Processing /home/vscode/.local/lib/python3.11/site-packages/airflow/example_dags/example_setup_teardown.py took 0.054 seconds
[2026-05-09T11:45:23.026+0000] {processor.py:161} INFO - Started process (PID=23338) to work on /home/vscode/.local/lib/python3.11/site-packages/airflow/example_dags/example_setup_teardown.py
[2026-05-09T11:45:23.026+0000] {processor.py:830} INFO - Processing file /home/vscode/.local/lib/python3.11/site-packages/airflow/example_dags/example_setup_teardown.py for tasks to queue
[2026-05-09T11:45:23.027+0000] {logging_mixin.py:188} INFO - [2026-05-09T11:45:23.027+0000] {dagbag.py:545} INFO - Filling up the DagBag from /home/vscode/.local/lib/python3.11/site-packages/airflow/example_dags/example_setup_teardown.py
[2026-05-09T11:45:23.032+0000] {processor.py:840} INFO - DAG(s) 'example_setup_teardown' retrieved from /home/vscode/.local/lib/python3.11/site-packages/airflow/example_dags/example_setup_teardown.py
[2026-05-09T11:45:23.043+0000] {logging_mixin.py:188} INFO - [2026-05-09T11:45:23.043+0000] {dag.py:3096} INFO - Sync 1 DAGs
[2026-05-09T11:45:23.060+0000] {logging_mixin.py:188} INFO - [2026-05-09T11:45:23.060+0000] {dag.py:3954} INFO - Setting next_dagrun for example_setup_teardown to 2026-05-08 00:00:00+00:00, run_after=2026-05-09 00:00:00+00:00
[2026-05-09T11:45:23.133+0000] {processor.py:183} INFO - Processing /home/vscode/.local/lib/python3.11/site-packages/airflow/example_dags/example_setup_teardown.py took 0.113 seconds
[2026-05-09T11:46:07.034+0000] {processor.py:161} INFO - Started process (PID=23729) to work on /home/vscode/.local/lib/python3.11/site-packages/airflow/example_dags/example_setup_teardown.py
[2026-05-09T11:46:07.034+0000] {processor.py:830} INFO - Processing file /home/vscode/.local/lib/python3.11/site-packages/airflow/example_dags/example_setup_teardown.py for tasks to queue
[2026-05-09T11:46:07.035+0000] {logging_mixin.py:188} INFO - [2026-05-09T11:46:07.035+0000] {dagbag.py:545} INFO - Filling up the DagBag from /home/vscode/.local/lib/python3.11/site-packages/airflow/example_dags/example_setup_teardown.py
[2026-05-09T11:46:07.040+0000] {processor.py:840} INFO - DAG(s) 'example_setup_teardown' retrieved from /home/vscode/.local/lib/python3.11/site-packages/airflow/example_dags/example_setup_teardown.py
[2026-05-09T11:46:07.052+0000] {logging_mixin.py:188} INFO - [2026-05-09T11:46:07.052+0000] {dag.py:3096} INFO - Sync 1 DAGs
[2026-05-09T11:46:07.068+0000] {logging_mixin.py:188} INFO - [2026-05-09T11:46:07.068+0000] {dag.py:3954} INFO - Setting next_dagrun for example_setup_teardown to 2026-05-08 00:00:00+00:00, run_after=2026-05-09 00:00:00+00:00
[2026-05-09T11:46:07.085+0000] {processor.py:183} INFO - Processing /home/vscode/.local/lib/python3.11/site-packages/airflow/example_dags/example_setup_teardown.py took 0.058 seconds
[2026-05-09T11:46:50.772+0000] {processor.py:161} INFO - Started process (PID=24132) to work on /home/vscode/.local/lib/python3.11/site-packages/airflow/example_dags/example_setup_teardown.py
[2026-05-09T11:46:50.773+0000] {processor.py:830} INFO - Processing file /home/vscode/.local/lib/python3.11/site-packages/airflow/example_dags/example_setup_teardown.py for tasks to queue
[2026-05-09T11:46:50.773+0000] {logging_mixin.py:188} INFO - [2026-05-09T11:46:50.773+0000] {dagbag.py:545} INFO - Filling up the DagBag from /home/vscode/.local/lib/python3.11/site-packages/airflow/example_dags/example_setup_teardown.py
[2026-05-09T11:46:50.779+0000] {processor.py:840} INFO - DAG(s) 'example_setup_teardown' retrieved from /home/vscode/.local/lib/python3.11/site-packages/airflow/example_dags/example_setup_teardown.py
[2026-05-09T11:46:50.790+0000] {logging_mixin.py:188} INFO - [2026-05-09T11:46:50.790+0000] {dag.py:3096} INFO - Sync 1 DAGs
[2026-05-09T11:46:50.804+0000] {logging_mixin.py:188} INFO - [2026-05-09T11:46:50.804+0000] {dag.py:3954} INFO - Setting next_dagrun for example_setup_teardown to 2026-05-08 00:00:00+00:00, run_after=2026-05-09 00:00:00+00:00
[2026-05-09T11:46:50.820+0000] {processor.py:183} INFO - Processing /home/vscode/.local/lib/python3.11/site-packages/airflow/example_dags/example_setup_teardown.py took 0.054 seconds
[2026-05-09T11:47:35.830+0000] {processor.py:161} INFO - Started process (PID=24638) to work on /home/vscode/.local/lib/python3.11/site-packages/airflow/example_dags/example_setup_teardown.py
[2026-05-09T11:47:35.830+0000] {processor.py:830} INFO - Processing file /home/vscode/.local/lib/python3.11/site-packages/airflow/example_dags/example_setup_teardown.py for tasks to queue
[2026-05-09T11:47:35.831+0000] {logging_mixin.py:188} INFO - [2026-05-09T11:47:35.830+0000] {dagbag.py:545} INFO - Filling up the DagBag from /home/vscode/.local/lib/python3.11/site-packages/airflow/example_dags/example_setup_teardown.py
[2026-05-09T11:47:35.836+0000] {processor.py:840} INFO - DAG(s) 'example_setup_teardown' retrieved from /home/vscode/.local/lib/python3.11/site-packages/airflow/example_dags/example_setup_teardown.py
[2026-05-09T11:47:35.847+0000] {logging_mixin.py:188} INFO - [2026-05-09T11:47:35.847+0000] {dag.py:3096} INFO - Sync 1 DAGs
[2026-05-09T11:47:35.861+0000] {logging_mixin.py:188} INFO - [2026-05-09T11:47:35.861+0000] {dag.py:3954} INFO - Setting next_dagrun for example_setup_teardown to 2026-05-08 00:00:00+00:00, run_after=2026-05-09 00:00:00+00:00
[2026-05-09T11:47:35.876+0000] {processor.py:183} INFO - Processing /home/vscode/.local/lib/python3.11/site-packages/airflow/example_dags/example_setup_teardown.py took 0.053 seconds
[2026-05-09T11:48:19.596+0000] {processor.py:161} INFO - Started process (PID=24950) to work on /home/vscode/.local/lib/python3.11/site-packages/airflow/example_dags/example_setup_teardown.py
[2026-05-09T11:48:19.597+0000] {processor.py:830} INFO - Processing file /home/vscode/.local/lib/python3.11/site-packages/airflow/example_dags/example_setup_teardown.py for tasks to queue
[2026-05-09T11:48:19.597+0000] {logging_mixin.py:188} INFO - [2026-05-09T11:48:19.597+0000] {dagbag.py:545} INFO - Filling up the DagBag from /home/vscode/.local/lib/python3.11/site-packages/airflow/example_dags/example_setup_teardown.py
[2026-05-09T11:48:19.603+0000] {processor.py:840} INFO - DAG(s) 'example_setup_teardown' retrieved from /home/vscode/.local/lib/python3.11/site-packages/airflow/example_dags/example_setup_teardown.py
[2026-05-09T11:48:19.615+0000] {logging_mixin.py:188} INFO - [2026-05-09T11:48:19.615+0000] {dag.py:3096} INFO - Sync 1 DAGs
[2026-05-09T11:48:19.630+0000] {logging_mixin.py:188} INFO - [2026-05-09T11:48:19.629+0000] {dag.py:3954} INFO - Setting next_dagrun for example_setup_teardown to 2026-05-08 00:00:00+00:00, run_after=2026-05-09 00:00:00+00:00
[2026-05-09T11:48:19.647+0000] {processor.py:183} INFO - Processing /home/vscode/.local/lib/python3.11/site-packages/airflow/example_dags/example_setup_teardown.py took 0.057 seconds
[2026-05-09T11:49:01.799+0000] {processor.py:161} INFO - Started process (PID=25384) to work on /home/vscode/.local/lib/python3.11/site-packages/airflow/example_dags/example_setup_teardown.py
[2026-05-09T11:49:01.800+0000] {processor.py:830} INFO - Processing file /home/vscode/.local/lib/python3.11/site-packages/airflow/example_dags/example_setup_teardown.py for tasks to queue
[2026-05-09T11:49:01.800+0000] {logging_mixin.py:188} INFO - [2026-05-09T11:49:01.800+0000] {dagbag.py:545} INFO - Filling up the DagBag from /home/vscode/.local/lib/python3.11/site-packages/airflow/example_dags/example_setup_teardown.py
[2026-05-09T11:49:01.806+0000] {processor.py:840} INFO - DAG(s) 'example_setup_teardown' retrieved from /home/vscode/.local/lib/python3.11/site-packages/airflow/example_dags/example_setup_teardown.py
[2026-05-09T11:49:01.817+0000] {logging_mixin.py:188} INFO - [2026-05-09T11:49:01.817+0000] {dag.py:3096} INFO - Sync 1 DAGs
[2026-05-09T11:49:01.831+0000] {logging_mixin.py:188} INFO - [2026-05-09T11:49:01.831+0000] {dag.py:3954} INFO - Setting next_dagrun for example_setup_teardown to 2026-05-08 00:00:00+00:00, run_after=2026-05-09 00:00:00+00:00
[2026-05-09T11:49:01.851+0000] {processor.py:183} INFO - Processing /home/vscode/.local/lib/python3.11/site-packages/airflow/example_dags/example_setup_teardown.py took 0.058 seconds
[2026-05-09T11:50:03.200+0000] {processor.py:161} INFO - Started process (PID=25952) to work on /home/vscode/.local/lib/python3.11/site-packages/airflow/example_dags/example_setup_teardown.py
[2026-05-09T11:50:03.201+0000] {processor.py:830} INFO - Processing file /home/vscode/.local/lib/python3.11/site-packages/airflow/example_dags/example_setup_teardown.py for tasks to queue
[2026-05-09T11:50:03.201+0000] {logging_mixin.py:188} INFO - [2026-05-09T11:50:03.201+0000] {dagbag.py:545} INFO - Filling up the DagBag from /home/vscode/.local/lib/python3.11/site-packages/airflow/example_dags/example_setup_teardown.py
[2026-05-09T11:50:03.207+0000] {processor.py:840} INFO - DAG(s) 'example_setup_teardown' retrieved from /home/vscode/.local/lib/python3.11/site-packages/airflow/example_dags/example_setup_teardown.py
[2026-05-09T11:50:03.219+0000] {logging_mixin.py:188} INFO - [2026-05-09T11:50:03.218+0000] {dag.py:3096} INFO - Sync 1 DAGs
[2026-05-09T11:50:03.233+0000] {logging_mixin.py:188} INFO - [2026-05-09T11:50:03.233+0000] {dag.py:3954} INFO - Setting next_dagrun for example_setup_teardown to 2026-05-08 00:00:00+00:00, run_after=2026-05-09 00:00:00+00:00
[2026-05-09T11:50:03.249+0000] {processor.py:183} INFO - Processing /home/vscode/.local/lib/python3.11/site-packages/airflow/example_dags/example_setup_teardown.py took 0.055 seconds
[2026-05-09T11:50:46.363+0000] {processor.py:161} INFO - Started process (PID=26392) to work on /home/vscode/.local/lib/python3.11/site-packages/airflow/example_dags/example_setup_teardown.py
[2026-05-09T11:50:46.364+0000] {processor.py:830} INFO - Processing file /home/vscode/.local/lib/python3.11/site-packages/airflow/example_dags/example_setup_teardown.py for tasks to queue
[2026-05-09T11:50:46.364+0000] {logging_mixin.py:188} INFO - [2026-05-09T11:50:46.364+0000] {dagbag.py:545} INFO - Filling up the DagBag from /home/vscode/.local/lib/python3.11/site-packages/airflow/example_dags/example_setup_teardown.py
[2026-05-09T11:50:46.382+0000] {processor.py:840} INFO - DAG(s) 'example_setup_teardown' retrieved from /home/vscode/.local/lib/python3.11/site-packages/airflow/example_dags/example_setup_teardown.py
[2026-05-09T11:50:46.417+0000] {logging_mixin.py:188} INFO - [2026-05-09T11:50:46.416+0000] {dag.py:3096} INFO - Sync 1 DAGs
[2026-05-09T11:50:46.461+0000] {logging_mixin.py:188} INFO - [2026-05-09T11:50:46.460+0000] {dag.py:3954} INFO - Setting next_dagrun for example_setup_teardown to 2026-05-08 00:00:00+00:00, run_after=2026-05-09 00:00:00+00:00
[2026-05-09T11:50:46.495+0000] {processor.py:183} INFO - Processing /home/vscode/.local/lib/python3.11/site-packages/airflow/example_dags/example_setup_teardown.py took 0.141 seconds
[2026-05-09T11:51:28.955+0000] {processor.py:161} INFO - Started process (PID=26895) to work on /home/vscode/.local/lib/python3.11/site-packages/airflow/example_dags/example_setup_teardown.py
[2026-05-09T11:51:28.955+0000] {processor.py:830} INFO - Processing file /home/vscode/.local/lib/python3.11/site-packages/airflow/example_dags/example_setup_teardown.py for tasks to queue
[2026-05-09T11:51:28.956+0000] {logging_mixin.py:188} INFO - [2026-05-09T11:51:28.956+0000] {dagbag.py:545} INFO - Filling up the DagBag from /home/vscode/.local/lib/python3.11/site-packages/airflow/example_dags/example_setup_teardown.py
[2026-05-09T11:51:28.961+0000] {processor.py:840} INFO - DAG(s) 'example_setup_teardown' retrieved from /home/vscode/.local/lib/python3.11/site-packages/airflow/example_dags/example_setup_teardown.py
[2026-05-09T11:51:28.973+0000] {logging_mixin.py:188} INFO - [2026-05-09T11:51:28.973+0000] {dag.py:3096} INFO - Sync 1 DAGs
[2026-05-09T11:51:28.987+0000] {logging_mixin.py:188} INFO - [2026-05-09T11:51:28.986+0000] {dag.py:3954} INFO - Setting next_dagrun for example_setup_teardown to 2026-05-08 00:00:00+00:00, run_after=2026-05-09 00:00:00+00:00
[2026-05-09T11:51:29.001+0000] {processor.py:183} INFO - Processing /home/vscode/.local/lib/python3.11/site-packages/airflow/example_dags/example_setup_teardown.py took 0.053 seconds
[2026-05-09T11:52:11.717+0000] {processor.py:161} INFO - Started process (PID=27316) to work on /home/vscode/.local/lib/python3.11/site-packages/airflow/example_dags/example_setup_teardown.py
[2026-05-09T11:52:11.717+0000] {processor.py:830} INFO - Processing file /home/vscode/.local/lib/python3.11/site-packages/airflow/example_dags/example_setup_teardown.py for tasks to queue
[2026-05-09T11:52:11.718+0000] {logging_mixin.py:188} INFO - [2026-05-09T11:52:11.718+0000] {dagbag.py:545} INFO - Filling up the DagBag from /home/vscode/.local/lib/python3.11/site-packages/airflow/example_dags/example_setup_teardown.py
[2026-05-09T11:52:11.724+0000] {processor.py:840} INFO - DAG(s) 'example_setup_teardown' retrieved from /home/vscode/.local/lib/python3.11/site-packages/airflow/example_dags/example_setup_teardown.py
[2026-05-09T11:52:11.735+0000] {logging_mixin.py:188} INFO - [2026-05-09T11:52:11.735+0000] {dag.py:3096} INFO - Sync 1 DAGs
[2026-05-09T11:52:11.749+0000] {logging_mixin.py:188} INFO - [2026-05-09T11:52:11.749+0000] {dag.py:3954} INFO - Setting next_dagrun for example_setup_teardown to 2026-05-08 00:00:00+00:00, run_after=2026-05-09 00:00:00+00:00
[2026-05-09T11:52:11.764+0000] {processor.py:183} INFO - Processing /home/vscode/.local/lib/python3.11/site-packages/airflow/example_dags/example_setup_teardown.py took 0.054 seconds
[2026-05-09T11:53:10.111+0000] {processor.py:161} INFO - Started process (PID=27845) to work on /home/vscode/.local/lib/python3.11/site-packages/airflow/example_dags/example_setup_teardown.py
[2026-05-09T11:53:10.112+0000] {processor.py:830} INFO - Processing file /home/vscode/.local/lib/python3.11/site-packages/airflow/example_dags/example_setup_teardown.py for tasks to queue
[2026-05-09T11:53:10.112+0000] {logging_mixin.py:188} INFO - [2026-05-09T11:53:10.112+0000] {dagbag.py:545} INFO - Filling up the DagBag from /home/vscode/.local/lib/python3.11/site-packages/airflow/example_dags/example_setup_teardown.py
[2026-05-09T11:53:10.118+0000] {processor.py:840} INFO - DAG(s) 'example_setup_teardown' retrieved from /home/vscode/.local/lib/python3.11/site-packages/airflow/example_dags/example_setup_teardown.py
[2026-05-09T11:53:10.129+0000] {logging_mixin.py:188} INFO - [2026-05-09T11:53:10.129+0000] {dag.py:3096} INFO - Sync 1 DAGs
[2026-05-09T11:53:10.144+0000] {logging_mixin.py:188} INFO - [2026-05-09T11:53:10.144+0000] {dag.py:3954} INFO - Setting next_dagrun for example_setup_teardown to 2026-05-08 00:00:00+00:00, run_after=2026-05-09 00:00:00+00:00
[2026-05-09T11:53:10.159+0000] {processor.py:183} INFO - Processing /home/vscode/.local/lib/python3.11/site-packages/airflow/example_dags/example_setup_teardown.py took 0.055 seconds
[2026-05-09T11:53:50.647+0000] {processor.py:161} INFO - Started process (PID=28255) to work on /home/vscode/.local/lib/python3.11/site-packages/airflow/example_dags/example_setup_teardown.py
[2026-05-09T11:53:50.648+0000] {processor.py:830} INFO - Processing file /home/vscode/.local/lib/python3.11/site-packages/airflow/example_dags/example_setup_teardown.py for tasks to queue
[2026-05-09T11:53:50.649+0000] {logging_mixin.py:188} INFO - [2026-05-09T11:53:50.648+0000] {dagbag.py:545} INFO - Filling up the DagBag from /home/vscode/.local/lib/python3.11/site-packages/airflow/example_dags/example_setup_teardown.py
[2026-05-09T11:53:50.654+0000] {processor.py:840} INFO - DAG(s) 'example_setup_teardown' retrieved from /home/vscode/.local/lib/python3.11/site-packages/airflow/example_dags/example_setup_teardown.py
[2026-05-09T11:53:50.665+0000] {logging_mixin.py:188} INFO - [2026-05-09T11:53:50.665+0000] {dag.py:3096} INFO - Sync 1 DAGs
[2026-05-09T11:53:50.679+0000] {logging_mixin.py:188} INFO - [2026-05-09T11:53:50.679+0000] {dag.py:3954} INFO - Setting next_dagrun for example_setup_teardown to 2026-05-08 00:00:00+00:00, run_after=2026-05-09 00:00:00+00:00
[2026-05-09T11:53:50.694+0000] {processor.py:183} INFO - Processing /home/vscode/.local/lib/python3.11/site-packages/airflow/example_dags/example_setup_teardown.py took 0.053 seconds
[2026-05-09T11:54:31.720+0000] {processor.py:161} INFO - Started process (PID=28549) to work on /home/vscode/.local/lib/python3.11/site-packages/airflow/example_dags/example_setup_teardown.py
[2026-05-09T11:54:31.720+0000] {processor.py:830} INFO - Processing file /home/vscode/.local/lib/python3.11/site-packages/airflow/example_dags/example_setup_teardown.py for tasks to queue
[2026-05-09T11:54:31.721+0000] {logging_mixin.py:188} INFO - [2026-05-09T11:54:31.720+0000] {dagbag.py:545} INFO - Filling up the DagBag from /home/vscode/.local/lib/python3.11/site-packages/airflow/example_dags/example_setup_teardown.py
[2026-05-09T11:54:31.726+0000] {processor.py:840} INFO - DAG(s) 'example_setup_teardown' retrieved from /home/vscode/.local/lib/python3.11/site-packages/airflow/example_dags/example_setup_teardown.py
[2026-05-09T11:54:31.737+0000] {logging_mixin.py:188} INFO - [2026-05-09T11:54:31.737+0000] {dag.py:3096} INFO - Sync 1 DAGs
[2026-05-09T11:54:31.753+0000] {logging_mixin.py:188} INFO - [2026-05-09T11:54:31.752+0000] {dag.py:3954} INFO - Setting next_dagrun for example_setup_teardown to 2026-05-08 00:00:00+00:00, run_after=2026-05-09 00:00:00+00:00
[2026-05-09T11:54:31.768+0000] {processor.py:183} INFO - Processing /home/vscode/.local/lib/python3.11/site-packages/airflow/example_dags/example_setup_teardown.py took 0.055 seconds
[2026-05-09T11:55:13.903+0000] {processor.py:161} INFO - Started process (PID=28906) to work on /home/vscode/.local/lib/python3.11/site-packages/airflow/example_dags/example_setup_teardown.py
[2026-05-09T11:55:13.903+0000] {processor.py:830} INFO - Processing file /home/vscode/.local/lib/python3.11/site-packages/airflow/example_dags/example_setup_teardown.py for tasks to queue
[2026-05-09T11:55:13.904+0000] {logging_mixin.py:188} INFO - [2026-05-09T11:55:13.904+0000] {dagbag.py:545} INFO - Filling up the DagBag from /home/vscode/.local/lib/python3.11/site-packages/airflow/example_dags/example_setup_teardown.py
[2026-05-09T11:55:13.909+0000] {processor.py:840} INFO - DAG(s) 'example_setup_teardown' retrieved from /home/vscode/.local/lib/python3.11/site-packages/airflow/example_dags/example_setup_teardown.py
[2026-05-09T11:55:13.921+0000] {logging_mixin.py:188} INFO - [2026-05-09T11:55:13.921+0000] {dag.py:3096} INFO - Sync 1 DAGs
[2026-05-09T11:55:13.935+0000] {logging_mixin.py:188} INFO - [2026-05-09T11:55:13.935+0000] {dag.py:3954} INFO - Setting next_dagrun for example_setup_teardown to 2026-05-08 00:00:00+00:00, run_after=2026-05-09 00:00:00+00:00
[2026-05-09T11:55:13.951+0000] {processor.py:183} INFO - Processing /home/vscode/.local/lib/python3.11/site-packages/airflow/example_dags/example_setup_teardown.py took 0.055 seconds
[2026-05-09T11:56:16.921+0000] {processor.py:161} INFO - Started process (PID=29378) to work on /home/vscode/.local/lib/python3.11/site-packages/airflow/example_dags/example_setup_teardown.py
[2026-05-09T11:56:16.922+0000] {processor.py:830} INFO - Processing file /home/vscode/.local/lib/python3.11/site-packages/airflow/example_dags/example_setup_teardown.py for tasks to queue
[2026-05-09T11:56:16.922+0000] {logging_mixin.py:188} INFO - [2026-05-09T11:56:16.922+0000] {dagbag.py:545} INFO - Filling up the DagBag from /home/vscode/.local/lib/python3.11/site-packages/airflow/example_dags/example_setup_teardown.py
[2026-05-09T11:56:16.927+0000] {processor.py:840} INFO - DAG(s) 'example_setup_teardown' retrieved from /home/vscode/.local/lib/python3.11/site-packages/airflow/example_dags/example_setup_teardown.py
[2026-05-09T11:56:16.944+0000] {logging_mixin.py:188} INFO - [2026-05-09T11:56:16.944+0000] {dag.py:3096} INFO - Sync 1 DAGs
[2026-05-09T11:56:16.963+0000] {logging_mixin.py:188} INFO - [2026-05-09T11:56:16.963+0000] {dag.py:3954} INFO - Setting next_dagrun for example_setup_teardown to 2026-05-08 00:00:00+00:00, run_after=2026-05-09 00:00:00+00:00
[2026-05-09T11:56:16.979+0000] {processor.py:183} INFO - Processing /home/vscode/.local/lib/python3.11/site-packages/airflow/example_dags/example_setup_teardown.py took 0.064 seconds
[2026-05-09T11:57:16.500+0000] {processor.py:161} INFO - Started process (PID=29898) to work on /home/vscode/.local/lib/python3.11/site-packages/airflow/example_dags/example_setup_teardown.py
[2026-05-09T11:57:16.501+0000] {processor.py:830} INFO - Processing file /home/vscode/.local/lib/python3.11/site-packages/airflow/example_dags/example_setup_teardown.py for tasks to queue
[2026-05-09T11:57:16.501+0000] {logging_mixin.py:188} INFO - [2026-05-09T11:57:16.501+0000] {dagbag.py:545} INFO - Filling up the DagBag from /home/vscode/.local/lib/python3.11/site-packages/airflow/example_dags/example_setup_teardown.py
[2026-05-09T11:57:16.509+0000] {processor.py:840} INFO - DAG(s) 'example_setup_teardown' retrieved from /home/vscode/.local/lib/python3.11/site-packages/airflow/example_dags/example_setup_teardown.py
[2026-05-09T11:57:16.521+0000] {logging_mixin.py:188} INFO - [2026-05-09T11:57:16.521+0000] {dag.py:3096} INFO - Sync 1 DAGs
[2026-05-09T11:57:16.536+0000] {logging_mixin.py:188} INFO - [2026-05-09T11:57:16.536+0000] {dag.py:3954} INFO - Setting next_dagrun for example_setup_teardown to 2026-05-08 00:00:00+00:00, run_after=2026-05-09 00:00:00+00:00
[2026-05-09T11:57:16.551+0000] {processor.py:183} INFO - Processing /home/vscode/.local/lib/python3.11/site-packages/airflow/example_dags/example_setup_teardown.py took 0.058 seconds
[2026-05-09T11:57:59.916+0000] {processor.py:161} INFO - Started process (PID=30258) to work on /home/vscode/.local/lib/python3.11/site-packages/airflow/example_dags/example_setup_teardown.py
[2026-05-09T11:57:59.916+0000] {processor.py:830} INFO - Processing file /home/vscode/.local/lib/python3.11/site-packages/airflow/example_dags/example_setup_teardown.py for tasks to queue
[2026-05-09T11:57:59.917+0000] {logging_mixin.py:188} INFO - [2026-05-09T11:57:59.917+0000] {dagbag.py:545} INFO - Filling up the DagBag from /home/vscode/.local/lib/python3.11/site-packages/airflow/example_dags/example_setup_teardown.py
[2026-05-09T11:57:59.924+0000] {processor.py:840} INFO - DAG(s) 'example_setup_teardown' retrieved from /home/vscode/.local/lib/python3.11/site-packages/airflow/example_dags/example_setup_teardown.py
[2026-05-09T11:57:59.937+0000] {logging_mixin.py:188} INFO - [2026-05-09T11:57:59.937+0000] {dag.py:3096} INFO - Sync 1 DAGs
[2026-05-09T11:57:59.956+0000] {logging_mixin.py:188} INFO - [2026-05-09T11:57:59.956+0000] {dag.py:3954} INFO - Setting next_dagrun for example_setup_teardown to 2026-05-08 00:00:00+00:00, run_after=2026-05-09 00:00:00+00:00
[2026-05-09T11:57:59.973+0000] {processor.py:183} INFO - Processing /home/vscode/.local/lib/python3.11/site-packages/airflow/example_dags/example_setup_teardown.py took 0.064 seconds
[2026-05-09T11:58:42.271+0000] {processor.py:161} INFO - Started process (PID=30622) to work on /home/vscode/.local/lib/python3.11/site-packages/airflow/example_dags/example_setup_teardown.py
[2026-05-09T11:58:42.271+0000] {processor.py:830} INFO - Processing file /home/vscode/.local/lib/python3.11/site-packages/airflow/example_dags/example_setup_teardown.py for tasks to queue
[2026-05-09T11:58:42.272+0000] {logging_mixin.py:188} INFO - [2026-05-09T11:58:42.271+0000] {dagbag.py:545} INFO - Filling up the DagBag from /home/vscode/.local/lib/python3.11/site-packages/airflow/example_dags/example_setup_teardown.py
[2026-05-09T11:58:42.277+0000] {processor.py:840} INFO - DAG(s) 'example_setup_teardown' retrieved from /home/vscode/.local/lib/python3.11/site-packages/airflow/example_dags/example_setup_teardown.py
[2026-05-09T11:58:42.290+0000] {logging_mixin.py:188} INFO - [2026-05-09T11:58:42.289+0000] {dag.py:3096} INFO - Sync 1 DAGs
[2026-05-09T11:58:42.304+0000] {logging_mixin.py:188} INFO - [2026-05-09T11:58:42.304+0000] {dag.py:3954} INFO - Setting next_dagrun for example_setup_teardown to 2026-05-08 00:00:00+00:00, run_after=2026-05-09 00:00:00+00:00
[2026-05-09T11:58:42.320+0000] {processor.py:183} INFO - Processing /home/vscode/.local/lib/python3.11/site-packages/airflow/example_dags/example_setup_teardown.py took 0.056 seconds
[2026-05-09T11:59:24.880+0000] {processor.py:161} INFO - Started process (PID=30921) to work on /home/vscode/.local/lib/python3.11/site-packages/airflow/example_dags/example_setup_teardown.py
[2026-05-09T11:59:24.880+0000] {processor.py:830} INFO - Processing file /home/vscode/.local/lib/python3.11/site-packages/airflow/example_dags/example_setup_teardown.py for tasks to queue
[2026-05-09T11:59:24.881+0000] {logging_mixin.py:188} INFO - [2026-05-09T11:59:24.881+0000] {dagbag.py:545} INFO - Filling up the DagBag from /home/vscode/.local/lib/python3.11/site-packages/airflow/example_dags/example_setup_teardown.py
[2026-05-09T11:59:24.886+0000] {processor.py:840} INFO - DAG(s) 'example_setup_teardown' retrieved from /home/vscode/.local/lib/python3.11/site-packages/airflow/example_dags/example_setup_teardown.py
[2026-05-09T11:59:24.897+0000] {logging_mixin.py:188} INFO - [2026-05-09T11:59:24.897+0000] {dag.py:3096} INFO - Sync 1 DAGs
[2026-05-09T11:59:24.911+0000] {logging_mixin.py:188} INFO - [2026-05-09T11:59:24.910+0000] {dag.py:3954} INFO - Setting next_dagrun for example_setup_teardown to 2026-05-08 00:00:00+00:00, run_after=2026-05-09 00:00:00+00:00
[2026-05-09T11:59:24.927+0000] {processor.py:183} INFO - Processing /home/vscode/.local/lib/python3.11/site-packages/airflow/example_dags/example_setup_teardown.py took 0.053 seconds
[2026-05-09T12:00:06.414+0000] {processor.py:161} INFO - Started process (PID=31272) to work on /home/vscode/.local/lib/python3.11/site-packages/airflow/example_dags/example_setup_teardown.py
[2026-05-09T12:00:06.415+0000] {processor.py:830} INFO - Processing file /home/vscode/.local/lib/python3.11/site-packages/airflow/example_dags/example_setup_teardown.py for tasks to queue
[2026-05-09T12:00:06.415+0000] {logging_mixin.py:188} INFO - [2026-05-09T12:00:06.415+0000] {dagbag.py:545} INFO - Filling up the DagBag from /home/vscode/.local/lib/python3.11/site-packages/airflow/example_dags/example_setup_teardown.py
[2026-05-09T12:00:06.420+0000] {processor.py:840} INFO - DAG(s) 'example_setup_teardown' retrieved from /home/vscode/.local/lib/python3.11/site-packages/airflow/example_dags/example_setup_teardown.py
[2026-05-09T12:00:06.431+0000] {logging_mixin.py:188} INFO - [2026-05-09T12:00:06.431+0000] {dag.py:3096} INFO - Sync 1 DAGs
[2026-05-09T12:00:06.445+0000] {logging_mixin.py:188} INFO - [2026-05-09T12:00:06.444+0000] {dag.py:3954} INFO - Setting next_dagrun for example_setup_teardown to 2026-05-08 00:00:00+00:00, run_after=2026-05-09 00:00:00+00:00
[2026-05-09T12:00:06.460+0000] {processor.py:183} INFO - Processing /home/vscode/.local/lib/python3.11/site-packages/airflow/example_dags/example_setup_teardown.py took 0.052 seconds
[2026-05-09T12:01:08.352+0000] {processor.py:161} INFO - Started process (PID=31744) to work on /home/vscode/.local/lib/python3.11/site-packages/airflow/example_dags/example_setup_teardown.py
[2026-05-09T12:01:08.353+0000] {processor.py:830} INFO - Processing file /home/vscode/.local/lib/python3.11/site-packages/airflow/example_dags/example_setup_teardown.py for tasks to queue
[2026-05-09T12:01:08.354+0000] {logging_mixin.py:188} INFO - [2026-05-09T12:01:08.353+0000] {dagbag.py:545} INFO - Filling up the DagBag from /home/vscode/.local/lib/python3.11/site-packages/airflow/example_dags/example_setup_teardown.py
[2026-05-09T12:01:08.359+0000] {processor.py:840} INFO - DAG(s) 'example_setup_teardown' retrieved from /home/vscode/.local/lib/python3.11/site-packages/airflow/example_dags/example_setup_teardown.py
[2026-05-09T12:01:08.372+0000] {logging_mixin.py:188} INFO - [2026-05-09T12:01:08.372+0000] {dag.py:3096} INFO - Sync 1 DAGs
[2026-05-09T12:01:08.387+0000] {logging_mixin.py:188} INFO - [2026-05-09T12:01:08.387+0000] {dag.py:3954} INFO - Setting next_dagrun for example_setup_teardown to 2026-05-08 00:00:00+00:00, run_after=2026-05-09 00:00:00+00:00
[2026-05-09T12:01:08.403+0000] {processor.py:183} INFO - Processing /home/vscode/.local/lib/python3.11/site-packages/airflow/example_dags/example_setup_teardown.py took 0.057 seconds
[2026-05-09T12:01:52.865+0000] {processor.py:161} INFO - Started process (PID=32115) to work on /home/vscode/.local/lib/python3.11/site-packages/airflow/example_dags/example_setup_teardown.py
[2026-05-09T12:01:52.866+0000] {processor.py:830} INFO - Processing file /home/vscode/.local/lib/python3.11/site-packages/airflow/example_dags/example_setup_teardown.py for tasks to queue
[2026-05-09T12:01:52.866+0000] {logging_mixin.py:188} INFO - [2026-05-09T12:01:52.866+0000] {dagbag.py:545} INFO - Filling up the DagBag from /home/vscode/.local/lib/python3.11/site-packages/airflow/example_dags/example_setup_teardown.py
[2026-05-09T12:01:52.872+0000] {processor.py:840} INFO - DAG(s) 'example_setup_teardown' retrieved from /home/vscode/.local/lib/python3.11/site-packages/airflow/example_dags/example_setup_teardown.py
[2026-05-09T12:01:52.883+0000] {logging_mixin.py:188} INFO - [2026-05-09T12:01:52.883+0000] {dag.py:3096} INFO - Sync 1 DAGs
[2026-05-09T12:01:52.897+0000] {logging_mixin.py:188} INFO - [2026-05-09T12:01:52.897+0000] {dag.py:3954} INFO - Setting next_dagrun for example_setup_teardown to 2026-05-08 00:00:00+00:00, run_after=2026-05-09 00:00:00+00:00
[2026-05-09T12:01:52.912+0000] {processor.py:183} INFO - Processing /home/vscode/.local/lib/python3.11/site-packages/airflow/example_dags/example_setup_teardown.py took 0.053 seconds
[2026-05-09T12:02:54.432+0000] {processor.py:161} INFO - Started process (PID=32640) to work on /home/vscode/.local/lib/python3.11/site-packages/airflow/example_dags/example_setup_teardown.py
[2026-05-09T12:02:54.433+0000] {processor.py:830} INFO - Processing file /home/vscode/.local/lib/python3.11/site-packages/airflow/example_dags/example_setup_teardown.py for tasks to queue
[2026-05-09T12:02:54.433+0000] {logging_mixin.py:188} INFO - [2026-05-09T12:02:54.433+0000] {dagbag.py:545} INFO - Filling up the DagBag from /home/vscode/.local/lib/python3.11/site-packages/airflow/example_dags/example_setup_teardown.py
[2026-05-09T12:02:54.441+0000] {processor.py:840} INFO - DAG(s) 'example_setup_teardown' retrieved from /home/vscode/.local/lib/python3.11/site-packages/airflow/example_dags/example_setup_teardown.py
[2026-05-09T12:02:54.456+0000] {logging_mixin.py:188} INFO - [2026-05-09T12:02:54.456+0000] {dag.py:3096} INFO - Sync 1 DAGs
[2026-05-09T12:02:54.472+0000] {logging_mixin.py:188} INFO - [2026-05-09T12:02:54.472+0000] {dag.py:3954} INFO - Setting next_dagrun for example_setup_teardown to 2026-05-08 00:00:00+00:00, run_after=2026-05-09 00:00:00+00:00
[2026-05-09T12:02:54.488+0000] {processor.py:183} INFO - Processing /home/vscode/.local/lib/python3.11/site-packages/airflow/example_dags/example_setup_teardown.py took 0.063 seconds
[2026-05-09T12:03:35.667+0000] {processor.py:161} INFO - Started process (PID=32997) to work on /home/vscode/.local/lib/python3.11/site-packages/airflow/example_dags/example_setup_teardown.py
[2026-05-09T12:03:35.667+0000] {processor.py:830} INFO - Processing file /home/vscode/.local/lib/python3.11/site-packages/airflow/example_dags/example_setup_teardown.py for tasks to queue
[2026-05-09T12:03:35.668+0000] {logging_mixin.py:188} INFO - [2026-05-09T12:03:35.667+0000] {dagbag.py:545} INFO - Filling up the DagBag from /home/vscode/.local/lib/python3.11/site-packages/airflow/example_dags/example_setup_teardown.py
[2026-05-09T12:03:35.673+0000] {processor.py:840} INFO - DAG(s) 'example_setup_teardown' retrieved from /home/vscode/.local/lib/python3.11/site-packages/airflow/example_dags/example_setup_teardown.py
[2026-05-09T12:03:35.684+0000] {logging_mixin.py:188} INFO - [2026-05-09T12:03:35.684+0000] {dag.py:3096} INFO - Sync 1 DAGs
[2026-05-09T12:03:35.697+0000] {logging_mixin.py:188} INFO - [2026-05-09T12:03:35.697+0000] {dag.py:3954} INFO - Setting next_dagrun for example_setup_teardown to 2026-05-08 00:00:00+00:00, run_after=2026-05-09 00:00:00+00:00
[2026-05-09T12:03:35.713+0000] {processor.py:183} INFO - Processing /home/vscode/.local/lib/python3.11/site-packages/airflow/example_dags/example_setup_teardown.py took 0.053 seconds
[2026-05-09T12:04:18.022+0000] {processor.py:161} INFO - Started process (PID=33349) to work on /home/vscode/.local/lib/python3.11/site-packages/airflow/example_dags/example_setup_teardown.py
[2026-05-09T12:04:18.023+0000] {processor.py:830} INFO - Processing file /home/vscode/.local/lib/python3.11/site-packages/airflow/example_dags/example_setup_teardown.py for tasks to queue
[2026-05-09T12:04:18.023+0000] {logging_mixin.py:188} INFO - [2026-05-09T12:04:18.023+0000] {dagbag.py:545} INFO - Filling up the DagBag from /home/vscode/.local/lib/python3.11/site-packages/airflow/example_dags/example_setup_teardown.py
[2026-05-09T12:04:18.028+0000] {processor.py:840} INFO - DAG(s) 'example_setup_teardown' retrieved from /home/vscode/.local/lib/python3.11/site-packages/airflow/example_dags/example_setup_teardown.py
[2026-05-09T12:04:18.039+0000] {logging_mixin.py:188} INFO - [2026-05-09T12:04:18.039+0000] {dag.py:3096} INFO - Sync 1 DAGs
[2026-05-09T12:04:18.053+0000] {logging_mixin.py:188} INFO - [2026-05-09T12:04:18.053+0000] {dag.py:3954} INFO - Setting next_dagrun for example_setup_teardown to 2026-05-08 00:00:00+00:00, run_after=2026-05-09 00:00:00+00:00
[2026-05-09T12:04:18.068+0000] {processor.py:183} INFO - Processing /home/vscode/.local/lib/python3.11/site-packages/airflow/example_dags/example_setup_teardown.py took 0.053 seconds
[2026-05-09T12:05:00.237+0000] {processor.py:161} INFO - Started process (PID=33714) to work on /home/vscode/.local/lib/python3.11/site-packages/airflow/example_dags/example_setup_teardown.py
[2026-05-09T12:05:00.238+0000] {processor.py:830} INFO - Processing file /home/vscode/.local/lib/python3.11/site-packages/airflow/example_dags/example_setup_teardown.py for tasks to queue
[2026-05-09T12:05:00.238+0000] {logging_mixin.py:188} INFO - [2026-05-09T12:05:00.238+0000] {dagbag.py:545} INFO - Filling up the DagBag from /home/vscode/.local/lib/python3.11/site-packages/airflow/example_dags/example_setup_teardown.py
[2026-05-09T12:05:00.244+0000] {processor.py:840} INFO - DAG(s) 'example_setup_teardown' retrieved from /home/vscode/.local/lib/python3.11/site-packages/airflow/example_dags/example_setup_teardown.py
[2026-05-09T12:05:00.256+0000] {logging_mixin.py:188} INFO - [2026-05-09T12:05:00.256+0000] {dag.py:3096} INFO - Sync 1 DAGs
[2026-05-09T12:05:00.271+0000] {logging_mixin.py:188} INFO - [2026-05-09T12:05:00.271+0000] {dag.py:3954} INFO - Setting next_dagrun for example_setup_teardown to 2026-05-08 00:00:00+00:00, run_after=2026-05-09 00:00:00+00:00
[2026-05-09T12:05:00.287+0000] {processor.py:183} INFO - Processing /home/vscode/.local/lib/python3.11/site-packages/airflow/example_dags/example_setup_teardown.py took 0.060 seconds
[2026-05-09T12:05:40.772+0000] {processor.py:161} INFO - Started process (PID=34064) to work on /home/vscode/.local/lib/python3.11/site-packages/airflow/example_dags/example_setup_teardown.py
[2026-05-09T12:05:40.772+0000] {processor.py:830} INFO - Processing file /home/vscode/.local/lib/python3.11/site-packages/airflow/example_dags/example_setup_teardown.py for tasks to queue
[2026-05-09T12:05:40.773+0000] {logging_mixin.py:188} INFO - [2026-05-09T12:05:40.773+0000] {dagbag.py:545} INFO - Filling up the DagBag from /home/vscode/.local/lib/python3.11/site-packages/airflow/example_dags/example_setup_teardown.py
[2026-05-09T12:05:40.778+0000] {processor.py:840} INFO - DAG(s) 'example_setup_teardown' retrieved from /home/vscode/.local/lib/python3.11/site-packages/airflow/example_dags/example_setup_teardown.py
[2026-05-09T12:05:40.789+0000] {logging_mixin.py:188} INFO - [2026-05-09T12:05:40.789+0000] {dag.py:3096} INFO - Sync 1 DAGs
[2026-05-09T12:05:40.803+0000] {logging_mixin.py:188} INFO - [2026-05-09T12:05:40.803+0000] {dag.py:3954} INFO - Setting next_dagrun for example_setup_teardown to 2026-05-08 00:00:00+00:00, run_after=2026-05-09 00:00:00+00:00
[2026-05-09T12:05:40.818+0000] {processor.py:183} INFO - Processing /home/vscode/.local/lib/python3.11/site-packages/airflow/example_dags/example_setup_teardown.py took 0.053 seconds
[2026-05-09T12:06:23.366+0000] {processor.py:161} INFO - Started process (PID=34369) to work on /home/vscode/.local/lib/python3.11/site-packages/airflow/example_dags/example_setup_teardown.py
[2026-05-09T12:06:23.367+0000] {processor.py:830} INFO - Processing file /home/vscode/.local/lib/python3.11/site-packages/airflow/example_dags/example_setup_teardown.py for tasks to queue
[2026-05-09T12:06:23.367+0000] {logging_mixin.py:188} INFO - [2026-05-09T12:06:23.367+0000] {dagbag.py:545} INFO - Filling up the DagBag from /home/vscode/.local/lib/python3.11/site-packages/airflow/example_dags/example_setup_teardown.py
[2026-05-09T12:06:23.374+0000] {processor.py:840} INFO - DAG(s) 'example_setup_teardown' retrieved from /home/vscode/.local/lib/python3.11/site-packages/airflow/example_dags/example_setup_teardown.py
[2026-05-09T12:06:23.386+0000] {logging_mixin.py:188} INFO - [2026-05-09T12:06:23.386+0000] {dag.py:3096} INFO - Sync 1 DAGs
[2026-05-09T12:06:23.400+0000] {logging_mixin.py:188} INFO - [2026-05-09T12:06:23.400+0000] {dag.py:3954} INFO - Setting next_dagrun for example_setup_teardown to 2026-05-08 00:00:00+00:00, run_after=2026-05-09 00:00:00+00:00
[2026-05-09T12:06:23.416+0000] {processor.py:183} INFO - Processing /home/vscode/.local/lib/python3.11/site-packages/airflow/example_dags/example_setup_teardown.py took 0.057 seconds
[2026-05-09T12:07:08.857+0000] {processor.py:161} INFO - Started process (PID=34739) to work on /home/vscode/.local/lib/python3.11/site-packages/airflow/example_dags/example_setup_teardown.py
[2026-05-09T12:07:08.857+0000] {processor.py:830} INFO - Processing file /home/vscode/.local/lib/python3.11/site-packages/airflow/example_dags/example_setup_teardown.py for tasks to queue
[2026-05-09T12:07:08.858+0000] {logging_mixin.py:188} INFO - [2026-05-09T12:07:08.858+0000] {dagbag.py:545} INFO - Filling up the DagBag from /home/vscode/.local/lib/python3.11/site-packages/airflow/example_dags/example_setup_teardown.py
[2026-05-09T12:07:08.863+0000] {processor.py:840} INFO - DAG(s) 'example_setup_teardown' retrieved from /home/vscode/.local/lib/python3.11/site-packages/airflow/example_dags/example_setup_teardown.py
[2026-05-09T12:07:08.875+0000] {logging_mixin.py:188} INFO - [2026-05-09T12:07:08.875+0000] {dag.py:3096} INFO - Sync 1 DAGs
[2026-05-09T12:07:08.889+0000] {logging_mixin.py:188} INFO - [2026-05-09T12:07:08.889+0000] {dag.py:3954} INFO - Setting next_dagrun for example_setup_teardown to 2026-05-08 00:00:00+00:00, run_after=2026-05-09 00:00:00+00:00
[2026-05-09T12:07:08.904+0000] {processor.py:183} INFO - Processing /home/vscode/.local/lib/python3.11/site-packages/airflow/example_dags/example_setup_teardown.py took 0.054 seconds
[2026-05-09T12:07:51.621+0000] {processor.py:161} INFO - Started process (PID=35098) to work on /home/vscode/.local/lib/python3.11/site-packages/airflow/example_dags/example_setup_teardown.py
[2026-05-09T12:07:51.622+0000] {processor.py:830} INFO - Processing file /home/vscode/.local/lib/python3.11/site-packages/airflow/example_dags/example_setup_teardown.py for tasks to queue
[2026-05-09T12:07:51.622+0000] {logging_mixin.py:188} INFO - [2026-05-09T12:07:51.622+0000] {dagbag.py:545} INFO - Filling up the DagBag from /home/vscode/.local/lib/python3.11/site-packages/airflow/example_dags/example_setup_teardown.py
[2026-05-09T12:07:51.629+0000] {processor.py:840} INFO - DAG(s) 'example_setup_teardown' retrieved from /home/vscode/.local/lib/python3.11/site-packages/airflow/example_dags/example_setup_teardown.py
[2026-05-09T12:07:51.643+0000] {logging_mixin.py:188} INFO - [2026-05-09T12:07:51.643+0000] {dag.py:3096} INFO - Sync 1 DAGs
[2026-05-09T12:07:51.662+0000] {logging_mixin.py:188} INFO - [2026-05-09T12:07:51.661+0000] {dag.py:3954} INFO - Setting next_dagrun for example_setup_teardown to 2026-05-08 00:00:00+00:00, run_after=2026-05-09 00:00:00+00:00
[2026-05-09T12:07:51.679+0000] {processor.py:183} INFO - Processing /home/vscode/.local/lib/python3.11/site-packages/airflow/example_dags/example_setup_teardown.py took 0.064 seconds
[2026-05-09T12:08:52.660+0000] {processor.py:161} INFO - Started process (PID=35630) to work on /home/vscode/.local/lib/python3.11/site-packages/airflow/example_dags/example_setup_teardown.py
[2026-05-09T12:08:52.660+0000] {processor.py:830} INFO - Processing file /home/vscode/.local/lib/python3.11/site-packages/airflow/example_dags/example_setup_teardown.py for tasks to queue
[2026-05-09T12:08:52.661+0000] {logging_mixin.py:188} INFO - [2026-05-09T12:08:52.660+0000] {dagbag.py:545} INFO - Filling up the DagBag from /home/vscode/.local/lib/python3.11/site-packages/airflow/example_dags/example_setup_teardown.py
[2026-05-09T12:08:52.666+0000] {processor.py:840} INFO - DAG(s) 'example_setup_teardown' retrieved from /home/vscode/.local/lib/python3.11/site-packages/airflow/example_dags/example_setup_teardown.py
[2026-05-09T12:08:52.678+0000] {logging_mixin.py:188} INFO - [2026-05-09T12:08:52.678+0000] {dag.py:3096} INFO - Sync 1 DAGs
[2026-05-09T12:08:52.693+0000] {logging_mixin.py:188} INFO - [2026-05-09T12:08:52.693+0000] {dag.py:3954} INFO - Setting next_dagrun for example_setup_teardown to 2026-05-08 00:00:00+00:00, run_after=2026-05-09 00:00:00+00:00
[2026-05-09T12:08:52.709+0000] {processor.py:183} INFO - Processing /home/vscode/.local/lib/python3.11/site-packages/airflow/example_dags/example_setup_teardown.py took 0.056 seconds
[2026-05-09T12:09:50.409+0000] {processor.py:161} INFO - Started process (PID=36136) to work on /home/vscode/.local/lib/python3.11/site-packages/airflow/example_dags/example_setup_teardown.py
[2026-05-09T12:09:50.410+0000] {processor.py:830} INFO - Processing file /home/vscode/.local/lib/python3.11/site-packages/airflow/example_dags/example_setup_teardown.py for tasks to queue
[2026-05-09T12:09:50.410+0000] {logging_mixin.py:188} INFO - [2026-05-09T12:09:50.410+0000] {dagbag.py:545} INFO - Filling up the DagBag from /home/vscode/.local/lib/python3.11/site-packages/airflow/example_dags/example_setup_teardown.py
[2026-05-09T12:09:50.416+0000] {processor.py:840} INFO - DAG(s) 'example_setup_teardown' retrieved from /home/vscode/.local/lib/python3.11/site-packages/airflow/example_dags/example_setup_teardown.py
[2026-05-09T12:09:50.429+0000] {logging_mixin.py:188} INFO - [2026-05-09T12:09:50.429+0000] {dag.py:3096} INFO - Sync 1 DAGs
[2026-05-09T12:09:50.448+0000] {logging_mixin.py:188} INFO - [2026-05-09T12:09:50.448+0000] {dag.py:3954} INFO - Setting next_dagrun for example_setup_teardown to 2026-05-08 00:00:00+00:00, run_after=2026-05-09 00:00:00+00:00
[2026-05-09T12:09:50.465+0000] {processor.py:183} INFO - Processing /home/vscode/.local/lib/python3.11/site-packages/airflow/example_dags/example_setup_teardown.py took 0.062 seconds
[2026-05-09T12:10:30.423+0000] {processor.py:161} INFO - Started process (PID=36423) to work on /home/vscode/.local/lib/python3.11/site-packages/airflow/example_dags/example_setup_teardown.py
[2026-05-09T12:10:30.423+0000] {processor.py:830} INFO - Processing file /home/vscode/.local/lib/python3.11/site-packages/airflow/example_dags/example_setup_teardown.py for tasks to queue
[2026-05-09T12:10:30.424+0000] {logging_mixin.py:188} INFO - [2026-05-09T12:10:30.424+0000] {dagbag.py:545} INFO - Filling up the DagBag from /home/vscode/.local/lib/python3.11/site-packages/airflow/example_dags/example_setup_teardown.py
[2026-05-09T12:10:30.431+0000] {processor.py:840} INFO - DAG(s) 'example_setup_teardown' retrieved from /home/vscode/.local/lib/python3.11/site-packages/airflow/example_dags/example_setup_teardown.py
[2026-05-09T12:10:30.445+0000] {logging_mixin.py:188} INFO - [2026-05-09T12:10:30.445+0000] {dag.py:3096} INFO - Sync 1 DAGs
[2026-05-09T12:10:30.459+0000] {logging_mixin.py:188} INFO - [2026-05-09T12:10:30.459+0000] {dag.py:3954} INFO - Setting next_dagrun for example_setup_teardown to 2026-05-08 00:00:00+00:00, run_after=2026-05-09 00:00:00+00:00
[2026-05-09T12:10:30.474+0000] {processor.py:183} INFO - Processing /home/vscode/.local/lib/python3.11/site-packages/airflow/example_dags/example_setup_teardown.py took 0.058 seconds
[2026-05-09T12:11:12.687+0000] {processor.py:161} INFO - Started process (PID=36774) to work on /home/vscode/.local/lib/python3.11/site-packages/airflow/example_dags/example_setup_teardown.py
[2026-05-09T12:11:12.688+0000] {processor.py:830} INFO - Processing file /home/vscode/.local/lib/python3.11/site-packages/airflow/example_dags/example_setup_teardown.py for tasks to queue
[2026-05-09T12:11:12.688+0000] {logging_mixin.py:188} INFO - [2026-05-09T12:11:12.688+0000] {dagbag.py:545} INFO - Filling up the DagBag from /home/vscode/.local/lib/python3.11/site-packages/airflow/example_dags/example_setup_teardown.py
[2026-05-09T12:11:12.701+0000] {processor.py:840} INFO - DAG(s) 'example_setup_teardown' retrieved from /home/vscode/.local/lib/python3.11/site-packages/airflow/example_dags/example_setup_teardown.py
[2026-05-09T12:11:12.725+0000] {logging_mixin.py:188} INFO - [2026-05-09T12:11:12.725+0000] {dag.py:3096} INFO - Sync 1 DAGs
[2026-05-09T12:11:12.748+0000] {logging_mixin.py:188} INFO - [2026-05-09T12:11:12.748+0000] {dag.py:3954} INFO - Setting next_dagrun for example_setup_teardown to 2026-05-08 00:00:00+00:00, run_after=2026-05-09 00:00:00+00:00
[2026-05-09T12:11:12.767+0000] {processor.py:183} INFO - Processing /home/vscode/.local/lib/python3.11/site-packages/airflow/example_dags/example_setup_teardown.py took 0.091 seconds
[2026-05-09T12:12:13.263+0000] {processor.py:161} INFO - Started process (PID=37242) to work on /home/vscode/.local/lib/python3.11/site-packages/airflow/example_dags/example_setup_teardown.py
[2026-05-09T12:12:13.263+0000] {processor.py:830} INFO - Processing file /home/vscode/.local/lib/python3.11/site-packages/airflow/example_dags/example_setup_teardown.py for tasks to queue
[2026-05-09T12:12:13.264+0000] {logging_mixin.py:188} INFO - [2026-05-09T12:12:13.264+0000] {dagbag.py:545} INFO - Filling up the DagBag from /home/vscode/.local/lib/python3.11/site-packages/airflow/example_dags/example_setup_teardown.py
[2026-05-09T12:12:13.269+0000] {processor.py:840} INFO - DAG(s) 'example_setup_teardown' retrieved from /home/vscode/.local/lib/python3.11/site-packages/airflow/example_dags/example_setup_teardown.py
[2026-05-09T12:12:13.281+0000] {logging_mixin.py:188} INFO - [2026-05-09T12:12:13.281+0000] {dag.py:3096} INFO - Sync 1 DAGs
[2026-05-09T12:12:13.295+0000] {logging_mixin.py:188} INFO - [2026-05-09T12:12:13.295+0000] {dag.py:3954} INFO - Setting next_dagrun for example_setup_teardown to 2026-05-08 00:00:00+00:00, run_after=2026-05-09 00:00:00+00:00
[2026-05-09T12:12:13.315+0000] {processor.py:183} INFO - Processing /home/vscode/.local/lib/python3.11/site-packages/airflow/example_dags/example_setup_teardown.py took 0.060 seconds
[2026-05-09T12:12:55.506+0000] {processor.py:161} INFO - Started process (PID=37606) to work on /home/vscode/.local/lib/python3.11/site-packages/airflow/example_dags/example_setup_teardown.py
[2026-05-09T12:12:55.506+0000] {processor.py:830} INFO - Processing file /home/vscode/.local/lib/python3.11/site-packages/airflow/example_dags/example_setup_teardown.py for tasks to queue
[2026-05-09T12:12:55.507+0000] {logging_mixin.py:188} INFO - [2026-05-09T12:12:55.506+0000] {dagbag.py:545} INFO - Filling up the DagBag from /home/vscode/.local/lib/python3.11/site-packages/airflow/example_dags/example_setup_teardown.py
[2026-05-09T12:12:55.512+0000] {processor.py:840} INFO - DAG(s) 'example_setup_teardown' retrieved from /home/vscode/.local/lib/python3.11/site-packages/airflow/example_dags/example_setup_teardown.py
[2026-05-09T12:12:55.524+0000] {logging_mixin.py:188} INFO - [2026-05-09T12:12:55.524+0000] {dag.py:3096} INFO - Sync 1 DAGs
[2026-05-09T12:12:55.542+0000] {logging_mixin.py:188} INFO - [2026-05-09T12:12:55.542+0000] {dag.py:3954} INFO - Setting next_dagrun for example_setup_teardown to 2026-05-08 00:00:00+00:00, run_after=2026-05-09 00:00:00+00:00
[2026-05-09T12:12:55.558+0000] {processor.py:183} INFO - Processing /home/vscode/.local/lib/python3.11/site-packages/airflow/example_dags/example_setup_teardown.py took 0.060 seconds
[2026-05-09T12:13:57.308+0000] {processor.py:161} INFO - Started process (PID=38190) to work on /home/vscode/.local/lib/python3.11/site-packages/airflow/example_dags/example_setup_teardown.py
[2026-05-09T12:13:57.308+0000] {processor.py:830} INFO - Processing file /home/vscode/.local/lib/python3.11/site-packages/airflow/example_dags/example_setup_teardown.py for tasks to queue
[2026-05-09T12:13:57.309+0000] {logging_mixin.py:188} INFO - [2026-05-09T12:13:57.309+0000] {dagbag.py:545} INFO - Filling up the DagBag from /home/vscode/.local/lib/python3.11/site-packages/airflow/example_dags/example_setup_teardown.py
[2026-05-09T12:13:57.317+0000] {processor.py:840} INFO - DAG(s) 'example_setup_teardown' retrieved from /home/vscode/.local/lib/python3.11/site-packages/airflow/example_dags/example_setup_teardown.py
[2026-05-09T12:13:57.331+0000] {logging_mixin.py:188} INFO - [2026-05-09T12:13:57.330+0000] {dag.py:3096} INFO - Sync 1 DAGs
[2026-05-09T12:13:57.347+0000] {logging_mixin.py:188} INFO - [2026-05-09T12:13:57.347+0000] {dag.py:3954} INFO - Setting next_dagrun for example_setup_teardown to 2026-05-08 00:00:00+00:00, run_after=2026-05-09 00:00:00+00:00
[2026-05-09T12:13:57.363+0000] {processor.py:183} INFO - Processing /home/vscode/.local/lib/python3.11/site-packages/airflow/example_dags/example_setup_teardown.py took 0.062 seconds
[2026-05-09T12:14:42.344+0000] {processor.py:161} INFO - Started process (PID=38565) to work on /home/vscode/.local/lib/python3.11/site-packages/airflow/example_dags/example_setup_teardown.py
[2026-05-09T12:14:42.344+0000] {processor.py:830} INFO - Processing file /home/vscode/.local/lib/python3.11/site-packages/airflow/example_dags/example_setup_teardown.py for tasks to queue
[2026-05-09T12:14:42.345+0000] {logging_mixin.py:188} INFO - [2026-05-09T12:14:42.345+0000] {dagbag.py:545} INFO - Filling up the DagBag from /home/vscode/.local/lib/python3.11/site-packages/airflow/example_dags/example_setup_teardown.py
[2026-05-09T12:14:42.350+0000] {processor.py:840} INFO - DAG(s) 'example_setup_teardown' retrieved from /home/vscode/.local/lib/python3.11/site-packages/airflow/example_dags/example_setup_teardown.py
[2026-05-09T12:14:42.362+0000] {logging_mixin.py:188} INFO - [2026-05-09T12:14:42.362+0000] {dag.py:3096} INFO - Sync 1 DAGs
[2026-05-09T12:14:42.376+0000] {logging_mixin.py:188} INFO - [2026-05-09T12:14:42.375+0000] {dag.py:3954} INFO - Setting next_dagrun for example_setup_teardown to 2026-05-08 00:00:00+00:00, run_after=2026-05-09 00:00:00+00:00
[2026-05-09T12:14:42.390+0000] {processor.py:183} INFO - Processing /home/vscode/.local/lib/python3.11/site-packages/airflow/example_dags/example_setup_teardown.py took 0.055 seconds
[2026-05-09T12:15:42.884+0000] {processor.py:161} INFO - Started process (PID=39028) to work on /home/vscode/.local/lib/python3.11/site-packages/airflow/example_dags/example_setup_teardown.py
[2026-05-09T12:15:42.885+0000] {processor.py:830} INFO - Processing file /home/vscode/.local/lib/python3.11/site-packages/airflow/example_dags/example_setup_teardown.py for tasks to queue
[2026-05-09T12:15:42.885+0000] {logging_mixin.py:188} INFO - [2026-05-09T12:15:42.885+0000] {dagbag.py:545} INFO - Filling up the DagBag from /home/vscode/.local/lib/python3.11/site-packages/airflow/example_dags/example_setup_teardown.py
[2026-05-09T12:15:42.890+0000] {processor.py:840} INFO - DAG(s) 'example_setup_teardown' retrieved from /home/vscode/.local/lib/python3.11/site-packages/airflow/example_dags/example_setup_teardown.py
[2026-05-09T12:15:42.904+0000] {logging_mixin.py:188} INFO - [2026-05-09T12:15:42.903+0000] {dag.py:3096} INFO - Sync 1 DAGs
[2026-05-09T12:15:42.921+0000] {logging_mixin.py:188} INFO - [2026-05-09T12:15:42.920+0000] {dag.py:3954} INFO - Setting next_dagrun for example_setup_teardown to 2026-05-08 00:00:00+00:00, run_after=2026-05-09 00:00:00+00:00
[2026-05-09T12:15:42.940+0000] {processor.py:183} INFO - Processing /home/vscode/.local/lib/python3.11/site-packages/airflow/example_dags/example_setup_teardown.py took 0.062 seconds
[2026-05-09T12:16:27.773+0000] {processor.py:161} INFO - Started process (PID=39336) to work on /home/vscode/.local/lib/python3.11/site-packages/airflow/example_dags/example_setup_teardown.py
[2026-05-09T12:16:27.773+0000] {processor.py:830} INFO - Processing file /home/vscode/.local/lib/python3.11/site-packages/airflow/example_dags/example_setup_teardown.py for tasks to queue
[2026-05-09T12:16:27.774+0000] {logging_mixin.py:188} INFO - [2026-05-09T12:16:27.773+0000] {dagbag.py:545} INFO - Filling up the DagBag from /home/vscode/.local/lib/python3.11/site-packages/airflow/example_dags/example_setup_teardown.py
[2026-05-09T12:16:27.779+0000] {processor.py:840} INFO - DAG(s) 'example_setup_teardown' retrieved from /home/vscode/.local/lib/python3.11/site-packages/airflow/example_dags/example_setup_teardown.py
[2026-05-09T12:16:27.790+0000] {logging_mixin.py:188} INFO - [2026-05-09T12:16:27.790+0000] {dag.py:3096} INFO - Sync 1 DAGs
[2026-05-09T12:16:27.810+0000] {logging_mixin.py:188} INFO - [2026-05-09T12:16:27.809+0000] {dag.py:3954} INFO - Setting next_dagrun for example_setup_teardown to 2026-05-08 00:00:00+00:00, run_after=2026-05-09 00:00:00+00:00
[2026-05-09T12:16:27.839+0000] {processor.py:183} INFO - Processing /home/vscode/.local/lib/python3.11/site-packages/airflow/example_dags/example_setup_teardown.py took 0.073 seconds
[2026-05-09T12:17:12.904+0000] {processor.py:161} INFO - Started process (PID=39711) to work on /home/vscode/.local/lib/python3.11/site-packages/airflow/example_dags/example_setup_teardown.py
[2026-05-09T12:17:12.905+0000] {processor.py:830} INFO - Processing file /home/vscode/.local/lib/python3.11/site-packages/airflow/example_dags/example_setup_teardown.py for tasks to queue
[2026-05-09T12:17:12.906+0000] {logging_mixin.py:188} INFO - [2026-05-09T12:17:12.905+0000] {dagbag.py:545} INFO - Filling up the DagBag from /home/vscode/.local/lib/python3.11/site-packages/airflow/example_dags/example_setup_teardown.py
[2026-05-09T12:17:12.911+0000] {processor.py:840} INFO - DAG(s) 'example_setup_teardown' retrieved from /home/vscode/.local/lib/python3.11/site-packages/airflow/example_dags/example_setup_teardown.py
[2026-05-09T12:17:12.922+0000] {logging_mixin.py:188} INFO - [2026-05-09T12:17:12.922+0000] {dag.py:3096} INFO - Sync 1 DAGs
[2026-05-09T12:17:12.937+0000] {logging_mixin.py:188} INFO - [2026-05-09T12:17:12.937+0000] {dag.py:3954} INFO - Setting next_dagrun for example_setup_teardown to 2026-05-08 00:00:00+00:00, run_after=2026-05-09 00:00:00+00:00
[2026-05-09T12:17:12.952+0000] {processor.py:183} INFO - Processing /home/vscode/.local/lib/python3.11/site-packages/airflow/example_dags/example_setup_teardown.py took 0.054 seconds
[2026-05-09T12:17:57.417+0000] {processor.py:161} INFO - Started process (PID=40086) to work on /home/vscode/.local/lib/python3.11/site-packages/airflow/example_dags/example_setup_teardown.py
[2026-05-09T12:17:57.417+0000] {processor.py:830} INFO - Processing file /home/vscode/.local/lib/python3.11/site-packages/airflow/example_dags/example_setup_teardown.py for tasks to queue
[2026-05-09T12:17:57.418+0000] {logging_mixin.py:188} INFO - [2026-05-09T12:17:57.418+0000] {dagbag.py:545} INFO - Filling up the DagBag from /home/vscode/.local/lib/python3.11/site-packages/airflow/example_dags/example_setup_teardown.py
[2026-05-09T12:17:57.423+0000] {processor.py:840} INFO - DAG(s) 'example_setup_teardown' retrieved from /home/vscode/.local/lib/python3.11/site-packages/airflow/example_dags/example_setup_teardown.py
[2026-05-09T12:17:57.443+0000] {logging_mixin.py:188} INFO - [2026-05-09T12:17:57.443+0000] {dag.py:3096} INFO - Sync 1 DAGs
[2026-05-09T12:17:57.458+0000] {logging_mixin.py:188} INFO - [2026-05-09T12:17:57.458+0000] {dag.py:3954} INFO - Setting next_dagrun for example_setup_teardown to 2026-05-08 00:00:00+00:00, run_after=2026-05-09 00:00:00+00:00
[2026-05-09T12:17:57.473+0000] {processor.py:183} INFO - Processing /home/vscode/.local/lib/python3.11/site-packages/airflow/example_dags/example_setup_teardown.py took 0.063 seconds
[2026-05-09T12:18:38.350+0000] {processor.py:161} INFO - Started process (PID=40442) to work on /home/vscode/.local/lib/python3.11/site-packages/airflow/example_dags/example_setup_teardown.py
[2026-05-09T12:18:38.351+0000] {processor.py:830} INFO - Processing file /home/vscode/.local/lib/python3.11/site-packages/airflow/example_dags/example_setup_teardown.py for tasks to queue
[2026-05-09T12:18:38.351+0000] {logging_mixin.py:188} INFO - [2026-05-09T12:18:38.351+0000] {dagbag.py:545} INFO - Filling up the DagBag from /home/vscode/.local/lib/python3.11/site-packages/airflow/example_dags/example_setup_teardown.py
[2026-05-09T12:18:38.357+0000] {processor.py:840} INFO - DAG(s) 'example_setup_teardown' retrieved from /home/vscode/.local/lib/python3.11/site-packages/airflow/example_dags/example_setup_teardown.py
[2026-05-09T12:18:38.368+0000] {logging_mixin.py:188} INFO - [2026-05-09T12:18:38.368+0000] {dag.py:3096} INFO - Sync 1 DAGs
[2026-05-09T12:18:38.383+0000] {logging_mixin.py:188} INFO - [2026-05-09T12:18:38.383+0000] {dag.py:3954} INFO - Setting next_dagrun for example_setup_teardown to 2026-05-08 00:00:00+00:00, run_after=2026-05-09 00:00:00+00:00
[2026-05-09T12:18:38.398+0000] {processor.py:183} INFO - Processing /home/vscode/.local/lib/python3.11/site-packages/airflow/example_dags/example_setup_teardown.py took 0.056 seconds
[2026-05-09T12:19:40.726+0000] {processor.py:161} INFO - Started process (PID=41028) to work on /home/vscode/.local/lib/python3.11/site-packages/airflow/example_dags/example_setup_teardown.py
[2026-05-09T12:19:40.727+0000] {processor.py:830} INFO - Processing file /home/vscode/.local/lib/python3.11/site-packages/airflow/example_dags/example_setup_teardown.py for tasks to queue
[2026-05-09T12:19:40.727+0000] {logging_mixin.py:188} INFO - [2026-05-09T12:19:40.727+0000] {dagbag.py:545} INFO - Filling up the DagBag from /home/vscode/.local/lib/python3.11/site-packages/airflow/example_dags/example_setup_teardown.py
[2026-05-09T12:19:40.734+0000] {processor.py:840} INFO - DAG(s) 'example_setup_teardown' retrieved from /home/vscode/.local/lib/python3.11/site-packages/airflow/example_dags/example_setup_teardown.py
[2026-05-09T12:19:40.749+0000] {logging_mixin.py:188} INFO - [2026-05-09T12:19:40.749+0000] {dag.py:3096} INFO - Sync 1 DAGs
[2026-05-09T12:19:40.763+0000] {logging_mixin.py:188} INFO - [2026-05-09T12:19:40.763+0000] {dag.py:3954} INFO - Setting next_dagrun for example_setup_teardown to 2026-05-08 00:00:00+00:00, run_after=2026-05-09 00:00:00+00:00
[2026-05-09T12:19:40.779+0000] {processor.py:183} INFO - Processing /home/vscode/.local/lib/python3.11/site-packages/airflow/example_dags/example_setup_teardown.py took 0.059 seconds
[2026-05-09T12:20:27.051+0000] {processor.py:161} INFO - Started process (PID=41351) to work on /home/vscode/.local/lib/python3.11/site-packages/airflow/example_dags/example_setup_teardown.py
[2026-05-09T12:20:27.052+0000] {processor.py:830} INFO - Processing file /home/vscode/.local/lib/python3.11/site-packages/airflow/example_dags/example_setup_teardown.py for tasks to queue
[2026-05-09T12:20:27.053+0000] {logging_mixin.py:188} INFO - [2026-05-09T12:20:27.052+0000] {dagbag.py:545} INFO - Filling up the DagBag from /home/vscode/.local/lib/python3.11/site-packages/airflow/example_dags/example_setup_teardown.py
[2026-05-09T12:20:27.058+0000] {processor.py:840} INFO - DAG(s) 'example_setup_teardown' retrieved from /home/vscode/.local/lib/python3.11/site-packages/airflow/example_dags/example_setup_teardown.py
[2026-05-09T12:20:27.070+0000] {logging_mixin.py:188} INFO - [2026-05-09T12:20:27.070+0000] {dag.py:3096} INFO - Sync 1 DAGs
[2026-05-09T12:20:27.084+0000] {logging_mixin.py:188} INFO - [2026-05-09T12:20:27.084+0000] {dag.py:3954} INFO - Setting next_dagrun for example_setup_teardown to 2026-05-08 00:00:00+00:00, run_after=2026-05-09 00:00:00+00:00
[2026-05-09T12:20:27.099+0000] {processor.py:183} INFO - Processing /home/vscode/.local/lib/python3.11/site-packages/airflow/example_dags/example_setup_teardown.py took 0.054 seconds
[2026-05-09T12:21:27.547+0000] {processor.py:161} INFO - Started process (PID=41812) to work on /home/vscode/.local/lib/python3.11/site-packages/airflow/example_dags/example_setup_teardown.py
[2026-05-09T12:21:27.549+0000] {processor.py:830} INFO - Processing file /home/vscode/.local/lib/python3.11/site-packages/airflow/example_dags/example_setup_teardown.py for tasks to queue
[2026-05-09T12:21:27.550+0000] {logging_mixin.py:188} INFO - [2026-05-09T12:21:27.549+0000] {dagbag.py:545} INFO - Filling up the DagBag from /home/vscode/.local/lib/python3.11/site-packages/airflow/example_dags/example_setup_teardown.py
[2026-05-09T12:21:27.556+0000] {processor.py:840} INFO - DAG(s) 'example_setup_teardown' retrieved from /home/vscode/.local/lib/python3.11/site-packages/airflow/example_dags/example_setup_teardown.py
[2026-05-09T12:21:27.581+0000] {logging_mixin.py:188} INFO - [2026-05-09T12:21:27.581+0000] {dag.py:3096} INFO - Sync 1 DAGs
[2026-05-09T12:21:27.598+0000] {logging_mixin.py:188} INFO - [2026-05-09T12:21:27.598+0000] {dag.py:3954} INFO - Setting next_dagrun for example_setup_teardown to 2026-05-08 00:00:00+00:00, run_after=2026-05-09 00:00:00+00:00
[2026-05-09T12:21:27.614+0000] {processor.py:183} INFO - Processing /home/vscode/.local/lib/python3.11/site-packages/airflow/example_dags/example_setup_teardown.py took 0.078 seconds
