[2026-05-09T11:19:06.530+0000] {processor.py:161} INFO - Started process (PID=7271) to work on /home/vscode/.local/lib/python3.11/site-packages/airflow/example_dags/example_local_kubernetes_executor.py
[2026-05-09T11:19:06.530+0000] {processor.py:830} INFO - Processing file /home/vscode/.local/lib/python3.11/site-packages/airflow/example_dags/example_local_kubernetes_executor.py for tasks to queue
[2026-05-09T11:19:06.531+0000] {logging_mixin.py:188} INFO - [2026-05-09T11:19:06.531+0000] {dagbag.py:545} INFO - Filling up the DagBag from /home/vscode/.local/lib/python3.11/site-packages/airflow/example_dags/example_local_kubernetes_executor.py
[2026-05-09T11:19:06.533+0000] {logging_mixin.py:188} INFO - [2026-05-09T11:19:06.533+0000] {example_local_kubernetes_executor.py:40} WARNING - Could not import DAGs in example_local_kubernetes_executor.py
Traceback (most recent call last):
  File "/home/vscode/.local/lib/python3.11/site-packages/airflow/example_dags/example_local_kubernetes_executor.py", line 38, in <module>
    from kubernetes.client import models as k8s
ModuleNotFoundError: No module named 'kubernetes'
[2026-05-09T11:19:06.533+0000] {logging_mixin.py:188} INFO - [2026-05-09T11:19:06.533+0000] {example_local_kubernetes_executor.py:41} WARNING - Install Kubernetes dependencies with: pip install apache-airflow[cncf.kubernetes]
[2026-05-09T11:19:06.533+0000] {processor.py:842} WARNING - No viable dags retrieved from /home/vscode/.local/lib/python3.11/site-packages/airflow/example_dags/example_local_kubernetes_executor.py
[2026-05-09T11:19:06.540+0000] {processor.py:183} INFO - Processing /home/vscode/.local/lib/python3.11/site-packages/airflow/example_dags/example_local_kubernetes_executor.py took 0.016 seconds
[2026-05-09T11:20:06.091+0000] {processor.py:161} INFO - Started process (PID=7773) to work on /home/vscode/.local/lib/python3.11/site-packages/airflow/example_dags/example_local_kubernetes_executor.py
[2026-05-09T11:20:06.091+0000] {processor.py:830} INFO - Processing file /home/vscode/.local/lib/python3.11/site-packages/airflow/example_dags/example_local_kubernetes_executor.py for tasks to queue
[2026-05-09T11:20:06.092+0000] {logging_mixin.py:188} INFO - [2026-05-09T11:20:06.092+0000] {dagbag.py:545} INFO - Filling up the DagBag from /home/vscode/.local/lib/python3.11/site-packages/airflow/example_dags/example_local_kubernetes_executor.py
[2026-05-09T11:20:06.094+0000] {logging_mixin.py:188} INFO - [2026-05-09T11:20:06.094+0000] {example_local_kubernetes_executor.py:40} WARNING - Could not import DAGs in example_local_kubernetes_executor.py
Traceback (most recent call last):
  File "/home/vscode/.local/lib/python3.11/site-packages/airflow/example_dags/example_local_kubernetes_executor.py", line 38, in <module>
    from kubernetes.client import models as k8s
ModuleNotFoundError: No module named 'kubernetes'
[2026-05-09T11:20:06.094+0000] {logging_mixin.py:188} INFO - [2026-05-09T11:20:06.094+0000] {example_local_kubernetes_executor.py:41} WARNING - Install Kubernetes dependencies with: pip install apache-airflow[cncf.kubernetes]
[2026-05-09T11:20:06.095+0000] {processor.py:842} WARNING - No viable dags retrieved from /home/vscode/.local/lib/python3.11/site-packages/airflow/example_dags/example_local_kubernetes_executor.py
[2026-05-09T11:20:06.102+0000] {processor.py:183} INFO - Processing /home/vscode/.local/lib/python3.11/site-packages/airflow/example_dags/example_local_kubernetes_executor.py took 0.017 seconds
[2026-05-09T11:20:57.641+0000] {processor.py:161} INFO - Started process (PID=8228) to work on /home/vscode/.local/lib/python3.11/site-packages/airflow/example_dags/example_local_kubernetes_executor.py
[2026-05-09T11:20:57.642+0000] {processor.py:830} INFO - Processing file /home/vscode/.local/lib/python3.11/site-packages/airflow/example_dags/example_local_kubernetes_executor.py for tasks to queue
[2026-05-09T11:20:57.642+0000] {logging_mixin.py:188} INFO - [2026-05-09T11:20:57.642+0000] {dagbag.py:545} INFO - Filling up the DagBag from /home/vscode/.local/lib/python3.11/site-packages/airflow/example_dags/example_local_kubernetes_executor.py
[2026-05-09T11:20:57.644+0000] {logging_mixin.py:188} INFO - [2026-05-09T11:20:57.644+0000] {example_local_kubernetes_executor.py:40} WARNING - Could not import DAGs in example_local_kubernetes_executor.py
Traceback (most recent call last):
  File "/home/vscode/.local/lib/python3.11/site-packages/airflow/example_dags/example_local_kubernetes_executor.py", line 38, in <module>
    from kubernetes.client import models as k8s
ModuleNotFoundError: No module named 'kubernetes'
[2026-05-09T11:20:57.645+0000] {logging_mixin.py:188} INFO - [2026-05-09T11:20:57.644+0000] {example_local_kubernetes_executor.py:41} WARNING - Install Kubernetes dependencies with: pip install apache-airflow[cncf.kubernetes]
[2026-05-09T11:20:57.645+0000] {processor.py:842} WARNING - No viable dags retrieved from /home/vscode/.local/lib/python3.11/site-packages/airflow/example_dags/example_local_kubernetes_executor.py
[2026-05-09T11:20:57.652+0000] {processor.py:183} INFO - Processing /home/vscode/.local/lib/python3.11/site-packages/airflow/example_dags/example_local_kubernetes_executor.py took 0.017 seconds
[2026-05-09T11:21:47.606+0000] {processor.py:161} INFO - Started process (PID=8775) to work on /home/vscode/.local/lib/python3.11/site-packages/airflow/example_dags/example_local_kubernetes_executor.py
[2026-05-09T11:21:47.607+0000] {processor.py:830} INFO - Processing file /home/vscode/.local/lib/python3.11/site-packages/airflow/example_dags/example_local_kubernetes_executor.py for tasks to queue
[2026-05-09T11:21:47.607+0000] {logging_mixin.py:188} INFO - [2026-05-09T11:21:47.607+0000] {dagbag.py:545} INFO - Filling up the DagBag from /home/vscode/.local/lib/python3.11/site-packages/airflow/example_dags/example_local_kubernetes_executor.py
[2026-05-09T11:21:47.610+0000] {logging_mixin.py:188} INFO - [2026-05-09T11:21:47.609+0000] {example_local_kubernetes_executor.py:40} WARNING - Could not import DAGs in example_local_kubernetes_executor.py
Traceback (most recent call last):
  File "/home/vscode/.local/lib/python3.11/site-packages/airflow/example_dags/example_local_kubernetes_executor.py", line 38, in <module>
    from kubernetes.client import models as k8s
ModuleNotFoundError: No module named 'kubernetes'
[2026-05-09T11:21:47.610+0000] {logging_mixin.py:188} INFO - [2026-05-09T11:21:47.610+0000] {example_local_kubernetes_executor.py:41} WARNING - Install Kubernetes dependencies with: pip install apache-airflow[cncf.kubernetes]
[2026-05-09T11:21:47.610+0000] {processor.py:842} WARNING - No viable dags retrieved from /home/vscode/.local/lib/python3.11/site-packages/airflow/example_dags/example_local_kubernetes_executor.py
[2026-05-09T11:21:47.617+0000] {processor.py:183} INFO - Processing /home/vscode/.local/lib/python3.11/site-packages/airflow/example_dags/example_local_kubernetes_executor.py took 0.019 seconds
[2026-05-09T11:22:45.708+0000] {processor.py:161} INFO - Started process (PID=9375) to work on /home/vscode/.local/lib/python3.11/site-packages/airflow/example_dags/example_local_kubernetes_executor.py
[2026-05-09T11:22:45.709+0000] {processor.py:830} INFO - Processing file /home/vscode/.local/lib/python3.11/site-packages/airflow/example_dags/example_local_kubernetes_executor.py for tasks to queue
[2026-05-09T11:22:45.709+0000] {logging_mixin.py:188} INFO - [2026-05-09T11:22:45.709+0000] {dagbag.py:545} INFO - Filling up the DagBag from /home/vscode/.local/lib/python3.11/site-packages/airflow/example_dags/example_local_kubernetes_executor.py
[2026-05-09T11:22:45.711+0000] {logging_mixin.py:188} INFO - [2026-05-09T11:22:45.711+0000] {example_local_kubernetes_executor.py:40} WARNING - Could not import DAGs in example_local_kubernetes_executor.py
Traceback (most recent call last):
  File "/home/vscode/.local/lib/python3.11/site-packages/airflow/example_dags/example_local_kubernetes_executor.py", line 38, in <module>
    from kubernetes.client import models as k8s
ModuleNotFoundError: No module named 'kubernetes'
[2026-05-09T11:22:45.712+0000] {logging_mixin.py:188} INFO - [2026-05-09T11:22:45.711+0000] {example_local_kubernetes_executor.py:41} WARNING - Install Kubernetes dependencies with: pip install apache-airflow[cncf.kubernetes]
[2026-05-09T11:22:45.712+0000] {processor.py:842} WARNING - No viable dags retrieved from /home/vscode/.local/lib/python3.11/site-packages/airflow/example_dags/example_local_kubernetes_executor.py
[2026-05-09T11:22:45.719+0000] {processor.py:183} INFO - Processing /home/vscode/.local/lib/python3.11/site-packages/airflow/example_dags/example_local_kubernetes_executor.py took 0.017 seconds
[2026-05-09T11:23:43.480+0000] {processor.py:161} INFO - Started process (PID=10186) to work on /home/vscode/.local/lib/python3.11/site-packages/airflow/example_dags/example_local_kubernetes_executor.py
[2026-05-09T11:23:43.481+0000] {processor.py:830} INFO - Processing file /home/vscode/.local/lib/python3.11/site-packages/airflow/example_dags/example_local_kubernetes_executor.py for tasks to queue
[2026-05-09T11:23:43.481+0000] {logging_mixin.py:188} INFO - [2026-05-09T11:23:43.481+0000] {dagbag.py:545} INFO - Filling up the DagBag from /home/vscode/.local/lib/python3.11/site-packages/airflow/example_dags/example_local_kubernetes_executor.py
[2026-05-09T11:23:43.483+0000] {logging_mixin.py:188} INFO - [2026-05-09T11:23:43.483+0000] {example_local_kubernetes_executor.py:40} WARNING - Could not import DAGs in example_local_kubernetes_executor.py
Traceback (most recent call last):
  File "/home/vscode/.local/lib/python3.11/site-packages/airflow/example_dags/example_local_kubernetes_executor.py", line 38, in <module>
    from kubernetes.client import models as k8s
ModuleNotFoundError: No module named 'kubernetes'
[2026-05-09T11:23:43.483+0000] {logging_mixin.py:188} INFO - [2026-05-09T11:23:43.483+0000] {example_local_kubernetes_executor.py:41} WARNING - Install Kubernetes dependencies with: pip install apache-airflow[cncf.kubernetes]
[2026-05-09T11:23:43.484+0000] {processor.py:842} WARNING - No viable dags retrieved from /home/vscode/.local/lib/python3.11/site-packages/airflow/example_dags/example_local_kubernetes_executor.py
[2026-05-09T11:23:43.491+0000] {processor.py:183} INFO - Processing /home/vscode/.local/lib/python3.11/site-packages/airflow/example_dags/example_local_kubernetes_executor.py took 0.017 seconds
[2026-05-09T11:24:42.983+0000] {processor.py:161} INFO - Started process (PID=10949) to work on /home/vscode/.local/lib/python3.11/site-packages/airflow/example_dags/example_local_kubernetes_executor.py
[2026-05-09T11:24:42.983+0000] {processor.py:830} INFO - Processing file /home/vscode/.local/lib/python3.11/site-packages/airflow/example_dags/example_local_kubernetes_executor.py for tasks to queue
[2026-05-09T11:24:42.984+0000] {logging_mixin.py:188} INFO - [2026-05-09T11:24:42.984+0000] {dagbag.py:545} INFO - Filling up the DagBag from /home/vscode/.local/lib/python3.11/site-packages/airflow/example_dags/example_local_kubernetes_executor.py
[2026-05-09T11:24:42.986+0000] {logging_mixin.py:188} INFO - [2026-05-09T11:24:42.986+0000] {example_local_kubernetes_executor.py:40} WARNING - Could not import DAGs in example_local_kubernetes_executor.py
Traceback (most recent call last):
  File "/home/vscode/.local/lib/python3.11/site-packages/airflow/example_dags/example_local_kubernetes_executor.py", line 38, in <module>
    from kubernetes.client import models as k8s
ModuleNotFoundError: No module named 'kubernetes'
[2026-05-09T11:24:42.986+0000] {logging_mixin.py:188} INFO - [2026-05-09T11:24:42.986+0000] {example_local_kubernetes_executor.py:41} WARNING - Install Kubernetes dependencies with: pip install apache-airflow[cncf.kubernetes]
[2026-05-09T11:24:42.986+0000] {processor.py:842} WARNING - No viable dags retrieved from /home/vscode/.local/lib/python3.11/site-packages/airflow/example_dags/example_local_kubernetes_executor.py
[2026-05-09T11:24:42.994+0000] {processor.py:183} INFO - Processing /home/vscode/.local/lib/python3.11/site-packages/airflow/example_dags/example_local_kubernetes_executor.py took 0.018 seconds
[2026-05-09T11:25:44.699+0000] {processor.py:161} INFO - Started process (PID=11532) to work on /home/vscode/.local/lib/python3.11/site-packages/airflow/example_dags/example_local_kubernetes_executor.py
[2026-05-09T11:25:44.700+0000] {processor.py:830} INFO - Processing file /home/vscode/.local/lib/python3.11/site-packages/airflow/example_dags/example_local_kubernetes_executor.py for tasks to queue
[2026-05-09T11:25:44.700+0000] {logging_mixin.py:188} INFO - [2026-05-09T11:25:44.700+0000] {dagbag.py:545} INFO - Filling up the DagBag from /home/vscode/.local/lib/python3.11/site-packages/airflow/example_dags/example_local_kubernetes_executor.py
[2026-05-09T11:25:44.702+0000] {logging_mixin.py:188} INFO - [2026-05-09T11:25:44.702+0000] {example_local_kubernetes_executor.py:40} WARNING - Could not import DAGs in example_local_kubernetes_executor.py
Traceback (most recent call last):
  File "/home/vscode/.local/lib/python3.11/site-packages/airflow/example_dags/example_local_kubernetes_executor.py", line 38, in <module>
    from kubernetes.client import models as k8s
ModuleNotFoundError: No module named 'kubernetes'
[2026-05-09T11:25:44.703+0000] {logging_mixin.py:188} INFO - [2026-05-09T11:25:44.702+0000] {example_local_kubernetes_executor.py:41} WARNING - Install Kubernetes dependencies with: pip install apache-airflow[cncf.kubernetes]
[2026-05-09T11:25:44.703+0000] {processor.py:842} WARNING - No viable dags retrieved from /home/vscode/.local/lib/python3.11/site-packages/airflow/example_dags/example_local_kubernetes_executor.py
[2026-05-09T11:25:44.710+0000] {processor.py:183} INFO - Processing /home/vscode/.local/lib/python3.11/site-packages/airflow/example_dags/example_local_kubernetes_executor.py took 0.017 seconds
[2026-05-09T11:26:44.596+0000] {processor.py:161} INFO - Started process (PID=12143) to work on /home/vscode/.local/lib/python3.11/site-packages/airflow/example_dags/example_local_kubernetes_executor.py
[2026-05-09T11:26:44.597+0000] {processor.py:830} INFO - Processing file /home/vscode/.local/lib/python3.11/site-packages/airflow/example_dags/example_local_kubernetes_executor.py for tasks to queue
[2026-05-09T11:26:44.597+0000] {logging_mixin.py:188} INFO - [2026-05-09T11:26:44.597+0000] {dagbag.py:545} INFO - Filling up the DagBag from /home/vscode/.local/lib/python3.11/site-packages/airflow/example_dags/example_local_kubernetes_executor.py
[2026-05-09T11:26:44.600+0000] {logging_mixin.py:188} INFO - [2026-05-09T11:26:44.599+0000] {example_local_kubernetes_executor.py:40} WARNING - Could not import DAGs in example_local_kubernetes_executor.py
Traceback (most recent call last):
  File "/home/vscode/.local/lib/python3.11/site-packages/airflow/example_dags/example_local_kubernetes_executor.py", line 38, in <module>
    from kubernetes.client import models as k8s
ModuleNotFoundError: No module named 'kubernetes'
[2026-05-09T11:26:44.600+0000] {logging_mixin.py:188} INFO - [2026-05-09T11:26:44.600+0000] {example_local_kubernetes_executor.py:41} WARNING - Install Kubernetes dependencies with: pip install apache-airflow[cncf.kubernetes]
[2026-05-09T11:26:44.600+0000] {processor.py:842} WARNING - No viable dags retrieved from /home/vscode/.local/lib/python3.11/site-packages/airflow/example_dags/example_local_kubernetes_executor.py
[2026-05-09T11:26:44.607+0000] {processor.py:183} INFO - Processing /home/vscode/.local/lib/python3.11/site-packages/airflow/example_dags/example_local_kubernetes_executor.py took 0.017 seconds
[2026-05-09T11:27:44.223+0000] {processor.py:161} INFO - Started process (PID=12870) to work on /home/vscode/.local/lib/python3.11/site-packages/airflow/example_dags/example_local_kubernetes_executor.py
[2026-05-09T11:27:44.223+0000] {processor.py:830} INFO - Processing file /home/vscode/.local/lib/python3.11/site-packages/airflow/example_dags/example_local_kubernetes_executor.py for tasks to queue
[2026-05-09T11:27:44.224+0000] {logging_mixin.py:188} INFO - [2026-05-09T11:27:44.224+0000] {dagbag.py:545} INFO - Filling up the DagBag from /home/vscode/.local/lib/python3.11/site-packages/airflow/example_dags/example_local_kubernetes_executor.py
[2026-05-09T11:27:44.226+0000] {logging_mixin.py:188} INFO - [2026-05-09T11:27:44.226+0000] {example_local_kubernetes_executor.py:40} WARNING - Could not import DAGs in example_local_kubernetes_executor.py
Traceback (most recent call last):
  File "/home/vscode/.local/lib/python3.11/site-packages/airflow/example_dags/example_local_kubernetes_executor.py", line 38, in <module>
    from kubernetes.client import models as k8s
ModuleNotFoundError: No module named 'kubernetes'
[2026-05-09T11:27:44.226+0000] {logging_mixin.py:188} INFO - [2026-05-09T11:27:44.226+0000] {example_local_kubernetes_executor.py:41} WARNING - Install Kubernetes dependencies with: pip install apache-airflow[cncf.kubernetes]
[2026-05-09T11:27:44.226+0000] {processor.py:842} WARNING - No viable dags retrieved from /home/vscode/.local/lib/python3.11/site-packages/airflow/example_dags/example_local_kubernetes_executor.py
[2026-05-09T11:27:44.233+0000] {processor.py:183} INFO - Processing /home/vscode/.local/lib/python3.11/site-packages/airflow/example_dags/example_local_kubernetes_executor.py took 0.016 seconds
[2026-05-09T11:28:44.445+0000] {processor.py:161} INFO - Started process (PID=13622) to work on /home/vscode/.local/lib/python3.11/site-packages/airflow/example_dags/example_local_kubernetes_executor.py
[2026-05-09T11:28:44.445+0000] {processor.py:830} INFO - Processing file /home/vscode/.local/lib/python3.11/site-packages/airflow/example_dags/example_local_kubernetes_executor.py for tasks to queue
[2026-05-09T11:28:44.446+0000] {logging_mixin.py:188} INFO - [2026-05-09T11:28:44.445+0000] {dagbag.py:545} INFO - Filling up the DagBag from /home/vscode/.local/lib/python3.11/site-packages/airflow/example_dags/example_local_kubernetes_executor.py
[2026-05-09T11:28:44.448+0000] {logging_mixin.py:188} INFO - [2026-05-09T11:28:44.447+0000] {example_local_kubernetes_executor.py:40} WARNING - Could not import DAGs in example_local_kubernetes_executor.py
Traceback (most recent call last):
  File "/home/vscode/.local/lib/python3.11/site-packages/airflow/example_dags/example_local_kubernetes_executor.py", line 38, in <module>
    from kubernetes.client import models as k8s
ModuleNotFoundError: No module named 'kubernetes'
[2026-05-09T11:28:44.448+0000] {logging_mixin.py:188} INFO - [2026-05-09T11:28:44.448+0000] {example_local_kubernetes_executor.py:41} WARNING - Install Kubernetes dependencies with: pip install apache-airflow[cncf.kubernetes]
[2026-05-09T11:28:44.448+0000] {processor.py:842} WARNING - No viable dags retrieved from /home/vscode/.local/lib/python3.11/site-packages/airflow/example_dags/example_local_kubernetes_executor.py
[2026-05-09T11:28:44.456+0000] {processor.py:183} INFO - Processing /home/vscode/.local/lib/python3.11/site-packages/airflow/example_dags/example_local_kubernetes_executor.py took 0.017 seconds
[2026-05-09T11:29:47.805+0000] {processor.py:161} INFO - Started process (PID=14159) to work on /home/vscode/.local/lib/python3.11/site-packages/airflow/example_dags/example_local_kubernetes_executor.py
[2026-05-09T11:29:47.805+0000] {processor.py:830} INFO - Processing file /home/vscode/.local/lib/python3.11/site-packages/airflow/example_dags/example_local_kubernetes_executor.py for tasks to queue
[2026-05-09T11:29:47.806+0000] {logging_mixin.py:188} INFO - [2026-05-09T11:29:47.806+0000] {dagbag.py:545} INFO - Filling up the DagBag from /home/vscode/.local/lib/python3.11/site-packages/airflow/example_dags/example_local_kubernetes_executor.py
[2026-05-09T11:29:47.808+0000] {logging_mixin.py:188} INFO - [2026-05-09T11:29:47.808+0000] {example_local_kubernetes_executor.py:40} WARNING - Could not import DAGs in example_local_kubernetes_executor.py
Traceback (most recent call last):
  File "/home/vscode/.local/lib/python3.11/site-packages/airflow/example_dags/example_local_kubernetes_executor.py", line 38, in <module>
    from kubernetes.client import models as k8s
ModuleNotFoundError: No module named 'kubernetes'
[2026-05-09T11:29:47.809+0000] {logging_mixin.py:188} INFO - [2026-05-09T11:29:47.808+0000] {example_local_kubernetes_executor.py:41} WARNING - Install Kubernetes dependencies with: pip install apache-airflow[cncf.kubernetes]
[2026-05-09T11:29:47.809+0000] {processor.py:842} WARNING - No viable dags retrieved from /home/vscode/.local/lib/python3.11/site-packages/airflow/example_dags/example_local_kubernetes_executor.py
[2026-05-09T11:29:47.819+0000] {processor.py:183} INFO - Processing /home/vscode/.local/lib/python3.11/site-packages/airflow/example_dags/example_local_kubernetes_executor.py took 0.021 seconds
[2026-05-09T11:30:49.708+0000] {processor.py:161} INFO - Started process (PID=14930) to work on /home/vscode/.local/lib/python3.11/site-packages/airflow/example_dags/example_local_kubernetes_executor.py
[2026-05-09T11:30:49.709+0000] {processor.py:830} INFO - Processing file /home/vscode/.local/lib/python3.11/site-packages/airflow/example_dags/example_local_kubernetes_executor.py for tasks to queue
[2026-05-09T11:30:49.709+0000] {logging_mixin.py:188} INFO - [2026-05-09T11:30:49.709+0000] {dagbag.py:545} INFO - Filling up the DagBag from /home/vscode/.local/lib/python3.11/site-packages/airflow/example_dags/example_local_kubernetes_executor.py
[2026-05-09T11:30:49.712+0000] {logging_mixin.py:188} INFO - [2026-05-09T11:30:49.711+0000] {example_local_kubernetes_executor.py:40} WARNING - Could not import DAGs in example_local_kubernetes_executor.py
Traceback (most recent call last):
  File "/home/vscode/.local/lib/python3.11/site-packages/airflow/example_dags/example_local_kubernetes_executor.py", line 38, in <module>
    from kubernetes.client import models as k8s
ModuleNotFoundError: No module named 'kubernetes'
[2026-05-09T11:30:49.712+0000] {logging_mixin.py:188} INFO - [2026-05-09T11:30:49.712+0000] {example_local_kubernetes_executor.py:41} WARNING - Install Kubernetes dependencies with: pip install apache-airflow[cncf.kubernetes]
[2026-05-09T11:30:49.712+0000] {processor.py:842} WARNING - No viable dags retrieved from /home/vscode/.local/lib/python3.11/site-packages/airflow/example_dags/example_local_kubernetes_executor.py
[2026-05-09T11:30:49.719+0000] {processor.py:183} INFO - Processing /home/vscode/.local/lib/python3.11/site-packages/airflow/example_dags/example_local_kubernetes_executor.py took 0.018 seconds
[2026-05-09T11:31:51.745+0000] {processor.py:161} INFO - Started process (PID=15629) to work on /home/vscode/.local/lib/python3.11/site-packages/airflow/example_dags/example_local_kubernetes_executor.py
[2026-05-09T11:31:51.745+0000] {processor.py:830} INFO - Processing file /home/vscode/.local/lib/python3.11/site-packages/airflow/example_dags/example_local_kubernetes_executor.py for tasks to queue
[2026-05-09T11:31:51.746+0000] {logging_mixin.py:188} INFO - [2026-05-09T11:31:51.745+0000] {dagbag.py:545} INFO - Filling up the DagBag from /home/vscode/.local/lib/python3.11/site-packages/airflow/example_dags/example_local_kubernetes_executor.py
[2026-05-09T11:31:51.748+0000] {logging_mixin.py:188} INFO - [2026-05-09T11:31:51.747+0000] {example_local_kubernetes_executor.py:40} WARNING - Could not import DAGs in example_local_kubernetes_executor.py
Traceback (most recent call last):
  File "/home/vscode/.local/lib/python3.11/site-packages/airflow/example_dags/example_local_kubernetes_executor.py", line 38, in <module>
    from kubernetes.client import models as k8s
ModuleNotFoundError: No module named 'kubernetes'
[2026-05-09T11:31:51.748+0000] {logging_mixin.py:188} INFO - [2026-05-09T11:31:51.748+0000] {example_local_kubernetes_executor.py:41} WARNING - Install Kubernetes dependencies with: pip install apache-airflow[cncf.kubernetes]
[2026-05-09T11:31:51.748+0000] {processor.py:842} WARNING - No viable dags retrieved from /home/vscode/.local/lib/python3.11/site-packages/airflow/example_dags/example_local_kubernetes_executor.py
[2026-05-09T11:31:51.757+0000] {processor.py:183} INFO - Processing /home/vscode/.local/lib/python3.11/site-packages/airflow/example_dags/example_local_kubernetes_executor.py took 0.018 seconds
[2026-05-09T11:32:57.676+0000] {processor.py:161} INFO - Started process (PID=16162) to work on /home/vscode/.local/lib/python3.11/site-packages/airflow/example_dags/example_local_kubernetes_executor.py
[2026-05-09T11:32:57.677+0000] {processor.py:830} INFO - Processing file /home/vscode/.local/lib/python3.11/site-packages/airflow/example_dags/example_local_kubernetes_executor.py for tasks to queue
[2026-05-09T11:32:57.677+0000] {logging_mixin.py:188} INFO - [2026-05-09T11:32:57.677+0000] {dagbag.py:545} INFO - Filling up the DagBag from /home/vscode/.local/lib/python3.11/site-packages/airflow/example_dags/example_local_kubernetes_executor.py
[2026-05-09T11:32:57.680+0000] {logging_mixin.py:188} INFO - [2026-05-09T11:32:57.679+0000] {example_local_kubernetes_executor.py:40} WARNING - Could not import DAGs in example_local_kubernetes_executor.py
Traceback (most recent call last):
  File "/home/vscode/.local/lib/python3.11/site-packages/airflow/example_dags/example_local_kubernetes_executor.py", line 38, in <module>
    from kubernetes.client import models as k8s
ModuleNotFoundError: No module named 'kubernetes'
[2026-05-09T11:32:57.680+0000] {logging_mixin.py:188} INFO - [2026-05-09T11:32:57.680+0000] {example_local_kubernetes_executor.py:41} WARNING - Install Kubernetes dependencies with: pip install apache-airflow[cncf.kubernetes]
[2026-05-09T11:32:57.680+0000] {processor.py:842} WARNING - No viable dags retrieved from /home/vscode/.local/lib/python3.11/site-packages/airflow/example_dags/example_local_kubernetes_executor.py
[2026-05-09T11:32:57.688+0000] {processor.py:183} INFO - Processing /home/vscode/.local/lib/python3.11/site-packages/airflow/example_dags/example_local_kubernetes_executor.py took 0.018 seconds
[2026-05-09T11:34:00.811+0000] {processor.py:161} INFO - Started process (PID=16758) to work on /home/vscode/.local/lib/python3.11/site-packages/airflow/example_dags/example_local_kubernetes_executor.py
[2026-05-09T11:34:00.811+0000] {processor.py:830} INFO - Processing file /home/vscode/.local/lib/python3.11/site-packages/airflow/example_dags/example_local_kubernetes_executor.py for tasks to queue
[2026-05-09T11:34:00.812+0000] {logging_mixin.py:188} INFO - [2026-05-09T11:34:00.812+0000] {dagbag.py:545} INFO - Filling up the DagBag from /home/vscode/.local/lib/python3.11/site-packages/airflow/example_dags/example_local_kubernetes_executor.py
[2026-05-09T11:34:00.815+0000] {logging_mixin.py:188} INFO - [2026-05-09T11:34:00.814+0000] {example_local_kubernetes_executor.py:40} WARNING - Could not import DAGs in example_local_kubernetes_executor.py
Traceback (most recent call last):
  File "/home/vscode/.local/lib/python3.11/site-packages/airflow/example_dags/example_local_kubernetes_executor.py", line 38, in <module>
    from kubernetes.client import models as k8s
ModuleNotFoundError: No module named 'kubernetes'
[2026-05-09T11:34:00.815+0000] {logging_mixin.py:188} INFO - [2026-05-09T11:34:00.815+0000] {example_local_kubernetes_executor.py:41} WARNING - Install Kubernetes dependencies with: pip install apache-airflow[cncf.kubernetes]
[2026-05-09T11:34:00.815+0000] {processor.py:842} WARNING - No viable dags retrieved from /home/vscode/.local/lib/python3.11/site-packages/airflow/example_dags/example_local_kubernetes_executor.py
[2026-05-09T11:34:00.823+0000] {processor.py:183} INFO - Processing /home/vscode/.local/lib/python3.11/site-packages/airflow/example_dags/example_local_kubernetes_executor.py took 0.019 seconds
[2026-05-09T11:35:02.036+0000] {processor.py:161} INFO - Started process (PID=17268) to work on /home/vscode/.local/lib/python3.11/site-packages/airflow/example_dags/example_local_kubernetes_executor.py
[2026-05-09T11:35:02.037+0000] {processor.py:830} INFO - Processing file /home/vscode/.local/lib/python3.11/site-packages/airflow/example_dags/example_local_kubernetes_executor.py for tasks to queue
[2026-05-09T11:35:02.038+0000] {logging_mixin.py:188} INFO - [2026-05-09T11:35:02.037+0000] {dagbag.py:545} INFO - Filling up the DagBag from /home/vscode/.local/lib/python3.11/site-packages/airflow/example_dags/example_local_kubernetes_executor.py
[2026-05-09T11:35:02.041+0000] {logging_mixin.py:188} INFO - [2026-05-09T11:35:02.040+0000] {example_local_kubernetes_executor.py:40} WARNING - Could not import DAGs in example_local_kubernetes_executor.py
Traceback (most recent call last):
  File "/home/vscode/.local/lib/python3.11/site-packages/airflow/example_dags/example_local_kubernetes_executor.py", line 38, in <module>
    from kubernetes.client import models as k8s
ModuleNotFoundError: No module named 'kubernetes'
[2026-05-09T11:35:02.041+0000] {logging_mixin.py:188} INFO - [2026-05-09T11:35:02.041+0000] {example_local_kubernetes_executor.py:41} WARNING - Install Kubernetes dependencies with: pip install apache-airflow[cncf.kubernetes]
[2026-05-09T11:35:02.041+0000] {processor.py:842} WARNING - No viable dags retrieved from /home/vscode/.local/lib/python3.11/site-packages/airflow/example_dags/example_local_kubernetes_executor.py
[2026-05-09T11:35:02.052+0000] {processor.py:183} INFO - Processing /home/vscode/.local/lib/python3.11/site-packages/airflow/example_dags/example_local_kubernetes_executor.py took 0.023 seconds
[2026-05-09T11:36:00.860+0000] {processor.py:161} INFO - Started process (PID=17766) to work on /home/vscode/.local/lib/python3.11/site-packages/airflow/example_dags/example_local_kubernetes_executor.py
[2026-05-09T11:36:00.860+0000] {processor.py:830} INFO - Processing file /home/vscode/.local/lib/python3.11/site-packages/airflow/example_dags/example_local_kubernetes_executor.py for tasks to queue
[2026-05-09T11:36:00.861+0000] {logging_mixin.py:188} INFO - [2026-05-09T11:36:00.861+0000] {dagbag.py:545} INFO - Filling up the DagBag from /home/vscode/.local/lib/python3.11/site-packages/airflow/example_dags/example_local_kubernetes_executor.py
[2026-05-09T11:36:00.863+0000] {logging_mixin.py:188} INFO - [2026-05-09T11:36:00.863+0000] {example_local_kubernetes_executor.py:40} WARNING - Could not import DAGs in example_local_kubernetes_executor.py
Traceback (most recent call last):
  File "/home/vscode/.local/lib/python3.11/site-packages/airflow/example_dags/example_local_kubernetes_executor.py", line 38, in <module>
    from kubernetes.client import models as k8s
ModuleNotFoundError: No module named 'kubernetes'
[2026-05-09T11:36:00.863+0000] {logging_mixin.py:188} INFO - [2026-05-09T11:36:00.863+0000] {example_local_kubernetes_executor.py:41} WARNING - Install Kubernetes dependencies with: pip install apache-airflow[cncf.kubernetes]
[2026-05-09T11:36:00.864+0000] {processor.py:842} WARNING - No viable dags retrieved from /home/vscode/.local/lib/python3.11/site-packages/airflow/example_dags/example_local_kubernetes_executor.py
[2026-05-09T11:36:00.871+0000] {processor.py:183} INFO - Processing /home/vscode/.local/lib/python3.11/site-packages/airflow/example_dags/example_local_kubernetes_executor.py took 0.018 seconds
[2026-05-09T11:37:02.598+0000] {processor.py:161} INFO - Started process (PID=18280) to work on /home/vscode/.local/lib/python3.11/site-packages/airflow/example_dags/example_local_kubernetes_executor.py
[2026-05-09T11:37:02.603+0000] {processor.py:830} INFO - Processing file /home/vscode/.local/lib/python3.11/site-packages/airflow/example_dags/example_local_kubernetes_executor.py for tasks to queue
[2026-05-09T11:37:02.604+0000] {logging_mixin.py:188} INFO - [2026-05-09T11:37:02.603+0000] {dagbag.py:545} INFO - Filling up the DagBag from /home/vscode/.local/lib/python3.11/site-packages/airflow/example_dags/example_local_kubernetes_executor.py
[2026-05-09T11:37:02.617+0000] {logging_mixin.py:188} INFO - [2026-05-09T11:37:02.610+0000] {example_local_kubernetes_executor.py:40} WARNING - Could not import DAGs in example_local_kubernetes_executor.py
Traceback (most recent call last):
  File "/home/vscode/.local/lib/python3.11/site-packages/airflow/example_dags/example_local_kubernetes_executor.py", line 38, in <module>
    from kubernetes.client import models as k8s
ModuleNotFoundError: No module named 'kubernetes'
[2026-05-09T11:37:02.617+0000] {logging_mixin.py:188} INFO - [2026-05-09T11:37:02.617+0000] {example_local_kubernetes_executor.py:41} WARNING - Install Kubernetes dependencies with: pip install apache-airflow[cncf.kubernetes]
[2026-05-09T11:37:02.617+0000] {processor.py:842} WARNING - No viable dags retrieved from /home/vscode/.local/lib/python3.11/site-packages/airflow/example_dags/example_local_kubernetes_executor.py
[2026-05-09T11:37:02.645+0000] {processor.py:183} INFO - Processing /home/vscode/.local/lib/python3.11/site-packages/airflow/example_dags/example_local_kubernetes_executor.py took 0.056 seconds
[2026-05-09T11:38:05.451+0000] {processor.py:161} INFO - Started process (PID=19195) to work on /home/vscode/.local/lib/python3.11/site-packages/airflow/example_dags/example_local_kubernetes_executor.py
[2026-05-09T11:38:05.451+0000] {processor.py:830} INFO - Processing file /home/vscode/.local/lib/python3.11/site-packages/airflow/example_dags/example_local_kubernetes_executor.py for tasks to queue
[2026-05-09T11:38:05.452+0000] {logging_mixin.py:188} INFO - [2026-05-09T11:38:05.451+0000] {dagbag.py:545} INFO - Filling up the DagBag from /home/vscode/.local/lib/python3.11/site-packages/airflow/example_dags/example_local_kubernetes_executor.py
[2026-05-09T11:38:05.454+0000] {logging_mixin.py:188} INFO - [2026-05-09T11:38:05.453+0000] {example_local_kubernetes_executor.py:40} WARNING - Could not import DAGs in example_local_kubernetes_executor.py
Traceback (most recent call last):
  File "/home/vscode/.local/lib/python3.11/site-packages/airflow/example_dags/example_local_kubernetes_executor.py", line 38, in <module>
    from kubernetes.client import models as k8s
ModuleNotFoundError: No module named 'kubernetes'
[2026-05-09T11:38:05.454+0000] {logging_mixin.py:188} INFO - [2026-05-09T11:38:05.454+0000] {example_local_kubernetes_executor.py:41} WARNING - Install Kubernetes dependencies with: pip install apache-airflow[cncf.kubernetes]
[2026-05-09T11:38:05.454+0000] {processor.py:842} WARNING - No viable dags retrieved from /home/vscode/.local/lib/python3.11/site-packages/airflow/example_dags/example_local_kubernetes_executor.py
[2026-05-09T11:38:05.461+0000] {processor.py:183} INFO - Processing /home/vscode/.local/lib/python3.11/site-packages/airflow/example_dags/example_local_kubernetes_executor.py took 0.017 seconds
[2026-05-09T11:39:05.963+0000] {processor.py:161} INFO - Started process (PID=19769) to work on /home/vscode/.local/lib/python3.11/site-packages/airflow/example_dags/example_local_kubernetes_executor.py
[2026-05-09T11:39:05.964+0000] {processor.py:830} INFO - Processing file /home/vscode/.local/lib/python3.11/site-packages/airflow/example_dags/example_local_kubernetes_executor.py for tasks to queue
[2026-05-09T11:39:05.964+0000] {logging_mixin.py:188} INFO - [2026-05-09T11:39:05.964+0000] {dagbag.py:545} INFO - Filling up the DagBag from /home/vscode/.local/lib/python3.11/site-packages/airflow/example_dags/example_local_kubernetes_executor.py
[2026-05-09T11:39:05.967+0000] {logging_mixin.py:188} INFO - [2026-05-09T11:39:05.966+0000] {example_local_kubernetes_executor.py:40} WARNING - Could not import DAGs in example_local_kubernetes_executor.py
Traceback (most recent call last):
  File "/home/vscode/.local/lib/python3.11/site-packages/airflow/example_dags/example_local_kubernetes_executor.py", line 38, in <module>
    from kubernetes.client import models as k8s
ModuleNotFoundError: No module named 'kubernetes'
[2026-05-09T11:39:05.967+0000] {logging_mixin.py:188} INFO - [2026-05-09T11:39:05.967+0000] {example_local_kubernetes_executor.py:41} WARNING - Install Kubernetes dependencies with: pip install apache-airflow[cncf.kubernetes]
[2026-05-09T11:39:05.967+0000] {processor.py:842} WARNING - No viable dags retrieved from /home/vscode/.local/lib/python3.11/site-packages/airflow/example_dags/example_local_kubernetes_executor.py
[2026-05-09T11:39:05.974+0000] {processor.py:183} INFO - Processing /home/vscode/.local/lib/python3.11/site-packages/airflow/example_dags/example_local_kubernetes_executor.py took 0.017 seconds
[2026-05-09T11:40:06.594+0000] {processor.py:161} INFO - Started process (PID=20513) to work on /home/vscode/.local/lib/python3.11/site-packages/airflow/example_dags/example_local_kubernetes_executor.py
[2026-05-09T11:40:06.594+0000] {processor.py:830} INFO - Processing file /home/vscode/.local/lib/python3.11/site-packages/airflow/example_dags/example_local_kubernetes_executor.py for tasks to queue
[2026-05-09T11:40:06.595+0000] {logging_mixin.py:188} INFO - [2026-05-09T11:40:06.595+0000] {dagbag.py:545} INFO - Filling up the DagBag from /home/vscode/.local/lib/python3.11/site-packages/airflow/example_dags/example_local_kubernetes_executor.py
[2026-05-09T11:40:06.598+0000] {logging_mixin.py:188} INFO - [2026-05-09T11:40:06.597+0000] {example_local_kubernetes_executor.py:40} WARNING - Could not import DAGs in example_local_kubernetes_executor.py
Traceback (most recent call last):
  File "/home/vscode/.local/lib/python3.11/site-packages/airflow/example_dags/example_local_kubernetes_executor.py", line 38, in <module>
    from kubernetes.client import models as k8s
ModuleNotFoundError: No module named 'kubernetes'
[2026-05-09T11:40:06.598+0000] {logging_mixin.py:188} INFO - [2026-05-09T11:40:06.598+0000] {example_local_kubernetes_executor.py:41} WARNING - Install Kubernetes dependencies with: pip install apache-airflow[cncf.kubernetes]
[2026-05-09T11:40:06.598+0000] {processor.py:842} WARNING - No viable dags retrieved from /home/vscode/.local/lib/python3.11/site-packages/airflow/example_dags/example_local_kubernetes_executor.py
[2026-05-09T11:40:06.605+0000] {processor.py:183} INFO - Processing /home/vscode/.local/lib/python3.11/site-packages/airflow/example_dags/example_local_kubernetes_executor.py took 0.017 seconds
[2026-05-09T11:41:10.002+0000] {processor.py:161} INFO - Started process (PID=21174) to work on /home/vscode/.local/lib/python3.11/site-packages/airflow/example_dags/example_local_kubernetes_executor.py
[2026-05-09T11:41:10.003+0000] {processor.py:830} INFO - Processing file /home/vscode/.local/lib/python3.11/site-packages/airflow/example_dags/example_local_kubernetes_executor.py for tasks to queue
[2026-05-09T11:41:10.006+0000] {logging_mixin.py:188} INFO - [2026-05-09T11:41:10.006+0000] {dagbag.py:545} INFO - Filling up the DagBag from /home/vscode/.local/lib/python3.11/site-packages/airflow/example_dags/example_local_kubernetes_executor.py
[2026-05-09T11:41:10.009+0000] {logging_mixin.py:188} INFO - [2026-05-09T11:41:10.009+0000] {example_local_kubernetes_executor.py:40} WARNING - Could not import DAGs in example_local_kubernetes_executor.py
Traceback (most recent call last):
  File "/home/vscode/.local/lib/python3.11/site-packages/airflow/example_dags/example_local_kubernetes_executor.py", line 38, in <module>
    from kubernetes.client import models as k8s
ModuleNotFoundError: No module named 'kubernetes'
[2026-05-09T11:41:10.010+0000] {logging_mixin.py:188} INFO - [2026-05-09T11:41:10.010+0000] {example_local_kubernetes_executor.py:41} WARNING - Install Kubernetes dependencies with: pip install apache-airflow[cncf.kubernetes]
[2026-05-09T11:41:10.010+0000] {processor.py:842} WARNING - No viable dags retrieved from /home/vscode/.local/lib/python3.11/site-packages/airflow/example_dags/example_local_kubernetes_executor.py
[2026-05-09T11:41:10.025+0000] {processor.py:183} INFO - Processing /home/vscode/.local/lib/python3.11/site-packages/airflow/example_dags/example_local_kubernetes_executor.py took 0.032 seconds
[2026-05-09T11:42:17.022+0000] {processor.py:161} INFO - Started process (PID=21724) to work on /home/vscode/.local/lib/python3.11/site-packages/airflow/example_dags/example_local_kubernetes_executor.py
[2026-05-09T11:42:17.026+0000] {processor.py:830} INFO - Processing file /home/vscode/.local/lib/python3.11/site-packages/airflow/example_dags/example_local_kubernetes_executor.py for tasks to queue
[2026-05-09T11:42:17.027+0000] {logging_mixin.py:188} INFO - [2026-05-09T11:42:17.026+0000] {dagbag.py:545} INFO - Filling up the DagBag from /home/vscode/.local/lib/python3.11/site-packages/airflow/example_dags/example_local_kubernetes_executor.py
[2026-05-09T11:42:17.036+0000] {logging_mixin.py:188} INFO - [2026-05-09T11:42:17.032+0000] {example_local_kubernetes_executor.py:40} WARNING - Could not import DAGs in example_local_kubernetes_executor.py
Traceback (most recent call last):
  File "/home/vscode/.local/lib/python3.11/site-packages/airflow/example_dags/example_local_kubernetes_executor.py", line 38, in <module>
    from kubernetes.client import models as k8s
ModuleNotFoundError: No module named 'kubernetes'
[2026-05-09T11:42:17.036+0000] {logging_mixin.py:188} INFO - [2026-05-09T11:42:17.036+0000] {example_local_kubernetes_executor.py:41} WARNING - Install Kubernetes dependencies with: pip install apache-airflow[cncf.kubernetes]
[2026-05-09T11:42:17.037+0000] {processor.py:842} WARNING - No viable dags retrieved from /home/vscode/.local/lib/python3.11/site-packages/airflow/example_dags/example_local_kubernetes_executor.py
[2026-05-09T11:42:17.062+0000] {processor.py:183} INFO - Processing /home/vscode/.local/lib/python3.11/site-packages/airflow/example_dags/example_local_kubernetes_executor.py took 0.061 seconds
[2026-05-09T11:43:23.342+0000] {processor.py:161} INFO - Started process (PID=22269) to work on /home/vscode/.local/lib/python3.11/site-packages/airflow/example_dags/example_local_kubernetes_executor.py
[2026-05-09T11:43:23.350+0000] {processor.py:830} INFO - Processing file /home/vscode/.local/lib/python3.11/site-packages/airflow/example_dags/example_local_kubernetes_executor.py for tasks to queue
[2026-05-09T11:43:23.351+0000] {logging_mixin.py:188} INFO - [2026-05-09T11:43:23.350+0000] {dagbag.py:545} INFO - Filling up the DagBag from /home/vscode/.local/lib/python3.11/site-packages/airflow/example_dags/example_local_kubernetes_executor.py
[2026-05-09T11:43:23.360+0000] {logging_mixin.py:188} INFO - [2026-05-09T11:43:23.358+0000] {example_local_kubernetes_executor.py:40} WARNING - Could not import DAGs in example_local_kubernetes_executor.py
Traceback (most recent call last):
  File "/home/vscode/.local/lib/python3.11/site-packages/airflow/example_dags/example_local_kubernetes_executor.py", line 38, in <module>
    from kubernetes.client import models as k8s
ModuleNotFoundError: No module named 'kubernetes'
[2026-05-09T11:43:23.360+0000] {logging_mixin.py:188} INFO - [2026-05-09T11:43:23.360+0000] {example_local_kubernetes_executor.py:41} WARNING - Install Kubernetes dependencies with: pip install apache-airflow[cncf.kubernetes]
[2026-05-09T11:43:23.361+0000] {processor.py:842} WARNING - No viable dags retrieved from /home/vscode/.local/lib/python3.11/site-packages/airflow/example_dags/example_local_kubernetes_executor.py
[2026-05-09T11:43:23.371+0000] {processor.py:183} INFO - Processing /home/vscode/.local/lib/python3.11/site-packages/airflow/example_dags/example_local_kubernetes_executor.py took 0.040 seconds
[2026-05-09T11:44:24.664+0000] {processor.py:161} INFO - Started process (PID=22851) to work on /home/vscode/.local/lib/python3.11/site-packages/airflow/example_dags/example_local_kubernetes_executor.py
[2026-05-09T11:44:24.665+0000] {processor.py:830} INFO - Processing file /home/vscode/.local/lib/python3.11/site-packages/airflow/example_dags/example_local_kubernetes_executor.py for tasks to queue
[2026-05-09T11:44:24.665+0000] {logging_mixin.py:188} INFO - [2026-05-09T11:44:24.665+0000] {dagbag.py:545} INFO - Filling up the DagBag from /home/vscode/.local/lib/python3.11/site-packages/airflow/example_dags/example_local_kubernetes_executor.py
[2026-05-09T11:44:24.668+0000] {logging_mixin.py:188} INFO - [2026-05-09T11:44:24.667+0000] {example_local_kubernetes_executor.py:40} WARNING - Could not import DAGs in example_local_kubernetes_executor.py
Traceback (most recent call last):
  File "/home/vscode/.local/lib/python3.11/site-packages/airflow/example_dags/example_local_kubernetes_executor.py", line 38, in <module>
    from kubernetes.client import models as k8s
ModuleNotFoundError: No module named 'kubernetes'
[2026-05-09T11:44:24.668+0000] {logging_mixin.py:188} INFO - [2026-05-09T11:44:24.668+0000] {example_local_kubernetes_executor.py:41} WARNING - Install Kubernetes dependencies with: pip install apache-airflow[cncf.kubernetes]
[2026-05-09T11:44:24.668+0000] {processor.py:842} WARNING - No viable dags retrieved from /home/vscode/.local/lib/python3.11/site-packages/airflow/example_dags/example_local_kubernetes_executor.py
[2026-05-09T11:44:24.675+0000] {processor.py:183} INFO - Processing /home/vscode/.local/lib/python3.11/site-packages/airflow/example_dags/example_local_kubernetes_executor.py took 0.017 seconds
[2026-05-09T11:45:30.761+0000] {processor.py:161} INFO - Started process (PID=23403) to work on /home/vscode/.local/lib/python3.11/site-packages/airflow/example_dags/example_local_kubernetes_executor.py
[2026-05-09T11:45:30.762+0000] {processor.py:830} INFO - Processing file /home/vscode/.local/lib/python3.11/site-packages/airflow/example_dags/example_local_kubernetes_executor.py for tasks to queue
[2026-05-09T11:45:30.762+0000] {logging_mixin.py:188} INFO - [2026-05-09T11:45:30.762+0000] {dagbag.py:545} INFO - Filling up the DagBag from /home/vscode/.local/lib/python3.11/site-packages/airflow/example_dags/example_local_kubernetes_executor.py
[2026-05-09T11:45:30.765+0000] {logging_mixin.py:188} INFO - [2026-05-09T11:45:30.764+0000] {example_local_kubernetes_executor.py:40} WARNING - Could not import DAGs in example_local_kubernetes_executor.py
Traceback (most recent call last):
  File "/home/vscode/.local/lib/python3.11/site-packages/airflow/example_dags/example_local_kubernetes_executor.py", line 38, in <module>
    from kubernetes.client import models as k8s
ModuleNotFoundError: No module named 'kubernetes'
[2026-05-09T11:45:30.765+0000] {logging_mixin.py:188} INFO - [2026-05-09T11:45:30.765+0000] {example_local_kubernetes_executor.py:41} WARNING - Install Kubernetes dependencies with: pip install apache-airflow[cncf.kubernetes]
[2026-05-09T11:45:30.765+0000] {processor.py:842} WARNING - No viable dags retrieved from /home/vscode/.local/lib/python3.11/site-packages/airflow/example_dags/example_local_kubernetes_executor.py
[2026-05-09T11:45:30.772+0000] {processor.py:183} INFO - Processing /home/vscode/.local/lib/python3.11/site-packages/airflow/example_dags/example_local_kubernetes_executor.py took 0.018 seconds
[2026-05-09T11:46:33.798+0000] {processor.py:161} INFO - Started process (PID=23944) to work on /home/vscode/.local/lib/python3.11/site-packages/airflow/example_dags/example_local_kubernetes_executor.py
[2026-05-09T11:46:33.799+0000] {processor.py:830} INFO - Processing file /home/vscode/.local/lib/python3.11/site-packages/airflow/example_dags/example_local_kubernetes_executor.py for tasks to queue
[2026-05-09T11:46:33.799+0000] {logging_mixin.py:188} INFO - [2026-05-09T11:46:33.799+0000] {dagbag.py:545} INFO - Filling up the DagBag from /home/vscode/.local/lib/python3.11/site-packages/airflow/example_dags/example_local_kubernetes_executor.py
[2026-05-09T11:46:33.803+0000] {logging_mixin.py:188} INFO - [2026-05-09T11:46:33.802+0000] {example_local_kubernetes_executor.py:40} WARNING - Could not import DAGs in example_local_kubernetes_executor.py
Traceback (most recent call last):
  File "/home/vscode/.local/lib/python3.11/site-packages/airflow/example_dags/example_local_kubernetes_executor.py", line 38, in <module>
    from kubernetes.client import models as k8s
ModuleNotFoundError: No module named 'kubernetes'
[2026-05-09T11:46:33.803+0000] {logging_mixin.py:188} INFO - [2026-05-09T11:46:33.803+0000] {example_local_kubernetes_executor.py:41} WARNING - Install Kubernetes dependencies with: pip install apache-airflow[cncf.kubernetes]
[2026-05-09T11:46:33.803+0000] {processor.py:842} WARNING - No viable dags retrieved from /home/vscode/.local/lib/python3.11/site-packages/airflow/example_dags/example_local_kubernetes_executor.py
[2026-05-09T11:46:33.826+0000] {processor.py:183} INFO - Processing /home/vscode/.local/lib/python3.11/site-packages/airflow/example_dags/example_local_kubernetes_executor.py took 0.036 seconds
[2026-05-09T11:47:39.830+0000] {processor.py:161} INFO - Started process (PID=24672) to work on /home/vscode/.local/lib/python3.11/site-packages/airflow/example_dags/example_local_kubernetes_executor.py
[2026-05-09T11:47:39.831+0000] {processor.py:830} INFO - Processing file /home/vscode/.local/lib/python3.11/site-packages/airflow/example_dags/example_local_kubernetes_executor.py for tasks to queue
[2026-05-09T11:47:39.831+0000] {logging_mixin.py:188} INFO - [2026-05-09T11:47:39.831+0000] {dagbag.py:545} INFO - Filling up the DagBag from /home/vscode/.local/lib/python3.11/site-packages/airflow/example_dags/example_local_kubernetes_executor.py
[2026-05-09T11:47:39.833+0000] {logging_mixin.py:188} INFO - [2026-05-09T11:47:39.833+0000] {example_local_kubernetes_executor.py:40} WARNING - Could not import DAGs in example_local_kubernetes_executor.py
Traceback (most recent call last):
  File "/home/vscode/.local/lib/python3.11/site-packages/airflow/example_dags/example_local_kubernetes_executor.py", line 38, in <module>
    from kubernetes.client import models as k8s
ModuleNotFoundError: No module named 'kubernetes'
[2026-05-09T11:47:39.834+0000] {logging_mixin.py:188} INFO - [2026-05-09T11:47:39.834+0000] {example_local_kubernetes_executor.py:41} WARNING - Install Kubernetes dependencies with: pip install apache-airflow[cncf.kubernetes]
[2026-05-09T11:47:39.834+0000] {processor.py:842} WARNING - No viable dags retrieved from /home/vscode/.local/lib/python3.11/site-packages/airflow/example_dags/example_local_kubernetes_executor.py
[2026-05-09T11:47:39.841+0000] {processor.py:183} INFO - Processing /home/vscode/.local/lib/python3.11/site-packages/airflow/example_dags/example_local_kubernetes_executor.py took 0.017 seconds
[2026-05-09T11:48:46.054+0000] {processor.py:161} INFO - Started process (PID=25265) to work on /home/vscode/.local/lib/python3.11/site-packages/airflow/example_dags/example_local_kubernetes_executor.py
[2026-05-09T11:48:46.055+0000] {processor.py:830} INFO - Processing file /home/vscode/.local/lib/python3.11/site-packages/airflow/example_dags/example_local_kubernetes_executor.py for tasks to queue
[2026-05-09T11:48:46.056+0000] {logging_mixin.py:188} INFO - [2026-05-09T11:48:46.056+0000] {dagbag.py:545} INFO - Filling up the DagBag from /home/vscode/.local/lib/python3.11/site-packages/airflow/example_dags/example_local_kubernetes_executor.py
[2026-05-09T11:48:46.059+0000] {logging_mixin.py:188} INFO - [2026-05-09T11:48:46.058+0000] {example_local_kubernetes_executor.py:40} WARNING - Could not import DAGs in example_local_kubernetes_executor.py
Traceback (most recent call last):
  File "/home/vscode/.local/lib/python3.11/site-packages/airflow/example_dags/example_local_kubernetes_executor.py", line 38, in <module>
    from kubernetes.client import models as k8s
ModuleNotFoundError: No module named 'kubernetes'
[2026-05-09T11:48:46.059+0000] {logging_mixin.py:188} INFO - [2026-05-09T11:48:46.059+0000] {example_local_kubernetes_executor.py:41} WARNING - Install Kubernetes dependencies with: pip install apache-airflow[cncf.kubernetes]
[2026-05-09T11:48:46.059+0000] {processor.py:842} WARNING - No viable dags retrieved from /home/vscode/.local/lib/python3.11/site-packages/airflow/example_dags/example_local_kubernetes_executor.py
[2026-05-09T11:48:46.066+0000] {processor.py:183} INFO - Processing /home/vscode/.local/lib/python3.11/site-packages/airflow/example_dags/example_local_kubernetes_executor.py took 0.022 seconds
[2026-05-09T11:49:47.014+0000] {processor.py:161} INFO - Started process (PID=25835) to work on /home/vscode/.local/lib/python3.11/site-packages/airflow/example_dags/example_local_kubernetes_executor.py
[2026-05-09T11:49:47.014+0000] {processor.py:830} INFO - Processing file /home/vscode/.local/lib/python3.11/site-packages/airflow/example_dags/example_local_kubernetes_executor.py for tasks to queue
[2026-05-09T11:49:47.015+0000] {logging_mixin.py:188} INFO - [2026-05-09T11:49:47.015+0000] {dagbag.py:545} INFO - Filling up the DagBag from /home/vscode/.local/lib/python3.11/site-packages/airflow/example_dags/example_local_kubernetes_executor.py
[2026-05-09T11:49:47.017+0000] {logging_mixin.py:188} INFO - [2026-05-09T11:49:47.017+0000] {example_local_kubernetes_executor.py:40} WARNING - Could not import DAGs in example_local_kubernetes_executor.py
Traceback (most recent call last):
  File "/home/vscode/.local/lib/python3.11/site-packages/airflow/example_dags/example_local_kubernetes_executor.py", line 38, in <module>
    from kubernetes.client import models as k8s
ModuleNotFoundError: No module named 'kubernetes'
[2026-05-09T11:49:47.017+0000] {logging_mixin.py:188} INFO - [2026-05-09T11:49:47.017+0000] {example_local_kubernetes_executor.py:41} WARNING - Install Kubernetes dependencies with: pip install apache-airflow[cncf.kubernetes]
[2026-05-09T11:49:47.017+0000] {processor.py:842} WARNING - No viable dags retrieved from /home/vscode/.local/lib/python3.11/site-packages/airflow/example_dags/example_local_kubernetes_executor.py
[2026-05-09T11:49:47.024+0000] {processor.py:183} INFO - Processing /home/vscode/.local/lib/python3.11/site-packages/airflow/example_dags/example_local_kubernetes_executor.py took 0.017 seconds
[2026-05-09T11:50:50.357+0000] {processor.py:161} INFO - Started process (PID=26489) to work on /home/vscode/.local/lib/python3.11/site-packages/airflow/example_dags/example_local_kubernetes_executor.py
[2026-05-09T11:50:50.357+0000] {processor.py:830} INFO - Processing file /home/vscode/.local/lib/python3.11/site-packages/airflow/example_dags/example_local_kubernetes_executor.py for tasks to queue
[2026-05-09T11:50:50.358+0000] {logging_mixin.py:188} INFO - [2026-05-09T11:50:50.357+0000] {dagbag.py:545} INFO - Filling up the DagBag from /home/vscode/.local/lib/python3.11/site-packages/airflow/example_dags/example_local_kubernetes_executor.py
[2026-05-09T11:50:50.360+0000] {logging_mixin.py:188} INFO - [2026-05-09T11:50:50.360+0000] {example_local_kubernetes_executor.py:40} WARNING - Could not import DAGs in example_local_kubernetes_executor.py
Traceback (most recent call last):
  File "/home/vscode/.local/lib/python3.11/site-packages/airflow/example_dags/example_local_kubernetes_executor.py", line 38, in <module>
    from kubernetes.client import models as k8s
ModuleNotFoundError: No module named 'kubernetes'
[2026-05-09T11:50:50.360+0000] {logging_mixin.py:188} INFO - [2026-05-09T11:50:50.360+0000] {example_local_kubernetes_executor.py:41} WARNING - Install Kubernetes dependencies with: pip install apache-airflow[cncf.kubernetes]
[2026-05-09T11:50:50.361+0000] {processor.py:842} WARNING - No viable dags retrieved from /home/vscode/.local/lib/python3.11/site-packages/airflow/example_dags/example_local_kubernetes_executor.py
[2026-05-09T11:50:50.368+0000] {processor.py:183} INFO - Processing /home/vscode/.local/lib/python3.11/site-packages/airflow/example_dags/example_local_kubernetes_executor.py took 0.018 seconds
[2026-05-09T11:51:54.180+0000] {processor.py:161} INFO - Started process (PID=27197) to work on /home/vscode/.local/lib/python3.11/site-packages/airflow/example_dags/example_local_kubernetes_executor.py
[2026-05-09T11:51:54.181+0000] {processor.py:830} INFO - Processing file /home/vscode/.local/lib/python3.11/site-packages/airflow/example_dags/example_local_kubernetes_executor.py for tasks to queue
[2026-05-09T11:51:54.182+0000] {logging_mixin.py:188} INFO - [2026-05-09T11:51:54.182+0000] {dagbag.py:545} INFO - Filling up the DagBag from /home/vscode/.local/lib/python3.11/site-packages/airflow/example_dags/example_local_kubernetes_executor.py
[2026-05-09T11:51:54.185+0000] {logging_mixin.py:188} INFO - [2026-05-09T11:51:54.184+0000] {example_local_kubernetes_executor.py:40} WARNING - Could not import DAGs in example_local_kubernetes_executor.py
Traceback (most recent call last):
  File "/home/vscode/.local/lib/python3.11/site-packages/airflow/example_dags/example_local_kubernetes_executor.py", line 38, in <module>
    from kubernetes.client import models as k8s
ModuleNotFoundError: No module named 'kubernetes'
[2026-05-09T11:51:54.185+0000] {logging_mixin.py:188} INFO - [2026-05-09T11:51:54.185+0000] {example_local_kubernetes_executor.py:41} WARNING - Install Kubernetes dependencies with: pip install apache-airflow[cncf.kubernetes]
[2026-05-09T11:51:54.186+0000] {processor.py:842} WARNING - No viable dags retrieved from /home/vscode/.local/lib/python3.11/site-packages/airflow/example_dags/example_local_kubernetes_executor.py
[2026-05-09T11:51:54.196+0000] {processor.py:183} INFO - Processing /home/vscode/.local/lib/python3.11/site-packages/airflow/example_dags/example_local_kubernetes_executor.py took 0.025 seconds
[2026-05-09T11:52:53.707+0000] {processor.py:161} INFO - Started process (PID=27690) to work on /home/vscode/.local/lib/python3.11/site-packages/airflow/example_dags/example_local_kubernetes_executor.py
[2026-05-09T11:52:53.707+0000] {processor.py:830} INFO - Processing file /home/vscode/.local/lib/python3.11/site-packages/airflow/example_dags/example_local_kubernetes_executor.py for tasks to queue
[2026-05-09T11:52:53.708+0000] {logging_mixin.py:188} INFO - [2026-05-09T11:52:53.708+0000] {dagbag.py:545} INFO - Filling up the DagBag from /home/vscode/.local/lib/python3.11/site-packages/airflow/example_dags/example_local_kubernetes_executor.py
[2026-05-09T11:52:53.710+0000] {logging_mixin.py:188} INFO - [2026-05-09T11:52:53.710+0000] {example_local_kubernetes_executor.py:40} WARNING - Could not import DAGs in example_local_kubernetes_executor.py
Traceback (most recent call last):
  File "/home/vscode/.local/lib/python3.11/site-packages/airflow/example_dags/example_local_kubernetes_executor.py", line 38, in <module>
    from kubernetes.client import models as k8s
ModuleNotFoundError: No module named 'kubernetes'
[2026-05-09T11:52:53.710+0000] {logging_mixin.py:188} INFO - [2026-05-09T11:52:53.710+0000] {example_local_kubernetes_executor.py:41} WARNING - Install Kubernetes dependencies with: pip install apache-airflow[cncf.kubernetes]
[2026-05-09T11:52:53.711+0000] {processor.py:842} WARNING - No viable dags retrieved from /home/vscode/.local/lib/python3.11/site-packages/airflow/example_dags/example_local_kubernetes_executor.py
[2026-05-09T11:52:53.718+0000] {processor.py:183} INFO - Processing /home/vscode/.local/lib/python3.11/site-packages/airflow/example_dags/example_local_kubernetes_executor.py took 0.018 seconds
[2026-05-09T11:53:55.166+0000] {processor.py:161} INFO - Started process (PID=28276) to work on /home/vscode/.local/lib/python3.11/site-packages/airflow/example_dags/example_local_kubernetes_executor.py
[2026-05-09T11:53:55.167+0000] {processor.py:830} INFO - Processing file /home/vscode/.local/lib/python3.11/site-packages/airflow/example_dags/example_local_kubernetes_executor.py for tasks to queue
[2026-05-09T11:53:55.167+0000] {logging_mixin.py:188} INFO - [2026-05-09T11:53:55.167+0000] {dagbag.py:545} INFO - Filling up the DagBag from /home/vscode/.local/lib/python3.11/site-packages/airflow/example_dags/example_local_kubernetes_executor.py
[2026-05-09T11:53:55.170+0000] {logging_mixin.py:188} INFO - [2026-05-09T11:53:55.169+0000] {example_local_kubernetes_executor.py:40} WARNING - Could not import DAGs in example_local_kubernetes_executor.py
Traceback (most recent call last):
  File "/home/vscode/.local/lib/python3.11/site-packages/airflow/example_dags/example_local_kubernetes_executor.py", line 38, in <module>
    from kubernetes.client import models as k8s
ModuleNotFoundError: No module named 'kubernetes'
[2026-05-09T11:53:55.170+0000] {logging_mixin.py:188} INFO - [2026-05-09T11:53:55.170+0000] {example_local_kubernetes_executor.py:41} WARNING - Install Kubernetes dependencies with: pip install apache-airflow[cncf.kubernetes]
[2026-05-09T11:53:55.170+0000] {processor.py:842} WARNING - No viable dags retrieved from /home/vscode/.local/lib/python3.11/site-packages/airflow/example_dags/example_local_kubernetes_executor.py
[2026-05-09T11:53:55.177+0000] {processor.py:183} INFO - Processing /home/vscode/.local/lib/python3.11/site-packages/airflow/example_dags/example_local_kubernetes_executor.py took 0.016 seconds
[2026-05-09T11:54:56.807+0000] {processor.py:161} INFO - Started process (PID=28744) to work on /home/vscode/.local/lib/python3.11/site-packages/airflow/example_dags/example_local_kubernetes_executor.py
[2026-05-09T11:54:56.807+0000] {processor.py:830} INFO - Processing file /home/vscode/.local/lib/python3.11/site-packages/airflow/example_dags/example_local_kubernetes_executor.py for tasks to queue
[2026-05-09T11:54:56.808+0000] {logging_mixin.py:188} INFO - [2026-05-09T11:54:56.807+0000] {dagbag.py:545} INFO - Filling up the DagBag from /home/vscode/.local/lib/python3.11/site-packages/airflow/example_dags/example_local_kubernetes_executor.py
[2026-05-09T11:54:56.810+0000] {logging_mixin.py:188} INFO - [2026-05-09T11:54:56.810+0000] {example_local_kubernetes_executor.py:40} WARNING - Could not import DAGs in example_local_kubernetes_executor.py
Traceback (most recent call last):
  File "/home/vscode/.local/lib/python3.11/site-packages/airflow/example_dags/example_local_kubernetes_executor.py", line 38, in <module>
    from kubernetes.client import models as k8s
ModuleNotFoundError: No module named 'kubernetes'
[2026-05-09T11:54:56.810+0000] {logging_mixin.py:188} INFO - [2026-05-09T11:54:56.810+0000] {example_local_kubernetes_executor.py:41} WARNING - Install Kubernetes dependencies with: pip install apache-airflow[cncf.kubernetes]
[2026-05-09T11:54:56.811+0000] {processor.py:842} WARNING - No viable dags retrieved from /home/vscode/.local/lib/python3.11/site-packages/airflow/example_dags/example_local_kubernetes_executor.py
[2026-05-09T11:54:56.818+0000] {processor.py:183} INFO - Processing /home/vscode/.local/lib/python3.11/site-packages/airflow/example_dags/example_local_kubernetes_executor.py took 0.017 seconds
[2026-05-09T11:55:58.522+0000] {processor.py:161} INFO - Started process (PID=29269) to work on /home/vscode/.local/lib/python3.11/site-packages/airflow/example_dags/example_local_kubernetes_executor.py
[2026-05-09T11:55:58.522+0000] {processor.py:830} INFO - Processing file /home/vscode/.local/lib/python3.11/site-packages/airflow/example_dags/example_local_kubernetes_executor.py for tasks to queue
[2026-05-09T11:55:58.523+0000] {logging_mixin.py:188} INFO - [2026-05-09T11:55:58.523+0000] {dagbag.py:545} INFO - Filling up the DagBag from /home/vscode/.local/lib/python3.11/site-packages/airflow/example_dags/example_local_kubernetes_executor.py
[2026-05-09T11:55:58.526+0000] {logging_mixin.py:188} INFO - [2026-05-09T11:55:58.526+0000] {example_local_kubernetes_executor.py:40} WARNING - Could not import DAGs in example_local_kubernetes_executor.py
Traceback (most recent call last):
  File "/home/vscode/.local/lib/python3.11/site-packages/airflow/example_dags/example_local_kubernetes_executor.py", line 38, in <module>
    from kubernetes.client import models as k8s
ModuleNotFoundError: No module named 'kubernetes'
[2026-05-09T11:55:58.527+0000] {logging_mixin.py:188} INFO - [2026-05-09T11:55:58.527+0000] {example_local_kubernetes_executor.py:41} WARNING - Install Kubernetes dependencies with: pip install apache-airflow[cncf.kubernetes]
[2026-05-09T11:55:58.527+0000] {processor.py:842} WARNING - No viable dags retrieved from /home/vscode/.local/lib/python3.11/site-packages/airflow/example_dags/example_local_kubernetes_executor.py
[2026-05-09T11:55:58.538+0000] {processor.py:183} INFO - Processing /home/vscode/.local/lib/python3.11/site-packages/airflow/example_dags/example_local_kubernetes_executor.py took 0.023 seconds
[2026-05-09T11:56:59.076+0000] {processor.py:161} INFO - Started process (PID=29737) to work on /home/vscode/.local/lib/python3.11/site-packages/airflow/example_dags/example_local_kubernetes_executor.py
[2026-05-09T11:56:59.077+0000] {processor.py:830} INFO - Processing file /home/vscode/.local/lib/python3.11/site-packages/airflow/example_dags/example_local_kubernetes_executor.py for tasks to queue
[2026-05-09T11:56:59.077+0000] {logging_mixin.py:188} INFO - [2026-05-09T11:56:59.077+0000] {dagbag.py:545} INFO - Filling up the DagBag from /home/vscode/.local/lib/python3.11/site-packages/airflow/example_dags/example_local_kubernetes_executor.py
[2026-05-09T11:56:59.080+0000] {logging_mixin.py:188} INFO - [2026-05-09T11:56:59.079+0000] {example_local_kubernetes_executor.py:40} WARNING - Could not import DAGs in example_local_kubernetes_executor.py
Traceback (most recent call last):
  File "/home/vscode/.local/lib/python3.11/site-packages/airflow/example_dags/example_local_kubernetes_executor.py", line 38, in <module>
    from kubernetes.client import models as k8s
ModuleNotFoundError: No module named 'kubernetes'
[2026-05-09T11:56:59.080+0000] {logging_mixin.py:188} INFO - [2026-05-09T11:56:59.080+0000] {example_local_kubernetes_executor.py:41} WARNING - Install Kubernetes dependencies with: pip install apache-airflow[cncf.kubernetes]
[2026-05-09T11:56:59.080+0000] {processor.py:842} WARNING - No viable dags retrieved from /home/vscode/.local/lib/python3.11/site-packages/airflow/example_dags/example_local_kubernetes_executor.py
[2026-05-09T11:56:59.087+0000] {processor.py:183} INFO - Processing /home/vscode/.local/lib/python3.11/site-packages/airflow/example_dags/example_local_kubernetes_executor.py took 0.017 seconds
[2026-05-09T11:58:03.613+0000] {processor.py:161} INFO - Started process (PID=30277) to work on /home/vscode/.local/lib/python3.11/site-packages/airflow/example_dags/example_local_kubernetes_executor.py
[2026-05-09T11:58:03.614+0000] {processor.py:830} INFO - Processing file /home/vscode/.local/lib/python3.11/site-packages/airflow/example_dags/example_local_kubernetes_executor.py for tasks to queue
[2026-05-09T11:58:03.614+0000] {logging_mixin.py:188} INFO - [2026-05-09T11:58:03.614+0000] {dagbag.py:545} INFO - Filling up the DagBag from /home/vscode/.local/lib/python3.11/site-packages/airflow/example_dags/example_local_kubernetes_executor.py
[2026-05-09T11:58:03.617+0000] {logging_mixin.py:188} INFO - [2026-05-09T11:58:03.616+0000] {example_local_kubernetes_executor.py:40} WARNING - Could not import DAGs in example_local_kubernetes_executor.py
Traceback (most recent call last):
  File "/home/vscode/.local/lib/python3.11/site-packages/airflow/example_dags/example_local_kubernetes_executor.py", line 38, in <module>
    from kubernetes.client import models as k8s
ModuleNotFoundError: No module named 'kubernetes'
[2026-05-09T11:58:03.617+0000] {logging_mixin.py:188} INFO - [2026-05-09T11:58:03.617+0000] {example_local_kubernetes_executor.py:41} WARNING - Install Kubernetes dependencies with: pip install apache-airflow[cncf.kubernetes]
[2026-05-09T11:58:03.617+0000] {processor.py:842} WARNING - No viable dags retrieved from /home/vscode/.local/lib/python3.11/site-packages/airflow/example_dags/example_local_kubernetes_executor.py
[2026-05-09T11:58:03.624+0000] {processor.py:183} INFO - Processing /home/vscode/.local/lib/python3.11/site-packages/airflow/example_dags/example_local_kubernetes_executor.py took 0.017 seconds
[2026-05-09T11:59:07.868+0000] {processor.py:161} INFO - Started process (PID=30760) to work on /home/vscode/.local/lib/python3.11/site-packages/airflow/example_dags/example_local_kubernetes_executor.py
[2026-05-09T11:59:07.869+0000] {processor.py:830} INFO - Processing file /home/vscode/.local/lib/python3.11/site-packages/airflow/example_dags/example_local_kubernetes_executor.py for tasks to queue
[2026-05-09T11:59:07.869+0000] {logging_mixin.py:188} INFO - [2026-05-09T11:59:07.869+0000] {dagbag.py:545} INFO - Filling up the DagBag from /home/vscode/.local/lib/python3.11/site-packages/airflow/example_dags/example_local_kubernetes_executor.py
[2026-05-09T11:59:07.872+0000] {logging_mixin.py:188} INFO - [2026-05-09T11:59:07.872+0000] {example_local_kubernetes_executor.py:40} WARNING - Could not import DAGs in example_local_kubernetes_executor.py
Traceback (most recent call last):
  File "/home/vscode/.local/lib/python3.11/site-packages/airflow/example_dags/example_local_kubernetes_executor.py", line 38, in <module>
    from kubernetes.client import models as k8s
ModuleNotFoundError: No module named 'kubernetes'
[2026-05-09T11:59:07.872+0000] {logging_mixin.py:188} INFO - [2026-05-09T11:59:07.872+0000] {example_local_kubernetes_executor.py:41} WARNING - Install Kubernetes dependencies with: pip install apache-airflow[cncf.kubernetes]
[2026-05-09T11:59:07.873+0000] {processor.py:842} WARNING - No viable dags retrieved from /home/vscode/.local/lib/python3.11/site-packages/airflow/example_dags/example_local_kubernetes_executor.py
[2026-05-09T11:59:07.880+0000] {processor.py:183} INFO - Processing /home/vscode/.local/lib/python3.11/site-packages/airflow/example_dags/example_local_kubernetes_executor.py took 0.020 seconds
[2026-05-09T12:00:09.528+0000] {processor.py:161} INFO - Started process (PID=31286) to work on /home/vscode/.local/lib/python3.11/site-packages/airflow/example_dags/example_local_kubernetes_executor.py
[2026-05-09T12:00:09.528+0000] {processor.py:830} INFO - Processing file /home/vscode/.local/lib/python3.11/site-packages/airflow/example_dags/example_local_kubernetes_executor.py for tasks to queue
[2026-05-09T12:00:09.529+0000] {logging_mixin.py:188} INFO - [2026-05-09T12:00:09.529+0000] {dagbag.py:545} INFO - Filling up the DagBag from /home/vscode/.local/lib/python3.11/site-packages/airflow/example_dags/example_local_kubernetes_executor.py
[2026-05-09T12:00:09.531+0000] {logging_mixin.py:188} INFO - [2026-05-09T12:00:09.531+0000] {example_local_kubernetes_executor.py:40} WARNING - Could not import DAGs in example_local_kubernetes_executor.py
Traceback (most recent call last):
  File "/home/vscode/.local/lib/python3.11/site-packages/airflow/example_dags/example_local_kubernetes_executor.py", line 38, in <module>
    from kubernetes.client import models as k8s
ModuleNotFoundError: No module named 'kubernetes'
[2026-05-09T12:00:09.532+0000] {logging_mixin.py:188} INFO - [2026-05-09T12:00:09.532+0000] {example_local_kubernetes_executor.py:41} WARNING - Install Kubernetes dependencies with: pip install apache-airflow[cncf.kubernetes]
[2026-05-09T12:00:09.532+0000] {processor.py:842} WARNING - No viable dags retrieved from /home/vscode/.local/lib/python3.11/site-packages/airflow/example_dags/example_local_kubernetes_executor.py
[2026-05-09T12:00:09.539+0000] {processor.py:183} INFO - Processing /home/vscode/.local/lib/python3.11/site-packages/airflow/example_dags/example_local_kubernetes_executor.py took 0.017 seconds
[2026-05-09T12:01:12.353+0000] {processor.py:161} INFO - Started process (PID=31767) to work on /home/vscode/.local/lib/python3.11/site-packages/airflow/example_dags/example_local_kubernetes_executor.py
[2026-05-09T12:01:12.356+0000] {processor.py:830} INFO - Processing file /home/vscode/.local/lib/python3.11/site-packages/airflow/example_dags/example_local_kubernetes_executor.py for tasks to queue
[2026-05-09T12:01:12.356+0000] {logging_mixin.py:188} INFO - [2026-05-09T12:01:12.356+0000] {dagbag.py:545} INFO - Filling up the DagBag from /home/vscode/.local/lib/python3.11/site-packages/airflow/example_dags/example_local_kubernetes_executor.py
[2026-05-09T12:01:12.368+0000] {logging_mixin.py:188} INFO - [2026-05-09T12:01:12.367+0000] {example_local_kubernetes_executor.py:40} WARNING - Could not import DAGs in example_local_kubernetes_executor.py
Traceback (most recent call last):
  File "/home/vscode/.local/lib/python3.11/site-packages/airflow/example_dags/example_local_kubernetes_executor.py", line 38, in <module>
    from kubernetes.client import models as k8s
ModuleNotFoundError: No module named 'kubernetes'
[2026-05-09T12:01:12.368+0000] {logging_mixin.py:188} INFO - [2026-05-09T12:01:12.368+0000] {example_local_kubernetes_executor.py:41} WARNING - Install Kubernetes dependencies with: pip install apache-airflow[cncf.kubernetes]
[2026-05-09T12:01:12.368+0000] {processor.py:842} WARNING - No viable dags retrieved from /home/vscode/.local/lib/python3.11/site-packages/airflow/example_dags/example_local_kubernetes_executor.py
[2026-05-09T12:01:12.376+0000] {processor.py:183} INFO - Processing /home/vscode/.local/lib/python3.11/site-packages/airflow/example_dags/example_local_kubernetes_executor.py took 0.031 seconds
[2026-05-09T12:02:16.303+0000] {processor.py:161} INFO - Started process (PID=32304) to work on /home/vscode/.local/lib/python3.11/site-packages/airflow/example_dags/example_local_kubernetes_executor.py
[2026-05-09T12:02:16.304+0000] {processor.py:830} INFO - Processing file /home/vscode/.local/lib/python3.11/site-packages/airflow/example_dags/example_local_kubernetes_executor.py for tasks to queue
[2026-05-09T12:02:16.304+0000] {logging_mixin.py:188} INFO - [2026-05-09T12:02:16.304+0000] {dagbag.py:545} INFO - Filling up the DagBag from /home/vscode/.local/lib/python3.11/site-packages/airflow/example_dags/example_local_kubernetes_executor.py
[2026-05-09T12:02:16.306+0000] {logging_mixin.py:188} INFO - [2026-05-09T12:02:16.306+0000] {example_local_kubernetes_executor.py:40} WARNING - Could not import DAGs in example_local_kubernetes_executor.py
Traceback (most recent call last):
  File "/home/vscode/.local/lib/python3.11/site-packages/airflow/example_dags/example_local_kubernetes_executor.py", line 38, in <module>
    from kubernetes.client import models as k8s
ModuleNotFoundError: No module named 'kubernetes'
[2026-05-09T12:02:16.307+0000] {logging_mixin.py:188} INFO - [2026-05-09T12:02:16.307+0000] {example_local_kubernetes_executor.py:41} WARNING - Install Kubernetes dependencies with: pip install apache-airflow[cncf.kubernetes]
[2026-05-09T12:02:16.307+0000] {processor.py:842} WARNING - No viable dags retrieved from /home/vscode/.local/lib/python3.11/site-packages/airflow/example_dags/example_local_kubernetes_executor.py
[2026-05-09T12:02:16.319+0000] {processor.py:183} INFO - Processing /home/vscode/.local/lib/python3.11/site-packages/airflow/example_dags/example_local_kubernetes_executor.py took 0.023 seconds
[2026-05-09T12:03:18.996+0000] {processor.py:161} INFO - Started process (PID=32776) to work on /home/vscode/.local/lib/python3.11/site-packages/airflow/example_dags/example_local_kubernetes_executor.py
[2026-05-09T12:03:18.997+0000] {processor.py:830} INFO - Processing file /home/vscode/.local/lib/python3.11/site-packages/airflow/example_dags/example_local_kubernetes_executor.py for tasks to queue
[2026-05-09T12:03:18.997+0000] {logging_mixin.py:188} INFO - [2026-05-09T12:03:18.997+0000] {dagbag.py:545} INFO - Filling up the DagBag from /home/vscode/.local/lib/python3.11/site-packages/airflow/example_dags/example_local_kubernetes_executor.py
[2026-05-09T12:03:19.000+0000] {logging_mixin.py:188} INFO - [2026-05-09T12:03:18.999+0000] {example_local_kubernetes_executor.py:40} WARNING - Could not import DAGs in example_local_kubernetes_executor.py
Traceback (most recent call last):
  File "/home/vscode/.local/lib/python3.11/site-packages/airflow/example_dags/example_local_kubernetes_executor.py", line 38, in <module>
    from kubernetes.client import models as k8s
ModuleNotFoundError: No module named 'kubernetes'
[2026-05-09T12:03:19.000+0000] {logging_mixin.py:188} INFO - [2026-05-09T12:03:19.000+0000] {example_local_kubernetes_executor.py:41} WARNING - Install Kubernetes dependencies with: pip install apache-airflow[cncf.kubernetes]
[2026-05-09T12:03:19.000+0000] {processor.py:842} WARNING - No viable dags retrieved from /home/vscode/.local/lib/python3.11/site-packages/airflow/example_dags/example_local_kubernetes_executor.py
[2026-05-09T12:03:19.007+0000] {processor.py:183} INFO - Processing /home/vscode/.local/lib/python3.11/site-packages/airflow/example_dags/example_local_kubernetes_executor.py took 0.017 seconds
[2026-05-09T12:04:23.161+0000] {processor.py:161} INFO - Started process (PID=33389) to work on /home/vscode/.local/lib/python3.11/site-packages/airflow/example_dags/example_local_kubernetes_executor.py
[2026-05-09T12:04:23.162+0000] {processor.py:830} INFO - Processing file /home/vscode/.local/lib/python3.11/site-packages/airflow/example_dags/example_local_kubernetes_executor.py for tasks to queue
[2026-05-09T12:04:23.163+0000] {logging_mixin.py:188} INFO - [2026-05-09T12:04:23.162+0000] {dagbag.py:545} INFO - Filling up the DagBag from /home/vscode/.local/lib/python3.11/site-packages/airflow/example_dags/example_local_kubernetes_executor.py
[2026-05-09T12:04:23.165+0000] {logging_mixin.py:188} INFO - [2026-05-09T12:04:23.164+0000] {example_local_kubernetes_executor.py:40} WARNING - Could not import DAGs in example_local_kubernetes_executor.py
Traceback (most recent call last):
  File "/home/vscode/.local/lib/python3.11/site-packages/airflow/example_dags/example_local_kubernetes_executor.py", line 38, in <module>
    from kubernetes.client import models as k8s
ModuleNotFoundError: No module named 'kubernetes'
[2026-05-09T12:04:23.165+0000] {logging_mixin.py:188} INFO - [2026-05-09T12:04:23.165+0000] {example_local_kubernetes_executor.py:41} WARNING - Install Kubernetes dependencies with: pip install apache-airflow[cncf.kubernetes]
[2026-05-09T12:04:23.165+0000] {processor.py:842} WARNING - No viable dags retrieved from /home/vscode/.local/lib/python3.11/site-packages/airflow/example_dags/example_local_kubernetes_executor.py
[2026-05-09T12:04:23.173+0000] {processor.py:183} INFO - Processing /home/vscode/.local/lib/python3.11/site-packages/airflow/example_dags/example_local_kubernetes_executor.py took 0.018 seconds
[2026-05-09T12:05:25.197+0000] {processor.py:161} INFO - Started process (PID=33855) to work on /home/vscode/.local/lib/python3.11/site-packages/airflow/example_dags/example_local_kubernetes_executor.py
[2026-05-09T12:05:25.202+0000] {processor.py:830} INFO - Processing file /home/vscode/.local/lib/python3.11/site-packages/airflow/example_dags/example_local_kubernetes_executor.py for tasks to queue
[2026-05-09T12:05:25.202+0000] {logging_mixin.py:188} INFO - [2026-05-09T12:05:25.202+0000] {dagbag.py:545} INFO - Filling up the DagBag from /home/vscode/.local/lib/python3.11/site-packages/airflow/example_dags/example_local_kubernetes_executor.py
[2026-05-09T12:05:25.210+0000] {logging_mixin.py:188} INFO - [2026-05-09T12:05:25.205+0000] {example_local_kubernetes_executor.py:40} WARNING - Could not import DAGs in example_local_kubernetes_executor.py
Traceback (most recent call last):
  File "/home/vscode/.local/lib/python3.11/site-packages/airflow/example_dags/example_local_kubernetes_executor.py", line 38, in <module>
    from kubernetes.client import models as k8s
ModuleNotFoundError: No module named 'kubernetes'
[2026-05-09T12:05:25.211+0000] {logging_mixin.py:188} INFO - [2026-05-09T12:05:25.211+0000] {example_local_kubernetes_executor.py:41} WARNING - Install Kubernetes dependencies with: pip install apache-airflow[cncf.kubernetes]
[2026-05-09T12:05:25.211+0000] {processor.py:842} WARNING - No viable dags retrieved from /home/vscode/.local/lib/python3.11/site-packages/airflow/example_dags/example_local_kubernetes_executor.py
[2026-05-09T12:05:25.244+0000] {processor.py:183} INFO - Processing /home/vscode/.local/lib/python3.11/site-packages/airflow/example_dags/example_local_kubernetes_executor.py took 0.065 seconds
[2026-05-09T12:06:28.504+0000] {processor.py:161} INFO - Started process (PID=34397) to work on /home/vscode/.local/lib/python3.11/site-packages/airflow/example_dags/example_local_kubernetes_executor.py
[2026-05-09T12:06:28.504+0000] {processor.py:830} INFO - Processing file /home/vscode/.local/lib/python3.11/site-packages/airflow/example_dags/example_local_kubernetes_executor.py for tasks to queue
[2026-05-09T12:06:28.505+0000] {logging_mixin.py:188} INFO - [2026-05-09T12:06:28.505+0000] {dagbag.py:545} INFO - Filling up the DagBag from /home/vscode/.local/lib/python3.11/site-packages/airflow/example_dags/example_local_kubernetes_executor.py
[2026-05-09T12:06:28.507+0000] {logging_mixin.py:188} INFO - [2026-05-09T12:06:28.507+0000] {example_local_kubernetes_executor.py:40} WARNING - Could not import DAGs in example_local_kubernetes_executor.py
Traceback (most recent call last):
  File "/home/vscode/.local/lib/python3.11/site-packages/airflow/example_dags/example_local_kubernetes_executor.py", line 38, in <module>
    from kubernetes.client import models as k8s
ModuleNotFoundError: No module named 'kubernetes'
[2026-05-09T12:06:28.507+0000] {logging_mixin.py:188} INFO - [2026-05-09T12:06:28.507+0000] {example_local_kubernetes_executor.py:41} WARNING - Install Kubernetes dependencies with: pip install apache-airflow[cncf.kubernetes]
[2026-05-09T12:06:28.507+0000] {processor.py:842} WARNING - No viable dags retrieved from /home/vscode/.local/lib/python3.11/site-packages/airflow/example_dags/example_local_kubernetes_executor.py
[2026-05-09T12:06:28.514+0000] {processor.py:183} INFO - Processing /home/vscode/.local/lib/python3.11/site-packages/airflow/example_dags/example_local_kubernetes_executor.py took 0.017 seconds
[2026-05-09T12:07:34.720+0000] {processor.py:161} INFO - Started process (PID=34913) to work on /home/vscode/.local/lib/python3.11/site-packages/airflow/example_dags/example_local_kubernetes_executor.py
[2026-05-09T12:07:34.721+0000] {processor.py:830} INFO - Processing file /home/vscode/.local/lib/python3.11/site-packages/airflow/example_dags/example_local_kubernetes_executor.py for tasks to queue
[2026-05-09T12:07:34.721+0000] {logging_mixin.py:188} INFO - [2026-05-09T12:07:34.721+0000] {dagbag.py:545} INFO - Filling up the DagBag from /home/vscode/.local/lib/python3.11/site-packages/airflow/example_dags/example_local_kubernetes_executor.py
[2026-05-09T12:07:34.724+0000] {logging_mixin.py:188} INFO - [2026-05-09T12:07:34.724+0000] {example_local_kubernetes_executor.py:40} WARNING - Could not import DAGs in example_local_kubernetes_executor.py
Traceback (most recent call last):
  File "/home/vscode/.local/lib/python3.11/site-packages/airflow/example_dags/example_local_kubernetes_executor.py", line 38, in <module>
    from kubernetes.client import models as k8s
ModuleNotFoundError: No module named 'kubernetes'
[2026-05-09T12:07:34.724+0000] {logging_mixin.py:188} INFO - [2026-05-09T12:07:34.724+0000] {example_local_kubernetes_executor.py:41} WARNING - Install Kubernetes dependencies with: pip install apache-airflow[cncf.kubernetes]
[2026-05-09T12:07:34.725+0000] {processor.py:842} WARNING - No viable dags retrieved from /home/vscode/.local/lib/python3.11/site-packages/airflow/example_dags/example_local_kubernetes_executor.py
[2026-05-09T12:07:34.733+0000] {processor.py:183} INFO - Processing /home/vscode/.local/lib/python3.11/site-packages/airflow/example_dags/example_local_kubernetes_executor.py took 0.020 seconds
[2026-05-09T12:08:35.977+0000] {processor.py:161} INFO - Started process (PID=35472) to work on /home/vscode/.local/lib/python3.11/site-packages/airflow/example_dags/example_local_kubernetes_executor.py
[2026-05-09T12:08:35.978+0000] {processor.py:830} INFO - Processing file /home/vscode/.local/lib/python3.11/site-packages/airflow/example_dags/example_local_kubernetes_executor.py for tasks to queue
[2026-05-09T12:08:35.978+0000] {logging_mixin.py:188} INFO - [2026-05-09T12:08:35.978+0000] {dagbag.py:545} INFO - Filling up the DagBag from /home/vscode/.local/lib/python3.11/site-packages/airflow/example_dags/example_local_kubernetes_executor.py
[2026-05-09T12:08:35.980+0000] {logging_mixin.py:188} INFO - [2026-05-09T12:08:35.980+0000] {example_local_kubernetes_executor.py:40} WARNING - Could not import DAGs in example_local_kubernetes_executor.py
Traceback (most recent call last):
  File "/home/vscode/.local/lib/python3.11/site-packages/airflow/example_dags/example_local_kubernetes_executor.py", line 38, in <module>
    from kubernetes.client import models as k8s
ModuleNotFoundError: No module named 'kubernetes'
[2026-05-09T12:08:35.981+0000] {logging_mixin.py:188} INFO - [2026-05-09T12:08:35.981+0000] {example_local_kubernetes_executor.py:41} WARNING - Install Kubernetes dependencies with: pip install apache-airflow[cncf.kubernetes]
[2026-05-09T12:08:35.981+0000] {processor.py:842} WARNING - No viable dags retrieved from /home/vscode/.local/lib/python3.11/site-packages/airflow/example_dags/example_local_kubernetes_executor.py
[2026-05-09T12:08:35.988+0000] {processor.py:183} INFO - Processing /home/vscode/.local/lib/python3.11/site-packages/airflow/example_dags/example_local_kubernetes_executor.py took 0.017 seconds
[2026-05-09T12:09:33.802+0000] {processor.py:161} INFO - Started process (PID=35927) to work on /home/vscode/.local/lib/python3.11/site-packages/airflow/example_dags/example_local_kubernetes_executor.py
[2026-05-09T12:09:33.802+0000] {processor.py:830} INFO - Processing file /home/vscode/.local/lib/python3.11/site-packages/airflow/example_dags/example_local_kubernetes_executor.py for tasks to queue
[2026-05-09T12:09:33.803+0000] {logging_mixin.py:188} INFO - [2026-05-09T12:09:33.803+0000] {dagbag.py:545} INFO - Filling up the DagBag from /home/vscode/.local/lib/python3.11/site-packages/airflow/example_dags/example_local_kubernetes_executor.py
[2026-05-09T12:09:33.805+0000] {logging_mixin.py:188} INFO - [2026-05-09T12:09:33.805+0000] {example_local_kubernetes_executor.py:40} WARNING - Could not import DAGs in example_local_kubernetes_executor.py
Traceback (most recent call last):
  File "/home/vscode/.local/lib/python3.11/site-packages/airflow/example_dags/example_local_kubernetes_executor.py", line 38, in <module>
    from kubernetes.client import models as k8s
ModuleNotFoundError: No module named 'kubernetes'
[2026-05-09T12:09:33.805+0000] {logging_mixin.py:188} INFO - [2026-05-09T12:09:33.805+0000] {example_local_kubernetes_executor.py:41} WARNING - Install Kubernetes dependencies with: pip install apache-airflow[cncf.kubernetes]
[2026-05-09T12:09:33.806+0000] {processor.py:842} WARNING - No viable dags retrieved from /home/vscode/.local/lib/python3.11/site-packages/airflow/example_dags/example_local_kubernetes_executor.py
[2026-05-09T12:09:33.813+0000] {processor.py:183} INFO - Processing /home/vscode/.local/lib/python3.11/site-packages/airflow/example_dags/example_local_kubernetes_executor.py took 0.019 seconds
[2026-05-09T12:10:36.580+0000] {processor.py:161} INFO - Started process (PID=36519) to work on /home/vscode/.local/lib/python3.11/site-packages/airflow/example_dags/example_local_kubernetes_executor.py
[2026-05-09T12:10:36.581+0000] {processor.py:830} INFO - Processing file /home/vscode/.local/lib/python3.11/site-packages/airflow/example_dags/example_local_kubernetes_executor.py for tasks to queue
[2026-05-09T12:10:36.582+0000] {logging_mixin.py:188} INFO - [2026-05-09T12:10:36.581+0000] {dagbag.py:545} INFO - Filling up the DagBag from /home/vscode/.local/lib/python3.11/site-packages/airflow/example_dags/example_local_kubernetes_executor.py
[2026-05-09T12:10:36.584+0000] {logging_mixin.py:188} INFO - [2026-05-09T12:10:36.583+0000] {example_local_kubernetes_executor.py:40} WARNING - Could not import DAGs in example_local_kubernetes_executor.py
Traceback (most recent call last):
  File "/home/vscode/.local/lib/python3.11/site-packages/airflow/example_dags/example_local_kubernetes_executor.py", line 38, in <module>
    from kubernetes.client import models as k8s
ModuleNotFoundError: No module named 'kubernetes'
[2026-05-09T12:10:36.584+0000] {logging_mixin.py:188} INFO - [2026-05-09T12:10:36.584+0000] {example_local_kubernetes_executor.py:41} WARNING - Install Kubernetes dependencies with: pip install apache-airflow[cncf.kubernetes]
[2026-05-09T12:10:36.584+0000] {processor.py:842} WARNING - No viable dags retrieved from /home/vscode/.local/lib/python3.11/site-packages/airflow/example_dags/example_local_kubernetes_executor.py
[2026-05-09T12:10:36.591+0000] {processor.py:183} INFO - Processing /home/vscode/.local/lib/python3.11/site-packages/airflow/example_dags/example_local_kubernetes_executor.py took 0.017 seconds
[2026-05-09T12:11:37.232+0000] {processor.py:161} INFO - Started process (PID=36980) to work on /home/vscode/.local/lib/python3.11/site-packages/airflow/example_dags/example_local_kubernetes_executor.py
[2026-05-09T12:11:37.232+0000] {processor.py:830} INFO - Processing file /home/vscode/.local/lib/python3.11/site-packages/airflow/example_dags/example_local_kubernetes_executor.py for tasks to queue
[2026-05-09T12:11:37.233+0000] {logging_mixin.py:188} INFO - [2026-05-09T12:11:37.233+0000] {dagbag.py:545} INFO - Filling up the DagBag from /home/vscode/.local/lib/python3.11/site-packages/airflow/example_dags/example_local_kubernetes_executor.py
[2026-05-09T12:11:37.236+0000] {logging_mixin.py:188} INFO - [2026-05-09T12:11:37.235+0000] {example_local_kubernetes_executor.py:40} WARNING - Could not import DAGs in example_local_kubernetes_executor.py
Traceback (most recent call last):
  File "/home/vscode/.local/lib/python3.11/site-packages/airflow/example_dags/example_local_kubernetes_executor.py", line 38, in <module>
    from kubernetes.client import models as k8s
ModuleNotFoundError: No module named 'kubernetes'
[2026-05-09T12:11:37.236+0000] {logging_mixin.py:188} INFO - [2026-05-09T12:11:37.236+0000] {example_local_kubernetes_executor.py:41} WARNING - Install Kubernetes dependencies with: pip install apache-airflow[cncf.kubernetes]
[2026-05-09T12:11:37.236+0000] {processor.py:842} WARNING - No viable dags retrieved from /home/vscode/.local/lib/python3.11/site-packages/airflow/example_dags/example_local_kubernetes_executor.py
[2026-05-09T12:11:37.245+0000] {processor.py:183} INFO - Processing /home/vscode/.local/lib/python3.11/site-packages/airflow/example_dags/example_local_kubernetes_executor.py took 0.021 seconds
[2026-05-09T12:12:37.598+0000] {processor.py:161} INFO - Started process (PID=37505) to work on /home/vscode/.local/lib/python3.11/site-packages/airflow/example_dags/example_local_kubernetes_executor.py
[2026-05-09T12:12:37.599+0000] {processor.py:830} INFO - Processing file /home/vscode/.local/lib/python3.11/site-packages/airflow/example_dags/example_local_kubernetes_executor.py for tasks to queue
[2026-05-09T12:12:37.599+0000] {logging_mixin.py:188} INFO - [2026-05-09T12:12:37.599+0000] {dagbag.py:545} INFO - Filling up the DagBag from /home/vscode/.local/lib/python3.11/site-packages/airflow/example_dags/example_local_kubernetes_executor.py
[2026-05-09T12:12:37.602+0000] {logging_mixin.py:188} INFO - [2026-05-09T12:12:37.601+0000] {example_local_kubernetes_executor.py:40} WARNING - Could not import DAGs in example_local_kubernetes_executor.py
Traceback (most recent call last):
  File "/home/vscode/.local/lib/python3.11/site-packages/airflow/example_dags/example_local_kubernetes_executor.py", line 38, in <module>
    from kubernetes.client import models as k8s
ModuleNotFoundError: No module named 'kubernetes'
[2026-05-09T12:12:37.602+0000] {logging_mixin.py:188} INFO - [2026-05-09T12:12:37.602+0000] {example_local_kubernetes_executor.py:41} WARNING - Install Kubernetes dependencies with: pip install apache-airflow[cncf.kubernetes]
[2026-05-09T12:12:37.602+0000] {processor.py:842} WARNING - No viable dags retrieved from /home/vscode/.local/lib/python3.11/site-packages/airflow/example_dags/example_local_kubernetes_executor.py
[2026-05-09T12:12:37.610+0000] {processor.py:183} INFO - Processing /home/vscode/.local/lib/python3.11/site-packages/airflow/example_dags/example_local_kubernetes_executor.py took 0.018 seconds
[2026-05-09T12:13:39.996+0000] {processor.py:161} INFO - Started process (PID=38035) to work on /home/vscode/.local/lib/python3.11/site-packages/airflow/example_dags/example_local_kubernetes_executor.py
[2026-05-09T12:13:39.996+0000] {processor.py:830} INFO - Processing file /home/vscode/.local/lib/python3.11/site-packages/airflow/example_dags/example_local_kubernetes_executor.py for tasks to queue
[2026-05-09T12:13:39.997+0000] {logging_mixin.py:188} INFO - [2026-05-09T12:13:39.997+0000] {dagbag.py:545} INFO - Filling up the DagBag from /home/vscode/.local/lib/python3.11/site-packages/airflow/example_dags/example_local_kubernetes_executor.py
[2026-05-09T12:13:39.999+0000] {logging_mixin.py:188} INFO - [2026-05-09T12:13:39.999+0000] {example_local_kubernetes_executor.py:40} WARNING - Could not import DAGs in example_local_kubernetes_executor.py
Traceback (most recent call last):
  File "/home/vscode/.local/lib/python3.11/site-packages/airflow/example_dags/example_local_kubernetes_executor.py", line 38, in <module>
    from kubernetes.client import models as k8s
ModuleNotFoundError: No module named 'kubernetes'
[2026-05-09T12:13:40.000+0000] {logging_mixin.py:188} INFO - [2026-05-09T12:13:39.999+0000] {example_local_kubernetes_executor.py:41} WARNING - Install Kubernetes dependencies with: pip install apache-airflow[cncf.kubernetes]
[2026-05-09T12:13:40.000+0000] {processor.py:842} WARNING - No viable dags retrieved from /home/vscode/.local/lib/python3.11/site-packages/airflow/example_dags/example_local_kubernetes_executor.py
[2026-05-09T12:13:40.008+0000] {processor.py:183} INFO - Processing /home/vscode/.local/lib/python3.11/site-packages/airflow/example_dags/example_local_kubernetes_executor.py took 0.019 seconds
[2026-05-09T12:14:47.142+0000] {processor.py:161} INFO - Started process (PID=38593) to work on /home/vscode/.local/lib/python3.11/site-packages/airflow/example_dags/example_local_kubernetes_executor.py
[2026-05-09T12:14:47.142+0000] {processor.py:830} INFO - Processing file /home/vscode/.local/lib/python3.11/site-packages/airflow/example_dags/example_local_kubernetes_executor.py for tasks to queue
[2026-05-09T12:14:47.143+0000] {logging_mixin.py:188} INFO - [2026-05-09T12:14:47.143+0000] {dagbag.py:545} INFO - Filling up the DagBag from /home/vscode/.local/lib/python3.11/site-packages/airflow/example_dags/example_local_kubernetes_executor.py
[2026-05-09T12:14:47.146+0000] {logging_mixin.py:188} INFO - [2026-05-09T12:14:47.145+0000] {example_local_kubernetes_executor.py:40} WARNING - Could not import DAGs in example_local_kubernetes_executor.py
Traceback (most recent call last):
  File "/home/vscode/.local/lib/python3.11/site-packages/airflow/example_dags/example_local_kubernetes_executor.py", line 38, in <module>
    from kubernetes.client import models as k8s
ModuleNotFoundError: No module named 'kubernetes'
[2026-05-09T12:14:47.146+0000] {logging_mixin.py:188} INFO - [2026-05-09T12:14:47.146+0000] {example_local_kubernetes_executor.py:41} WARNING - Install Kubernetes dependencies with: pip install apache-airflow[cncf.kubernetes]
[2026-05-09T12:14:47.146+0000] {processor.py:842} WARNING - No viable dags retrieved from /home/vscode/.local/lib/python3.11/site-packages/airflow/example_dags/example_local_kubernetes_executor.py
[2026-05-09T12:14:47.155+0000] {processor.py:183} INFO - Processing /home/vscode/.local/lib/python3.11/site-packages/airflow/example_dags/example_local_kubernetes_executor.py took 0.021 seconds
[2026-05-09T12:15:47.570+0000] {processor.py:161} INFO - Started process (PID=39056) to work on /home/vscode/.local/lib/python3.11/site-packages/airflow/example_dags/example_local_kubernetes_executor.py
[2026-05-09T12:15:47.571+0000] {processor.py:830} INFO - Processing file /home/vscode/.local/lib/python3.11/site-packages/airflow/example_dags/example_local_kubernetes_executor.py for tasks to queue
[2026-05-09T12:15:47.571+0000] {logging_mixin.py:188} INFO - [2026-05-09T12:15:47.571+0000] {dagbag.py:545} INFO - Filling up the DagBag from /home/vscode/.local/lib/python3.11/site-packages/airflow/example_dags/example_local_kubernetes_executor.py
[2026-05-09T12:15:47.574+0000] {logging_mixin.py:188} INFO - [2026-05-09T12:15:47.573+0000] {example_local_kubernetes_executor.py:40} WARNING - Could not import DAGs in example_local_kubernetes_executor.py
Traceback (most recent call last):
  File "/home/vscode/.local/lib/python3.11/site-packages/airflow/example_dags/example_local_kubernetes_executor.py", line 38, in <module>
    from kubernetes.client import models as k8s
ModuleNotFoundError: No module named 'kubernetes'
[2026-05-09T12:15:47.574+0000] {logging_mixin.py:188} INFO - [2026-05-09T12:15:47.574+0000] {example_local_kubernetes_executor.py:41} WARNING - Install Kubernetes dependencies with: pip install apache-airflow[cncf.kubernetes]
[2026-05-09T12:15:47.574+0000] {processor.py:842} WARNING - No viable dags retrieved from /home/vscode/.local/lib/python3.11/site-packages/airflow/example_dags/example_local_kubernetes_executor.py
[2026-05-09T12:15:47.581+0000] {processor.py:183} INFO - Processing /home/vscode/.local/lib/python3.11/site-packages/airflow/example_dags/example_local_kubernetes_executor.py took 0.017 seconds
[2026-05-09T12:16:54.694+0000] {processor.py:161} INFO - Started process (PID=39614) to work on /home/vscode/.local/lib/python3.11/site-packages/airflow/example_dags/example_local_kubernetes_executor.py
[2026-05-09T12:16:54.695+0000] {processor.py:830} INFO - Processing file /home/vscode/.local/lib/python3.11/site-packages/airflow/example_dags/example_local_kubernetes_executor.py for tasks to queue
[2026-05-09T12:16:54.696+0000] {logging_mixin.py:188} INFO - [2026-05-09T12:16:54.695+0000] {dagbag.py:545} INFO - Filling up the DagBag from /home/vscode/.local/lib/python3.11/site-packages/airflow/example_dags/example_local_kubernetes_executor.py
[2026-05-09T12:16:54.698+0000] {logging_mixin.py:188} INFO - [2026-05-09T12:16:54.698+0000] {example_local_kubernetes_executor.py:40} WARNING - Could not import DAGs in example_local_kubernetes_executor.py
Traceback (most recent call last):
  File "/home/vscode/.local/lib/python3.11/site-packages/airflow/example_dags/example_local_kubernetes_executor.py", line 38, in <module>
    from kubernetes.client import models as k8s
ModuleNotFoundError: No module named 'kubernetes'
[2026-05-09T12:16:54.698+0000] {logging_mixin.py:188} INFO - [2026-05-09T12:16:54.698+0000] {example_local_kubernetes_executor.py:41} WARNING - Install Kubernetes dependencies with: pip install apache-airflow[cncf.kubernetes]
[2026-05-09T12:16:54.698+0000] {processor.py:842} WARNING - No viable dags retrieved from /home/vscode/.local/lib/python3.11/site-packages/airflow/example_dags/example_local_kubernetes_executor.py
[2026-05-09T12:16:54.705+0000] {processor.py:183} INFO - Processing /home/vscode/.local/lib/python3.11/site-packages/airflow/example_dags/example_local_kubernetes_executor.py took 0.017 seconds
[2026-05-09T12:17:41.040+0000] {processor.py:161} INFO - Started process (PID=39992) to work on /home/vscode/.local/lib/python3.11/site-packages/airflow/example_dags/example_local_kubernetes_executor.py
[2026-05-09T12:17:41.041+0000] {processor.py:830} INFO - Processing file /home/vscode/.local/lib/python3.11/site-packages/airflow/example_dags/example_local_kubernetes_executor.py for tasks to queue
[2026-05-09T12:17:41.041+0000] {logging_mixin.py:188} INFO - [2026-05-09T12:17:41.041+0000] {dagbag.py:545} INFO - Filling up the DagBag from /home/vscode/.local/lib/python3.11/site-packages/airflow/example_dags/example_local_kubernetes_executor.py
[2026-05-09T12:17:41.044+0000] {logging_mixin.py:188} INFO - [2026-05-09T12:17:41.043+0000] {example_local_kubernetes_executor.py:40} WARNING - Could not import DAGs in example_local_kubernetes_executor.py
Traceback (most recent call last):
  File "/home/vscode/.local/lib/python3.11/site-packages/airflow/example_dags/example_local_kubernetes_executor.py", line 38, in <module>
    from kubernetes.client import models as k8s
ModuleNotFoundError: No module named 'kubernetes'
[2026-05-09T12:17:41.044+0000] {logging_mixin.py:188} INFO - [2026-05-09T12:17:41.044+0000] {example_local_kubernetes_executor.py:41} WARNING - Install Kubernetes dependencies with: pip install apache-airflow[cncf.kubernetes]
[2026-05-09T12:17:41.044+0000] {processor.py:842} WARNING - No viable dags retrieved from /home/vscode/.local/lib/python3.11/site-packages/airflow/example_dags/example_local_kubernetes_executor.py
[2026-05-09T12:17:41.051+0000] {processor.py:183} INFO - Processing /home/vscode/.local/lib/python3.11/site-packages/airflow/example_dags/example_local_kubernetes_executor.py took 0.020 seconds
[2026-05-09T12:18:42.949+0000] {processor.py:161} INFO - Started process (PID=40524) to work on /home/vscode/.local/lib/python3.11/site-packages/airflow/example_dags/example_local_kubernetes_executor.py
[2026-05-09T12:18:42.950+0000] {processor.py:830} INFO - Processing file /home/vscode/.local/lib/python3.11/site-packages/airflow/example_dags/example_local_kubernetes_executor.py for tasks to queue
[2026-05-09T12:18:42.950+0000] {logging_mixin.py:188} INFO - [2026-05-09T12:18:42.950+0000] {dagbag.py:545} INFO - Filling up the DagBag from /home/vscode/.local/lib/python3.11/site-packages/airflow/example_dags/example_local_kubernetes_executor.py
[2026-05-09T12:18:42.953+0000] {logging_mixin.py:188} INFO - [2026-05-09T12:18:42.952+0000] {example_local_kubernetes_executor.py:40} WARNING - Could not import DAGs in example_local_kubernetes_executor.py
Traceback (most recent call last):
  File "/home/vscode/.local/lib/python3.11/site-packages/airflow/example_dags/example_local_kubernetes_executor.py", line 38, in <module>
    from kubernetes.client import models as k8s
ModuleNotFoundError: No module named 'kubernetes'
[2026-05-09T12:18:42.953+0000] {logging_mixin.py:188} INFO - [2026-05-09T12:18:42.953+0000] {example_local_kubernetes_executor.py:41} WARNING - Install Kubernetes dependencies with: pip install apache-airflow[cncf.kubernetes]
[2026-05-09T12:18:42.953+0000] {processor.py:842} WARNING - No viable dags retrieved from /home/vscode/.local/lib/python3.11/site-packages/airflow/example_dags/example_local_kubernetes_executor.py
[2026-05-09T12:18:42.960+0000] {processor.py:183} INFO - Processing /home/vscode/.local/lib/python3.11/site-packages/airflow/example_dags/example_local_kubernetes_executor.py took 0.018 seconds
[2026-05-09T12:19:47.612+0000] {processor.py:161} INFO - Started process (PID=41072) to work on /home/vscode/.local/lib/python3.11/site-packages/airflow/example_dags/example_local_kubernetes_executor.py
[2026-05-09T12:19:47.613+0000] {processor.py:830} INFO - Processing file /home/vscode/.local/lib/python3.11/site-packages/airflow/example_dags/example_local_kubernetes_executor.py for tasks to queue
[2026-05-09T12:19:47.613+0000] {logging_mixin.py:188} INFO - [2026-05-09T12:19:47.613+0000] {dagbag.py:545} INFO - Filling up the DagBag from /home/vscode/.local/lib/python3.11/site-packages/airflow/example_dags/example_local_kubernetes_executor.py
[2026-05-09T12:19:47.615+0000] {logging_mixin.py:188} INFO - [2026-05-09T12:19:47.615+0000] {example_local_kubernetes_executor.py:40} WARNING - Could not import DAGs in example_local_kubernetes_executor.py
Traceback (most recent call last):
  File "/home/vscode/.local/lib/python3.11/site-packages/airflow/example_dags/example_local_kubernetes_executor.py", line 38, in <module>
    from kubernetes.client import models as k8s
ModuleNotFoundError: No module named 'kubernetes'
[2026-05-09T12:19:47.616+0000] {logging_mixin.py:188} INFO - [2026-05-09T12:19:47.616+0000] {example_local_kubernetes_executor.py:41} WARNING - Install Kubernetes dependencies with: pip install apache-airflow[cncf.kubernetes]
[2026-05-09T12:19:47.616+0000] {processor.py:842} WARNING - No viable dags retrieved from /home/vscode/.local/lib/python3.11/site-packages/airflow/example_dags/example_local_kubernetes_executor.py
[2026-05-09T12:19:47.623+0000] {processor.py:183} INFO - Processing /home/vscode/.local/lib/python3.11/site-packages/airflow/example_dags/example_local_kubernetes_executor.py took 0.018 seconds
[2026-05-09T12:20:50.388+0000] {processor.py:161} INFO - Started process (PID=41545) to work on /home/vscode/.local/lib/python3.11/site-packages/airflow/example_dags/example_local_kubernetes_executor.py
[2026-05-09T12:20:50.389+0000] {processor.py:830} INFO - Processing file /home/vscode/.local/lib/python3.11/site-packages/airflow/example_dags/example_local_kubernetes_executor.py for tasks to queue
[2026-05-09T12:20:50.389+0000] {logging_mixin.py:188} INFO - [2026-05-09T12:20:50.389+0000] {dagbag.py:545} INFO - Filling up the DagBag from /home/vscode/.local/lib/python3.11/site-packages/airflow/example_dags/example_local_kubernetes_executor.py
[2026-05-09T12:20:50.392+0000] {logging_mixin.py:188} INFO - [2026-05-09T12:20:50.391+0000] {example_local_kubernetes_executor.py:40} WARNING - Could not import DAGs in example_local_kubernetes_executor.py
Traceback (most recent call last):
  File "/home/vscode/.local/lib/python3.11/site-packages/airflow/example_dags/example_local_kubernetes_executor.py", line 38, in <module>
    from kubernetes.client import models as k8s
ModuleNotFoundError: No module named 'kubernetes'
[2026-05-09T12:20:50.392+0000] {logging_mixin.py:188} INFO - [2026-05-09T12:20:50.392+0000] {example_local_kubernetes_executor.py:41} WARNING - Install Kubernetes dependencies with: pip install apache-airflow[cncf.kubernetes]
[2026-05-09T12:20:50.392+0000] {processor.py:842} WARNING - No viable dags retrieved from /home/vscode/.local/lib/python3.11/site-packages/airflow/example_dags/example_local_kubernetes_executor.py
[2026-05-09T12:20:50.399+0000] {processor.py:183} INFO - Processing /home/vscode/.local/lib/python3.11/site-packages/airflow/example_dags/example_local_kubernetes_executor.py took 0.017 seconds
