[2026-05-09T11:18:40.567+0000] {processor.py:161} INFO - Started process (PID=7033) to work on /home/vscode/.local/lib/python3.11/site-packages/airflow/example_dags/tutorial_dag.py
[2026-05-09T11:18:40.567+0000] {processor.py:830} INFO - Processing file /home/vscode/.local/lib/python3.11/site-packages/airflow/example_dags/tutorial_dag.py for tasks to queue
[2026-05-09T11:18:40.568+0000] {logging_mixin.py:188} INFO - [2026-05-09T11:18:40.567+0000] {dagbag.py:545} INFO - Filling up the DagBag from /home/vscode/.local/lib/python3.11/site-packages/airflow/example_dags/tutorial_dag.py
[2026-05-09T11:18:40.573+0000] {processor.py:840} INFO - DAG(s) 'tutorial_dag' retrieved from /home/vscode/.local/lib/python3.11/site-packages/airflow/example_dags/tutorial_dag.py
[2026-05-09T11:18:40.578+0000] {logging_mixin.py:188} INFO - [2026-05-09T11:18:40.577+0000] {dag.py:3096} INFO - Sync 1 DAGs
[2026-05-09T11:18:40.586+0000] {logging_mixin.py:188} INFO - [2026-05-09T11:18:40.585+0000] {dag.py:3954} INFO - Setting next_dagrun for tutorial_dag to None, run_after=None
[2026-05-09T11:18:40.601+0000] {processor.py:183} INFO - Processing /home/vscode/.local/lib/python3.11/site-packages/airflow/example_dags/tutorial_dag.py took 0.042 seconds
[2026-05-09T11:19:38.467+0000] {processor.py:161} INFO - Started process (PID=7576) to work on /home/vscode/.local/lib/python3.11/site-packages/airflow/example_dags/tutorial_dag.py
[2026-05-09T11:19:38.467+0000] {processor.py:830} INFO - Processing file /home/vscode/.local/lib/python3.11/site-packages/airflow/example_dags/tutorial_dag.py for tasks to queue
[2026-05-09T11:19:38.468+0000] {logging_mixin.py:188} INFO - [2026-05-09T11:19:38.468+0000] {dagbag.py:545} INFO - Filling up the DagBag from /home/vscode/.local/lib/python3.11/site-packages/airflow/example_dags/tutorial_dag.py
[2026-05-09T11:19:38.472+0000] {processor.py:840} INFO - DAG(s) 'tutorial_dag' retrieved from /home/vscode/.local/lib/python3.11/site-packages/airflow/example_dags/tutorial_dag.py
[2026-05-09T11:19:38.656+0000] {logging_mixin.py:188} INFO - [2026-05-09T11:19:38.656+0000] {dag.py:3096} INFO - Sync 1 DAGs
[2026-05-09T11:19:38.663+0000] {logging_mixin.py:188} INFO - [2026-05-09T11:19:38.663+0000] {dag.py:3954} INFO - Setting next_dagrun for tutorial_dag to None, run_after=None
[2026-05-09T11:19:38.679+0000] {processor.py:183} INFO - Processing /home/vscode/.local/lib/python3.11/site-packages/airflow/example_dags/tutorial_dag.py took 0.220 seconds
[2026-05-09T11:20:31.912+0000] {processor.py:161} INFO - Started process (PID=7999) to work on /home/vscode/.local/lib/python3.11/site-packages/airflow/example_dags/tutorial_dag.py
[2026-05-09T11:20:31.912+0000] {processor.py:830} INFO - Processing file /home/vscode/.local/lib/python3.11/site-packages/airflow/example_dags/tutorial_dag.py for tasks to queue
[2026-05-09T11:20:31.913+0000] {logging_mixin.py:188} INFO - [2026-05-09T11:20:31.913+0000] {dagbag.py:545} INFO - Filling up the DagBag from /home/vscode/.local/lib/python3.11/site-packages/airflow/example_dags/tutorial_dag.py
[2026-05-09T11:20:31.918+0000] {processor.py:840} INFO - DAG(s) 'tutorial_dag' retrieved from /home/vscode/.local/lib/python3.11/site-packages/airflow/example_dags/tutorial_dag.py
[2026-05-09T11:20:31.942+0000] {logging_mixin.py:188} INFO - [2026-05-09T11:20:31.942+0000] {dag.py:3096} INFO - Sync 1 DAGs
[2026-05-09T11:20:31.951+0000] {logging_mixin.py:188} INFO - [2026-05-09T11:20:31.951+0000] {dag.py:3954} INFO - Setting next_dagrun for tutorial_dag to None, run_after=None
[2026-05-09T11:20:31.969+0000] {processor.py:183} INFO - Processing /home/vscode/.local/lib/python3.11/site-packages/airflow/example_dags/tutorial_dag.py took 0.068 seconds
[2026-05-09T11:21:16.834+0000] {processor.py:161} INFO - Started process (PID=8367) to work on /home/vscode/.local/lib/python3.11/site-packages/airflow/example_dags/tutorial_dag.py
[2026-05-09T11:21:16.834+0000] {processor.py:830} INFO - Processing file /home/vscode/.local/lib/python3.11/site-packages/airflow/example_dags/tutorial_dag.py for tasks to queue
[2026-05-09T11:21:16.835+0000] {logging_mixin.py:188} INFO - [2026-05-09T11:21:16.834+0000] {dagbag.py:545} INFO - Filling up the DagBag from /home/vscode/.local/lib/python3.11/site-packages/airflow/example_dags/tutorial_dag.py
[2026-05-09T11:21:16.839+0000] {processor.py:840} INFO - DAG(s) 'tutorial_dag' retrieved from /home/vscode/.local/lib/python3.11/site-packages/airflow/example_dags/tutorial_dag.py
[2026-05-09T11:21:16.850+0000] {logging_mixin.py:188} INFO - [2026-05-09T11:21:16.850+0000] {dag.py:3096} INFO - Sync 1 DAGs
[2026-05-09T11:21:16.858+0000] {logging_mixin.py:188} INFO - [2026-05-09T11:21:16.858+0000] {dag.py:3954} INFO - Setting next_dagrun for tutorial_dag to None, run_after=None
[2026-05-09T11:21:16.874+0000] {processor.py:183} INFO - Processing /home/vscode/.local/lib/python3.11/site-packages/airflow/example_dags/tutorial_dag.py took 0.047 seconds
[2026-05-09T11:21:57.243+0000] {processor.py:161} INFO - Started process (PID=8847) to work on /home/vscode/.local/lib/python3.11/site-packages/airflow/example_dags/tutorial_dag.py
[2026-05-09T11:21:57.243+0000] {processor.py:830} INFO - Processing file /home/vscode/.local/lib/python3.11/site-packages/airflow/example_dags/tutorial_dag.py for tasks to queue
[2026-05-09T11:21:57.244+0000] {logging_mixin.py:188} INFO - [2026-05-09T11:21:57.244+0000] {dagbag.py:545} INFO - Filling up the DagBag from /home/vscode/.local/lib/python3.11/site-packages/airflow/example_dags/tutorial_dag.py
[2026-05-09T11:21:57.248+0000] {processor.py:840} INFO - DAG(s) 'tutorial_dag' retrieved from /home/vscode/.local/lib/python3.11/site-packages/airflow/example_dags/tutorial_dag.py
[2026-05-09T11:21:57.259+0000] {logging_mixin.py:188} INFO - [2026-05-09T11:21:57.259+0000] {dag.py:3096} INFO - Sync 1 DAGs
[2026-05-09T11:21:57.267+0000] {logging_mixin.py:188} INFO - [2026-05-09T11:21:57.267+0000] {dag.py:3954} INFO - Setting next_dagrun for tutorial_dag to None, run_after=None
[2026-05-09T11:21:57.283+0000] {processor.py:183} INFO - Processing /home/vscode/.local/lib/python3.11/site-packages/airflow/example_dags/tutorial_dag.py took 0.047 seconds
[2026-05-09T11:22:36.712+0000] {processor.py:161} INFO - Started process (PID=9312) to work on /home/vscode/.local/lib/python3.11/site-packages/airflow/example_dags/tutorial_dag.py
[2026-05-09T11:22:36.713+0000] {processor.py:830} INFO - Processing file /home/vscode/.local/lib/python3.11/site-packages/airflow/example_dags/tutorial_dag.py for tasks to queue
[2026-05-09T11:22:36.714+0000] {logging_mixin.py:188} INFO - [2026-05-09T11:22:36.713+0000] {dagbag.py:545} INFO - Filling up the DagBag from /home/vscode/.local/lib/python3.11/site-packages/airflow/example_dags/tutorial_dag.py
[2026-05-09T11:22:36.717+0000] {processor.py:840} INFO - DAG(s) 'tutorial_dag' retrieved from /home/vscode/.local/lib/python3.11/site-packages/airflow/example_dags/tutorial_dag.py
[2026-05-09T11:22:36.729+0000] {logging_mixin.py:188} INFO - [2026-05-09T11:22:36.728+0000] {dag.py:3096} INFO - Sync 1 DAGs
[2026-05-09T11:22:36.737+0000] {logging_mixin.py:188} INFO - [2026-05-09T11:22:36.737+0000] {dag.py:3954} INFO - Setting next_dagrun for tutorial_dag to None, run_after=None
[2026-05-09T11:22:36.752+0000] {processor.py:183} INFO - Processing /home/vscode/.local/lib/python3.11/site-packages/airflow/example_dags/tutorial_dag.py took 0.046 seconds
[2026-05-09T11:23:26.834+0000] {processor.py:161} INFO - Started process (PID=9870) to work on /home/vscode/.local/lib/python3.11/site-packages/airflow/example_dags/tutorial_dag.py
[2026-05-09T11:23:26.835+0000] {processor.py:830} INFO - Processing file /home/vscode/.local/lib/python3.11/site-packages/airflow/example_dags/tutorial_dag.py for tasks to queue
[2026-05-09T11:23:26.835+0000] {logging_mixin.py:188} INFO - [2026-05-09T11:23:26.835+0000] {dagbag.py:545} INFO - Filling up the DagBag from /home/vscode/.local/lib/python3.11/site-packages/airflow/example_dags/tutorial_dag.py
[2026-05-09T11:23:26.839+0000] {processor.py:840} INFO - DAG(s) 'tutorial_dag' retrieved from /home/vscode/.local/lib/python3.11/site-packages/airflow/example_dags/tutorial_dag.py
[2026-05-09T11:23:26.850+0000] {logging_mixin.py:188} INFO - [2026-05-09T11:23:26.850+0000] {dag.py:3096} INFO - Sync 1 DAGs
[2026-05-09T11:23:26.858+0000] {logging_mixin.py:188} INFO - [2026-05-09T11:23:26.858+0000] {dag.py:3954} INFO - Setting next_dagrun for tutorial_dag to None, run_after=None
[2026-05-09T11:23:26.873+0000] {processor.py:183} INFO - Processing /home/vscode/.local/lib/python3.11/site-packages/airflow/example_dags/tutorial_dag.py took 0.045 seconds
[2026-05-09T11:24:07.057+0000] {processor.py:161} INFO - Started process (PID=10419) to work on /home/vscode/.local/lib/python3.11/site-packages/airflow/example_dags/tutorial_dag.py
[2026-05-09T11:24:07.058+0000] {processor.py:830} INFO - Processing file /home/vscode/.local/lib/python3.11/site-packages/airflow/example_dags/tutorial_dag.py for tasks to queue
[2026-05-09T11:24:07.058+0000] {logging_mixin.py:188} INFO - [2026-05-09T11:24:07.058+0000] {dagbag.py:545} INFO - Filling up the DagBag from /home/vscode/.local/lib/python3.11/site-packages/airflow/example_dags/tutorial_dag.py
[2026-05-09T11:24:07.062+0000] {processor.py:840} INFO - DAG(s) 'tutorial_dag' retrieved from /home/vscode/.local/lib/python3.11/site-packages/airflow/example_dags/tutorial_dag.py
[2026-05-09T11:24:07.083+0000] {logging_mixin.py:188} INFO - [2026-05-09T11:24:07.083+0000] {dag.py:3096} INFO - Sync 1 DAGs
[2026-05-09T11:24:07.093+0000] {logging_mixin.py:188} INFO - [2026-05-09T11:24:07.093+0000] {dag.py:3954} INFO - Setting next_dagrun for tutorial_dag to None, run_after=None
[2026-05-09T11:24:07.110+0000] {processor.py:183} INFO - Processing /home/vscode/.local/lib/python3.11/site-packages/airflow/example_dags/tutorial_dag.py took 0.060 seconds
[2026-05-09T11:24:48.119+0000] {processor.py:161} INFO - Started process (PID=10977) to work on /home/vscode/.local/lib/python3.11/site-packages/airflow/example_dags/tutorial_dag.py
[2026-05-09T11:24:48.119+0000] {processor.py:830} INFO - Processing file /home/vscode/.local/lib/python3.11/site-packages/airflow/example_dags/tutorial_dag.py for tasks to queue
[2026-05-09T11:24:48.120+0000] {logging_mixin.py:188} INFO - [2026-05-09T11:24:48.120+0000] {dagbag.py:545} INFO - Filling up the DagBag from /home/vscode/.local/lib/python3.11/site-packages/airflow/example_dags/tutorial_dag.py
[2026-05-09T11:24:48.124+0000] {processor.py:840} INFO - DAG(s) 'tutorial_dag' retrieved from /home/vscode/.local/lib/python3.11/site-packages/airflow/example_dags/tutorial_dag.py
[2026-05-09T11:24:48.134+0000] {logging_mixin.py:188} INFO - [2026-05-09T11:24:48.134+0000] {dag.py:3096} INFO - Sync 1 DAGs
[2026-05-09T11:24:48.142+0000] {logging_mixin.py:188} INFO - [2026-05-09T11:24:48.142+0000] {dag.py:3954} INFO - Setting next_dagrun for tutorial_dag to None, run_after=None
[2026-05-09T11:24:48.157+0000] {processor.py:183} INFO - Processing /home/vscode/.local/lib/python3.11/site-packages/airflow/example_dags/tutorial_dag.py took 0.045 seconds
[2026-05-09T11:25:29.291+0000] {processor.py:161} INFO - Started process (PID=11374) to work on /home/vscode/.local/lib/python3.11/site-packages/airflow/example_dags/tutorial_dag.py
[2026-05-09T11:25:29.292+0000] {processor.py:830} INFO - Processing file /home/vscode/.local/lib/python3.11/site-packages/airflow/example_dags/tutorial_dag.py for tasks to queue
[2026-05-09T11:25:29.292+0000] {logging_mixin.py:188} INFO - [2026-05-09T11:25:29.292+0000] {dagbag.py:545} INFO - Filling up the DagBag from /home/vscode/.local/lib/python3.11/site-packages/airflow/example_dags/tutorial_dag.py
[2026-05-09T11:25:29.297+0000] {processor.py:840} INFO - DAG(s) 'tutorial_dag' retrieved from /home/vscode/.local/lib/python3.11/site-packages/airflow/example_dags/tutorial_dag.py
[2026-05-09T11:25:29.309+0000] {logging_mixin.py:188} INFO - [2026-05-09T11:25:29.309+0000] {dag.py:3096} INFO - Sync 1 DAGs
[2026-05-09T11:25:29.317+0000] {logging_mixin.py:188} INFO - [2026-05-09T11:25:29.317+0000] {dag.py:3954} INFO - Setting next_dagrun for tutorial_dag to None, run_after=None
[2026-05-09T11:25:29.333+0000] {processor.py:183} INFO - Processing /home/vscode/.local/lib/python3.11/site-packages/airflow/example_dags/tutorial_dag.py took 0.053 seconds
[2026-05-09T11:26:09.508+0000] {processor.py:161} INFO - Started process (PID=11704) to work on /home/vscode/.local/lib/python3.11/site-packages/airflow/example_dags/tutorial_dag.py
[2026-05-09T11:26:09.508+0000] {processor.py:830} INFO - Processing file /home/vscode/.local/lib/python3.11/site-packages/airflow/example_dags/tutorial_dag.py for tasks to queue
[2026-05-09T11:26:09.509+0000] {logging_mixin.py:188} INFO - [2026-05-09T11:26:09.509+0000] {dagbag.py:545} INFO - Filling up the DagBag from /home/vscode/.local/lib/python3.11/site-packages/airflow/example_dags/tutorial_dag.py
[2026-05-09T11:26:09.513+0000] {processor.py:840} INFO - DAG(s) 'tutorial_dag' retrieved from /home/vscode/.local/lib/python3.11/site-packages/airflow/example_dags/tutorial_dag.py
[2026-05-09T11:26:09.524+0000] {logging_mixin.py:188} INFO - [2026-05-09T11:26:09.524+0000] {dag.py:3096} INFO - Sync 1 DAGs
[2026-05-09T11:26:09.532+0000] {logging_mixin.py:188} INFO - [2026-05-09T11:26:09.532+0000] {dag.py:3954} INFO - Setting next_dagrun for tutorial_dag to None, run_after=None
[2026-05-09T11:26:09.555+0000] {processor.py:183} INFO - Processing /home/vscode/.local/lib/python3.11/site-packages/airflow/example_dags/tutorial_dag.py took 0.054 seconds
[2026-05-09T11:26:49.140+0000] {processor.py:161} INFO - Started process (PID=12179) to work on /home/vscode/.local/lib/python3.11/site-packages/airflow/example_dags/tutorial_dag.py
[2026-05-09T11:26:49.140+0000] {processor.py:830} INFO - Processing file /home/vscode/.local/lib/python3.11/site-packages/airflow/example_dags/tutorial_dag.py for tasks to queue
[2026-05-09T11:26:49.141+0000] {logging_mixin.py:188} INFO - [2026-05-09T11:26:49.141+0000] {dagbag.py:545} INFO - Filling up the DagBag from /home/vscode/.local/lib/python3.11/site-packages/airflow/example_dags/tutorial_dag.py
[2026-05-09T11:26:49.145+0000] {processor.py:840} INFO - DAG(s) 'tutorial_dag' retrieved from /home/vscode/.local/lib/python3.11/site-packages/airflow/example_dags/tutorial_dag.py
[2026-05-09T11:26:49.156+0000] {logging_mixin.py:188} INFO - [2026-05-09T11:26:49.156+0000] {dag.py:3096} INFO - Sync 1 DAGs
[2026-05-09T11:26:49.164+0000] {logging_mixin.py:188} INFO - [2026-05-09T11:26:49.164+0000] {dag.py:3954} INFO - Setting next_dagrun for tutorial_dag to None, run_after=None
[2026-05-09T11:26:49.183+0000] {processor.py:183} INFO - Processing /home/vscode/.local/lib/python3.11/site-packages/airflow/example_dags/tutorial_dag.py took 0.050 seconds
[2026-05-09T11:27:29.662+0000] {processor.py:161} INFO - Started process (PID=12630) to work on /home/vscode/.local/lib/python3.11/site-packages/airflow/example_dags/tutorial_dag.py
[2026-05-09T11:27:29.663+0000] {processor.py:830} INFO - Processing file /home/vscode/.local/lib/python3.11/site-packages/airflow/example_dags/tutorial_dag.py for tasks to queue
[2026-05-09T11:27:29.663+0000] {logging_mixin.py:188} INFO - [2026-05-09T11:27:29.663+0000] {dagbag.py:545} INFO - Filling up the DagBag from /home/vscode/.local/lib/python3.11/site-packages/airflow/example_dags/tutorial_dag.py
[2026-05-09T11:27:29.667+0000] {processor.py:840} INFO - DAG(s) 'tutorial_dag' retrieved from /home/vscode/.local/lib/python3.11/site-packages/airflow/example_dags/tutorial_dag.py
[2026-05-09T11:27:29.677+0000] {logging_mixin.py:188} INFO - [2026-05-09T11:27:29.677+0000] {dag.py:3096} INFO - Sync 1 DAGs
[2026-05-09T11:27:29.685+0000] {logging_mixin.py:188} INFO - [2026-05-09T11:27:29.685+0000] {dag.py:3954} INFO - Setting next_dagrun for tutorial_dag to None, run_after=None
[2026-05-09T11:27:29.700+0000] {processor.py:183} INFO - Processing /home/vscode/.local/lib/python3.11/site-packages/airflow/example_dags/tutorial_dag.py took 0.044 seconds
[2026-05-09T11:28:09.074+0000] {processor.py:161} INFO - Started process (PID=13126) to work on /home/vscode/.local/lib/python3.11/site-packages/airflow/example_dags/tutorial_dag.py
[2026-05-09T11:28:09.074+0000] {processor.py:830} INFO - Processing file /home/vscode/.local/lib/python3.11/site-packages/airflow/example_dags/tutorial_dag.py for tasks to queue
[2026-05-09T11:28:09.075+0000] {logging_mixin.py:188} INFO - [2026-05-09T11:28:09.075+0000] {dagbag.py:545} INFO - Filling up the DagBag from /home/vscode/.local/lib/python3.11/site-packages/airflow/example_dags/tutorial_dag.py
[2026-05-09T11:28:09.082+0000] {processor.py:840} INFO - DAG(s) 'tutorial_dag' retrieved from /home/vscode/.local/lib/python3.11/site-packages/airflow/example_dags/tutorial_dag.py
[2026-05-09T11:28:09.094+0000] {logging_mixin.py:188} INFO - [2026-05-09T11:28:09.094+0000] {dag.py:3096} INFO - Sync 1 DAGs
[2026-05-09T11:28:09.106+0000] {logging_mixin.py:188} INFO - [2026-05-09T11:28:09.105+0000] {dag.py:3954} INFO - Setting next_dagrun for tutorial_dag to None, run_after=None
[2026-05-09T11:28:09.123+0000] {processor.py:183} INFO - Processing /home/vscode/.local/lib/python3.11/site-packages/airflow/example_dags/tutorial_dag.py took 0.064 seconds
[2026-05-09T11:28:49.498+0000] {processor.py:161} INFO - Started process (PID=13661) to work on /home/vscode/.local/lib/python3.11/site-packages/airflow/example_dags/tutorial_dag.py
[2026-05-09T11:28:49.499+0000] {processor.py:830} INFO - Processing file /home/vscode/.local/lib/python3.11/site-packages/airflow/example_dags/tutorial_dag.py for tasks to queue
[2026-05-09T11:28:49.499+0000] {logging_mixin.py:188} INFO - [2026-05-09T11:28:49.499+0000] {dagbag.py:545} INFO - Filling up the DagBag from /home/vscode/.local/lib/python3.11/site-packages/airflow/example_dags/tutorial_dag.py
[2026-05-09T11:28:49.503+0000] {processor.py:840} INFO - DAG(s) 'tutorial_dag' retrieved from /home/vscode/.local/lib/python3.11/site-packages/airflow/example_dags/tutorial_dag.py
[2026-05-09T11:28:49.514+0000] {logging_mixin.py:188} INFO - [2026-05-09T11:28:49.514+0000] {dag.py:3096} INFO - Sync 1 DAGs
[2026-05-09T11:28:49.522+0000] {logging_mixin.py:188} INFO - [2026-05-09T11:28:49.522+0000] {dag.py:3954} INFO - Setting next_dagrun for tutorial_dag to None, run_after=None
[2026-05-09T11:28:49.537+0000] {processor.py:183} INFO - Processing /home/vscode/.local/lib/python3.11/site-packages/airflow/example_dags/tutorial_dag.py took 0.045 seconds
[2026-05-09T11:29:31.220+0000] {processor.py:161} INFO - Started process (PID=13983) to work on /home/vscode/.local/lib/python3.11/site-packages/airflow/example_dags/tutorial_dag.py
[2026-05-09T11:29:31.221+0000] {processor.py:830} INFO - Processing file /home/vscode/.local/lib/python3.11/site-packages/airflow/example_dags/tutorial_dag.py for tasks to queue
[2026-05-09T11:29:31.221+0000] {logging_mixin.py:188} INFO - [2026-05-09T11:29:31.221+0000] {dagbag.py:545} INFO - Filling up the DagBag from /home/vscode/.local/lib/python3.11/site-packages/airflow/example_dags/tutorial_dag.py
[2026-05-09T11:29:31.225+0000] {processor.py:840} INFO - DAG(s) 'tutorial_dag' retrieved from /home/vscode/.local/lib/python3.11/site-packages/airflow/example_dags/tutorial_dag.py
[2026-05-09T11:29:31.237+0000] {logging_mixin.py:188} INFO - [2026-05-09T11:29:31.237+0000] {dag.py:3096} INFO - Sync 1 DAGs
[2026-05-09T11:29:31.246+0000] {logging_mixin.py:188} INFO - [2026-05-09T11:29:31.246+0000] {dag.py:3954} INFO - Setting next_dagrun for tutorial_dag to None, run_after=None
[2026-05-09T11:29:31.264+0000] {processor.py:183} INFO - Processing /home/vscode/.local/lib/python3.11/site-packages/airflow/example_dags/tutorial_dag.py took 0.050 seconds
[2026-05-09T11:30:15.767+0000] {processor.py:161} INFO - Started process (PID=14433) to work on /home/vscode/.local/lib/python3.11/site-packages/airflow/example_dags/tutorial_dag.py
[2026-05-09T11:30:15.767+0000] {processor.py:830} INFO - Processing file /home/vscode/.local/lib/python3.11/site-packages/airflow/example_dags/tutorial_dag.py for tasks to queue
[2026-05-09T11:30:15.768+0000] {logging_mixin.py:188} INFO - [2026-05-09T11:30:15.768+0000] {dagbag.py:545} INFO - Filling up the DagBag from /home/vscode/.local/lib/python3.11/site-packages/airflow/example_dags/tutorial_dag.py
[2026-05-09T11:30:15.772+0000] {processor.py:840} INFO - DAG(s) 'tutorial_dag' retrieved from /home/vscode/.local/lib/python3.11/site-packages/airflow/example_dags/tutorial_dag.py
[2026-05-09T11:30:15.783+0000] {logging_mixin.py:188} INFO - [2026-05-09T11:30:15.783+0000] {dag.py:3096} INFO - Sync 1 DAGs
[2026-05-09T11:30:15.792+0000] {logging_mixin.py:188} INFO - [2026-05-09T11:30:15.792+0000] {dag.py:3954} INFO - Setting next_dagrun for tutorial_dag to None, run_after=None
[2026-05-09T11:30:15.808+0000] {processor.py:183} INFO - Processing /home/vscode/.local/lib/python3.11/site-packages/airflow/example_dags/tutorial_dag.py took 0.049 seconds
[2026-05-09T11:30:54.848+0000] {processor.py:161} INFO - Started process (PID=14991) to work on /home/vscode/.local/lib/python3.11/site-packages/airflow/example_dags/tutorial_dag.py
[2026-05-09T11:30:54.849+0000] {processor.py:830} INFO - Processing file /home/vscode/.local/lib/python3.11/site-packages/airflow/example_dags/tutorial_dag.py for tasks to queue
[2026-05-09T11:30:54.849+0000] {logging_mixin.py:188} INFO - [2026-05-09T11:30:54.849+0000] {dagbag.py:545} INFO - Filling up the DagBag from /home/vscode/.local/lib/python3.11/site-packages/airflow/example_dags/tutorial_dag.py
[2026-05-09T11:30:54.853+0000] {processor.py:840} INFO - DAG(s) 'tutorial_dag' retrieved from /home/vscode/.local/lib/python3.11/site-packages/airflow/example_dags/tutorial_dag.py
[2026-05-09T11:30:54.864+0000] {logging_mixin.py:188} INFO - [2026-05-09T11:30:54.864+0000] {dag.py:3096} INFO - Sync 1 DAGs
[2026-05-09T11:30:54.873+0000] {logging_mixin.py:188} INFO - [2026-05-09T11:30:54.873+0000] {dag.py:3954} INFO - Setting next_dagrun for tutorial_dag to None, run_after=None
[2026-05-09T11:30:54.888+0000] {processor.py:183} INFO - Processing /home/vscode/.local/lib/python3.11/site-packages/airflow/example_dags/tutorial_dag.py took 0.047 seconds
[2026-05-09T11:31:35.181+0000] {processor.py:161} INFO - Started process (PID=15506) to work on /home/vscode/.local/lib/python3.11/site-packages/airflow/example_dags/tutorial_dag.py
[2026-05-09T11:31:35.181+0000] {processor.py:830} INFO - Processing file /home/vscode/.local/lib/python3.11/site-packages/airflow/example_dags/tutorial_dag.py for tasks to queue
[2026-05-09T11:31:35.182+0000] {logging_mixin.py:188} INFO - [2026-05-09T11:31:35.181+0000] {dagbag.py:545} INFO - Filling up the DagBag from /home/vscode/.local/lib/python3.11/site-packages/airflow/example_dags/tutorial_dag.py
[2026-05-09T11:31:35.186+0000] {processor.py:840} INFO - DAG(s) 'tutorial_dag' retrieved from /home/vscode/.local/lib/python3.11/site-packages/airflow/example_dags/tutorial_dag.py
[2026-05-09T11:31:35.197+0000] {logging_mixin.py:188} INFO - [2026-05-09T11:31:35.197+0000] {dag.py:3096} INFO - Sync 1 DAGs
[2026-05-09T11:31:35.205+0000] {logging_mixin.py:188} INFO - [2026-05-09T11:31:35.205+0000] {dag.py:3954} INFO - Setting next_dagrun for tutorial_dag to None, run_after=None
[2026-05-09T11:31:35.222+0000] {processor.py:183} INFO - Processing /home/vscode/.local/lib/python3.11/site-packages/airflow/example_dags/tutorial_dag.py took 0.048 seconds
[2026-05-09T11:32:20.886+0000] {processor.py:161} INFO - Started process (PID=15834) to work on /home/vscode/.local/lib/python3.11/site-packages/airflow/example_dags/tutorial_dag.py
[2026-05-09T11:32:20.887+0000] {processor.py:830} INFO - Processing file /home/vscode/.local/lib/python3.11/site-packages/airflow/example_dags/tutorial_dag.py for tasks to queue
[2026-05-09T11:32:20.888+0000] {logging_mixin.py:188} INFO - [2026-05-09T11:32:20.887+0000] {dagbag.py:545} INFO - Filling up the DagBag from /home/vscode/.local/lib/python3.11/site-packages/airflow/example_dags/tutorial_dag.py
[2026-05-09T11:32:20.892+0000] {processor.py:840} INFO - DAG(s) 'tutorial_dag' retrieved from /home/vscode/.local/lib/python3.11/site-packages/airflow/example_dags/tutorial_dag.py
[2026-05-09T11:32:20.904+0000] {logging_mixin.py:188} INFO - [2026-05-09T11:32:20.904+0000] {dag.py:3096} INFO - Sync 1 DAGs
[2026-05-09T11:32:20.912+0000] {logging_mixin.py:188} INFO - [2026-05-09T11:32:20.912+0000] {dag.py:3954} INFO - Setting next_dagrun for tutorial_dag to None, run_after=None
[2026-05-09T11:32:20.930+0000] {processor.py:183} INFO - Processing /home/vscode/.local/lib/python3.11/site-packages/airflow/example_dags/tutorial_dag.py took 0.057 seconds
[2026-05-09T11:33:03.009+0000] {processor.py:161} INFO - Started process (PID=16203) to work on /home/vscode/.local/lib/python3.11/site-packages/airflow/example_dags/tutorial_dag.py
[2026-05-09T11:33:03.009+0000] {processor.py:830} INFO - Processing file /home/vscode/.local/lib/python3.11/site-packages/airflow/example_dags/tutorial_dag.py for tasks to queue
[2026-05-09T11:33:03.010+0000] {logging_mixin.py:188} INFO - [2026-05-09T11:33:03.010+0000] {dagbag.py:545} INFO - Filling up the DagBag from /home/vscode/.local/lib/python3.11/site-packages/airflow/example_dags/tutorial_dag.py
[2026-05-09T11:33:03.014+0000] {processor.py:840} INFO - DAG(s) 'tutorial_dag' retrieved from /home/vscode/.local/lib/python3.11/site-packages/airflow/example_dags/tutorial_dag.py
[2026-05-09T11:33:03.028+0000] {logging_mixin.py:188} INFO - [2026-05-09T11:33:03.028+0000] {dag.py:3096} INFO - Sync 1 DAGs
[2026-05-09T11:33:03.037+0000] {logging_mixin.py:188} INFO - [2026-05-09T11:33:03.037+0000] {dag.py:3954} INFO - Setting next_dagrun for tutorial_dag to None, run_after=None
[2026-05-09T11:33:03.053+0000] {processor.py:183} INFO - Processing /home/vscode/.local/lib/python3.11/site-packages/airflow/example_dags/tutorial_dag.py took 0.051 seconds
[2026-05-09T11:33:45.392+0000] {processor.py:161} INFO - Started process (PID=16641) to work on /home/vscode/.local/lib/python3.11/site-packages/airflow/example_dags/tutorial_dag.py
[2026-05-09T11:33:45.393+0000] {processor.py:830} INFO - Processing file /home/vscode/.local/lib/python3.11/site-packages/airflow/example_dags/tutorial_dag.py for tasks to queue
[2026-05-09T11:33:45.394+0000] {logging_mixin.py:188} INFO - [2026-05-09T11:33:45.393+0000] {dagbag.py:545} INFO - Filling up the DagBag from /home/vscode/.local/lib/python3.11/site-packages/airflow/example_dags/tutorial_dag.py
[2026-05-09T11:33:45.398+0000] {processor.py:840} INFO - DAG(s) 'tutorial_dag' retrieved from /home/vscode/.local/lib/python3.11/site-packages/airflow/example_dags/tutorial_dag.py
[2026-05-09T11:33:45.413+0000] {logging_mixin.py:188} INFO - [2026-05-09T11:33:45.413+0000] {dag.py:3096} INFO - Sync 1 DAGs
[2026-05-09T11:33:45.431+0000] {logging_mixin.py:188} INFO - [2026-05-09T11:33:45.431+0000] {dag.py:3954} INFO - Setting next_dagrun for tutorial_dag to None, run_after=None
[2026-05-09T11:33:45.451+0000] {processor.py:183} INFO - Processing /home/vscode/.local/lib/python3.11/site-packages/airflow/example_dags/tutorial_dag.py took 0.065 seconds
[2026-05-09T11:34:27.868+0000] {processor.py:161} INFO - Started process (PID=16961) to work on /home/vscode/.local/lib/python3.11/site-packages/airflow/example_dags/tutorial_dag.py
[2026-05-09T11:34:27.869+0000] {processor.py:830} INFO - Processing file /home/vscode/.local/lib/python3.11/site-packages/airflow/example_dags/tutorial_dag.py for tasks to queue
[2026-05-09T11:34:27.869+0000] {logging_mixin.py:188} INFO - [2026-05-09T11:34:27.869+0000] {dagbag.py:545} INFO - Filling up the DagBag from /home/vscode/.local/lib/python3.11/site-packages/airflow/example_dags/tutorial_dag.py
[2026-05-09T11:34:27.873+0000] {processor.py:840} INFO - DAG(s) 'tutorial_dag' retrieved from /home/vscode/.local/lib/python3.11/site-packages/airflow/example_dags/tutorial_dag.py
[2026-05-09T11:34:27.885+0000] {logging_mixin.py:188} INFO - [2026-05-09T11:34:27.885+0000] {dag.py:3096} INFO - Sync 1 DAGs
[2026-05-09T11:34:27.893+0000] {logging_mixin.py:188} INFO - [2026-05-09T11:34:27.893+0000] {dag.py:3954} INFO - Setting next_dagrun for tutorial_dag to None, run_after=None
[2026-05-09T11:34:27.909+0000] {processor.py:183} INFO - Processing /home/vscode/.local/lib/python3.11/site-packages/airflow/example_dags/tutorial_dag.py took 0.047 seconds
[2026-05-09T11:35:08.246+0000] {processor.py:161} INFO - Started process (PID=17316) to work on /home/vscode/.local/lib/python3.11/site-packages/airflow/example_dags/tutorial_dag.py
[2026-05-09T11:35:08.246+0000] {processor.py:830} INFO - Processing file /home/vscode/.local/lib/python3.11/site-packages/airflow/example_dags/tutorial_dag.py for tasks to queue
[2026-05-09T11:35:08.247+0000] {logging_mixin.py:188} INFO - [2026-05-09T11:35:08.247+0000] {dagbag.py:545} INFO - Filling up the DagBag from /home/vscode/.local/lib/python3.11/site-packages/airflow/example_dags/tutorial_dag.py
[2026-05-09T11:35:08.251+0000] {processor.py:840} INFO - DAG(s) 'tutorial_dag' retrieved from /home/vscode/.local/lib/python3.11/site-packages/airflow/example_dags/tutorial_dag.py
[2026-05-09T11:35:08.263+0000] {logging_mixin.py:188} INFO - [2026-05-09T11:35:08.263+0000] {dag.py:3096} INFO - Sync 1 DAGs
[2026-05-09T11:35:08.273+0000] {logging_mixin.py:188} INFO - [2026-05-09T11:35:08.273+0000] {dag.py:3954} INFO - Setting next_dagrun for tutorial_dag to None, run_after=None
[2026-05-09T11:35:08.290+0000] {processor.py:183} INFO - Processing /home/vscode/.local/lib/python3.11/site-packages/airflow/example_dags/tutorial_dag.py took 0.051 seconds
[2026-05-09T11:35:47.803+0000] {processor.py:161} INFO - Started process (PID=17673) to work on /home/vscode/.local/lib/python3.11/site-packages/airflow/example_dags/tutorial_dag.py
[2026-05-09T11:35:47.804+0000] {processor.py:830} INFO - Processing file /home/vscode/.local/lib/python3.11/site-packages/airflow/example_dags/tutorial_dag.py for tasks to queue
[2026-05-09T11:35:47.804+0000] {logging_mixin.py:188} INFO - [2026-05-09T11:35:47.804+0000] {dagbag.py:545} INFO - Filling up the DagBag from /home/vscode/.local/lib/python3.11/site-packages/airflow/example_dags/tutorial_dag.py
[2026-05-09T11:35:47.808+0000] {processor.py:840} INFO - DAG(s) 'tutorial_dag' retrieved from /home/vscode/.local/lib/python3.11/site-packages/airflow/example_dags/tutorial_dag.py
[2026-05-09T11:35:47.820+0000] {logging_mixin.py:188} INFO - [2026-05-09T11:35:47.820+0000] {dag.py:3096} INFO - Sync 1 DAGs
[2026-05-09T11:35:47.828+0000] {logging_mixin.py:188} INFO - [2026-05-09T11:35:47.828+0000] {dag.py:3954} INFO - Setting next_dagrun for tutorial_dag to None, run_after=None
[2026-05-09T11:35:47.845+0000] {processor.py:183} INFO - Processing /home/vscode/.local/lib/python3.11/site-packages/airflow/example_dags/tutorial_dag.py took 0.048 seconds
[2026-05-09T11:36:26.959+0000] {processor.py:161} INFO - Started process (PID=17955) to work on /home/vscode/.local/lib/python3.11/site-packages/airflow/example_dags/tutorial_dag.py
[2026-05-09T11:36:26.960+0000] {processor.py:830} INFO - Processing file /home/vscode/.local/lib/python3.11/site-packages/airflow/example_dags/tutorial_dag.py for tasks to queue
[2026-05-09T11:36:26.961+0000] {logging_mixin.py:188} INFO - [2026-05-09T11:36:26.960+0000] {dagbag.py:545} INFO - Filling up the DagBag from /home/vscode/.local/lib/python3.11/site-packages/airflow/example_dags/tutorial_dag.py
[2026-05-09T11:36:26.965+0000] {processor.py:840} INFO - DAG(s) 'tutorial_dag' retrieved from /home/vscode/.local/lib/python3.11/site-packages/airflow/example_dags/tutorial_dag.py
[2026-05-09T11:36:26.978+0000] {logging_mixin.py:188} INFO - [2026-05-09T11:36:26.978+0000] {dag.py:3096} INFO - Sync 1 DAGs
[2026-05-09T11:36:26.986+0000] {logging_mixin.py:188} INFO - [2026-05-09T11:36:26.986+0000] {dag.py:3954} INFO - Setting next_dagrun for tutorial_dag to None, run_after=None
[2026-05-09T11:36:27.001+0000] {processor.py:183} INFO - Processing /home/vscode/.local/lib/python3.11/site-packages/airflow/example_dags/tutorial_dag.py took 0.049 seconds
[2026-05-09T11:37:08.785+0000] {processor.py:161} INFO - Started process (PID=18332) to work on /home/vscode/.local/lib/python3.11/site-packages/airflow/example_dags/tutorial_dag.py
[2026-05-09T11:37:08.785+0000] {processor.py:830} INFO - Processing file /home/vscode/.local/lib/python3.11/site-packages/airflow/example_dags/tutorial_dag.py for tasks to queue
[2026-05-09T11:37:08.786+0000] {logging_mixin.py:188} INFO - [2026-05-09T11:37:08.786+0000] {dagbag.py:545} INFO - Filling up the DagBag from /home/vscode/.local/lib/python3.11/site-packages/airflow/example_dags/tutorial_dag.py
[2026-05-09T11:37:08.791+0000] {processor.py:840} INFO - DAG(s) 'tutorial_dag' retrieved from /home/vscode/.local/lib/python3.11/site-packages/airflow/example_dags/tutorial_dag.py
[2026-05-09T11:37:08.806+0000] {logging_mixin.py:188} INFO - [2026-05-09T11:37:08.806+0000] {dag.py:3096} INFO - Sync 1 DAGs
[2026-05-09T11:37:08.817+0000] {logging_mixin.py:188} INFO - [2026-05-09T11:37:08.817+0000] {dag.py:3954} INFO - Setting next_dagrun for tutorial_dag to None, run_after=None
[2026-05-09T11:37:08.832+0000] {processor.py:183} INFO - Processing /home/vscode/.local/lib/python3.11/site-packages/airflow/example_dags/tutorial_dag.py took 0.055 seconds
[2026-05-09T11:37:49.631+0000] {processor.py:161} INFO - Started process (PID=18972) to work on /home/vscode/.local/lib/python3.11/site-packages/airflow/example_dags/tutorial_dag.py
[2026-05-09T11:37:49.632+0000] {processor.py:830} INFO - Processing file /home/vscode/.local/lib/python3.11/site-packages/airflow/example_dags/tutorial_dag.py for tasks to queue
[2026-05-09T11:37:49.633+0000] {logging_mixin.py:188} INFO - [2026-05-09T11:37:49.632+0000] {dagbag.py:545} INFO - Filling up the DagBag from /home/vscode/.local/lib/python3.11/site-packages/airflow/example_dags/tutorial_dag.py
[2026-05-09T11:37:49.637+0000] {processor.py:840} INFO - DAG(s) 'tutorial_dag' retrieved from /home/vscode/.local/lib/python3.11/site-packages/airflow/example_dags/tutorial_dag.py
[2026-05-09T11:37:49.648+0000] {logging_mixin.py:188} INFO - [2026-05-09T11:37:49.648+0000] {dag.py:3096} INFO - Sync 1 DAGs
[2026-05-09T11:37:49.656+0000] {logging_mixin.py:188} INFO - [2026-05-09T11:37:49.656+0000] {dag.py:3954} INFO - Setting next_dagrun for tutorial_dag to None, run_after=None
[2026-05-09T11:37:49.672+0000] {processor.py:183} INFO - Processing /home/vscode/.local/lib/python3.11/site-packages/airflow/example_dags/tutorial_dag.py took 0.047 seconds
[2026-05-09T11:38:31.876+0000] {processor.py:161} INFO - Started process (PID=19383) to work on /home/vscode/.local/lib/python3.11/site-packages/airflow/example_dags/tutorial_dag.py
[2026-05-09T11:38:31.876+0000] {processor.py:830} INFO - Processing file /home/vscode/.local/lib/python3.11/site-packages/airflow/example_dags/tutorial_dag.py for tasks to queue
[2026-05-09T11:38:31.877+0000] {logging_mixin.py:188} INFO - [2026-05-09T11:38:31.877+0000] {dagbag.py:545} INFO - Filling up the DagBag from /home/vscode/.local/lib/python3.11/site-packages/airflow/example_dags/tutorial_dag.py
[2026-05-09T11:38:31.881+0000] {processor.py:840} INFO - DAG(s) 'tutorial_dag' retrieved from /home/vscode/.local/lib/python3.11/site-packages/airflow/example_dags/tutorial_dag.py
[2026-05-09T11:38:31.893+0000] {logging_mixin.py:188} INFO - [2026-05-09T11:38:31.893+0000] {dag.py:3096} INFO - Sync 1 DAGs
[2026-05-09T11:38:31.902+0000] {logging_mixin.py:188} INFO - [2026-05-09T11:38:31.902+0000] {dag.py:3954} INFO - Setting next_dagrun for tutorial_dag to None, run_after=None
[2026-05-09T11:38:31.918+0000] {processor.py:183} INFO - Processing /home/vscode/.local/lib/python3.11/site-packages/airflow/example_dags/tutorial_dag.py took 0.050 seconds
[2026-05-09T11:39:12.060+0000] {processor.py:161} INFO - Started process (PID=19910) to work on /home/vscode/.local/lib/python3.11/site-packages/airflow/example_dags/tutorial_dag.py
[2026-05-09T11:39:12.060+0000] {processor.py:830} INFO - Processing file /home/vscode/.local/lib/python3.11/site-packages/airflow/example_dags/tutorial_dag.py for tasks to queue
[2026-05-09T11:39:12.061+0000] {logging_mixin.py:188} INFO - [2026-05-09T11:39:12.061+0000] {dagbag.py:545} INFO - Filling up the DagBag from /home/vscode/.local/lib/python3.11/site-packages/airflow/example_dags/tutorial_dag.py
[2026-05-09T11:39:12.065+0000] {processor.py:840} INFO - DAG(s) 'tutorial_dag' retrieved from /home/vscode/.local/lib/python3.11/site-packages/airflow/example_dags/tutorial_dag.py
[2026-05-09T11:39:12.077+0000] {logging_mixin.py:188} INFO - [2026-05-09T11:39:12.077+0000] {dag.py:3096} INFO - Sync 1 DAGs
[2026-05-09T11:39:12.089+0000] {logging_mixin.py:188} INFO - [2026-05-09T11:39:12.089+0000] {dag.py:3954} INFO - Setting next_dagrun for tutorial_dag to None, run_after=None
[2026-05-09T11:39:12.106+0000] {processor.py:183} INFO - Processing /home/vscode/.local/lib/python3.11/site-packages/airflow/example_dags/tutorial_dag.py took 0.054 seconds
[2026-05-09T11:39:52.416+0000] {processor.py:161} INFO - Started process (PID=20418) to work on /home/vscode/.local/lib/python3.11/site-packages/airflow/example_dags/tutorial_dag.py
[2026-05-09T11:39:52.417+0000] {processor.py:830} INFO - Processing file /home/vscode/.local/lib/python3.11/site-packages/airflow/example_dags/tutorial_dag.py for tasks to queue
[2026-05-09T11:39:52.417+0000] {logging_mixin.py:188} INFO - [2026-05-09T11:39:52.417+0000] {dagbag.py:545} INFO - Filling up the DagBag from /home/vscode/.local/lib/python3.11/site-packages/airflow/example_dags/tutorial_dag.py
[2026-05-09T11:39:52.421+0000] {processor.py:840} INFO - DAG(s) 'tutorial_dag' retrieved from /home/vscode/.local/lib/python3.11/site-packages/airflow/example_dags/tutorial_dag.py
[2026-05-09T11:39:52.435+0000] {logging_mixin.py:188} INFO - [2026-05-09T11:39:52.435+0000] {dag.py:3096} INFO - Sync 1 DAGs
[2026-05-09T11:39:52.447+0000] {logging_mixin.py:188} INFO - [2026-05-09T11:39:52.446+0000] {dag.py:3954} INFO - Setting next_dagrun for tutorial_dag to None, run_after=None
[2026-05-09T11:39:52.463+0000] {processor.py:183} INFO - Processing /home/vscode/.local/lib/python3.11/site-packages/airflow/example_dags/tutorial_dag.py took 0.054 seconds
[2026-05-09T11:40:33.138+0000] {processor.py:161} INFO - Started process (PID=20714) to work on /home/vscode/.local/lib/python3.11/site-packages/airflow/example_dags/tutorial_dag.py
[2026-05-09T11:40:33.139+0000] {processor.py:830} INFO - Processing file /home/vscode/.local/lib/python3.11/site-packages/airflow/example_dags/tutorial_dag.py for tasks to queue
[2026-05-09T11:40:33.139+0000] {logging_mixin.py:188} INFO - [2026-05-09T11:40:33.139+0000] {dagbag.py:545} INFO - Filling up the DagBag from /home/vscode/.local/lib/python3.11/site-packages/airflow/example_dags/tutorial_dag.py
[2026-05-09T11:40:33.143+0000] {processor.py:840} INFO - DAG(s) 'tutorial_dag' retrieved from /home/vscode/.local/lib/python3.11/site-packages/airflow/example_dags/tutorial_dag.py
[2026-05-09T11:40:33.155+0000] {logging_mixin.py:188} INFO - [2026-05-09T11:40:33.155+0000] {dag.py:3096} INFO - Sync 1 DAGs
[2026-05-09T11:40:33.164+0000] {logging_mixin.py:188} INFO - [2026-05-09T11:40:33.163+0000] {dag.py:3954} INFO - Setting next_dagrun for tutorial_dag to None, run_after=None
[2026-05-09T11:40:33.180+0000] {processor.py:183} INFO - Processing /home/vscode/.local/lib/python3.11/site-packages/airflow/example_dags/tutorial_dag.py took 0.050 seconds
[2026-05-09T11:41:17.432+0000] {processor.py:161} INFO - Started process (PID=21228) to work on /home/vscode/.local/lib/python3.11/site-packages/airflow/example_dags/tutorial_dag.py
[2026-05-09T11:41:17.433+0000] {processor.py:830} INFO - Processing file /home/vscode/.local/lib/python3.11/site-packages/airflow/example_dags/tutorial_dag.py for tasks to queue
[2026-05-09T11:41:17.434+0000] {logging_mixin.py:188} INFO - [2026-05-09T11:41:17.433+0000] {dagbag.py:545} INFO - Filling up the DagBag from /home/vscode/.local/lib/python3.11/site-packages/airflow/example_dags/tutorial_dag.py
[2026-05-09T11:41:17.440+0000] {processor.py:840} INFO - DAG(s) 'tutorial_dag' retrieved from /home/vscode/.local/lib/python3.11/site-packages/airflow/example_dags/tutorial_dag.py
[2026-05-09T11:41:17.464+0000] {logging_mixin.py:188} INFO - [2026-05-09T11:41:17.461+0000] {dag.py:3096} INFO - Sync 1 DAGs
[2026-05-09T11:41:17.507+0000] {logging_mixin.py:188} INFO - [2026-05-09T11:41:17.507+0000] {dag.py:3954} INFO - Setting next_dagrun for tutorial_dag to None, run_after=None
[2026-05-09T11:41:17.563+0000] {processor.py:183} INFO - Processing /home/vscode/.local/lib/python3.11/site-packages/airflow/example_dags/tutorial_dag.py took 0.150 seconds
[2026-05-09T11:42:01.925+0000] {processor.py:161} INFO - Started process (PID=21614) to work on /home/vscode/.local/lib/python3.11/site-packages/airflow/example_dags/tutorial_dag.py
[2026-05-09T11:42:01.925+0000] {processor.py:830} INFO - Processing file /home/vscode/.local/lib/python3.11/site-packages/airflow/example_dags/tutorial_dag.py for tasks to queue
[2026-05-09T11:42:01.926+0000] {logging_mixin.py:188} INFO - [2026-05-09T11:42:01.926+0000] {dagbag.py:545} INFO - Filling up the DagBag from /home/vscode/.local/lib/python3.11/site-packages/airflow/example_dags/tutorial_dag.py
[2026-05-09T11:42:01.930+0000] {processor.py:840} INFO - DAG(s) 'tutorial_dag' retrieved from /home/vscode/.local/lib/python3.11/site-packages/airflow/example_dags/tutorial_dag.py
[2026-05-09T11:42:01.942+0000] {logging_mixin.py:188} INFO - [2026-05-09T11:42:01.942+0000] {dag.py:3096} INFO - Sync 1 DAGs
[2026-05-09T11:42:01.950+0000] {logging_mixin.py:188} INFO - [2026-05-09T11:42:01.950+0000] {dag.py:3954} INFO - Setting next_dagrun for tutorial_dag to None, run_after=None
[2026-05-09T11:42:01.967+0000] {processor.py:183} INFO - Processing /home/vscode/.local/lib/python3.11/site-packages/airflow/example_dags/tutorial_dag.py took 0.048 seconds
[2026-05-09T11:42:45.584+0000] {processor.py:161} INFO - Started process (PID=21997) to work on /home/vscode/.local/lib/python3.11/site-packages/airflow/example_dags/tutorial_dag.py
[2026-05-09T11:42:45.584+0000] {processor.py:830} INFO - Processing file /home/vscode/.local/lib/python3.11/site-packages/airflow/example_dags/tutorial_dag.py for tasks to queue
[2026-05-09T11:42:45.585+0000] {logging_mixin.py:188} INFO - [2026-05-09T11:42:45.584+0000] {dagbag.py:545} INFO - Filling up the DagBag from /home/vscode/.local/lib/python3.11/site-packages/airflow/example_dags/tutorial_dag.py
[2026-05-09T11:42:45.588+0000] {processor.py:840} INFO - DAG(s) 'tutorial_dag' retrieved from /home/vscode/.local/lib/python3.11/site-packages/airflow/example_dags/tutorial_dag.py
[2026-05-09T11:42:45.600+0000] {logging_mixin.py:188} INFO - [2026-05-09T11:42:45.600+0000] {dag.py:3096} INFO - Sync 1 DAGs
[2026-05-09T11:42:45.609+0000] {logging_mixin.py:188} INFO - [2026-05-09T11:42:45.609+0000] {dag.py:3954} INFO - Setting next_dagrun for tutorial_dag to None, run_after=None
[2026-05-09T11:42:45.627+0000] {processor.py:183} INFO - Processing /home/vscode/.local/lib/python3.11/site-packages/airflow/example_dags/tutorial_dag.py took 0.050 seconds
[2026-05-09T11:43:31.270+0000] {processor.py:161} INFO - Started process (PID=22335) to work on /home/vscode/.local/lib/python3.11/site-packages/airflow/example_dags/tutorial_dag.py
[2026-05-09T11:43:31.271+0000] {processor.py:830} INFO - Processing file /home/vscode/.local/lib/python3.11/site-packages/airflow/example_dags/tutorial_dag.py for tasks to queue
[2026-05-09T11:43:31.272+0000] {logging_mixin.py:188} INFO - [2026-05-09T11:43:31.271+0000] {dagbag.py:545} INFO - Filling up the DagBag from /home/vscode/.local/lib/python3.11/site-packages/airflow/example_dags/tutorial_dag.py
[2026-05-09T11:43:31.275+0000] {processor.py:840} INFO - DAG(s) 'tutorial_dag' retrieved from /home/vscode/.local/lib/python3.11/site-packages/airflow/example_dags/tutorial_dag.py
[2026-05-09T11:43:31.287+0000] {logging_mixin.py:188} INFO - [2026-05-09T11:43:31.287+0000] {dag.py:3096} INFO - Sync 1 DAGs
[2026-05-09T11:43:31.295+0000] {logging_mixin.py:188} INFO - [2026-05-09T11:43:31.295+0000] {dag.py:3954} INFO - Setting next_dagrun for tutorial_dag to None, run_after=None
[2026-05-09T11:43:31.311+0000] {processor.py:183} INFO - Processing /home/vscode/.local/lib/python3.11/site-packages/airflow/example_dags/tutorial_dag.py took 0.049 seconds
[2026-05-09T11:44:13.058+0000] {processor.py:161} INFO - Started process (PID=22758) to work on /home/vscode/.local/lib/python3.11/site-packages/airflow/example_dags/tutorial_dag.py
[2026-05-09T11:44:13.058+0000] {processor.py:830} INFO - Processing file /home/vscode/.local/lib/python3.11/site-packages/airflow/example_dags/tutorial_dag.py for tasks to queue
[2026-05-09T11:44:13.059+0000] {logging_mixin.py:188} INFO - [2026-05-09T11:44:13.059+0000] {dagbag.py:545} INFO - Filling up the DagBag from /home/vscode/.local/lib/python3.11/site-packages/airflow/example_dags/tutorial_dag.py
[2026-05-09T11:44:13.063+0000] {processor.py:840} INFO - DAG(s) 'tutorial_dag' retrieved from /home/vscode/.local/lib/python3.11/site-packages/airflow/example_dags/tutorial_dag.py
[2026-05-09T11:44:13.075+0000] {logging_mixin.py:188} INFO - [2026-05-09T11:44:13.075+0000] {dag.py:3096} INFO - Sync 1 DAGs
[2026-05-09T11:44:13.086+0000] {logging_mixin.py:188} INFO - [2026-05-09T11:44:13.086+0000] {dag.py:3954} INFO - Setting next_dagrun for tutorial_dag to None, run_after=None
[2026-05-09T11:44:13.124+0000] {processor.py:183} INFO - Processing /home/vscode/.local/lib/python3.11/site-packages/airflow/example_dags/tutorial_dag.py took 0.073 seconds
[2026-05-09T11:44:53.638+0000] {processor.py:161} INFO - Started process (PID=23124) to work on /home/vscode/.local/lib/python3.11/site-packages/airflow/example_dags/tutorial_dag.py
[2026-05-09T11:44:53.638+0000] {processor.py:830} INFO - Processing file /home/vscode/.local/lib/python3.11/site-packages/airflow/example_dags/tutorial_dag.py for tasks to queue
[2026-05-09T11:44:53.639+0000] {logging_mixin.py:188} INFO - [2026-05-09T11:44:53.639+0000] {dagbag.py:545} INFO - Filling up the DagBag from /home/vscode/.local/lib/python3.11/site-packages/airflow/example_dags/tutorial_dag.py
[2026-05-09T11:44:53.643+0000] {processor.py:840} INFO - DAG(s) 'tutorial_dag' retrieved from /home/vscode/.local/lib/python3.11/site-packages/airflow/example_dags/tutorial_dag.py
[2026-05-09T11:44:53.654+0000] {logging_mixin.py:188} INFO - [2026-05-09T11:44:53.653+0000] {dag.py:3096} INFO - Sync 1 DAGs
[2026-05-09T11:44:53.661+0000] {logging_mixin.py:188} INFO - [2026-05-09T11:44:53.661+0000] {dag.py:3954} INFO - Setting next_dagrun for tutorial_dag to None, run_after=None
[2026-05-09T11:44:53.678+0000] {processor.py:183} INFO - Processing /home/vscode/.local/lib/python3.11/site-packages/airflow/example_dags/tutorial_dag.py took 0.046 seconds
[2026-05-09T11:45:38.495+0000] {processor.py:161} INFO - Started process (PID=23518) to work on /home/vscode/.local/lib/python3.11/site-packages/airflow/example_dags/tutorial_dag.py
[2026-05-09T11:45:38.496+0000] {processor.py:830} INFO - Processing file /home/vscode/.local/lib/python3.11/site-packages/airflow/example_dags/tutorial_dag.py for tasks to queue
[2026-05-09T11:45:38.497+0000] {logging_mixin.py:188} INFO - [2026-05-09T11:45:38.497+0000] {dagbag.py:545} INFO - Filling up the DagBag from /home/vscode/.local/lib/python3.11/site-packages/airflow/example_dags/tutorial_dag.py
[2026-05-09T11:45:38.503+0000] {processor.py:840} INFO - DAG(s) 'tutorial_dag' retrieved from /home/vscode/.local/lib/python3.11/site-packages/airflow/example_dags/tutorial_dag.py
[2026-05-09T11:45:38.524+0000] {logging_mixin.py:188} INFO - [2026-05-09T11:45:38.522+0000] {dag.py:3096} INFO - Sync 1 DAGs
[2026-05-09T11:45:38.537+0000] {logging_mixin.py:188} INFO - [2026-05-09T11:45:38.537+0000] {dag.py:3954} INFO - Setting next_dagrun for tutorial_dag to None, run_after=None
[2026-05-09T11:45:38.556+0000] {processor.py:183} INFO - Processing /home/vscode/.local/lib/python3.11/site-packages/airflow/example_dags/tutorial_dag.py took 0.083 seconds
[2026-05-09T11:46:19.898+0000] {processor.py:161} INFO - Started process (PID=23817) to work on /home/vscode/.local/lib/python3.11/site-packages/airflow/example_dags/tutorial_dag.py
[2026-05-09T11:46:19.898+0000] {processor.py:830} INFO - Processing file /home/vscode/.local/lib/python3.11/site-packages/airflow/example_dags/tutorial_dag.py for tasks to queue
[2026-05-09T11:46:19.899+0000] {logging_mixin.py:188} INFO - [2026-05-09T11:46:19.899+0000] {dagbag.py:545} INFO - Filling up the DagBag from /home/vscode/.local/lib/python3.11/site-packages/airflow/example_dags/tutorial_dag.py
[2026-05-09T11:46:19.906+0000] {processor.py:840} INFO - DAG(s) 'tutorial_dag' retrieved from /home/vscode/.local/lib/python3.11/site-packages/airflow/example_dags/tutorial_dag.py
[2026-05-09T11:46:19.923+0000] {logging_mixin.py:188} INFO - [2026-05-09T11:46:19.923+0000] {dag.py:3096} INFO - Sync 1 DAGs
[2026-05-09T11:46:19.939+0000] {logging_mixin.py:188} INFO - [2026-05-09T11:46:19.939+0000] {dag.py:3954} INFO - Setting next_dagrun for tutorial_dag to None, run_after=None
[2026-05-09T11:46:19.969+0000] {processor.py:183} INFO - Processing /home/vscode/.local/lib/python3.11/site-packages/airflow/example_dags/tutorial_dag.py took 0.090 seconds
[2026-05-09T11:47:05.030+0000] {processor.py:161} INFO - Started process (PID=24375) to work on /home/vscode/.local/lib/python3.11/site-packages/airflow/example_dags/tutorial_dag.py
[2026-05-09T11:47:05.031+0000] {processor.py:830} INFO - Processing file /home/vscode/.local/lib/python3.11/site-packages/airflow/example_dags/tutorial_dag.py for tasks to queue
[2026-05-09T11:47:05.031+0000] {logging_mixin.py:188} INFO - [2026-05-09T11:47:05.031+0000] {dagbag.py:545} INFO - Filling up the DagBag from /home/vscode/.local/lib/python3.11/site-packages/airflow/example_dags/tutorial_dag.py
[2026-05-09T11:47:05.035+0000] {processor.py:840} INFO - DAG(s) 'tutorial_dag' retrieved from /home/vscode/.local/lib/python3.11/site-packages/airflow/example_dags/tutorial_dag.py
[2026-05-09T11:47:05.046+0000] {logging_mixin.py:188} INFO - [2026-05-09T11:47:05.046+0000] {dag.py:3096} INFO - Sync 1 DAGs
[2026-05-09T11:47:05.054+0000] {logging_mixin.py:188} INFO - [2026-05-09T11:47:05.054+0000] {dag.py:3954} INFO - Setting next_dagrun for tutorial_dag to None, run_after=None
[2026-05-09T11:47:05.069+0000] {processor.py:183} INFO - Processing /home/vscode/.local/lib/python3.11/site-packages/airflow/example_dags/tutorial_dag.py took 0.045 seconds
[2026-05-09T11:47:48.089+0000] {processor.py:161} INFO - Started process (PID=24731) to work on /home/vscode/.local/lib/python3.11/site-packages/airflow/example_dags/tutorial_dag.py
[2026-05-09T11:47:48.090+0000] {processor.py:830} INFO - Processing file /home/vscode/.local/lib/python3.11/site-packages/airflow/example_dags/tutorial_dag.py for tasks to queue
[2026-05-09T11:47:48.090+0000] {logging_mixin.py:188} INFO - [2026-05-09T11:47:48.090+0000] {dagbag.py:545} INFO - Filling up the DagBag from /home/vscode/.local/lib/python3.11/site-packages/airflow/example_dags/tutorial_dag.py
[2026-05-09T11:47:48.094+0000] {processor.py:840} INFO - DAG(s) 'tutorial_dag' retrieved from /home/vscode/.local/lib/python3.11/site-packages/airflow/example_dags/tutorial_dag.py
[2026-05-09T11:47:48.106+0000] {logging_mixin.py:188} INFO - [2026-05-09T11:47:48.105+0000] {dag.py:3096} INFO - Sync 1 DAGs
[2026-05-09T11:47:48.114+0000] {logging_mixin.py:188} INFO - [2026-05-09T11:47:48.114+0000] {dag.py:3954} INFO - Setting next_dagrun for tutorial_dag to None, run_after=None
[2026-05-09T11:47:48.130+0000] {processor.py:183} INFO - Processing /home/vscode/.local/lib/python3.11/site-packages/airflow/example_dags/tutorial_dag.py took 0.047 seconds
[2026-05-09T11:48:32.459+0000] {processor.py:161} INFO - Started process (PID=25045) to work on /home/vscode/.local/lib/python3.11/site-packages/airflow/example_dags/tutorial_dag.py
[2026-05-09T11:48:32.460+0000] {processor.py:830} INFO - Processing file /home/vscode/.local/lib/python3.11/site-packages/airflow/example_dags/tutorial_dag.py for tasks to queue
[2026-05-09T11:48:32.460+0000] {logging_mixin.py:188} INFO - [2026-05-09T11:48:32.460+0000] {dagbag.py:545} INFO - Filling up the DagBag from /home/vscode/.local/lib/python3.11/site-packages/airflow/example_dags/tutorial_dag.py
[2026-05-09T11:48:32.464+0000] {processor.py:840} INFO - DAG(s) 'tutorial_dag' retrieved from /home/vscode/.local/lib/python3.11/site-packages/airflow/example_dags/tutorial_dag.py
[2026-05-09T11:48:32.475+0000] {logging_mixin.py:188} INFO - [2026-05-09T11:48:32.475+0000] {dag.py:3096} INFO - Sync 1 DAGs
[2026-05-09T11:48:32.483+0000] {logging_mixin.py:188} INFO - [2026-05-09T11:48:32.483+0000] {dag.py:3954} INFO - Setting next_dagrun for tutorial_dag to None, run_after=None
[2026-05-09T11:48:32.499+0000] {processor.py:183} INFO - Processing /home/vscode/.local/lib/python3.11/site-packages/airflow/example_dags/tutorial_dag.py took 0.046 seconds
[2026-05-09T11:49:12.071+0000] {processor.py:161} INFO - Started process (PID=25461) to work on /home/vscode/.local/lib/python3.11/site-packages/airflow/example_dags/tutorial_dag.py
[2026-05-09T11:49:12.072+0000] {processor.py:830} INFO - Processing file /home/vscode/.local/lib/python3.11/site-packages/airflow/example_dags/tutorial_dag.py for tasks to queue
[2026-05-09T11:49:12.072+0000] {logging_mixin.py:188} INFO - [2026-05-09T11:49:12.072+0000] {dagbag.py:545} INFO - Filling up the DagBag from /home/vscode/.local/lib/python3.11/site-packages/airflow/example_dags/tutorial_dag.py
[2026-05-09T11:49:12.076+0000] {processor.py:840} INFO - DAG(s) 'tutorial_dag' retrieved from /home/vscode/.local/lib/python3.11/site-packages/airflow/example_dags/tutorial_dag.py
[2026-05-09T11:49:12.093+0000] {logging_mixin.py:188} INFO - [2026-05-09T11:49:12.093+0000] {dag.py:3096} INFO - Sync 1 DAGs
[2026-05-09T11:49:12.101+0000] {logging_mixin.py:188} INFO - [2026-05-09T11:49:12.101+0000] {dag.py:3954} INFO - Setting next_dagrun for tutorial_dag to None, run_after=None
[2026-05-09T11:49:12.117+0000] {processor.py:183} INFO - Processing /home/vscode/.local/lib/python3.11/site-packages/airflow/example_dags/tutorial_dag.py took 0.053 seconds
[2026-05-09T11:49:53.891+0000] {processor.py:161} INFO - Started process (PID=25890) to work on /home/vscode/.local/lib/python3.11/site-packages/airflow/example_dags/tutorial_dag.py
[2026-05-09T11:49:53.892+0000] {processor.py:830} INFO - Processing file /home/vscode/.local/lib/python3.11/site-packages/airflow/example_dags/tutorial_dag.py for tasks to queue
[2026-05-09T11:49:53.893+0000] {logging_mixin.py:188} INFO - [2026-05-09T11:49:53.892+0000] {dagbag.py:545} INFO - Filling up the DagBag from /home/vscode/.local/lib/python3.11/site-packages/airflow/example_dags/tutorial_dag.py
[2026-05-09T11:49:53.896+0000] {processor.py:840} INFO - DAG(s) 'tutorial_dag' retrieved from /home/vscode/.local/lib/python3.11/site-packages/airflow/example_dags/tutorial_dag.py
[2026-05-09T11:49:53.908+0000] {logging_mixin.py:188} INFO - [2026-05-09T11:49:53.908+0000] {dag.py:3096} INFO - Sync 1 DAGs
[2026-05-09T11:49:53.917+0000] {logging_mixin.py:188} INFO - [2026-05-09T11:49:53.917+0000] {dag.py:3954} INFO - Setting next_dagrun for tutorial_dag to None, run_after=None
[2026-05-09T11:49:53.933+0000] {processor.py:183} INFO - Processing /home/vscode/.local/lib/python3.11/site-packages/airflow/example_dags/tutorial_dag.py took 0.048 seconds
[2026-05-09T11:50:37.247+0000] {processor.py:161} INFO - Started process (PID=26334) to work on /home/vscode/.local/lib/python3.11/site-packages/airflow/example_dags/tutorial_dag.py
[2026-05-09T11:50:37.247+0000] {processor.py:830} INFO - Processing file /home/vscode/.local/lib/python3.11/site-packages/airflow/example_dags/tutorial_dag.py for tasks to queue
[2026-05-09T11:50:37.248+0000] {logging_mixin.py:188} INFO - [2026-05-09T11:50:37.247+0000] {dagbag.py:545} INFO - Filling up the DagBag from /home/vscode/.local/lib/python3.11/site-packages/airflow/example_dags/tutorial_dag.py
[2026-05-09T11:50:37.252+0000] {processor.py:840} INFO - DAG(s) 'tutorial_dag' retrieved from /home/vscode/.local/lib/python3.11/site-packages/airflow/example_dags/tutorial_dag.py
[2026-05-09T11:50:37.266+0000] {logging_mixin.py:188} INFO - [2026-05-09T11:50:37.266+0000] {dag.py:3096} INFO - Sync 1 DAGs
[2026-05-09T11:50:37.277+0000] {logging_mixin.py:188} INFO - [2026-05-09T11:50:37.277+0000] {dag.py:3954} INFO - Setting next_dagrun for tutorial_dag to None, run_after=None
[2026-05-09T11:50:37.320+0000] {processor.py:183} INFO - Processing /home/vscode/.local/lib/python3.11/site-packages/airflow/example_dags/tutorial_dag.py took 0.080 seconds
[2026-05-09T11:51:19.954+0000] {processor.py:161} INFO - Started process (PID=26827) to work on /home/vscode/.local/lib/python3.11/site-packages/airflow/example_dags/tutorial_dag.py
[2026-05-09T11:51:19.955+0000] {processor.py:830} INFO - Processing file /home/vscode/.local/lib/python3.11/site-packages/airflow/example_dags/tutorial_dag.py for tasks to queue
[2026-05-09T11:51:19.955+0000] {logging_mixin.py:188} INFO - [2026-05-09T11:51:19.955+0000] {dagbag.py:545} INFO - Filling up the DagBag from /home/vscode/.local/lib/python3.11/site-packages/airflow/example_dags/tutorial_dag.py
[2026-05-09T11:51:19.959+0000] {processor.py:840} INFO - DAG(s) 'tutorial_dag' retrieved from /home/vscode/.local/lib/python3.11/site-packages/airflow/example_dags/tutorial_dag.py
[2026-05-09T11:51:19.970+0000] {logging_mixin.py:188} INFO - [2026-05-09T11:51:19.970+0000] {dag.py:3096} INFO - Sync 1 DAGs
[2026-05-09T11:51:19.978+0000] {logging_mixin.py:188} INFO - [2026-05-09T11:51:19.978+0000] {dag.py:3954} INFO - Setting next_dagrun for tutorial_dag to None, run_after=None
[2026-05-09T11:51:19.994+0000] {processor.py:183} INFO - Processing /home/vscode/.local/lib/python3.11/site-packages/airflow/example_dags/tutorial_dag.py took 0.046 seconds
[2026-05-09T11:52:02.185+0000] {processor.py:161} INFO - Started process (PID=27249) to work on /home/vscode/.local/lib/python3.11/site-packages/airflow/example_dags/tutorial_dag.py
[2026-05-09T11:52:02.185+0000] {processor.py:830} INFO - Processing file /home/vscode/.local/lib/python3.11/site-packages/airflow/example_dags/tutorial_dag.py for tasks to queue
[2026-05-09T11:52:02.186+0000] {logging_mixin.py:188} INFO - [2026-05-09T11:52:02.186+0000] {dagbag.py:545} INFO - Filling up the DagBag from /home/vscode/.local/lib/python3.11/site-packages/airflow/example_dags/tutorial_dag.py
[2026-05-09T11:52:02.190+0000] {processor.py:840} INFO - DAG(s) 'tutorial_dag' retrieved from /home/vscode/.local/lib/python3.11/site-packages/airflow/example_dags/tutorial_dag.py
[2026-05-09T11:52:02.201+0000] {logging_mixin.py:188} INFO - [2026-05-09T11:52:02.201+0000] {dag.py:3096} INFO - Sync 1 DAGs
[2026-05-09T11:52:02.210+0000] {logging_mixin.py:188} INFO - [2026-05-09T11:52:02.210+0000] {dag.py:3954} INFO - Setting next_dagrun for tutorial_dag to None, run_after=None
[2026-05-09T11:52:02.226+0000] {processor.py:183} INFO - Processing /home/vscode/.local/lib/python3.11/site-packages/airflow/example_dags/tutorial_dag.py took 0.047 seconds
[2026-05-09T11:52:43.227+0000] {processor.py:161} INFO - Started process (PID=27631) to work on /home/vscode/.local/lib/python3.11/site-packages/airflow/example_dags/tutorial_dag.py
[2026-05-09T11:52:43.228+0000] {processor.py:830} INFO - Processing file /home/vscode/.local/lib/python3.11/site-packages/airflow/example_dags/tutorial_dag.py for tasks to queue
[2026-05-09T11:52:43.228+0000] {logging_mixin.py:188} INFO - [2026-05-09T11:52:43.228+0000] {dagbag.py:545} INFO - Filling up the DagBag from /home/vscode/.local/lib/python3.11/site-packages/airflow/example_dags/tutorial_dag.py
[2026-05-09T11:52:43.232+0000] {processor.py:840} INFO - DAG(s) 'tutorial_dag' retrieved from /home/vscode/.local/lib/python3.11/site-packages/airflow/example_dags/tutorial_dag.py
[2026-05-09T11:52:43.243+0000] {logging_mixin.py:188} INFO - [2026-05-09T11:52:43.243+0000] {dag.py:3096} INFO - Sync 1 DAGs
[2026-05-09T11:52:43.251+0000] {logging_mixin.py:188} INFO - [2026-05-09T11:52:43.251+0000] {dag.py:3954} INFO - Setting next_dagrun for tutorial_dag to None, run_after=None
[2026-05-09T11:52:43.267+0000] {processor.py:183} INFO - Processing /home/vscode/.local/lib/python3.11/site-packages/airflow/example_dags/tutorial_dag.py took 0.046 seconds
[2026-05-09T11:53:21.391+0000] {processor.py:161} INFO - Started process (PID=27910) to work on /home/vscode/.local/lib/python3.11/site-packages/airflow/example_dags/tutorial_dag.py
[2026-05-09T11:53:21.392+0000] {processor.py:830} INFO - Processing file /home/vscode/.local/lib/python3.11/site-packages/airflow/example_dags/tutorial_dag.py for tasks to queue
[2026-05-09T11:53:21.393+0000] {logging_mixin.py:188} INFO - [2026-05-09T11:53:21.392+0000] {dagbag.py:545} INFO - Filling up the DagBag from /home/vscode/.local/lib/python3.11/site-packages/airflow/example_dags/tutorial_dag.py
[2026-05-09T11:53:21.396+0000] {processor.py:840} INFO - DAG(s) 'tutorial_dag' retrieved from /home/vscode/.local/lib/python3.11/site-packages/airflow/example_dags/tutorial_dag.py
[2026-05-09T11:53:21.408+0000] {logging_mixin.py:188} INFO - [2026-05-09T11:53:21.408+0000] {dag.py:3096} INFO - Sync 1 DAGs
[2026-05-09T11:53:21.416+0000] {logging_mixin.py:188} INFO - [2026-05-09T11:53:21.416+0000] {dag.py:3954} INFO - Setting next_dagrun for tutorial_dag to None, run_after=None
[2026-05-09T11:53:21.431+0000] {processor.py:183} INFO - Processing /home/vscode/.local/lib/python3.11/site-packages/airflow/example_dags/tutorial_dag.py took 0.049 seconds
[2026-05-09T11:54:01.909+0000] {processor.py:161} INFO - Started process (PID=28314) to work on /home/vscode/.local/lib/python3.11/site-packages/airflow/example_dags/tutorial_dag.py
[2026-05-09T11:54:01.909+0000] {processor.py:830} INFO - Processing file /home/vscode/.local/lib/python3.11/site-packages/airflow/example_dags/tutorial_dag.py for tasks to queue
[2026-05-09T11:54:01.910+0000] {logging_mixin.py:188} INFO - [2026-05-09T11:54:01.909+0000] {dagbag.py:545} INFO - Filling up the DagBag from /home/vscode/.local/lib/python3.11/site-packages/airflow/example_dags/tutorial_dag.py
[2026-05-09T11:54:01.913+0000] {processor.py:840} INFO - DAG(s) 'tutorial_dag' retrieved from /home/vscode/.local/lib/python3.11/site-packages/airflow/example_dags/tutorial_dag.py
[2026-05-09T11:54:01.925+0000] {logging_mixin.py:188} INFO - [2026-05-09T11:54:01.925+0000] {dag.py:3096} INFO - Sync 1 DAGs
[2026-05-09T11:54:01.933+0000] {logging_mixin.py:188} INFO - [2026-05-09T11:54:01.933+0000] {dag.py:3954} INFO - Setting next_dagrun for tutorial_dag to None, run_after=None
[2026-05-09T11:54:01.949+0000] {processor.py:183} INFO - Processing /home/vscode/.local/lib/python3.11/site-packages/airflow/example_dags/tutorial_dag.py took 0.047 seconds
[2026-05-09T11:54:44.263+0000] {processor.py:161} INFO - Started process (PID=28678) to work on /home/vscode/.local/lib/python3.11/site-packages/airflow/example_dags/tutorial_dag.py
[2026-05-09T11:54:44.264+0000] {processor.py:830} INFO - Processing file /home/vscode/.local/lib/python3.11/site-packages/airflow/example_dags/tutorial_dag.py for tasks to queue
[2026-05-09T11:54:44.264+0000] {logging_mixin.py:188} INFO - [2026-05-09T11:54:44.264+0000] {dagbag.py:545} INFO - Filling up the DagBag from /home/vscode/.local/lib/python3.11/site-packages/airflow/example_dags/tutorial_dag.py
[2026-05-09T11:54:44.268+0000] {processor.py:840} INFO - DAG(s) 'tutorial_dag' retrieved from /home/vscode/.local/lib/python3.11/site-packages/airflow/example_dags/tutorial_dag.py
[2026-05-09T11:54:44.279+0000] {logging_mixin.py:188} INFO - [2026-05-09T11:54:44.279+0000] {dag.py:3096} INFO - Sync 1 DAGs
[2026-05-09T11:54:44.287+0000] {logging_mixin.py:188} INFO - [2026-05-09T11:54:44.287+0000] {dag.py:3954} INFO - Setting next_dagrun for tutorial_dag to None, run_after=None
[2026-05-09T11:54:44.303+0000] {processor.py:183} INFO - Processing /home/vscode/.local/lib/python3.11/site-packages/airflow/example_dags/tutorial_dag.py took 0.046 seconds
[2026-05-09T11:55:25.408+0000] {processor.py:161} INFO - Started process (PID=28966) to work on /home/vscode/.local/lib/python3.11/site-packages/airflow/example_dags/tutorial_dag.py
[2026-05-09T11:55:25.409+0000] {processor.py:830} INFO - Processing file /home/vscode/.local/lib/python3.11/site-packages/airflow/example_dags/tutorial_dag.py for tasks to queue
[2026-05-09T11:55:25.409+0000] {logging_mixin.py:188} INFO - [2026-05-09T11:55:25.409+0000] {dagbag.py:545} INFO - Filling up the DagBag from /home/vscode/.local/lib/python3.11/site-packages/airflow/example_dags/tutorial_dag.py
[2026-05-09T11:55:25.413+0000] {processor.py:840} INFO - DAG(s) 'tutorial_dag' retrieved from /home/vscode/.local/lib/python3.11/site-packages/airflow/example_dags/tutorial_dag.py
[2026-05-09T11:55:25.424+0000] {logging_mixin.py:188} INFO - [2026-05-09T11:55:25.424+0000] {dag.py:3096} INFO - Sync 1 DAGs
[2026-05-09T11:55:25.433+0000] {logging_mixin.py:188} INFO - [2026-05-09T11:55:25.432+0000] {dag.py:3954} INFO - Setting next_dagrun for tutorial_dag to None, run_after=None
[2026-05-09T11:55:25.449+0000] {processor.py:183} INFO - Processing /home/vscode/.local/lib/python3.11/site-packages/airflow/example_dags/tutorial_dag.py took 0.047 seconds
[2026-05-09T11:56:06.259+0000] {processor.py:161} INFO - Started process (PID=29314) to work on /home/vscode/.local/lib/python3.11/site-packages/airflow/example_dags/tutorial_dag.py
[2026-05-09T11:56:06.259+0000] {processor.py:830} INFO - Processing file /home/vscode/.local/lib/python3.11/site-packages/airflow/example_dags/tutorial_dag.py for tasks to queue
[2026-05-09T11:56:06.260+0000] {logging_mixin.py:188} INFO - [2026-05-09T11:56:06.259+0000] {dagbag.py:545} INFO - Filling up the DagBag from /home/vscode/.local/lib/python3.11/site-packages/airflow/example_dags/tutorial_dag.py
[2026-05-09T11:56:06.264+0000] {processor.py:840} INFO - DAG(s) 'tutorial_dag' retrieved from /home/vscode/.local/lib/python3.11/site-packages/airflow/example_dags/tutorial_dag.py
[2026-05-09T11:56:06.275+0000] {logging_mixin.py:188} INFO - [2026-05-09T11:56:06.275+0000] {dag.py:3096} INFO - Sync 1 DAGs
[2026-05-09T11:56:06.284+0000] {logging_mixin.py:188} INFO - [2026-05-09T11:56:06.284+0000] {dag.py:3954} INFO - Setting next_dagrun for tutorial_dag to None, run_after=None
[2026-05-09T11:56:06.302+0000] {processor.py:183} INFO - Processing /home/vscode/.local/lib/python3.11/site-packages/airflow/example_dags/tutorial_dag.py took 0.050 seconds
[2026-05-09T11:56:47.677+0000] {processor.py:161} INFO - Started process (PID=29673) to work on /home/vscode/.local/lib/python3.11/site-packages/airflow/example_dags/tutorial_dag.py
[2026-05-09T11:56:47.677+0000] {processor.py:830} INFO - Processing file /home/vscode/.local/lib/python3.11/site-packages/airflow/example_dags/tutorial_dag.py for tasks to queue
[2026-05-09T11:56:47.678+0000] {logging_mixin.py:188} INFO - [2026-05-09T11:56:47.678+0000] {dagbag.py:545} INFO - Filling up the DagBag from /home/vscode/.local/lib/python3.11/site-packages/airflow/example_dags/tutorial_dag.py
[2026-05-09T11:56:47.683+0000] {processor.py:840} INFO - DAG(s) 'tutorial_dag' retrieved from /home/vscode/.local/lib/python3.11/site-packages/airflow/example_dags/tutorial_dag.py
[2026-05-09T11:56:47.694+0000] {logging_mixin.py:188} INFO - [2026-05-09T11:56:47.694+0000] {dag.py:3096} INFO - Sync 1 DAGs
[2026-05-09T11:56:47.703+0000] {logging_mixin.py:188} INFO - [2026-05-09T11:56:47.703+0000] {dag.py:3954} INFO - Setting next_dagrun for tutorial_dag to None, run_after=None
[2026-05-09T11:56:47.719+0000] {processor.py:183} INFO - Processing /home/vscode/.local/lib/python3.11/site-packages/airflow/example_dags/tutorial_dag.py took 0.048 seconds
[2026-05-09T11:57:27.918+0000] {processor.py:161} INFO - Started process (PID=29958) to work on /home/vscode/.local/lib/python3.11/site-packages/airflow/example_dags/tutorial_dag.py
[2026-05-09T11:57:27.919+0000] {processor.py:830} INFO - Processing file /home/vscode/.local/lib/python3.11/site-packages/airflow/example_dags/tutorial_dag.py for tasks to queue
[2026-05-09T11:57:27.919+0000] {logging_mixin.py:188} INFO - [2026-05-09T11:57:27.919+0000] {dagbag.py:545} INFO - Filling up the DagBag from /home/vscode/.local/lib/python3.11/site-packages/airflow/example_dags/tutorial_dag.py
[2026-05-09T11:57:27.923+0000] {processor.py:840} INFO - DAG(s) 'tutorial_dag' retrieved from /home/vscode/.local/lib/python3.11/site-packages/airflow/example_dags/tutorial_dag.py
[2026-05-09T11:57:27.934+0000] {logging_mixin.py:188} INFO - [2026-05-09T11:57:27.934+0000] {dag.py:3096} INFO - Sync 1 DAGs
[2026-05-09T11:57:27.942+0000] {logging_mixin.py:188} INFO - [2026-05-09T11:57:27.942+0000] {dag.py:3954} INFO - Setting next_dagrun for tutorial_dag to None, run_after=None
[2026-05-09T11:57:27.958+0000] {processor.py:183} INFO - Processing /home/vscode/.local/lib/python3.11/site-packages/airflow/example_dags/tutorial_dag.py took 0.046 seconds
[2026-05-09T11:58:11.332+0000] {processor.py:161} INFO - Started process (PID=30324) to work on /home/vscode/.local/lib/python3.11/site-packages/airflow/example_dags/tutorial_dag.py
[2026-05-09T11:58:11.332+0000] {processor.py:830} INFO - Processing file /home/vscode/.local/lib/python3.11/site-packages/airflow/example_dags/tutorial_dag.py for tasks to queue
[2026-05-09T11:58:11.333+0000] {logging_mixin.py:188} INFO - [2026-05-09T11:58:11.333+0000] {dagbag.py:545} INFO - Filling up the DagBag from /home/vscode/.local/lib/python3.11/site-packages/airflow/example_dags/tutorial_dag.py
[2026-05-09T11:58:11.337+0000] {processor.py:840} INFO - DAG(s) 'tutorial_dag' retrieved from /home/vscode/.local/lib/python3.11/site-packages/airflow/example_dags/tutorial_dag.py
[2026-05-09T11:58:11.348+0000] {logging_mixin.py:188} INFO - [2026-05-09T11:58:11.348+0000] {dag.py:3096} INFO - Sync 1 DAGs
[2026-05-09T11:58:11.357+0000] {logging_mixin.py:188} INFO - [2026-05-09T11:58:11.356+0000] {dag.py:3954} INFO - Setting next_dagrun for tutorial_dag to None, run_after=None
[2026-05-09T11:58:11.373+0000] {processor.py:183} INFO - Processing /home/vscode/.local/lib/python3.11/site-packages/airflow/example_dags/tutorial_dag.py took 0.047 seconds
[2026-05-09T11:58:54.174+0000] {processor.py:161} INFO - Started process (PID=30683) to work on /home/vscode/.local/lib/python3.11/site-packages/airflow/example_dags/tutorial_dag.py
[2026-05-09T11:58:54.175+0000] {processor.py:830} INFO - Processing file /home/vscode/.local/lib/python3.11/site-packages/airflow/example_dags/tutorial_dag.py for tasks to queue
[2026-05-09T11:58:54.175+0000] {logging_mixin.py:188} INFO - [2026-05-09T11:58:54.175+0000] {dagbag.py:545} INFO - Filling up the DagBag from /home/vscode/.local/lib/python3.11/site-packages/airflow/example_dags/tutorial_dag.py
[2026-05-09T11:58:54.179+0000] {processor.py:840} INFO - DAG(s) 'tutorial_dag' retrieved from /home/vscode/.local/lib/python3.11/site-packages/airflow/example_dags/tutorial_dag.py
[2026-05-09T11:58:54.191+0000] {logging_mixin.py:188} INFO - [2026-05-09T11:58:54.191+0000] {dag.py:3096} INFO - Sync 1 DAGs
[2026-05-09T11:58:54.200+0000] {logging_mixin.py:188} INFO - [2026-05-09T11:58:54.200+0000] {dag.py:3954} INFO - Setting next_dagrun for tutorial_dag to None, run_after=None
[2026-05-09T11:58:54.216+0000] {processor.py:183} INFO - Processing /home/vscode/.local/lib/python3.11/site-packages/airflow/example_dags/tutorial_dag.py took 0.049 seconds
[2026-05-09T11:59:35.526+0000] {processor.py:161} INFO - Started process (PID=31040) to work on /home/vscode/.local/lib/python3.11/site-packages/airflow/example_dags/tutorial_dag.py
[2026-05-09T11:59:35.527+0000] {processor.py:830} INFO - Processing file /home/vscode/.local/lib/python3.11/site-packages/airflow/example_dags/tutorial_dag.py for tasks to queue
[2026-05-09T11:59:35.527+0000] {logging_mixin.py:188} INFO - [2026-05-09T11:59:35.527+0000] {dagbag.py:545} INFO - Filling up the DagBag from /home/vscode/.local/lib/python3.11/site-packages/airflow/example_dags/tutorial_dag.py
[2026-05-09T11:59:35.531+0000] {processor.py:840} INFO - DAG(s) 'tutorial_dag' retrieved from /home/vscode/.local/lib/python3.11/site-packages/airflow/example_dags/tutorial_dag.py
[2026-05-09T11:59:35.544+0000] {logging_mixin.py:188} INFO - [2026-05-09T11:59:35.543+0000] {dag.py:3096} INFO - Sync 1 DAGs
[2026-05-09T11:59:35.553+0000] {logging_mixin.py:188} INFO - [2026-05-09T11:59:35.552+0000] {dag.py:3954} INFO - Setting next_dagrun for tutorial_dag to None, run_after=None
[2026-05-09T11:59:35.569+0000] {processor.py:183} INFO - Processing /home/vscode/.local/lib/python3.11/site-packages/airflow/example_dags/tutorial_dag.py took 0.050 seconds
[2026-05-09T12:00:16.980+0000] {processor.py:161} INFO - Started process (PID=31332) to work on /home/vscode/.local/lib/python3.11/site-packages/airflow/example_dags/tutorial_dag.py
[2026-05-09T12:00:16.980+0000] {processor.py:830} INFO - Processing file /home/vscode/.local/lib/python3.11/site-packages/airflow/example_dags/tutorial_dag.py for tasks to queue
[2026-05-09T12:00:16.981+0000] {logging_mixin.py:188} INFO - [2026-05-09T12:00:16.981+0000] {dagbag.py:545} INFO - Filling up the DagBag from /home/vscode/.local/lib/python3.11/site-packages/airflow/example_dags/tutorial_dag.py
[2026-05-09T12:00:16.985+0000] {processor.py:840} INFO - DAG(s) 'tutorial_dag' retrieved from /home/vscode/.local/lib/python3.11/site-packages/airflow/example_dags/tutorial_dag.py
[2026-05-09T12:00:16.997+0000] {logging_mixin.py:188} INFO - [2026-05-09T12:00:16.997+0000] {dag.py:3096} INFO - Sync 1 DAGs
[2026-05-09T12:00:17.005+0000] {logging_mixin.py:188} INFO - [2026-05-09T12:00:17.005+0000] {dag.py:3954} INFO - Setting next_dagrun for tutorial_dag to None, run_after=None
[2026-05-09T12:00:17.021+0000] {processor.py:183} INFO - Processing /home/vscode/.local/lib/python3.11/site-packages/airflow/example_dags/tutorial_dag.py took 0.048 seconds
[2026-05-09T12:00:58.079+0000] {processor.py:161} INFO - Started process (PID=31687) to work on /home/vscode/.local/lib/python3.11/site-packages/airflow/example_dags/tutorial_dag.py
[2026-05-09T12:00:58.079+0000] {processor.py:830} INFO - Processing file /home/vscode/.local/lib/python3.11/site-packages/airflow/example_dags/tutorial_dag.py for tasks to queue
[2026-05-09T12:00:58.080+0000] {logging_mixin.py:188} INFO - [2026-05-09T12:00:58.080+0000] {dagbag.py:545} INFO - Filling up the DagBag from /home/vscode/.local/lib/python3.11/site-packages/airflow/example_dags/tutorial_dag.py
[2026-05-09T12:00:58.084+0000] {processor.py:840} INFO - DAG(s) 'tutorial_dag' retrieved from /home/vscode/.local/lib/python3.11/site-packages/airflow/example_dags/tutorial_dag.py
[2026-05-09T12:00:58.095+0000] {logging_mixin.py:188} INFO - [2026-05-09T12:00:58.095+0000] {dag.py:3096} INFO - Sync 1 DAGs
[2026-05-09T12:00:58.104+0000] {logging_mixin.py:188} INFO - [2026-05-09T12:00:58.104+0000] {dag.py:3954} INFO - Setting next_dagrun for tutorial_dag to None, run_after=None
[2026-05-09T12:00:58.124+0000] {processor.py:183} INFO - Processing /home/vscode/.local/lib/python3.11/site-packages/airflow/example_dags/tutorial_dag.py took 0.052 seconds
[2026-05-09T12:01:42.597+0000] {processor.py:161} INFO - Started process (PID=32059) to work on /home/vscode/.local/lib/python3.11/site-packages/airflow/example_dags/tutorial_dag.py
[2026-05-09T12:01:42.597+0000] {processor.py:830} INFO - Processing file /home/vscode/.local/lib/python3.11/site-packages/airflow/example_dags/tutorial_dag.py for tasks to queue
[2026-05-09T12:01:42.598+0000] {logging_mixin.py:188} INFO - [2026-05-09T12:01:42.597+0000] {dagbag.py:545} INFO - Filling up the DagBag from /home/vscode/.local/lib/python3.11/site-packages/airflow/example_dags/tutorial_dag.py
[2026-05-09T12:01:42.604+0000] {processor.py:840} INFO - DAG(s) 'tutorial_dag' retrieved from /home/vscode/.local/lib/python3.11/site-packages/airflow/example_dags/tutorial_dag.py
[2026-05-09T12:01:42.618+0000] {logging_mixin.py:188} INFO - [2026-05-09T12:01:42.618+0000] {dag.py:3096} INFO - Sync 1 DAGs
[2026-05-09T12:01:42.626+0000] {logging_mixin.py:188} INFO - [2026-05-09T12:01:42.626+0000] {dag.py:3954} INFO - Setting next_dagrun for tutorial_dag to None, run_after=None
[2026-05-09T12:01:42.642+0000] {processor.py:183} INFO - Processing /home/vscode/.local/lib/python3.11/site-packages/airflow/example_dags/tutorial_dag.py took 0.052 seconds
[2026-05-09T12:02:24.593+0000] {processor.py:161} INFO - Started process (PID=32356) to work on /home/vscode/.local/lib/python3.11/site-packages/airflow/example_dags/tutorial_dag.py
[2026-05-09T12:02:24.594+0000] {processor.py:830} INFO - Processing file /home/vscode/.local/lib/python3.11/site-packages/airflow/example_dags/tutorial_dag.py for tasks to queue
[2026-05-09T12:02:24.594+0000] {logging_mixin.py:188} INFO - [2026-05-09T12:02:24.594+0000] {dagbag.py:545} INFO - Filling up the DagBag from /home/vscode/.local/lib/python3.11/site-packages/airflow/example_dags/tutorial_dag.py
[2026-05-09T12:02:24.598+0000] {processor.py:840} INFO - DAG(s) 'tutorial_dag' retrieved from /home/vscode/.local/lib/python3.11/site-packages/airflow/example_dags/tutorial_dag.py
[2026-05-09T12:02:24.609+0000] {logging_mixin.py:188} INFO - [2026-05-09T12:02:24.609+0000] {dag.py:3096} INFO - Sync 1 DAGs
[2026-05-09T12:02:24.617+0000] {logging_mixin.py:188} INFO - [2026-05-09T12:02:24.617+0000] {dag.py:3954} INFO - Setting next_dagrun for tutorial_dag to None, run_after=None
[2026-05-09T12:02:24.633+0000] {processor.py:183} INFO - Processing /home/vscode/.local/lib/python3.11/site-packages/airflow/example_dags/tutorial_dag.py took 0.047 seconds
[2026-05-09T12:03:06.450+0000] {processor.py:161} INFO - Started process (PID=32708) to work on /home/vscode/.local/lib/python3.11/site-packages/airflow/example_dags/tutorial_dag.py
[2026-05-09T12:03:06.450+0000] {processor.py:830} INFO - Processing file /home/vscode/.local/lib/python3.11/site-packages/airflow/example_dags/tutorial_dag.py for tasks to queue
[2026-05-09T12:03:06.451+0000] {logging_mixin.py:188} INFO - [2026-05-09T12:03:06.450+0000] {dagbag.py:545} INFO - Filling up the DagBag from /home/vscode/.local/lib/python3.11/site-packages/airflow/example_dags/tutorial_dag.py
[2026-05-09T12:03:06.454+0000] {processor.py:840} INFO - DAG(s) 'tutorial_dag' retrieved from /home/vscode/.local/lib/python3.11/site-packages/airflow/example_dags/tutorial_dag.py
[2026-05-09T12:03:06.465+0000] {logging_mixin.py:188} INFO - [2026-05-09T12:03:06.465+0000] {dag.py:3096} INFO - Sync 1 DAGs
[2026-05-09T12:03:06.473+0000] {logging_mixin.py:188} INFO - [2026-05-09T12:03:06.473+0000] {dag.py:3954} INFO - Setting next_dagrun for tutorial_dag to None, run_after=None
[2026-05-09T12:03:06.489+0000] {processor.py:183} INFO - Processing /home/vscode/.local/lib/python3.11/site-packages/airflow/example_dags/tutorial_dag.py took 0.045 seconds
[2026-05-09T12:03:47.556+0000] {processor.py:161} INFO - Started process (PID=33124) to work on /home/vscode/.local/lib/python3.11/site-packages/airflow/example_dags/tutorial_dag.py
[2026-05-09T12:03:47.556+0000] {processor.py:830} INFO - Processing file /home/vscode/.local/lib/python3.11/site-packages/airflow/example_dags/tutorial_dag.py for tasks to queue
[2026-05-09T12:03:47.557+0000] {logging_mixin.py:188} INFO - [2026-05-09T12:03:47.556+0000] {dagbag.py:545} INFO - Filling up the DagBag from /home/vscode/.local/lib/python3.11/site-packages/airflow/example_dags/tutorial_dag.py
[2026-05-09T12:03:47.560+0000] {processor.py:840} INFO - DAG(s) 'tutorial_dag' retrieved from /home/vscode/.local/lib/python3.11/site-packages/airflow/example_dags/tutorial_dag.py
[2026-05-09T12:03:47.572+0000] {logging_mixin.py:188} INFO - [2026-05-09T12:03:47.572+0000] {dag.py:3096} INFO - Sync 1 DAGs
[2026-05-09T12:03:47.580+0000] {logging_mixin.py:188} INFO - [2026-05-09T12:03:47.580+0000] {dag.py:3954} INFO - Setting next_dagrun for tutorial_dag to None, run_after=None
[2026-05-09T12:03:47.598+0000] {processor.py:183} INFO - Processing /home/vscode/.local/lib/python3.11/site-packages/airflow/example_dags/tutorial_dag.py took 0.050 seconds
[2026-05-09T12:04:30.054+0000] {processor.py:161} INFO - Started process (PID=33422) to work on /home/vscode/.local/lib/python3.11/site-packages/airflow/example_dags/tutorial_dag.py
[2026-05-09T12:04:30.054+0000] {processor.py:830} INFO - Processing file /home/vscode/.local/lib/python3.11/site-packages/airflow/example_dags/tutorial_dag.py for tasks to queue
[2026-05-09T12:04:30.055+0000] {logging_mixin.py:188} INFO - [2026-05-09T12:04:30.055+0000] {dagbag.py:545} INFO - Filling up the DagBag from /home/vscode/.local/lib/python3.11/site-packages/airflow/example_dags/tutorial_dag.py
[2026-05-09T12:04:30.059+0000] {processor.py:840} INFO - DAG(s) 'tutorial_dag' retrieved from /home/vscode/.local/lib/python3.11/site-packages/airflow/example_dags/tutorial_dag.py
[2026-05-09T12:04:30.071+0000] {logging_mixin.py:188} INFO - [2026-05-09T12:04:30.071+0000] {dag.py:3096} INFO - Sync 1 DAGs
[2026-05-09T12:04:30.080+0000] {logging_mixin.py:188} INFO - [2026-05-09T12:04:30.080+0000] {dag.py:3954} INFO - Setting next_dagrun for tutorial_dag to None, run_after=None
[2026-05-09T12:04:30.096+0000] {processor.py:183} INFO - Processing /home/vscode/.local/lib/python3.11/site-packages/airflow/example_dags/tutorial_dag.py took 0.049 seconds
[2026-05-09T12:05:11.065+0000] {processor.py:161} INFO - Started process (PID=33779) to work on /home/vscode/.local/lib/python3.11/site-packages/airflow/example_dags/tutorial_dag.py
[2026-05-09T12:05:11.066+0000] {processor.py:830} INFO - Processing file /home/vscode/.local/lib/python3.11/site-packages/airflow/example_dags/tutorial_dag.py for tasks to queue
[2026-05-09T12:05:11.066+0000] {logging_mixin.py:188} INFO - [2026-05-09T12:05:11.066+0000] {dagbag.py:545} INFO - Filling up the DagBag from /home/vscode/.local/lib/python3.11/site-packages/airflow/example_dags/tutorial_dag.py
[2026-05-09T12:05:11.070+0000] {processor.py:840} INFO - DAG(s) 'tutorial_dag' retrieved from /home/vscode/.local/lib/python3.11/site-packages/airflow/example_dags/tutorial_dag.py
[2026-05-09T12:05:11.082+0000] {logging_mixin.py:188} INFO - [2026-05-09T12:05:11.082+0000] {dag.py:3096} INFO - Sync 1 DAGs
[2026-05-09T12:05:11.091+0000] {logging_mixin.py:188} INFO - [2026-05-09T12:05:11.091+0000] {dag.py:3954} INFO - Setting next_dagrun for tutorial_dag to None, run_after=None
[2026-05-09T12:05:11.107+0000] {processor.py:183} INFO - Processing /home/vscode/.local/lib/python3.11/site-packages/airflow/example_dags/tutorial_dag.py took 0.048 seconds
[2026-05-09T12:05:53.150+0000] {processor.py:161} INFO - Started process (PID=34137) to work on /home/vscode/.local/lib/python3.11/site-packages/airflow/example_dags/tutorial_dag.py
[2026-05-09T12:05:53.151+0000] {processor.py:830} INFO - Processing file /home/vscode/.local/lib/python3.11/site-packages/airflow/example_dags/tutorial_dag.py for tasks to queue
[2026-05-09T12:05:53.151+0000] {logging_mixin.py:188} INFO - [2026-05-09T12:05:53.151+0000] {dagbag.py:545} INFO - Filling up the DagBag from /home/vscode/.local/lib/python3.11/site-packages/airflow/example_dags/tutorial_dag.py
[2026-05-09T12:05:53.155+0000] {processor.py:840} INFO - DAG(s) 'tutorial_dag' retrieved from /home/vscode/.local/lib/python3.11/site-packages/airflow/example_dags/tutorial_dag.py
[2026-05-09T12:05:53.170+0000] {logging_mixin.py:188} INFO - [2026-05-09T12:05:53.170+0000] {dag.py:3096} INFO - Sync 1 DAGs
[2026-05-09T12:05:53.178+0000] {logging_mixin.py:188} INFO - [2026-05-09T12:05:53.178+0000] {dag.py:3954} INFO - Setting next_dagrun for tutorial_dag to None, run_after=None
[2026-05-09T12:05:53.195+0000] {processor.py:183} INFO - Processing /home/vscode/.local/lib/python3.11/site-packages/airflow/example_dags/tutorial_dag.py took 0.051 seconds
[2026-05-09T12:06:36.777+0000] {processor.py:161} INFO - Started process (PID=34498) to work on /home/vscode/.local/lib/python3.11/site-packages/airflow/example_dags/tutorial_dag.py
[2026-05-09T12:06:36.777+0000] {processor.py:830} INFO - Processing file /home/vscode/.local/lib/python3.11/site-packages/airflow/example_dags/tutorial_dag.py for tasks to queue
[2026-05-09T12:06:36.778+0000] {logging_mixin.py:188} INFO - [2026-05-09T12:06:36.778+0000] {dagbag.py:545} INFO - Filling up the DagBag from /home/vscode/.local/lib/python3.11/site-packages/airflow/example_dags/tutorial_dag.py
[2026-05-09T12:06:36.786+0000] {processor.py:840} INFO - DAG(s) 'tutorial_dag' retrieved from /home/vscode/.local/lib/python3.11/site-packages/airflow/example_dags/tutorial_dag.py
[2026-05-09T12:06:36.814+0000] {logging_mixin.py:188} INFO - [2026-05-09T12:06:36.814+0000] {dag.py:3096} INFO - Sync 1 DAGs
[2026-05-09T12:06:36.832+0000] {logging_mixin.py:188} INFO - [2026-05-09T12:06:36.832+0000] {dag.py:3954} INFO - Setting next_dagrun for tutorial_dag to None, run_after=None
[2026-05-09T12:06:36.863+0000] {processor.py:183} INFO - Processing /home/vscode/.local/lib/python3.11/site-packages/airflow/example_dags/tutorial_dag.py took 0.094 seconds
[2026-05-09T12:07:21.188+0000] {processor.py:161} INFO - Started process (PID=34806) to work on /home/vscode/.local/lib/python3.11/site-packages/airflow/example_dags/tutorial_dag.py
[2026-05-09T12:07:21.188+0000] {processor.py:830} INFO - Processing file /home/vscode/.local/lib/python3.11/site-packages/airflow/example_dags/tutorial_dag.py for tasks to queue
[2026-05-09T12:07:21.189+0000] {logging_mixin.py:188} INFO - [2026-05-09T12:07:21.189+0000] {dagbag.py:545} INFO - Filling up the DagBag from /home/vscode/.local/lib/python3.11/site-packages/airflow/example_dags/tutorial_dag.py
[2026-05-09T12:07:21.193+0000] {processor.py:840} INFO - DAG(s) 'tutorial_dag' retrieved from /home/vscode/.local/lib/python3.11/site-packages/airflow/example_dags/tutorial_dag.py
[2026-05-09T12:07:21.205+0000] {logging_mixin.py:188} INFO - [2026-05-09T12:07:21.205+0000] {dag.py:3096} INFO - Sync 1 DAGs
[2026-05-09T12:07:21.215+0000] {logging_mixin.py:188} INFO - [2026-05-09T12:07:21.215+0000] {dag.py:3954} INFO - Setting next_dagrun for tutorial_dag to None, run_after=None
[2026-05-09T12:07:21.233+0000] {processor.py:183} INFO - Processing /home/vscode/.local/lib/python3.11/site-packages/airflow/example_dags/tutorial_dag.py took 0.051 seconds
[2026-05-09T12:08:01.999+0000] {processor.py:161} INFO - Started process (PID=35162) to work on /home/vscode/.local/lib/python3.11/site-packages/airflow/example_dags/tutorial_dag.py
[2026-05-09T12:08:01.999+0000] {processor.py:830} INFO - Processing file /home/vscode/.local/lib/python3.11/site-packages/airflow/example_dags/tutorial_dag.py for tasks to queue
[2026-05-09T12:08:02.000+0000] {logging_mixin.py:188} INFO - [2026-05-09T12:08:02.000+0000] {dagbag.py:545} INFO - Filling up the DagBag from /home/vscode/.local/lib/python3.11/site-packages/airflow/example_dags/tutorial_dag.py
[2026-05-09T12:08:02.004+0000] {processor.py:840} INFO - DAG(s) 'tutorial_dag' retrieved from /home/vscode/.local/lib/python3.11/site-packages/airflow/example_dags/tutorial_dag.py
[2026-05-09T12:08:02.015+0000] {logging_mixin.py:188} INFO - [2026-05-09T12:08:02.015+0000] {dag.py:3096} INFO - Sync 1 DAGs
[2026-05-09T12:08:02.023+0000] {logging_mixin.py:188} INFO - [2026-05-09T12:08:02.023+0000] {dag.py:3954} INFO - Setting next_dagrun for tutorial_dag to None, run_after=None
[2026-05-09T12:08:02.041+0000] {processor.py:183} INFO - Processing /home/vscode/.local/lib/python3.11/site-packages/airflow/example_dags/tutorial_dag.py took 0.051 seconds
[2026-05-09T12:08:42.991+0000] {processor.py:161} INFO - Started process (PID=35580) to work on /home/vscode/.local/lib/python3.11/site-packages/airflow/example_dags/tutorial_dag.py
[2026-05-09T12:08:42.992+0000] {processor.py:830} INFO - Processing file /home/vscode/.local/lib/python3.11/site-packages/airflow/example_dags/tutorial_dag.py for tasks to queue
[2026-05-09T12:08:42.992+0000] {logging_mixin.py:188} INFO - [2026-05-09T12:08:42.992+0000] {dagbag.py:545} INFO - Filling up the DagBag from /home/vscode/.local/lib/python3.11/site-packages/airflow/example_dags/tutorial_dag.py
[2026-05-09T12:08:42.996+0000] {processor.py:840} INFO - DAG(s) 'tutorial_dag' retrieved from /home/vscode/.local/lib/python3.11/site-packages/airflow/example_dags/tutorial_dag.py
[2026-05-09T12:08:43.008+0000] {logging_mixin.py:188} INFO - [2026-05-09T12:08:43.008+0000] {dag.py:3096} INFO - Sync 1 DAGs
[2026-05-09T12:08:43.017+0000] {logging_mixin.py:188} INFO - [2026-05-09T12:08:43.017+0000] {dag.py:3954} INFO - Setting next_dagrun for tutorial_dag to None, run_after=None
[2026-05-09T12:08:43.034+0000] {processor.py:183} INFO - Processing /home/vscode/.local/lib/python3.11/site-packages/airflow/example_dags/tutorial_dag.py took 0.049 seconds
[2026-05-09T12:09:23.245+0000] {processor.py:161} INFO - Started process (PID=35862) to work on /home/vscode/.local/lib/python3.11/site-packages/airflow/example_dags/tutorial_dag.py
[2026-05-09T12:09:23.246+0000] {processor.py:830} INFO - Processing file /home/vscode/.local/lib/python3.11/site-packages/airflow/example_dags/tutorial_dag.py for tasks to queue
[2026-05-09T12:09:23.246+0000] {logging_mixin.py:188} INFO - [2026-05-09T12:09:23.246+0000] {dagbag.py:545} INFO - Filling up the DagBag from /home/vscode/.local/lib/python3.11/site-packages/airflow/example_dags/tutorial_dag.py
[2026-05-09T12:09:23.250+0000] {processor.py:840} INFO - DAG(s) 'tutorial_dag' retrieved from /home/vscode/.local/lib/python3.11/site-packages/airflow/example_dags/tutorial_dag.py
[2026-05-09T12:09:23.262+0000] {logging_mixin.py:188} INFO - [2026-05-09T12:09:23.262+0000] {dag.py:3096} INFO - Sync 1 DAGs
[2026-05-09T12:09:23.271+0000] {logging_mixin.py:188} INFO - [2026-05-09T12:09:23.271+0000] {dag.py:3954} INFO - Setting next_dagrun for tutorial_dag to None, run_after=None
[2026-05-09T12:09:23.287+0000] {processor.py:183} INFO - Processing /home/vscode/.local/lib/python3.11/site-packages/airflow/example_dags/tutorial_dag.py took 0.050 seconds
[2026-05-09T12:10:01.824+0000] {processor.py:161} INFO - Started process (PID=36194) to work on /home/vscode/.local/lib/python3.11/site-packages/airflow/example_dags/tutorial_dag.py
[2026-05-09T12:10:01.825+0000] {processor.py:830} INFO - Processing file /home/vscode/.local/lib/python3.11/site-packages/airflow/example_dags/tutorial_dag.py for tasks to queue
[2026-05-09T12:10:01.826+0000] {logging_mixin.py:188} INFO - [2026-05-09T12:10:01.825+0000] {dagbag.py:545} INFO - Filling up the DagBag from /home/vscode/.local/lib/python3.11/site-packages/airflow/example_dags/tutorial_dag.py
[2026-05-09T12:10:01.831+0000] {processor.py:840} INFO - DAG(s) 'tutorial_dag' retrieved from /home/vscode/.local/lib/python3.11/site-packages/airflow/example_dags/tutorial_dag.py
[2026-05-09T12:10:01.846+0000] {logging_mixin.py:188} INFO - [2026-05-09T12:10:01.846+0000] {dag.py:3096} INFO - Sync 1 DAGs
[2026-05-09T12:10:01.855+0000] {logging_mixin.py:188} INFO - [2026-05-09T12:10:01.855+0000] {dag.py:3954} INFO - Setting next_dagrun for tutorial_dag to None, run_after=None
[2026-05-09T12:10:01.875+0000] {processor.py:183} INFO - Processing /home/vscode/.local/lib/python3.11/site-packages/airflow/example_dags/tutorial_dag.py took 0.058 seconds
[2026-05-09T12:10:44.445+0000] {processor.py:161} INFO - Started process (PID=36566) to work on /home/vscode/.local/lib/python3.11/site-packages/airflow/example_dags/tutorial_dag.py
[2026-05-09T12:10:44.445+0000] {processor.py:830} INFO - Processing file /home/vscode/.local/lib/python3.11/site-packages/airflow/example_dags/tutorial_dag.py for tasks to queue
[2026-05-09T12:10:44.446+0000] {logging_mixin.py:188} INFO - [2026-05-09T12:10:44.446+0000] {dagbag.py:545} INFO - Filling up the DagBag from /home/vscode/.local/lib/python3.11/site-packages/airflow/example_dags/tutorial_dag.py
[2026-05-09T12:10:44.450+0000] {processor.py:840} INFO - DAG(s) 'tutorial_dag' retrieved from /home/vscode/.local/lib/python3.11/site-packages/airflow/example_dags/tutorial_dag.py
[2026-05-09T12:10:44.461+0000] {logging_mixin.py:188} INFO - [2026-05-09T12:10:44.461+0000] {dag.py:3096} INFO - Sync 1 DAGs
[2026-05-09T12:10:44.470+0000] {logging_mixin.py:188} INFO - [2026-05-09T12:10:44.469+0000] {dag.py:3954} INFO - Setting next_dagrun for tutorial_dag to None, run_after=None
[2026-05-09T12:10:44.485+0000] {processor.py:183} INFO - Processing /home/vscode/.local/lib/python3.11/site-packages/airflow/example_dags/tutorial_dag.py took 0.048 seconds
[2026-05-09T12:11:24.980+0000] {processor.py:161} INFO - Started process (PID=36847) to work on /home/vscode/.local/lib/python3.11/site-packages/airflow/example_dags/tutorial_dag.py
[2026-05-09T12:11:24.980+0000] {processor.py:830} INFO - Processing file /home/vscode/.local/lib/python3.11/site-packages/airflow/example_dags/tutorial_dag.py for tasks to queue
[2026-05-09T12:11:24.981+0000] {logging_mixin.py:188} INFO - [2026-05-09T12:11:24.981+0000] {dagbag.py:545} INFO - Filling up the DagBag from /home/vscode/.local/lib/python3.11/site-packages/airflow/example_dags/tutorial_dag.py
[2026-05-09T12:11:24.985+0000] {processor.py:840} INFO - DAG(s) 'tutorial_dag' retrieved from /home/vscode/.local/lib/python3.11/site-packages/airflow/example_dags/tutorial_dag.py
[2026-05-09T12:11:24.997+0000] {logging_mixin.py:188} INFO - [2026-05-09T12:11:24.997+0000] {dag.py:3096} INFO - Sync 1 DAGs
[2026-05-09T12:11:25.005+0000] {logging_mixin.py:188} INFO - [2026-05-09T12:11:25.005+0000] {dag.py:3954} INFO - Setting next_dagrun for tutorial_dag to None, run_after=None
[2026-05-09T12:11:25.020+0000] {processor.py:183} INFO - Processing /home/vscode/.local/lib/python3.11/site-packages/airflow/example_dags/tutorial_dag.py took 0.047 seconds
[2026-05-09T12:12:05.291+0000] {processor.py:161} INFO - Started process (PID=37197) to work on /home/vscode/.local/lib/python3.11/site-packages/airflow/example_dags/tutorial_dag.py
[2026-05-09T12:12:05.292+0000] {processor.py:830} INFO - Processing file /home/vscode/.local/lib/python3.11/site-packages/airflow/example_dags/tutorial_dag.py for tasks to queue
[2026-05-09T12:12:05.293+0000] {logging_mixin.py:188} INFO - [2026-05-09T12:12:05.292+0000] {dagbag.py:545} INFO - Filling up the DagBag from /home/vscode/.local/lib/python3.11/site-packages/airflow/example_dags/tutorial_dag.py
[2026-05-09T12:12:05.298+0000] {processor.py:840} INFO - DAG(s) 'tutorial_dag' retrieved from /home/vscode/.local/lib/python3.11/site-packages/airflow/example_dags/tutorial_dag.py
[2026-05-09T12:12:05.310+0000] {logging_mixin.py:188} INFO - [2026-05-09T12:12:05.310+0000] {dag.py:3096} INFO - Sync 1 DAGs
[2026-05-09T12:12:05.319+0000] {logging_mixin.py:188} INFO - [2026-05-09T12:12:05.319+0000] {dag.py:3954} INFO - Setting next_dagrun for tutorial_dag to None, run_after=None
[2026-05-09T12:12:05.336+0000] {processor.py:183} INFO - Processing /home/vscode/.local/lib/python3.11/site-packages/airflow/example_dags/tutorial_dag.py took 0.062 seconds
[2026-05-09T12:12:44.956+0000] {processor.py:161} INFO - Started process (PID=37550) to work on /home/vscode/.local/lib/python3.11/site-packages/airflow/example_dags/tutorial_dag.py
[2026-05-09T12:12:44.956+0000] {processor.py:830} INFO - Processing file /home/vscode/.local/lib/python3.11/site-packages/airflow/example_dags/tutorial_dag.py for tasks to queue
[2026-05-09T12:12:44.957+0000] {logging_mixin.py:188} INFO - [2026-05-09T12:12:44.957+0000] {dagbag.py:545} INFO - Filling up the DagBag from /home/vscode/.local/lib/python3.11/site-packages/airflow/example_dags/tutorial_dag.py
[2026-05-09T12:12:44.961+0000] {processor.py:840} INFO - DAG(s) 'tutorial_dag' retrieved from /home/vscode/.local/lib/python3.11/site-packages/airflow/example_dags/tutorial_dag.py
[2026-05-09T12:12:44.972+0000] {logging_mixin.py:188} INFO - [2026-05-09T12:12:44.972+0000] {dag.py:3096} INFO - Sync 1 DAGs
[2026-05-09T12:12:44.980+0000] {logging_mixin.py:188} INFO - [2026-05-09T12:12:44.980+0000] {dag.py:3954} INFO - Setting next_dagrun for tutorial_dag to None, run_after=None
[2026-05-09T12:12:44.996+0000] {processor.py:183} INFO - Processing /home/vscode/.local/lib/python3.11/site-packages/airflow/example_dags/tutorial_dag.py took 0.047 seconds
[2026-05-09T12:13:27.636+0000] {processor.py:161} INFO - Started process (PID=37846) to work on /home/vscode/.local/lib/python3.11/site-packages/airflow/example_dags/tutorial_dag.py
[2026-05-09T12:13:27.636+0000] {processor.py:830} INFO - Processing file /home/vscode/.local/lib/python3.11/site-packages/airflow/example_dags/tutorial_dag.py for tasks to queue
[2026-05-09T12:13:27.637+0000] {logging_mixin.py:188} INFO - [2026-05-09T12:13:27.637+0000] {dagbag.py:545} INFO - Filling up the DagBag from /home/vscode/.local/lib/python3.11/site-packages/airflow/example_dags/tutorial_dag.py
[2026-05-09T12:13:27.642+0000] {processor.py:840} INFO - DAG(s) 'tutorial_dag' retrieved from /home/vscode/.local/lib/python3.11/site-packages/airflow/example_dags/tutorial_dag.py
[2026-05-09T12:13:27.654+0000] {logging_mixin.py:188} INFO - [2026-05-09T12:13:27.654+0000] {dag.py:3096} INFO - Sync 1 DAGs
[2026-05-09T12:13:27.662+0000] {logging_mixin.py:188} INFO - [2026-05-09T12:13:27.662+0000] {dag.py:3954} INFO - Setting next_dagrun for tutorial_dag to None, run_after=None
[2026-05-09T12:13:27.677+0000] {processor.py:183} INFO - Processing /home/vscode/.local/lib/python3.11/site-packages/airflow/example_dags/tutorial_dag.py took 0.050 seconds
[2026-05-09T12:14:10.839+0000] {processor.py:161} INFO - Started process (PID=38266) to work on /home/vscode/.local/lib/python3.11/site-packages/airflow/example_dags/tutorial_dag.py
[2026-05-09T12:14:10.840+0000] {processor.py:830} INFO - Processing file /home/vscode/.local/lib/python3.11/site-packages/airflow/example_dags/tutorial_dag.py for tasks to queue
[2026-05-09T12:14:10.841+0000] {logging_mixin.py:188} INFO - [2026-05-09T12:14:10.841+0000] {dagbag.py:545} INFO - Filling up the DagBag from /home/vscode/.local/lib/python3.11/site-packages/airflow/example_dags/tutorial_dag.py
[2026-05-09T12:14:10.846+0000] {processor.py:840} INFO - DAG(s) 'tutorial_dag' retrieved from /home/vscode/.local/lib/python3.11/site-packages/airflow/example_dags/tutorial_dag.py
[2026-05-09T12:14:10.863+0000] {logging_mixin.py:188} INFO - [2026-05-09T12:14:10.862+0000] {dag.py:3096} INFO - Sync 1 DAGs
[2026-05-09T12:14:10.871+0000] {logging_mixin.py:188} INFO - [2026-05-09T12:14:10.871+0000] {dag.py:3954} INFO - Setting next_dagrun for tutorial_dag to None, run_after=None
[2026-05-09T12:14:10.887+0000] {processor.py:183} INFO - Processing /home/vscode/.local/lib/python3.11/site-packages/airflow/example_dags/tutorial_dag.py took 0.057 seconds
[2026-05-09T12:14:55.517+0000] {processor.py:161} INFO - Started process (PID=38640) to work on /home/vscode/.local/lib/python3.11/site-packages/airflow/example_dags/tutorial_dag.py
[2026-05-09T12:14:55.518+0000] {processor.py:830} INFO - Processing file /home/vscode/.local/lib/python3.11/site-packages/airflow/example_dags/tutorial_dag.py for tasks to queue
[2026-05-09T12:14:55.518+0000] {logging_mixin.py:188} INFO - [2026-05-09T12:14:55.518+0000] {dagbag.py:545} INFO - Filling up the DagBag from /home/vscode/.local/lib/python3.11/site-packages/airflow/example_dags/tutorial_dag.py
[2026-05-09T12:14:55.522+0000] {processor.py:840} INFO - DAG(s) 'tutorial_dag' retrieved from /home/vscode/.local/lib/python3.11/site-packages/airflow/example_dags/tutorial_dag.py
[2026-05-09T12:14:55.537+0000] {logging_mixin.py:188} INFO - [2026-05-09T12:14:55.537+0000] {dag.py:3096} INFO - Sync 1 DAGs
[2026-05-09T12:14:55.546+0000] {logging_mixin.py:188} INFO - [2026-05-09T12:14:55.546+0000] {dag.py:3954} INFO - Setting next_dagrun for tutorial_dag to None, run_after=None
[2026-05-09T12:14:55.562+0000] {processor.py:183} INFO - Processing /home/vscode/.local/lib/python3.11/site-packages/airflow/example_dags/tutorial_dag.py took 0.051 seconds
[2026-05-09T12:15:34.169+0000] {processor.py:161} INFO - Started process (PID=38919) to work on /home/vscode/.local/lib/python3.11/site-packages/airflow/example_dags/tutorial_dag.py
[2026-05-09T12:15:34.169+0000] {processor.py:830} INFO - Processing file /home/vscode/.local/lib/python3.11/site-packages/airflow/example_dags/tutorial_dag.py for tasks to queue
[2026-05-09T12:15:34.170+0000] {logging_mixin.py:188} INFO - [2026-05-09T12:15:34.170+0000] {dagbag.py:545} INFO - Filling up the DagBag from /home/vscode/.local/lib/python3.11/site-packages/airflow/example_dags/tutorial_dag.py
[2026-05-09T12:15:34.174+0000] {processor.py:840} INFO - DAG(s) 'tutorial_dag' retrieved from /home/vscode/.local/lib/python3.11/site-packages/airflow/example_dags/tutorial_dag.py
[2026-05-09T12:15:34.186+0000] {logging_mixin.py:188} INFO - [2026-05-09T12:15:34.186+0000] {dag.py:3096} INFO - Sync 1 DAGs
[2026-05-09T12:15:34.197+0000] {logging_mixin.py:188} INFO - [2026-05-09T12:15:34.197+0000] {dag.py:3954} INFO - Setting next_dagrun for tutorial_dag to None, run_after=None
[2026-05-09T12:15:34.241+0000] {processor.py:183} INFO - Processing /home/vscode/.local/lib/python3.11/site-packages/airflow/example_dags/tutorial_dag.py took 0.079 seconds
[2026-05-09T12:16:18.973+0000] {processor.py:161} INFO - Started process (PID=39288) to work on /home/vscode/.local/lib/python3.11/site-packages/airflow/example_dags/tutorial_dag.py
[2026-05-09T12:16:18.973+0000] {processor.py:830} INFO - Processing file /home/vscode/.local/lib/python3.11/site-packages/airflow/example_dags/tutorial_dag.py for tasks to queue
[2026-05-09T12:16:18.974+0000] {logging_mixin.py:188} INFO - [2026-05-09T12:16:18.974+0000] {dagbag.py:545} INFO - Filling up the DagBag from /home/vscode/.local/lib/python3.11/site-packages/airflow/example_dags/tutorial_dag.py
[2026-05-09T12:16:18.978+0000] {processor.py:840} INFO - DAG(s) 'tutorial_dag' retrieved from /home/vscode/.local/lib/python3.11/site-packages/airflow/example_dags/tutorial_dag.py
[2026-05-09T12:16:18.989+0000] {logging_mixin.py:188} INFO - [2026-05-09T12:16:18.989+0000] {dag.py:3096} INFO - Sync 1 DAGs
[2026-05-09T12:16:18.998+0000] {logging_mixin.py:188} INFO - [2026-05-09T12:16:18.997+0000] {dag.py:3954} INFO - Setting next_dagrun for tutorial_dag to None, run_after=None
[2026-05-09T12:16:19.014+0000] {processor.py:183} INFO - Processing /home/vscode/.local/lib/python3.11/site-packages/airflow/example_dags/tutorial_dag.py took 0.048 seconds
[2026-05-09T12:17:03.253+0000] {processor.py:161} INFO - Started process (PID=39656) to work on /home/vscode/.local/lib/python3.11/site-packages/airflow/example_dags/tutorial_dag.py
[2026-05-09T12:17:03.253+0000] {processor.py:830} INFO - Processing file /home/vscode/.local/lib/python3.11/site-packages/airflow/example_dags/tutorial_dag.py for tasks to queue
[2026-05-09T12:17:03.254+0000] {logging_mixin.py:188} INFO - [2026-05-09T12:17:03.254+0000] {dagbag.py:545} INFO - Filling up the DagBag from /home/vscode/.local/lib/python3.11/site-packages/airflow/example_dags/tutorial_dag.py
[2026-05-09T12:17:03.258+0000] {processor.py:840} INFO - DAG(s) 'tutorial_dag' retrieved from /home/vscode/.local/lib/python3.11/site-packages/airflow/example_dags/tutorial_dag.py
[2026-05-09T12:17:03.270+0000] {logging_mixin.py:188} INFO - [2026-05-09T12:17:03.270+0000] {dag.py:3096} INFO - Sync 1 DAGs
[2026-05-09T12:17:03.278+0000] {logging_mixin.py:188} INFO - [2026-05-09T12:17:03.278+0000] {dag.py:3954} INFO - Setting next_dagrun for tutorial_dag to None, run_after=None
[2026-05-09T12:17:03.294+0000] {processor.py:183} INFO - Processing /home/vscode/.local/lib/python3.11/site-packages/airflow/example_dags/tutorial_dag.py took 0.050 seconds
[2026-05-09T12:17:47.721+0000] {processor.py:161} INFO - Started process (PID=40031) to work on /home/vscode/.local/lib/python3.11/site-packages/airflow/example_dags/tutorial_dag.py
[2026-05-09T12:17:47.721+0000] {processor.py:830} INFO - Processing file /home/vscode/.local/lib/python3.11/site-packages/airflow/example_dags/tutorial_dag.py for tasks to queue
[2026-05-09T12:17:47.722+0000] {logging_mixin.py:188} INFO - [2026-05-09T12:17:47.722+0000] {dagbag.py:545} INFO - Filling up the DagBag from /home/vscode/.local/lib/python3.11/site-packages/airflow/example_dags/tutorial_dag.py
[2026-05-09T12:17:47.727+0000] {processor.py:840} INFO - DAG(s) 'tutorial_dag' retrieved from /home/vscode/.local/lib/python3.11/site-packages/airflow/example_dags/tutorial_dag.py
[2026-05-09T12:17:47.742+0000] {logging_mixin.py:188} INFO - [2026-05-09T12:17:47.741+0000] {dag.py:3096} INFO - Sync 1 DAGs
[2026-05-09T12:17:47.750+0000] {logging_mixin.py:188} INFO - [2026-05-09T12:17:47.750+0000] {dag.py:3954} INFO - Setting next_dagrun for tutorial_dag to None, run_after=None
[2026-05-09T12:17:47.766+0000] {processor.py:183} INFO - Processing /home/vscode/.local/lib/python3.11/site-packages/airflow/example_dags/tutorial_dag.py took 0.052 seconds
[2026-05-09T12:18:30.550+0000] {processor.py:161} INFO - Started process (PID=40335) to work on /home/vscode/.local/lib/python3.11/site-packages/airflow/example_dags/tutorial_dag.py
[2026-05-09T12:18:30.551+0000] {processor.py:830} INFO - Processing file /home/vscode/.local/lib/python3.11/site-packages/airflow/example_dags/tutorial_dag.py for tasks to queue
[2026-05-09T12:18:30.551+0000] {logging_mixin.py:188} INFO - [2026-05-09T12:18:30.551+0000] {dagbag.py:545} INFO - Filling up the DagBag from /home/vscode/.local/lib/python3.11/site-packages/airflow/example_dags/tutorial_dag.py
[2026-05-09T12:18:30.557+0000] {processor.py:840} INFO - DAG(s) 'tutorial_dag' retrieved from /home/vscode/.local/lib/python3.11/site-packages/airflow/example_dags/tutorial_dag.py
[2026-05-09T12:18:30.570+0000] {logging_mixin.py:188} INFO - [2026-05-09T12:18:30.570+0000] {dag.py:3096} INFO - Sync 1 DAGs
[2026-05-09T12:18:30.578+0000] {logging_mixin.py:188} INFO - [2026-05-09T12:18:30.578+0000] {dag.py:3954} INFO - Setting next_dagrun for tutorial_dag to None, run_after=None
[2026-05-09T12:18:30.594+0000] {processor.py:183} INFO - Processing /home/vscode/.local/lib/python3.11/site-packages/airflow/example_dags/tutorial_dag.py took 0.053 seconds
[2026-05-09T12:19:10.073+0000] {processor.py:161} INFO - Started process (PID=40737) to work on /home/vscode/.local/lib/python3.11/site-packages/airflow/example_dags/tutorial_dag.py
[2026-05-09T12:19:10.073+0000] {processor.py:830} INFO - Processing file /home/vscode/.local/lib/python3.11/site-packages/airflow/example_dags/tutorial_dag.py for tasks to queue
[2026-05-09T12:19:10.074+0000] {logging_mixin.py:188} INFO - [2026-05-09T12:19:10.073+0000] {dagbag.py:545} INFO - Filling up the DagBag from /home/vscode/.local/lib/python3.11/site-packages/airflow/example_dags/tutorial_dag.py
[2026-05-09T12:19:10.078+0000] {processor.py:840} INFO - DAG(s) 'tutorial_dag' retrieved from /home/vscode/.local/lib/python3.11/site-packages/airflow/example_dags/tutorial_dag.py
[2026-05-09T12:19:10.089+0000] {logging_mixin.py:188} INFO - [2026-05-09T12:19:10.089+0000] {dag.py:3096} INFO - Sync 1 DAGs
[2026-05-09T12:19:10.098+0000] {logging_mixin.py:188} INFO - [2026-05-09T12:19:10.098+0000] {dag.py:3954} INFO - Setting next_dagrun for tutorial_dag to None, run_after=None
[2026-05-09T12:19:10.114+0000] {processor.py:183} INFO - Processing /home/vscode/.local/lib/python3.11/site-packages/airflow/example_dags/tutorial_dag.py took 0.048 seconds
[2026-05-09T12:19:56.008+0000] {processor.py:161} INFO - Started process (PID=41118) to work on /home/vscode/.local/lib/python3.11/site-packages/airflow/example_dags/tutorial_dag.py
[2026-05-09T12:19:56.009+0000] {processor.py:830} INFO - Processing file /home/vscode/.local/lib/python3.11/site-packages/airflow/example_dags/tutorial_dag.py for tasks to queue
[2026-05-09T12:19:56.009+0000] {logging_mixin.py:188} INFO - [2026-05-09T12:19:56.009+0000] {dagbag.py:545} INFO - Filling up the DagBag from /home/vscode/.local/lib/python3.11/site-packages/airflow/example_dags/tutorial_dag.py
[2026-05-09T12:19:56.013+0000] {processor.py:840} INFO - DAG(s) 'tutorial_dag' retrieved from /home/vscode/.local/lib/python3.11/site-packages/airflow/example_dags/tutorial_dag.py
[2026-05-09T12:19:56.027+0000] {logging_mixin.py:188} INFO - [2026-05-09T12:19:56.027+0000] {dag.py:3096} INFO - Sync 1 DAGs
[2026-05-09T12:19:56.041+0000] {logging_mixin.py:188} INFO - [2026-05-09T12:19:56.041+0000] {dag.py:3954} INFO - Setting next_dagrun for tutorial_dag to None, run_after=None
[2026-05-09T12:19:56.060+0000] {processor.py:183} INFO - Processing /home/vscode/.local/lib/python3.11/site-packages/airflow/example_dags/tutorial_dag.py took 0.059 seconds
[2026-05-09T12:20:38.606+0000] {processor.py:161} INFO - Started process (PID=41479) to work on /home/vscode/.local/lib/python3.11/site-packages/airflow/example_dags/tutorial_dag.py
[2026-05-09T12:20:38.606+0000] {processor.py:830} INFO - Processing file /home/vscode/.local/lib/python3.11/site-packages/airflow/example_dags/tutorial_dag.py for tasks to queue
[2026-05-09T12:20:38.607+0000] {logging_mixin.py:188} INFO - [2026-05-09T12:20:38.607+0000] {dagbag.py:545} INFO - Filling up the DagBag from /home/vscode/.local/lib/python3.11/site-packages/airflow/example_dags/tutorial_dag.py
[2026-05-09T12:20:38.612+0000] {processor.py:840} INFO - DAG(s) 'tutorial_dag' retrieved from /home/vscode/.local/lib/python3.11/site-packages/airflow/example_dags/tutorial_dag.py
[2026-05-09T12:20:38.624+0000] {logging_mixin.py:188} INFO - [2026-05-09T12:20:38.623+0000] {dag.py:3096} INFO - Sync 1 DAGs
[2026-05-09T12:20:38.637+0000] {logging_mixin.py:188} INFO - [2026-05-09T12:20:38.637+0000] {dag.py:3954} INFO - Setting next_dagrun for tutorial_dag to None, run_after=None
[2026-05-09T12:20:38.655+0000] {processor.py:183} INFO - Processing /home/vscode/.local/lib/python3.11/site-packages/airflow/example_dags/tutorial_dag.py took 0.060 seconds
[2026-05-09T12:21:18.998+0000] {processor.py:161} INFO - Started process (PID=41762) to work on /home/vscode/.local/lib/python3.11/site-packages/airflow/example_dags/tutorial_dag.py
[2026-05-09T12:21:18.999+0000] {processor.py:830} INFO - Processing file /home/vscode/.local/lib/python3.11/site-packages/airflow/example_dags/tutorial_dag.py for tasks to queue
[2026-05-09T12:21:18.999+0000] {logging_mixin.py:188} INFO - [2026-05-09T12:21:18.999+0000] {dagbag.py:545} INFO - Filling up the DagBag from /home/vscode/.local/lib/python3.11/site-packages/airflow/example_dags/tutorial_dag.py
[2026-05-09T12:21:19.003+0000] {processor.py:840} INFO - DAG(s) 'tutorial_dag' retrieved from /home/vscode/.local/lib/python3.11/site-packages/airflow/example_dags/tutorial_dag.py
[2026-05-09T12:21:19.014+0000] {logging_mixin.py:188} INFO - [2026-05-09T12:21:19.014+0000] {dag.py:3096} INFO - Sync 1 DAGs
[2026-05-09T12:21:19.023+0000] {logging_mixin.py:188} INFO - [2026-05-09T12:21:19.023+0000] {dag.py:3954} INFO - Setting next_dagrun for tutorial_dag to None, run_after=None
[2026-05-09T12:21:19.040+0000] {processor.py:183} INFO - Processing /home/vscode/.local/lib/python3.11/site-packages/airflow/example_dags/tutorial_dag.py took 0.049 seconds
