[2026-05-09T11:18:36.721+0000] {processor.py:161} INFO - Started process (PID=6968) to work on /home/vscode/.local/lib/python3.11/site-packages/airflow/example_dags/tutorial_taskflow_api_virtualenv.py
[2026-05-09T11:18:36.722+0000] {processor.py:830} INFO - Processing file /home/vscode/.local/lib/python3.11/site-packages/airflow/example_dags/tutorial_taskflow_api_virtualenv.py for tasks to queue
[2026-05-09T11:18:36.723+0000] {logging_mixin.py:188} INFO - [2026-05-09T11:18:36.722+0000] {dagbag.py:545} INFO - Filling up the DagBag from /home/vscode/.local/lib/python3.11/site-packages/airflow/example_dags/tutorial_taskflow_api_virtualenv.py
[2026-05-09T11:18:36.739+0000] {processor.py:840} INFO - DAG(s) 'tutorial_taskflow_api_virtualenv' retrieved from /home/vscode/.local/lib/python3.11/site-packages/airflow/example_dags/tutorial_taskflow_api_virtualenv.py
[2026-05-09T11:18:36.746+0000] {logging_mixin.py:188} INFO - [2026-05-09T11:18:36.746+0000] {dag.py:3096} INFO - Sync 1 DAGs
[2026-05-09T11:18:36.754+0000] {logging_mixin.py:188} INFO - [2026-05-09T11:18:36.754+0000] {dag.py:3954} INFO - Setting next_dagrun for tutorial_taskflow_api_virtualenv to None, run_after=None
[2026-05-09T11:18:36.770+0000] {processor.py:183} INFO - Processing /home/vscode/.local/lib/python3.11/site-packages/airflow/example_dags/tutorial_taskflow_api_virtualenv.py took 0.055 seconds
[2026-05-09T11:19:33.029+0000] {processor.py:161} INFO - Started process (PID=7526) to work on /home/vscode/.local/lib/python3.11/site-packages/airflow/example_dags/tutorial_taskflow_api_virtualenv.py
[2026-05-09T11:19:33.029+0000] {processor.py:830} INFO - Processing file /home/vscode/.local/lib/python3.11/site-packages/airflow/example_dags/tutorial_taskflow_api_virtualenv.py for tasks to queue
[2026-05-09T11:19:33.030+0000] {logging_mixin.py:188} INFO - [2026-05-09T11:19:33.030+0000] {dagbag.py:545} INFO - Filling up the DagBag from /home/vscode/.local/lib/python3.11/site-packages/airflow/example_dags/tutorial_taskflow_api_virtualenv.py
[2026-05-09T11:19:33.037+0000] {processor.py:840} INFO - DAG(s) 'tutorial_taskflow_api_virtualenv' retrieved from /home/vscode/.local/lib/python3.11/site-packages/airflow/example_dags/tutorial_taskflow_api_virtualenv.py
[2026-05-09T11:19:33.242+0000] {logging_mixin.py:188} INFO - [2026-05-09T11:19:33.242+0000] {dag.py:3096} INFO - Sync 1 DAGs
[2026-05-09T11:19:33.306+0000] {logging_mixin.py:188} INFO - [2026-05-09T11:19:33.306+0000] {dag.py:3954} INFO - Setting next_dagrun for tutorial_taskflow_api_virtualenv to None, run_after=None
[2026-05-09T11:19:33.390+0000] {processor.py:183} INFO - Processing /home/vscode/.local/lib/python3.11/site-packages/airflow/example_dags/tutorial_taskflow_api_virtualenv.py took 0.367 seconds
[2026-05-09T11:20:29.024+0000] {processor.py:161} INFO - Started process (PID=7947) to work on /home/vscode/.local/lib/python3.11/site-packages/airflow/example_dags/tutorial_taskflow_api_virtualenv.py
[2026-05-09T11:20:29.026+0000] {processor.py:830} INFO - Processing file /home/vscode/.local/lib/python3.11/site-packages/airflow/example_dags/tutorial_taskflow_api_virtualenv.py for tasks to queue
[2026-05-09T11:20:29.027+0000] {logging_mixin.py:188} INFO - [2026-05-09T11:20:29.026+0000] {dagbag.py:545} INFO - Filling up the DagBag from /home/vscode/.local/lib/python3.11/site-packages/airflow/example_dags/tutorial_taskflow_api_virtualenv.py
[2026-05-09T11:20:29.043+0000] {processor.py:840} INFO - DAG(s) 'tutorial_taskflow_api_virtualenv' retrieved from /home/vscode/.local/lib/python3.11/site-packages/airflow/example_dags/tutorial_taskflow_api_virtualenv.py
[2026-05-09T11:20:29.061+0000] {logging_mixin.py:188} INFO - [2026-05-09T11:20:29.060+0000] {dag.py:3096} INFO - Sync 1 DAGs
[2026-05-09T11:20:29.073+0000] {logging_mixin.py:188} INFO - [2026-05-09T11:20:29.073+0000] {dag.py:3954} INFO - Setting next_dagrun for tutorial_taskflow_api_virtualenv to None, run_after=None
[2026-05-09T11:20:29.092+0000] {processor.py:183} INFO - Processing /home/vscode/.local/lib/python3.11/site-packages/airflow/example_dags/tutorial_taskflow_api_virtualenv.py took 0.077 seconds
[2026-05-09T11:21:13.178+0000] {processor.py:161} INFO - Started process (PID=8347) to work on /home/vscode/.local/lib/python3.11/site-packages/airflow/example_dags/tutorial_taskflow_api_virtualenv.py
[2026-05-09T11:21:13.179+0000] {processor.py:830} INFO - Processing file /home/vscode/.local/lib/python3.11/site-packages/airflow/example_dags/tutorial_taskflow_api_virtualenv.py for tasks to queue
[2026-05-09T11:21:13.179+0000] {logging_mixin.py:188} INFO - [2026-05-09T11:21:13.179+0000] {dagbag.py:545} INFO - Filling up the DagBag from /home/vscode/.local/lib/python3.11/site-packages/airflow/example_dags/tutorial_taskflow_api_virtualenv.py
[2026-05-09T11:21:13.187+0000] {processor.py:840} INFO - DAG(s) 'tutorial_taskflow_api_virtualenv' retrieved from /home/vscode/.local/lib/python3.11/site-packages/airflow/example_dags/tutorial_taskflow_api_virtualenv.py
[2026-05-09T11:21:13.198+0000] {logging_mixin.py:188} INFO - [2026-05-09T11:21:13.198+0000] {dag.py:3096} INFO - Sync 1 DAGs
[2026-05-09T11:21:13.206+0000] {logging_mixin.py:188} INFO - [2026-05-09T11:21:13.206+0000] {dag.py:3954} INFO - Setting next_dagrun for tutorial_taskflow_api_virtualenv to None, run_after=None
[2026-05-09T11:21:13.220+0000] {processor.py:183} INFO - Processing /home/vscode/.local/lib/python3.11/site-packages/airflow/example_dags/tutorial_taskflow_api_virtualenv.py took 0.049 seconds
[2026-05-09T11:21:53.020+0000] {processor.py:161} INFO - Started process (PID=8816) to work on /home/vscode/.local/lib/python3.11/site-packages/airflow/example_dags/tutorial_taskflow_api_virtualenv.py
[2026-05-09T11:21:53.020+0000] {processor.py:830} INFO - Processing file /home/vscode/.local/lib/python3.11/site-packages/airflow/example_dags/tutorial_taskflow_api_virtualenv.py for tasks to queue
[2026-05-09T11:21:53.021+0000] {logging_mixin.py:188} INFO - [2026-05-09T11:21:53.021+0000] {dagbag.py:545} INFO - Filling up the DagBag from /home/vscode/.local/lib/python3.11/site-packages/airflow/example_dags/tutorial_taskflow_api_virtualenv.py
[2026-05-09T11:21:53.029+0000] {processor.py:840} INFO - DAG(s) 'tutorial_taskflow_api_virtualenv' retrieved from /home/vscode/.local/lib/python3.11/site-packages/airflow/example_dags/tutorial_taskflow_api_virtualenv.py
[2026-05-09T11:21:53.040+0000] {logging_mixin.py:188} INFO - [2026-05-09T11:21:53.040+0000] {dag.py:3096} INFO - Sync 1 DAGs
[2026-05-09T11:21:53.049+0000] {logging_mixin.py:188} INFO - [2026-05-09T11:21:53.049+0000] {dag.py:3954} INFO - Setting next_dagrun for tutorial_taskflow_api_virtualenv to None, run_after=None
[2026-05-09T11:21:53.064+0000] {processor.py:183} INFO - Processing /home/vscode/.local/lib/python3.11/site-packages/airflow/example_dags/tutorial_taskflow_api_virtualenv.py took 0.051 seconds
[2026-05-09T11:22:32.982+0000] {processor.py:161} INFO - Started process (PID=9285) to work on /home/vscode/.local/lib/python3.11/site-packages/airflow/example_dags/tutorial_taskflow_api_virtualenv.py
[2026-05-09T11:22:32.983+0000] {processor.py:830} INFO - Processing file /home/vscode/.local/lib/python3.11/site-packages/airflow/example_dags/tutorial_taskflow_api_virtualenv.py for tasks to queue
[2026-05-09T11:22:32.984+0000] {logging_mixin.py:188} INFO - [2026-05-09T11:22:32.984+0000] {dagbag.py:545} INFO - Filling up the DagBag from /home/vscode/.local/lib/python3.11/site-packages/airflow/example_dags/tutorial_taskflow_api_virtualenv.py
[2026-05-09T11:22:32.993+0000] {processor.py:840} INFO - DAG(s) 'tutorial_taskflow_api_virtualenv' retrieved from /home/vscode/.local/lib/python3.11/site-packages/airflow/example_dags/tutorial_taskflow_api_virtualenv.py
[2026-05-09T11:22:33.004+0000] {logging_mixin.py:188} INFO - [2026-05-09T11:22:33.004+0000] {dag.py:3096} INFO - Sync 1 DAGs
[2026-05-09T11:22:33.012+0000] {logging_mixin.py:188} INFO - [2026-05-09T11:22:33.012+0000] {dag.py:3954} INFO - Setting next_dagrun for tutorial_taskflow_api_virtualenv to None, run_after=None
[2026-05-09T11:22:33.028+0000] {processor.py:183} INFO - Processing /home/vscode/.local/lib/python3.11/site-packages/airflow/example_dags/tutorial_taskflow_api_virtualenv.py took 0.055 seconds
[2026-05-09T11:23:09.687+0000] {processor.py:161} INFO - Started process (PID=9691) to work on /home/vscode/.local/lib/python3.11/site-packages/airflow/example_dags/tutorial_taskflow_api_virtualenv.py
[2026-05-09T11:23:09.688+0000] {processor.py:830} INFO - Processing file /home/vscode/.local/lib/python3.11/site-packages/airflow/example_dags/tutorial_taskflow_api_virtualenv.py for tasks to queue
[2026-05-09T11:23:09.688+0000] {logging_mixin.py:188} INFO - [2026-05-09T11:23:09.688+0000] {dagbag.py:545} INFO - Filling up the DagBag from /home/vscode/.local/lib/python3.11/site-packages/airflow/example_dags/tutorial_taskflow_api_virtualenv.py
[2026-05-09T11:23:09.696+0000] {processor.py:840} INFO - DAG(s) 'tutorial_taskflow_api_virtualenv' retrieved from /home/vscode/.local/lib/python3.11/site-packages/airflow/example_dags/tutorial_taskflow_api_virtualenv.py
[2026-05-09T11:23:09.707+0000] {logging_mixin.py:188} INFO - [2026-05-09T11:23:09.707+0000] {dag.py:3096} INFO - Sync 1 DAGs
[2026-05-09T11:23:09.715+0000] {logging_mixin.py:188} INFO - [2026-05-09T11:23:09.715+0000] {dag.py:3954} INFO - Setting next_dagrun for tutorial_taskflow_api_virtualenv to None, run_after=None
[2026-05-09T11:23:09.731+0000] {processor.py:183} INFO - Processing /home/vscode/.local/lib/python3.11/site-packages/airflow/example_dags/tutorial_taskflow_api_virtualenv.py took 0.050 seconds
[2026-05-09T11:23:49.797+0000] {processor.py:161} INFO - Started process (PID=10247) to work on /home/vscode/.local/lib/python3.11/site-packages/airflow/example_dags/tutorial_taskflow_api_virtualenv.py
[2026-05-09T11:23:49.798+0000] {processor.py:830} INFO - Processing file /home/vscode/.local/lib/python3.11/site-packages/airflow/example_dags/tutorial_taskflow_api_virtualenv.py for tasks to queue
[2026-05-09T11:23:49.799+0000] {logging_mixin.py:188} INFO - [2026-05-09T11:23:49.798+0000] {dagbag.py:545} INFO - Filling up the DagBag from /home/vscode/.local/lib/python3.11/site-packages/airflow/example_dags/tutorial_taskflow_api_virtualenv.py
[2026-05-09T11:23:49.806+0000] {processor.py:840} INFO - DAG(s) 'tutorial_taskflow_api_virtualenv' retrieved from /home/vscode/.local/lib/python3.11/site-packages/airflow/example_dags/tutorial_taskflow_api_virtualenv.py
[2026-05-09T11:23:49.818+0000] {logging_mixin.py:188} INFO - [2026-05-09T11:23:49.818+0000] {dag.py:3096} INFO - Sync 1 DAGs
[2026-05-09T11:23:49.826+0000] {logging_mixin.py:188} INFO - [2026-05-09T11:23:49.826+0000] {dag.py:3954} INFO - Setting next_dagrun for tutorial_taskflow_api_virtualenv to None, run_after=None
[2026-05-09T11:23:49.848+0000] {processor.py:183} INFO - Processing /home/vscode/.local/lib/python3.11/site-packages/airflow/example_dags/tutorial_taskflow_api_virtualenv.py took 0.057 seconds
[2026-05-09T11:24:30.831+0000] {processor.py:161} INFO - Started process (PID=10799) to work on /home/vscode/.local/lib/python3.11/site-packages/airflow/example_dags/tutorial_taskflow_api_virtualenv.py
[2026-05-09T11:24:30.831+0000] {processor.py:830} INFO - Processing file /home/vscode/.local/lib/python3.11/site-packages/airflow/example_dags/tutorial_taskflow_api_virtualenv.py for tasks to queue
[2026-05-09T11:24:30.832+0000] {logging_mixin.py:188} INFO - [2026-05-09T11:24:30.832+0000] {dagbag.py:545} INFO - Filling up the DagBag from /home/vscode/.local/lib/python3.11/site-packages/airflow/example_dags/tutorial_taskflow_api_virtualenv.py
[2026-05-09T11:24:30.840+0000] {processor.py:840} INFO - DAG(s) 'tutorial_taskflow_api_virtualenv' retrieved from /home/vscode/.local/lib/python3.11/site-packages/airflow/example_dags/tutorial_taskflow_api_virtualenv.py
[2026-05-09T11:24:30.852+0000] {logging_mixin.py:188} INFO - [2026-05-09T11:24:30.852+0000] {dag.py:3096} INFO - Sync 1 DAGs
[2026-05-09T11:24:30.861+0000] {logging_mixin.py:188} INFO - [2026-05-09T11:24:30.861+0000] {dag.py:3954} INFO - Setting next_dagrun for tutorial_taskflow_api_virtualenv to None, run_after=None
[2026-05-09T11:24:30.877+0000] {processor.py:183} INFO - Processing /home/vscode/.local/lib/python3.11/site-packages/airflow/example_dags/tutorial_taskflow_api_virtualenv.py took 0.052 seconds
[2026-05-09T11:25:11.071+0000] {processor.py:161} INFO - Started process (PID=11253) to work on /home/vscode/.local/lib/python3.11/site-packages/airflow/example_dags/tutorial_taskflow_api_virtualenv.py
[2026-05-09T11:25:11.071+0000] {processor.py:830} INFO - Processing file /home/vscode/.local/lib/python3.11/site-packages/airflow/example_dags/tutorial_taskflow_api_virtualenv.py for tasks to queue
[2026-05-09T11:25:11.072+0000] {logging_mixin.py:188} INFO - [2026-05-09T11:25:11.072+0000] {dagbag.py:545} INFO - Filling up the DagBag from /home/vscode/.local/lib/python3.11/site-packages/airflow/example_dags/tutorial_taskflow_api_virtualenv.py
[2026-05-09T11:25:11.080+0000] {processor.py:840} INFO - DAG(s) 'tutorial_taskflow_api_virtualenv' retrieved from /home/vscode/.local/lib/python3.11/site-packages/airflow/example_dags/tutorial_taskflow_api_virtualenv.py
[2026-05-09T11:25:11.091+0000] {logging_mixin.py:188} INFO - [2026-05-09T11:25:11.091+0000] {dag.py:3096} INFO - Sync 1 DAGs
[2026-05-09T11:25:11.101+0000] {logging_mixin.py:188} INFO - [2026-05-09T11:25:11.101+0000] {dag.py:3954} INFO - Setting next_dagrun for tutorial_taskflow_api_virtualenv to None, run_after=None
[2026-05-09T11:25:11.117+0000] {processor.py:183} INFO - Processing /home/vscode/.local/lib/python3.11/site-packages/airflow/example_dags/tutorial_taskflow_api_virtualenv.py took 0.053 seconds
[2026-05-09T11:25:52.015+0000] {processor.py:161} INFO - Started process (PID=11584) to work on /home/vscode/.local/lib/python3.11/site-packages/airflow/example_dags/tutorial_taskflow_api_virtualenv.py
[2026-05-09T11:25:52.015+0000] {processor.py:830} INFO - Processing file /home/vscode/.local/lib/python3.11/site-packages/airflow/example_dags/tutorial_taskflow_api_virtualenv.py for tasks to queue
[2026-05-09T11:25:52.016+0000] {logging_mixin.py:188} INFO - [2026-05-09T11:25:52.015+0000] {dagbag.py:545} INFO - Filling up the DagBag from /home/vscode/.local/lib/python3.11/site-packages/airflow/example_dags/tutorial_taskflow_api_virtualenv.py
[2026-05-09T11:25:52.023+0000] {processor.py:840} INFO - DAG(s) 'tutorial_taskflow_api_virtualenv' retrieved from /home/vscode/.local/lib/python3.11/site-packages/airflow/example_dags/tutorial_taskflow_api_virtualenv.py
[2026-05-09T11:25:52.034+0000] {logging_mixin.py:188} INFO - [2026-05-09T11:25:52.034+0000] {dag.py:3096} INFO - Sync 1 DAGs
[2026-05-09T11:25:52.042+0000] {logging_mixin.py:188} INFO - [2026-05-09T11:25:52.042+0000] {dag.py:3954} INFO - Setting next_dagrun for tutorial_taskflow_api_virtualenv to None, run_after=None
[2026-05-09T11:25:52.060+0000] {processor.py:183} INFO - Processing /home/vscode/.local/lib/python3.11/site-packages/airflow/example_dags/tutorial_taskflow_api_virtualenv.py took 0.052 seconds
[2026-05-09T11:26:31.240+0000] {processor.py:161} INFO - Started process (PID=11952) to work on /home/vscode/.local/lib/python3.11/site-packages/airflow/example_dags/tutorial_taskflow_api_virtualenv.py
[2026-05-09T11:26:31.241+0000] {processor.py:830} INFO - Processing file /home/vscode/.local/lib/python3.11/site-packages/airflow/example_dags/tutorial_taskflow_api_virtualenv.py for tasks to queue
[2026-05-09T11:26:31.242+0000] {logging_mixin.py:188} INFO - [2026-05-09T11:26:31.241+0000] {dagbag.py:545} INFO - Filling up the DagBag from /home/vscode/.local/lib/python3.11/site-packages/airflow/example_dags/tutorial_taskflow_api_virtualenv.py
[2026-05-09T11:26:31.250+0000] {processor.py:840} INFO - DAG(s) 'tutorial_taskflow_api_virtualenv' retrieved from /home/vscode/.local/lib/python3.11/site-packages/airflow/example_dags/tutorial_taskflow_api_virtualenv.py
[2026-05-09T11:26:31.261+0000] {logging_mixin.py:188} INFO - [2026-05-09T11:26:31.261+0000] {dag.py:3096} INFO - Sync 1 DAGs
[2026-05-09T11:26:31.271+0000] {logging_mixin.py:188} INFO - [2026-05-09T11:26:31.271+0000] {dag.py:3954} INFO - Setting next_dagrun for tutorial_taskflow_api_virtualenv to None, run_after=None
[2026-05-09T11:26:31.286+0000] {processor.py:183} INFO - Processing /home/vscode/.local/lib/python3.11/site-packages/airflow/example_dags/tutorial_taskflow_api_virtualenv.py took 0.052 seconds
[2026-05-09T11:27:11.662+0000] {processor.py:161} INFO - Started process (PID=12443) to work on /home/vscode/.local/lib/python3.11/site-packages/airflow/example_dags/tutorial_taskflow_api_virtualenv.py
[2026-05-09T11:27:11.663+0000] {processor.py:830} INFO - Processing file /home/vscode/.local/lib/python3.11/site-packages/airflow/example_dags/tutorial_taskflow_api_virtualenv.py for tasks to queue
[2026-05-09T11:27:11.664+0000] {logging_mixin.py:188} INFO - [2026-05-09T11:27:11.663+0000] {dagbag.py:545} INFO - Filling up the DagBag from /home/vscode/.local/lib/python3.11/site-packages/airflow/example_dags/tutorial_taskflow_api_virtualenv.py
[2026-05-09T11:27:11.672+0000] {processor.py:840} INFO - DAG(s) 'tutorial_taskflow_api_virtualenv' retrieved from /home/vscode/.local/lib/python3.11/site-packages/airflow/example_dags/tutorial_taskflow_api_virtualenv.py
[2026-05-09T11:27:11.683+0000] {logging_mixin.py:188} INFO - [2026-05-09T11:27:11.683+0000] {dag.py:3096} INFO - Sync 1 DAGs
[2026-05-09T11:27:11.691+0000] {logging_mixin.py:188} INFO - [2026-05-09T11:27:11.691+0000] {dag.py:3954} INFO - Setting next_dagrun for tutorial_taskflow_api_virtualenv to None, run_after=None
[2026-05-09T11:27:11.707+0000] {processor.py:183} INFO - Processing /home/vscode/.local/lib/python3.11/site-packages/airflow/example_dags/tutorial_taskflow_api_virtualenv.py took 0.051 seconds
[2026-05-09T11:27:50.825+0000] {processor.py:161} INFO - Started process (PID=12935) to work on /home/vscode/.local/lib/python3.11/site-packages/airflow/example_dags/tutorial_taskflow_api_virtualenv.py
[2026-05-09T11:27:50.826+0000] {processor.py:830} INFO - Processing file /home/vscode/.local/lib/python3.11/site-packages/airflow/example_dags/tutorial_taskflow_api_virtualenv.py for tasks to queue
[2026-05-09T11:27:50.828+0000] {logging_mixin.py:188} INFO - [2026-05-09T11:27:50.827+0000] {dagbag.py:545} INFO - Filling up the DagBag from /home/vscode/.local/lib/python3.11/site-packages/airflow/example_dags/tutorial_taskflow_api_virtualenv.py
[2026-05-09T11:27:50.839+0000] {processor.py:840} INFO - DAG(s) 'tutorial_taskflow_api_virtualenv' retrieved from /home/vscode/.local/lib/python3.11/site-packages/airflow/example_dags/tutorial_taskflow_api_virtualenv.py
[2026-05-09T11:27:50.852+0000] {logging_mixin.py:188} INFO - [2026-05-09T11:27:50.851+0000] {dag.py:3096} INFO - Sync 1 DAGs
[2026-05-09T11:27:50.860+0000] {logging_mixin.py:188} INFO - [2026-05-09T11:27:50.860+0000] {dag.py:3954} INFO - Setting next_dagrun for tutorial_taskflow_api_virtualenv to None, run_after=None
[2026-05-09T11:27:50.875+0000] {processor.py:183} INFO - Processing /home/vscode/.local/lib/python3.11/site-packages/airflow/example_dags/tutorial_taskflow_api_virtualenv.py took 0.062 seconds
[2026-05-09T11:28:31.060+0000] {processor.py:161} INFO - Started process (PID=13404) to work on /home/vscode/.local/lib/python3.11/site-packages/airflow/example_dags/tutorial_taskflow_api_virtualenv.py
[2026-05-09T11:28:31.060+0000] {processor.py:830} INFO - Processing file /home/vscode/.local/lib/python3.11/site-packages/airflow/example_dags/tutorial_taskflow_api_virtualenv.py for tasks to queue
[2026-05-09T11:28:31.061+0000] {logging_mixin.py:188} INFO - [2026-05-09T11:28:31.061+0000] {dagbag.py:545} INFO - Filling up the DagBag from /home/vscode/.local/lib/python3.11/site-packages/airflow/example_dags/tutorial_taskflow_api_virtualenv.py
[2026-05-09T11:28:31.069+0000] {processor.py:840} INFO - DAG(s) 'tutorial_taskflow_api_virtualenv' retrieved from /home/vscode/.local/lib/python3.11/site-packages/airflow/example_dags/tutorial_taskflow_api_virtualenv.py
[2026-05-09T11:28:31.081+0000] {logging_mixin.py:188} INFO - [2026-05-09T11:28:31.081+0000] {dag.py:3096} INFO - Sync 1 DAGs
[2026-05-09T11:28:31.090+0000] {logging_mixin.py:188} INFO - [2026-05-09T11:28:31.090+0000] {dag.py:3954} INFO - Setting next_dagrun for tutorial_taskflow_api_virtualenv to None, run_after=None
[2026-05-09T11:28:31.105+0000] {processor.py:183} INFO - Processing /home/vscode/.local/lib/python3.11/site-packages/airflow/example_dags/tutorial_taskflow_api_virtualenv.py took 0.052 seconds
[2026-05-09T11:29:10.661+0000] {processor.py:161} INFO - Started process (PID=13827) to work on /home/vscode/.local/lib/python3.11/site-packages/airflow/example_dags/tutorial_taskflow_api_virtualenv.py
[2026-05-09T11:29:10.661+0000] {processor.py:830} INFO - Processing file /home/vscode/.local/lib/python3.11/site-packages/airflow/example_dags/tutorial_taskflow_api_virtualenv.py for tasks to queue
[2026-05-09T11:29:10.662+0000] {logging_mixin.py:188} INFO - [2026-05-09T11:29:10.662+0000] {dagbag.py:545} INFO - Filling up the DagBag from /home/vscode/.local/lib/python3.11/site-packages/airflow/example_dags/tutorial_taskflow_api_virtualenv.py
[2026-05-09T11:29:10.670+0000] {processor.py:840} INFO - DAG(s) 'tutorial_taskflow_api_virtualenv' retrieved from /home/vscode/.local/lib/python3.11/site-packages/airflow/example_dags/tutorial_taskflow_api_virtualenv.py
[2026-05-09T11:29:10.682+0000] {logging_mixin.py:188} INFO - [2026-05-09T11:29:10.682+0000] {dag.py:3096} INFO - Sync 1 DAGs
[2026-05-09T11:29:10.690+0000] {logging_mixin.py:188} INFO - [2026-05-09T11:29:10.690+0000] {dag.py:3954} INFO - Setting next_dagrun for tutorial_taskflow_api_virtualenv to None, run_after=None
[2026-05-09T11:29:10.707+0000] {processor.py:183} INFO - Processing /home/vscode/.local/lib/python3.11/site-packages/airflow/example_dags/tutorial_taskflow_api_virtualenv.py took 0.053 seconds
[2026-05-09T11:29:55.484+0000] {processor.py:161} INFO - Started process (PID=14216) to work on /home/vscode/.local/lib/python3.11/site-packages/airflow/example_dags/tutorial_taskflow_api_virtualenv.py
[2026-05-09T11:29:55.484+0000] {processor.py:830} INFO - Processing file /home/vscode/.local/lib/python3.11/site-packages/airflow/example_dags/tutorial_taskflow_api_virtualenv.py for tasks to queue
[2026-05-09T11:29:55.485+0000] {logging_mixin.py:188} INFO - [2026-05-09T11:29:55.485+0000] {dagbag.py:545} INFO - Filling up the DagBag from /home/vscode/.local/lib/python3.11/site-packages/airflow/example_dags/tutorial_taskflow_api_virtualenv.py
[2026-05-09T11:29:55.493+0000] {processor.py:840} INFO - DAG(s) 'tutorial_taskflow_api_virtualenv' retrieved from /home/vscode/.local/lib/python3.11/site-packages/airflow/example_dags/tutorial_taskflow_api_virtualenv.py
[2026-05-09T11:29:55.504+0000] {logging_mixin.py:188} INFO - [2026-05-09T11:29:55.504+0000] {dag.py:3096} INFO - Sync 1 DAGs
[2026-05-09T11:29:55.512+0000] {logging_mixin.py:188} INFO - [2026-05-09T11:29:55.512+0000] {dag.py:3954} INFO - Setting next_dagrun for tutorial_taskflow_api_virtualenv to None, run_after=None
[2026-05-09T11:29:55.528+0000] {processor.py:183} INFO - Processing /home/vscode/.local/lib/python3.11/site-packages/airflow/example_dags/tutorial_taskflow_api_virtualenv.py took 0.052 seconds
[2026-05-09T11:30:37.495+0000] {processor.py:161} INFO - Started process (PID=14739) to work on /home/vscode/.local/lib/python3.11/site-packages/airflow/example_dags/tutorial_taskflow_api_virtualenv.py
[2026-05-09T11:30:37.495+0000] {processor.py:830} INFO - Processing file /home/vscode/.local/lib/python3.11/site-packages/airflow/example_dags/tutorial_taskflow_api_virtualenv.py for tasks to queue
[2026-05-09T11:30:37.496+0000] {logging_mixin.py:188} INFO - [2026-05-09T11:30:37.496+0000] {dagbag.py:545} INFO - Filling up the DagBag from /home/vscode/.local/lib/python3.11/site-packages/airflow/example_dags/tutorial_taskflow_api_virtualenv.py
[2026-05-09T11:30:37.504+0000] {processor.py:840} INFO - DAG(s) 'tutorial_taskflow_api_virtualenv' retrieved from /home/vscode/.local/lib/python3.11/site-packages/airflow/example_dags/tutorial_taskflow_api_virtualenv.py
[2026-05-09T11:30:37.516+0000] {logging_mixin.py:188} INFO - [2026-05-09T11:30:37.515+0000] {dag.py:3096} INFO - Sync 1 DAGs
[2026-05-09T11:30:37.524+0000] {logging_mixin.py:188} INFO - [2026-05-09T11:30:37.524+0000] {dag.py:3954} INFO - Setting next_dagrun for tutorial_taskflow_api_virtualenv to None, run_after=None
[2026-05-09T11:30:37.541+0000] {processor.py:183} INFO - Processing /home/vscode/.local/lib/python3.11/site-packages/airflow/example_dags/tutorial_taskflow_api_virtualenv.py took 0.052 seconds
[2026-05-09T11:31:15.709+0000] {processor.py:161} INFO - Started process (PID=15206) to work on /home/vscode/.local/lib/python3.11/site-packages/airflow/example_dags/tutorial_taskflow_api_virtualenv.py
[2026-05-09T11:31:15.710+0000] {processor.py:830} INFO - Processing file /home/vscode/.local/lib/python3.11/site-packages/airflow/example_dags/tutorial_taskflow_api_virtualenv.py for tasks to queue
[2026-05-09T11:31:15.711+0000] {logging_mixin.py:188} INFO - [2026-05-09T11:31:15.710+0000] {dagbag.py:545} INFO - Filling up the DagBag from /home/vscode/.local/lib/python3.11/site-packages/airflow/example_dags/tutorial_taskflow_api_virtualenv.py
[2026-05-09T11:31:15.718+0000] {processor.py:840} INFO - DAG(s) 'tutorial_taskflow_api_virtualenv' retrieved from /home/vscode/.local/lib/python3.11/site-packages/airflow/example_dags/tutorial_taskflow_api_virtualenv.py
[2026-05-09T11:31:15.736+0000] {logging_mixin.py:188} INFO - [2026-05-09T11:31:15.735+0000] {dag.py:3096} INFO - Sync 1 DAGs
[2026-05-09T11:31:15.748+0000] {logging_mixin.py:188} INFO - [2026-05-09T11:31:15.748+0000] {dag.py:3954} INFO - Setting next_dagrun for tutorial_taskflow_api_virtualenv to None, run_after=None
[2026-05-09T11:31:15.771+0000] {processor.py:183} INFO - Processing /home/vscode/.local/lib/python3.11/site-packages/airflow/example_dags/tutorial_taskflow_api_virtualenv.py took 0.068 seconds
[2026-05-09T11:32:00.311+0000] {processor.py:161} INFO - Started process (PID=15691) to work on /home/vscode/.local/lib/python3.11/site-packages/airflow/example_dags/tutorial_taskflow_api_virtualenv.py
[2026-05-09T11:32:00.311+0000] {processor.py:830} INFO - Processing file /home/vscode/.local/lib/python3.11/site-packages/airflow/example_dags/tutorial_taskflow_api_virtualenv.py for tasks to queue
[2026-05-09T11:32:00.312+0000] {logging_mixin.py:188} INFO - [2026-05-09T11:32:00.312+0000] {dagbag.py:545} INFO - Filling up the DagBag from /home/vscode/.local/lib/python3.11/site-packages/airflow/example_dags/tutorial_taskflow_api_virtualenv.py
[2026-05-09T11:32:00.320+0000] {processor.py:840} INFO - DAG(s) 'tutorial_taskflow_api_virtualenv' retrieved from /home/vscode/.local/lib/python3.11/site-packages/airflow/example_dags/tutorial_taskflow_api_virtualenv.py
[2026-05-09T11:32:00.331+0000] {logging_mixin.py:188} INFO - [2026-05-09T11:32:00.331+0000] {dag.py:3096} INFO - Sync 1 DAGs
[2026-05-09T11:32:00.340+0000] {logging_mixin.py:188} INFO - [2026-05-09T11:32:00.340+0000] {dag.py:3954} INFO - Setting next_dagrun for tutorial_taskflow_api_virtualenv to None, run_after=None
[2026-05-09T11:32:00.357+0000] {processor.py:183} INFO - Processing /home/vscode/.local/lib/python3.11/site-packages/airflow/example_dags/tutorial_taskflow_api_virtualenv.py took 0.053 seconds
[2026-05-09T11:32:43.874+0000] {processor.py:161} INFO - Started process (PID=16066) to work on /home/vscode/.local/lib/python3.11/site-packages/airflow/example_dags/tutorial_taskflow_api_virtualenv.py
[2026-05-09T11:32:43.874+0000] {processor.py:830} INFO - Processing file /home/vscode/.local/lib/python3.11/site-packages/airflow/example_dags/tutorial_taskflow_api_virtualenv.py for tasks to queue
[2026-05-09T11:32:43.875+0000] {logging_mixin.py:188} INFO - [2026-05-09T11:32:43.875+0000] {dagbag.py:545} INFO - Filling up the DagBag from /home/vscode/.local/lib/python3.11/site-packages/airflow/example_dags/tutorial_taskflow_api_virtualenv.py
[2026-05-09T11:32:43.883+0000] {processor.py:840} INFO - DAG(s) 'tutorial_taskflow_api_virtualenv' retrieved from /home/vscode/.local/lib/python3.11/site-packages/airflow/example_dags/tutorial_taskflow_api_virtualenv.py
[2026-05-09T11:32:43.895+0000] {logging_mixin.py:188} INFO - [2026-05-09T11:32:43.895+0000] {dag.py:3096} INFO - Sync 1 DAGs
[2026-05-09T11:32:43.903+0000] {logging_mixin.py:188} INFO - [2026-05-09T11:32:43.903+0000] {dag.py:3954} INFO - Setting next_dagrun for tutorial_taskflow_api_virtualenv to None, run_after=None
[2026-05-09T11:32:43.920+0000] {processor.py:183} INFO - Processing /home/vscode/.local/lib/python3.11/site-packages/airflow/example_dags/tutorial_taskflow_api_virtualenv.py took 0.053 seconds
[2026-05-09T11:33:27.664+0000] {processor.py:161} INFO - Started process (PID=16386) to work on /home/vscode/.local/lib/python3.11/site-packages/airflow/example_dags/tutorial_taskflow_api_virtualenv.py
[2026-05-09T11:33:27.665+0000] {processor.py:830} INFO - Processing file /home/vscode/.local/lib/python3.11/site-packages/airflow/example_dags/tutorial_taskflow_api_virtualenv.py for tasks to queue
[2026-05-09T11:33:27.666+0000] {logging_mixin.py:188} INFO - [2026-05-09T11:33:27.665+0000] {dagbag.py:545} INFO - Filling up the DagBag from /home/vscode/.local/lib/python3.11/site-packages/airflow/example_dags/tutorial_taskflow_api_virtualenv.py
[2026-05-09T11:33:27.674+0000] {processor.py:840} INFO - DAG(s) 'tutorial_taskflow_api_virtualenv' retrieved from /home/vscode/.local/lib/python3.11/site-packages/airflow/example_dags/tutorial_taskflow_api_virtualenv.py
[2026-05-09T11:33:27.685+0000] {logging_mixin.py:188} INFO - [2026-05-09T11:33:27.685+0000] {dag.py:3096} INFO - Sync 1 DAGs
[2026-05-09T11:33:27.693+0000] {logging_mixin.py:188} INFO - [2026-05-09T11:33:27.693+0000] {dag.py:3954} INFO - Setting next_dagrun for tutorial_taskflow_api_virtualenv to None, run_after=None
[2026-05-09T11:33:27.715+0000] {processor.py:183} INFO - Processing /home/vscode/.local/lib/python3.11/site-packages/airflow/example_dags/tutorial_taskflow_api_virtualenv.py took 0.058 seconds
[2026-05-09T11:34:09.576+0000] {processor.py:161} INFO - Started process (PID=16821) to work on /home/vscode/.local/lib/python3.11/site-packages/airflow/example_dags/tutorial_taskflow_api_virtualenv.py
[2026-05-09T11:34:09.576+0000] {processor.py:830} INFO - Processing file /home/vscode/.local/lib/python3.11/site-packages/airflow/example_dags/tutorial_taskflow_api_virtualenv.py for tasks to queue
[2026-05-09T11:34:09.577+0000] {logging_mixin.py:188} INFO - [2026-05-09T11:34:09.577+0000] {dagbag.py:545} INFO - Filling up the DagBag from /home/vscode/.local/lib/python3.11/site-packages/airflow/example_dags/tutorial_taskflow_api_virtualenv.py
[2026-05-09T11:34:09.589+0000] {processor.py:840} INFO - DAG(s) 'tutorial_taskflow_api_virtualenv' retrieved from /home/vscode/.local/lib/python3.11/site-packages/airflow/example_dags/tutorial_taskflow_api_virtualenv.py
[2026-05-09T11:34:09.602+0000] {logging_mixin.py:188} INFO - [2026-05-09T11:34:09.602+0000] {dag.py:3096} INFO - Sync 1 DAGs
[2026-05-09T11:34:09.612+0000] {logging_mixin.py:188} INFO - [2026-05-09T11:34:09.612+0000] {dag.py:3954} INFO - Setting next_dagrun for tutorial_taskflow_api_virtualenv to None, run_after=None
[2026-05-09T11:34:09.633+0000] {processor.py:183} INFO - Processing /home/vscode/.local/lib/python3.11/site-packages/airflow/example_dags/tutorial_taskflow_api_virtualenv.py took 0.067 seconds
[2026-05-09T11:34:51.122+0000] {processor.py:161} INFO - Started process (PID=17188) to work on /home/vscode/.local/lib/python3.11/site-packages/airflow/example_dags/tutorial_taskflow_api_virtualenv.py
[2026-05-09T11:34:51.123+0000] {processor.py:830} INFO - Processing file /home/vscode/.local/lib/python3.11/site-packages/airflow/example_dags/tutorial_taskflow_api_virtualenv.py for tasks to queue
[2026-05-09T11:34:51.123+0000] {logging_mixin.py:188} INFO - [2026-05-09T11:34:51.123+0000] {dagbag.py:545} INFO - Filling up the DagBag from /home/vscode/.local/lib/python3.11/site-packages/airflow/example_dags/tutorial_taskflow_api_virtualenv.py
[2026-05-09T11:34:51.131+0000] {processor.py:840} INFO - DAG(s) 'tutorial_taskflow_api_virtualenv' retrieved from /home/vscode/.local/lib/python3.11/site-packages/airflow/example_dags/tutorial_taskflow_api_virtualenv.py
[2026-05-09T11:34:51.143+0000] {logging_mixin.py:188} INFO - [2026-05-09T11:34:51.142+0000] {dag.py:3096} INFO - Sync 1 DAGs
[2026-05-09T11:34:51.151+0000] {logging_mixin.py:188} INFO - [2026-05-09T11:34:51.151+0000] {dag.py:3954} INFO - Setting next_dagrun for tutorial_taskflow_api_virtualenv to None, run_after=None
[2026-05-09T11:34:51.176+0000] {processor.py:183} INFO - Processing /home/vscode/.local/lib/python3.11/site-packages/airflow/example_dags/tutorial_taskflow_api_virtualenv.py took 0.060 seconds
[2026-05-09T11:35:31.134+0000] {processor.py:161} INFO - Started process (PID=17481) to work on /home/vscode/.local/lib/python3.11/site-packages/airflow/example_dags/tutorial_taskflow_api_virtualenv.py
[2026-05-09T11:35:31.135+0000] {processor.py:830} INFO - Processing file /home/vscode/.local/lib/python3.11/site-packages/airflow/example_dags/tutorial_taskflow_api_virtualenv.py for tasks to queue
[2026-05-09T11:35:31.136+0000] {logging_mixin.py:188} INFO - [2026-05-09T11:35:31.135+0000] {dagbag.py:545} INFO - Filling up the DagBag from /home/vscode/.local/lib/python3.11/site-packages/airflow/example_dags/tutorial_taskflow_api_virtualenv.py
[2026-05-09T11:35:31.151+0000] {processor.py:840} INFO - DAG(s) 'tutorial_taskflow_api_virtualenv' retrieved from /home/vscode/.local/lib/python3.11/site-packages/airflow/example_dags/tutorial_taskflow_api_virtualenv.py
[2026-05-09T11:35:31.196+0000] {logging_mixin.py:188} INFO - [2026-05-09T11:35:31.196+0000] {dag.py:3096} INFO - Sync 1 DAGs
[2026-05-09T11:35:31.217+0000] {logging_mixin.py:188} INFO - [2026-05-09T11:35:31.216+0000] {dag.py:3954} INFO - Setting next_dagrun for tutorial_taskflow_api_virtualenv to None, run_after=None
[2026-05-09T11:35:31.247+0000] {processor.py:183} INFO - Processing /home/vscode/.local/lib/python3.11/site-packages/airflow/example_dags/tutorial_taskflow_api_virtualenv.py took 0.120 seconds
[2026-05-09T11:36:08.841+0000] {processor.py:161} INFO - Started process (PID=17828) to work on /home/vscode/.local/lib/python3.11/site-packages/airflow/example_dags/tutorial_taskflow_api_virtualenv.py
[2026-05-09T11:36:08.842+0000] {processor.py:830} INFO - Processing file /home/vscode/.local/lib/python3.11/site-packages/airflow/example_dags/tutorial_taskflow_api_virtualenv.py for tasks to queue
[2026-05-09T11:36:08.843+0000] {logging_mixin.py:188} INFO - [2026-05-09T11:36:08.842+0000] {dagbag.py:545} INFO - Filling up the DagBag from /home/vscode/.local/lib/python3.11/site-packages/airflow/example_dags/tutorial_taskflow_api_virtualenv.py
[2026-05-09T11:36:08.850+0000] {processor.py:840} INFO - DAG(s) 'tutorial_taskflow_api_virtualenv' retrieved from /home/vscode/.local/lib/python3.11/site-packages/airflow/example_dags/tutorial_taskflow_api_virtualenv.py
[2026-05-09T11:36:08.862+0000] {logging_mixin.py:188} INFO - [2026-05-09T11:36:08.862+0000] {dag.py:3096} INFO - Sync 1 DAGs
[2026-05-09T11:36:08.870+0000] {logging_mixin.py:188} INFO - [2026-05-09T11:36:08.870+0000] {dag.py:3954} INFO - Setting next_dagrun for tutorial_taskflow_api_virtualenv to None, run_after=None
[2026-05-09T11:36:08.889+0000] {processor.py:183} INFO - Processing /home/vscode/.local/lib/python3.11/site-packages/airflow/example_dags/tutorial_taskflow_api_virtualenv.py took 0.054 seconds
[2026-05-09T11:36:50.053+0000] {processor.py:161} INFO - Started process (PID=18193) to work on /home/vscode/.local/lib/python3.11/site-packages/airflow/example_dags/tutorial_taskflow_api_virtualenv.py
[2026-05-09T11:36:50.054+0000] {processor.py:830} INFO - Processing file /home/vscode/.local/lib/python3.11/site-packages/airflow/example_dags/tutorial_taskflow_api_virtualenv.py for tasks to queue
[2026-05-09T11:36:50.055+0000] {logging_mixin.py:188} INFO - [2026-05-09T11:36:50.054+0000] {dagbag.py:545} INFO - Filling up the DagBag from /home/vscode/.local/lib/python3.11/site-packages/airflow/example_dags/tutorial_taskflow_api_virtualenv.py
[2026-05-09T11:36:50.062+0000] {processor.py:840} INFO - DAG(s) 'tutorial_taskflow_api_virtualenv' retrieved from /home/vscode/.local/lib/python3.11/site-packages/airflow/example_dags/tutorial_taskflow_api_virtualenv.py
[2026-05-09T11:36:50.073+0000] {logging_mixin.py:188} INFO - [2026-05-09T11:36:50.073+0000] {dag.py:3096} INFO - Sync 1 DAGs
[2026-05-09T11:36:50.082+0000] {logging_mixin.py:188} INFO - [2026-05-09T11:36:50.082+0000] {dag.py:3954} INFO - Setting next_dagrun for tutorial_taskflow_api_virtualenv to None, run_after=None
[2026-05-09T11:36:50.099+0000] {processor.py:183} INFO - Processing /home/vscode/.local/lib/python3.11/site-packages/airflow/example_dags/tutorial_taskflow_api_virtualenv.py took 0.056 seconds
[2026-05-09T11:37:31.324+0000] {processor.py:161} INFO - Started process (PID=18660) to work on /home/vscode/.local/lib/python3.11/site-packages/airflow/example_dags/tutorial_taskflow_api_virtualenv.py
[2026-05-09T11:37:31.325+0000] {processor.py:830} INFO - Processing file /home/vscode/.local/lib/python3.11/site-packages/airflow/example_dags/tutorial_taskflow_api_virtualenv.py for tasks to queue
[2026-05-09T11:37:31.325+0000] {logging_mixin.py:188} INFO - [2026-05-09T11:37:31.325+0000] {dagbag.py:545} INFO - Filling up the DagBag from /home/vscode/.local/lib/python3.11/site-packages/airflow/example_dags/tutorial_taskflow_api_virtualenv.py
[2026-05-09T11:37:31.333+0000] {processor.py:840} INFO - DAG(s) 'tutorial_taskflow_api_virtualenv' retrieved from /home/vscode/.local/lib/python3.11/site-packages/airflow/example_dags/tutorial_taskflow_api_virtualenv.py
[2026-05-09T11:37:31.344+0000] {logging_mixin.py:188} INFO - [2026-05-09T11:37:31.344+0000] {dag.py:3096} INFO - Sync 1 DAGs
[2026-05-09T11:37:31.353+0000] {logging_mixin.py:188} INFO - [2026-05-09T11:37:31.353+0000] {dag.py:3954} INFO - Setting next_dagrun for tutorial_taskflow_api_virtualenv to None, run_after=None
[2026-05-09T11:37:31.368+0000] {processor.py:183} INFO - Processing /home/vscode/.local/lib/python3.11/site-packages/airflow/example_dags/tutorial_taskflow_api_virtualenv.py took 0.050 seconds
[2026-05-09T11:38:12.329+0000] {processor.py:161} INFO - Started process (PID=19242) to work on /home/vscode/.local/lib/python3.11/site-packages/airflow/example_dags/tutorial_taskflow_api_virtualenv.py
[2026-05-09T11:38:12.330+0000] {processor.py:830} INFO - Processing file /home/vscode/.local/lib/python3.11/site-packages/airflow/example_dags/tutorial_taskflow_api_virtualenv.py for tasks to queue
[2026-05-09T11:38:12.331+0000] {logging_mixin.py:188} INFO - [2026-05-09T11:38:12.330+0000] {dagbag.py:545} INFO - Filling up the DagBag from /home/vscode/.local/lib/python3.11/site-packages/airflow/example_dags/tutorial_taskflow_api_virtualenv.py
[2026-05-09T11:38:12.342+0000] {processor.py:840} INFO - DAG(s) 'tutorial_taskflow_api_virtualenv' retrieved from /home/vscode/.local/lib/python3.11/site-packages/airflow/example_dags/tutorial_taskflow_api_virtualenv.py
[2026-05-09T11:38:12.358+0000] {logging_mixin.py:188} INFO - [2026-05-09T11:38:12.358+0000] {dag.py:3096} INFO - Sync 1 DAGs
[2026-05-09T11:38:12.370+0000] {logging_mixin.py:188} INFO - [2026-05-09T11:38:12.370+0000] {dag.py:3954} INFO - Setting next_dagrun for tutorial_taskflow_api_virtualenv to None, run_after=None
[2026-05-09T11:38:12.394+0000] {processor.py:183} INFO - Processing /home/vscode/.local/lib/python3.11/site-packages/airflow/example_dags/tutorial_taskflow_api_virtualenv.py took 0.074 seconds
[2026-05-09T11:38:53.423+0000] {processor.py:161} INFO - Started process (PID=19657) to work on /home/vscode/.local/lib/python3.11/site-packages/airflow/example_dags/tutorial_taskflow_api_virtualenv.py
[2026-05-09T11:38:53.424+0000] {processor.py:830} INFO - Processing file /home/vscode/.local/lib/python3.11/site-packages/airflow/example_dags/tutorial_taskflow_api_virtualenv.py for tasks to queue
[2026-05-09T11:38:53.425+0000] {logging_mixin.py:188} INFO - [2026-05-09T11:38:53.424+0000] {dagbag.py:545} INFO - Filling up the DagBag from /home/vscode/.local/lib/python3.11/site-packages/airflow/example_dags/tutorial_taskflow_api_virtualenv.py
[2026-05-09T11:38:53.432+0000] {processor.py:840} INFO - DAG(s) 'tutorial_taskflow_api_virtualenv' retrieved from /home/vscode/.local/lib/python3.11/site-packages/airflow/example_dags/tutorial_taskflow_api_virtualenv.py
[2026-05-09T11:38:53.444+0000] {logging_mixin.py:188} INFO - [2026-05-09T11:38:53.443+0000] {dag.py:3096} INFO - Sync 1 DAGs
[2026-05-09T11:38:53.453+0000] {logging_mixin.py:188} INFO - [2026-05-09T11:38:53.453+0000] {dag.py:3954} INFO - Setting next_dagrun for tutorial_taskflow_api_virtualenv to None, run_after=None
[2026-05-09T11:38:53.468+0000] {processor.py:183} INFO - Processing /home/vscode/.local/lib/python3.11/site-packages/airflow/example_dags/tutorial_taskflow_api_virtualenv.py took 0.051 seconds
[2026-05-09T11:39:33.016+0000] {processor.py:161} INFO - Started process (PID=20227) to work on /home/vscode/.local/lib/python3.11/site-packages/airflow/example_dags/tutorial_taskflow_api_virtualenv.py
[2026-05-09T11:39:33.017+0000] {processor.py:830} INFO - Processing file /home/vscode/.local/lib/python3.11/site-packages/airflow/example_dags/tutorial_taskflow_api_virtualenv.py for tasks to queue
[2026-05-09T11:39:33.017+0000] {logging_mixin.py:188} INFO - [2026-05-09T11:39:33.017+0000] {dagbag.py:545} INFO - Filling up the DagBag from /home/vscode/.local/lib/python3.11/site-packages/airflow/example_dags/tutorial_taskflow_api_virtualenv.py
[2026-05-09T11:39:33.025+0000] {processor.py:840} INFO - DAG(s) 'tutorial_taskflow_api_virtualenv' retrieved from /home/vscode/.local/lib/python3.11/site-packages/airflow/example_dags/tutorial_taskflow_api_virtualenv.py
[2026-05-09T11:39:33.036+0000] {logging_mixin.py:188} INFO - [2026-05-09T11:39:33.036+0000] {dag.py:3096} INFO - Sync 1 DAGs
[2026-05-09T11:39:33.045+0000] {logging_mixin.py:188} INFO - [2026-05-09T11:39:33.045+0000] {dag.py:3954} INFO - Setting next_dagrun for tutorial_taskflow_api_virtualenv to None, run_after=None
[2026-05-09T11:39:33.061+0000] {processor.py:183} INFO - Processing /home/vscode/.local/lib/python3.11/site-packages/airflow/example_dags/tutorial_taskflow_api_virtualenv.py took 0.051 seconds
[2026-05-09T11:40:14.961+0000] {processor.py:161} INFO - Started process (PID=20573) to work on /home/vscode/.local/lib/python3.11/site-packages/airflow/example_dags/tutorial_taskflow_api_virtualenv.py
[2026-05-09T11:40:14.961+0000] {processor.py:830} INFO - Processing file /home/vscode/.local/lib/python3.11/site-packages/airflow/example_dags/tutorial_taskflow_api_virtualenv.py for tasks to queue
[2026-05-09T11:40:14.962+0000] {logging_mixin.py:188} INFO - [2026-05-09T11:40:14.962+0000] {dagbag.py:545} INFO - Filling up the DagBag from /home/vscode/.local/lib/python3.11/site-packages/airflow/example_dags/tutorial_taskflow_api_virtualenv.py
[2026-05-09T11:40:14.970+0000] {processor.py:840} INFO - DAG(s) 'tutorial_taskflow_api_virtualenv' retrieved from /home/vscode/.local/lib/python3.11/site-packages/airflow/example_dags/tutorial_taskflow_api_virtualenv.py
[2026-05-09T11:40:14.981+0000] {logging_mixin.py:188} INFO - [2026-05-09T11:40:14.981+0000] {dag.py:3096} INFO - Sync 1 DAGs
[2026-05-09T11:40:14.989+0000] {logging_mixin.py:188} INFO - [2026-05-09T11:40:14.989+0000] {dag.py:3954} INFO - Setting next_dagrun for tutorial_taskflow_api_virtualenv to None, run_after=None
[2026-05-09T11:40:15.005+0000] {processor.py:183} INFO - Processing /home/vscode/.local/lib/python3.11/site-packages/airflow/example_dags/tutorial_taskflow_api_virtualenv.py took 0.051 seconds
[2026-05-09T11:40:56.735+0000] {processor.py:161} INFO - Started process (PID=20916) to work on /home/vscode/.local/lib/python3.11/site-packages/airflow/example_dags/tutorial_taskflow_api_virtualenv.py
[2026-05-09T11:40:56.736+0000] {processor.py:830} INFO - Processing file /home/vscode/.local/lib/python3.11/site-packages/airflow/example_dags/tutorial_taskflow_api_virtualenv.py for tasks to queue
[2026-05-09T11:40:56.736+0000] {logging_mixin.py:188} INFO - [2026-05-09T11:40:56.736+0000] {dagbag.py:545} INFO - Filling up the DagBag from /home/vscode/.local/lib/python3.11/site-packages/airflow/example_dags/tutorial_taskflow_api_virtualenv.py
[2026-05-09T11:40:56.744+0000] {processor.py:840} INFO - DAG(s) 'tutorial_taskflow_api_virtualenv' retrieved from /home/vscode/.local/lib/python3.11/site-packages/airflow/example_dags/tutorial_taskflow_api_virtualenv.py
[2026-05-09T11:40:56.756+0000] {logging_mixin.py:188} INFO - [2026-05-09T11:40:56.756+0000] {dag.py:3096} INFO - Sync 1 DAGs
[2026-05-09T11:40:56.765+0000] {logging_mixin.py:188} INFO - [2026-05-09T11:40:56.765+0000] {dag.py:3954} INFO - Setting next_dagrun for tutorial_taskflow_api_virtualenv to None, run_after=None
[2026-05-09T11:40:56.781+0000] {processor.py:183} INFO - Processing /home/vscode/.local/lib/python3.11/site-packages/airflow/example_dags/tutorial_taskflow_api_virtualenv.py took 0.053 seconds
[2026-05-09T11:41:40.407+0000] {processor.py:161} INFO - Started process (PID=21460) to work on /home/vscode/.local/lib/python3.11/site-packages/airflow/example_dags/tutorial_taskflow_api_virtualenv.py
[2026-05-09T11:41:40.408+0000] {processor.py:830} INFO - Processing file /home/vscode/.local/lib/python3.11/site-packages/airflow/example_dags/tutorial_taskflow_api_virtualenv.py for tasks to queue
[2026-05-09T11:41:40.409+0000] {logging_mixin.py:188} INFO - [2026-05-09T11:41:40.408+0000] {dagbag.py:545} INFO - Filling up the DagBag from /home/vscode/.local/lib/python3.11/site-packages/airflow/example_dags/tutorial_taskflow_api_virtualenv.py
[2026-05-09T11:41:40.417+0000] {processor.py:840} INFO - DAG(s) 'tutorial_taskflow_api_virtualenv' retrieved from /home/vscode/.local/lib/python3.11/site-packages/airflow/example_dags/tutorial_taskflow_api_virtualenv.py
[2026-05-09T11:41:40.428+0000] {logging_mixin.py:188} INFO - [2026-05-09T11:41:40.428+0000] {dag.py:3096} INFO - Sync 1 DAGs
[2026-05-09T11:41:40.438+0000] {logging_mixin.py:188} INFO - [2026-05-09T11:41:40.437+0000] {dag.py:3954} INFO - Setting next_dagrun for tutorial_taskflow_api_virtualenv to None, run_after=None
[2026-05-09T11:41:40.454+0000] {processor.py:183} INFO - Processing /home/vscode/.local/lib/python3.11/site-packages/airflow/example_dags/tutorial_taskflow_api_virtualenv.py took 0.053 seconds
[2026-05-09T11:42:24.833+0000] {processor.py:161} INFO - Started process (PID=21786) to work on /home/vscode/.local/lib/python3.11/site-packages/airflow/example_dags/tutorial_taskflow_api_virtualenv.py
[2026-05-09T11:42:24.834+0000] {processor.py:830} INFO - Processing file /home/vscode/.local/lib/python3.11/site-packages/airflow/example_dags/tutorial_taskflow_api_virtualenv.py for tasks to queue
[2026-05-09T11:42:24.834+0000] {logging_mixin.py:188} INFO - [2026-05-09T11:42:24.834+0000] {dagbag.py:545} INFO - Filling up the DagBag from /home/vscode/.local/lib/python3.11/site-packages/airflow/example_dags/tutorial_taskflow_api_virtualenv.py
[2026-05-09T11:42:24.842+0000] {processor.py:840} INFO - DAG(s) 'tutorial_taskflow_api_virtualenv' retrieved from /home/vscode/.local/lib/python3.11/site-packages/airflow/example_dags/tutorial_taskflow_api_virtualenv.py
[2026-05-09T11:42:24.855+0000] {logging_mixin.py:188} INFO - [2026-05-09T11:42:24.855+0000] {dag.py:3096} INFO - Sync 1 DAGs
[2026-05-09T11:42:24.863+0000] {logging_mixin.py:188} INFO - [2026-05-09T11:42:24.863+0000] {dag.py:3954} INFO - Setting next_dagrun for tutorial_taskflow_api_virtualenv to None, run_after=None
[2026-05-09T11:42:24.881+0000] {processor.py:183} INFO - Processing /home/vscode/.local/lib/python3.11/site-packages/airflow/example_dags/tutorial_taskflow_api_virtualenv.py took 0.055 seconds
[2026-05-09T11:43:09.602+0000] {processor.py:161} INFO - Started process (PID=22169) to work on /home/vscode/.local/lib/python3.11/site-packages/airflow/example_dags/tutorial_taskflow_api_virtualenv.py
[2026-05-09T11:43:09.602+0000] {processor.py:830} INFO - Processing file /home/vscode/.local/lib/python3.11/site-packages/airflow/example_dags/tutorial_taskflow_api_virtualenv.py for tasks to queue
[2026-05-09T11:43:09.603+0000] {logging_mixin.py:188} INFO - [2026-05-09T11:43:09.603+0000] {dagbag.py:545} INFO - Filling up the DagBag from /home/vscode/.local/lib/python3.11/site-packages/airflow/example_dags/tutorial_taskflow_api_virtualenv.py
[2026-05-09T11:43:09.617+0000] {processor.py:840} INFO - DAG(s) 'tutorial_taskflow_api_virtualenv' retrieved from /home/vscode/.local/lib/python3.11/site-packages/airflow/example_dags/tutorial_taskflow_api_virtualenv.py
[2026-05-09T11:43:09.669+0000] {logging_mixin.py:188} INFO - [2026-05-09T11:43:09.669+0000] {dag.py:3096} INFO - Sync 1 DAGs
[2026-05-09T11:43:09.737+0000] {logging_mixin.py:188} INFO - [2026-05-09T11:43:09.737+0000] {dag.py:3954} INFO - Setting next_dagrun for tutorial_taskflow_api_virtualenv to None, run_after=None
[2026-05-09T11:43:09.794+0000] {processor.py:183} INFO - Processing /home/vscode/.local/lib/python3.11/site-packages/airflow/example_dags/tutorial_taskflow_api_virtualenv.py took 0.200 seconds
[2026-05-09T11:43:53.732+0000] {processor.py:161} INFO - Started process (PID=22618) to work on /home/vscode/.local/lib/python3.11/site-packages/airflow/example_dags/tutorial_taskflow_api_virtualenv.py
[2026-05-09T11:43:53.733+0000] {processor.py:830} INFO - Processing file /home/vscode/.local/lib/python3.11/site-packages/airflow/example_dags/tutorial_taskflow_api_virtualenv.py for tasks to queue
[2026-05-09T11:43:53.734+0000] {logging_mixin.py:188} INFO - [2026-05-09T11:43:53.733+0000] {dagbag.py:545} INFO - Filling up the DagBag from /home/vscode/.local/lib/python3.11/site-packages/airflow/example_dags/tutorial_taskflow_api_virtualenv.py
[2026-05-09T11:43:53.741+0000] {processor.py:840} INFO - DAG(s) 'tutorial_taskflow_api_virtualenv' retrieved from /home/vscode/.local/lib/python3.11/site-packages/airflow/example_dags/tutorial_taskflow_api_virtualenv.py
[2026-05-09T11:43:53.752+0000] {logging_mixin.py:188} INFO - [2026-05-09T11:43:53.752+0000] {dag.py:3096} INFO - Sync 1 DAGs
[2026-05-09T11:43:53.761+0000] {logging_mixin.py:188} INFO - [2026-05-09T11:43:53.761+0000] {dag.py:3954} INFO - Setting next_dagrun for tutorial_taskflow_api_virtualenv to None, run_after=None
[2026-05-09T11:43:53.777+0000] {processor.py:183} INFO - Processing /home/vscode/.local/lib/python3.11/site-packages/airflow/example_dags/tutorial_taskflow_api_virtualenv.py took 0.050 seconds
[2026-05-09T11:44:33.531+0000] {processor.py:161} INFO - Started process (PID=22939) to work on /home/vscode/.local/lib/python3.11/site-packages/airflow/example_dags/tutorial_taskflow_api_virtualenv.py
[2026-05-09T11:44:33.532+0000] {processor.py:830} INFO - Processing file /home/vscode/.local/lib/python3.11/site-packages/airflow/example_dags/tutorial_taskflow_api_virtualenv.py for tasks to queue
[2026-05-09T11:44:33.532+0000] {logging_mixin.py:188} INFO - [2026-05-09T11:44:33.532+0000] {dagbag.py:545} INFO - Filling up the DagBag from /home/vscode/.local/lib/python3.11/site-packages/airflow/example_dags/tutorial_taskflow_api_virtualenv.py
[2026-05-09T11:44:33.540+0000] {processor.py:840} INFO - DAG(s) 'tutorial_taskflow_api_virtualenv' retrieved from /home/vscode/.local/lib/python3.11/site-packages/airflow/example_dags/tutorial_taskflow_api_virtualenv.py
[2026-05-09T11:44:33.551+0000] {logging_mixin.py:188} INFO - [2026-05-09T11:44:33.551+0000] {dag.py:3096} INFO - Sync 1 DAGs
[2026-05-09T11:44:33.560+0000] {logging_mixin.py:188} INFO - [2026-05-09T11:44:33.560+0000] {dag.py:3954} INFO - Setting next_dagrun for tutorial_taskflow_api_virtualenv to None, run_after=None
[2026-05-09T11:44:33.578+0000] {processor.py:183} INFO - Processing /home/vscode/.local/lib/python3.11/site-packages/airflow/example_dags/tutorial_taskflow_api_virtualenv.py took 0.053 seconds
[2026-05-09T11:45:16.762+0000] {processor.py:161} INFO - Started process (PID=23296) to work on /home/vscode/.local/lib/python3.11/site-packages/airflow/example_dags/tutorial_taskflow_api_virtualenv.py
[2026-05-09T11:45:16.763+0000] {processor.py:830} INFO - Processing file /home/vscode/.local/lib/python3.11/site-packages/airflow/example_dags/tutorial_taskflow_api_virtualenv.py for tasks to queue
[2026-05-09T11:45:16.764+0000] {logging_mixin.py:188} INFO - [2026-05-09T11:45:16.763+0000] {dagbag.py:545} INFO - Filling up the DagBag from /home/vscode/.local/lib/python3.11/site-packages/airflow/example_dags/tutorial_taskflow_api_virtualenv.py
[2026-05-09T11:45:16.776+0000] {processor.py:840} INFO - DAG(s) 'tutorial_taskflow_api_virtualenv' retrieved from /home/vscode/.local/lib/python3.11/site-packages/airflow/example_dags/tutorial_taskflow_api_virtualenv.py
[2026-05-09T11:45:16.787+0000] {logging_mixin.py:188} INFO - [2026-05-09T11:45:16.787+0000] {dag.py:3096} INFO - Sync 1 DAGs
[2026-05-09T11:45:16.796+0000] {logging_mixin.py:188} INFO - [2026-05-09T11:45:16.795+0000] {dag.py:3954} INFO - Setting next_dagrun for tutorial_taskflow_api_virtualenv to None, run_after=None
[2026-05-09T11:45:16.811+0000] {processor.py:183} INFO - Processing /home/vscode/.local/lib/python3.11/site-packages/airflow/example_dags/tutorial_taskflow_api_virtualenv.py took 0.055 seconds
[2026-05-09T11:46:01.038+0000] {processor.py:161} INFO - Started process (PID=23683) to work on /home/vscode/.local/lib/python3.11/site-packages/airflow/example_dags/tutorial_taskflow_api_virtualenv.py
[2026-05-09T11:46:01.038+0000] {processor.py:830} INFO - Processing file /home/vscode/.local/lib/python3.11/site-packages/airflow/example_dags/tutorial_taskflow_api_virtualenv.py for tasks to queue
[2026-05-09T11:46:01.039+0000] {logging_mixin.py:188} INFO - [2026-05-09T11:46:01.039+0000] {dagbag.py:545} INFO - Filling up the DagBag from /home/vscode/.local/lib/python3.11/site-packages/airflow/example_dags/tutorial_taskflow_api_virtualenv.py
[2026-05-09T11:46:01.047+0000] {processor.py:840} INFO - DAG(s) 'tutorial_taskflow_api_virtualenv' retrieved from /home/vscode/.local/lib/python3.11/site-packages/airflow/example_dags/tutorial_taskflow_api_virtualenv.py
[2026-05-09T11:46:01.059+0000] {logging_mixin.py:188} INFO - [2026-05-09T11:46:01.058+0000] {dag.py:3096} INFO - Sync 1 DAGs
[2026-05-09T11:46:01.067+0000] {logging_mixin.py:188} INFO - [2026-05-09T11:46:01.067+0000] {dag.py:3954} INFO - Setting next_dagrun for tutorial_taskflow_api_virtualenv to None, run_after=None
[2026-05-09T11:46:01.084+0000] {processor.py:183} INFO - Processing /home/vscode/.local/lib/python3.11/site-packages/airflow/example_dags/tutorial_taskflow_api_virtualenv.py took 0.053 seconds
[2026-05-09T11:46:44.502+0000] {processor.py:161} INFO - Started process (PID=24065) to work on /home/vscode/.local/lib/python3.11/site-packages/airflow/example_dags/tutorial_taskflow_api_virtualenv.py
[2026-05-09T11:46:44.503+0000] {processor.py:830} INFO - Processing file /home/vscode/.local/lib/python3.11/site-packages/airflow/example_dags/tutorial_taskflow_api_virtualenv.py for tasks to queue
[2026-05-09T11:46:44.504+0000] {logging_mixin.py:188} INFO - [2026-05-09T11:46:44.503+0000] {dagbag.py:545} INFO - Filling up the DagBag from /home/vscode/.local/lib/python3.11/site-packages/airflow/example_dags/tutorial_taskflow_api_virtualenv.py
[2026-05-09T11:46:44.511+0000] {processor.py:840} INFO - DAG(s) 'tutorial_taskflow_api_virtualenv' retrieved from /home/vscode/.local/lib/python3.11/site-packages/airflow/example_dags/tutorial_taskflow_api_virtualenv.py
[2026-05-09T11:46:44.523+0000] {logging_mixin.py:188} INFO - [2026-05-09T11:46:44.523+0000] {dag.py:3096} INFO - Sync 1 DAGs
[2026-05-09T11:46:44.531+0000] {logging_mixin.py:188} INFO - [2026-05-09T11:46:44.531+0000] {dag.py:3954} INFO - Setting next_dagrun for tutorial_taskflow_api_virtualenv to None, run_after=None
[2026-05-09T11:46:44.547+0000] {processor.py:183} INFO - Processing /home/vscode/.local/lib/python3.11/site-packages/airflow/example_dags/tutorial_taskflow_api_virtualenv.py took 0.051 seconds
[2026-05-09T11:47:29.555+0000] {processor.py:161} INFO - Started process (PID=24541) to work on /home/vscode/.local/lib/python3.11/site-packages/airflow/example_dags/tutorial_taskflow_api_virtualenv.py
[2026-05-09T11:47:29.556+0000] {processor.py:830} INFO - Processing file /home/vscode/.local/lib/python3.11/site-packages/airflow/example_dags/tutorial_taskflow_api_virtualenv.py for tasks to queue
[2026-05-09T11:47:29.557+0000] {logging_mixin.py:188} INFO - [2026-05-09T11:47:29.556+0000] {dagbag.py:545} INFO - Filling up the DagBag from /home/vscode/.local/lib/python3.11/site-packages/airflow/example_dags/tutorial_taskflow_api_virtualenv.py
[2026-05-09T11:47:29.564+0000] {processor.py:840} INFO - DAG(s) 'tutorial_taskflow_api_virtualenv' retrieved from /home/vscode/.local/lib/python3.11/site-packages/airflow/example_dags/tutorial_taskflow_api_virtualenv.py
[2026-05-09T11:47:29.576+0000] {logging_mixin.py:188} INFO - [2026-05-09T11:47:29.576+0000] {dag.py:3096} INFO - Sync 1 DAGs
[2026-05-09T11:47:29.585+0000] {logging_mixin.py:188} INFO - [2026-05-09T11:47:29.585+0000] {dag.py:3954} INFO - Setting next_dagrun for tutorial_taskflow_api_virtualenv to None, run_after=None
[2026-05-09T11:47:29.601+0000] {processor.py:183} INFO - Processing /home/vscode/.local/lib/python3.11/site-packages/airflow/example_dags/tutorial_taskflow_api_virtualenv.py took 0.053 seconds
[2026-05-09T11:48:14.085+0000] {processor.py:161} INFO - Started process (PID=24904) to work on /home/vscode/.local/lib/python3.11/site-packages/airflow/example_dags/tutorial_taskflow_api_virtualenv.py
[2026-05-09T11:48:14.086+0000] {processor.py:830} INFO - Processing file /home/vscode/.local/lib/python3.11/site-packages/airflow/example_dags/tutorial_taskflow_api_virtualenv.py for tasks to queue
[2026-05-09T11:48:14.086+0000] {logging_mixin.py:188} INFO - [2026-05-09T11:48:14.086+0000] {dagbag.py:545} INFO - Filling up the DagBag from /home/vscode/.local/lib/python3.11/site-packages/airflow/example_dags/tutorial_taskflow_api_virtualenv.py
[2026-05-09T11:48:14.094+0000] {processor.py:840} INFO - DAG(s) 'tutorial_taskflow_api_virtualenv' retrieved from /home/vscode/.local/lib/python3.11/site-packages/airflow/example_dags/tutorial_taskflow_api_virtualenv.py
[2026-05-09T11:48:14.106+0000] {logging_mixin.py:188} INFO - [2026-05-09T11:48:14.105+0000] {dag.py:3096} INFO - Sync 1 DAGs
[2026-05-09T11:48:14.114+0000] {logging_mixin.py:188} INFO - [2026-05-09T11:48:14.114+0000] {dag.py:3954} INFO - Setting next_dagrun for tutorial_taskflow_api_virtualenv to None, run_after=None
[2026-05-09T11:48:14.129+0000] {processor.py:183} INFO - Processing /home/vscode/.local/lib/python3.11/site-packages/airflow/example_dags/tutorial_taskflow_api_virtualenv.py took 0.051 seconds
[2026-05-09T11:48:56.641+0000] {processor.py:161} INFO - Started process (PID=25345) to work on /home/vscode/.local/lib/python3.11/site-packages/airflow/example_dags/tutorial_taskflow_api_virtualenv.py
[2026-05-09T11:48:56.642+0000] {processor.py:830} INFO - Processing file /home/vscode/.local/lib/python3.11/site-packages/airflow/example_dags/tutorial_taskflow_api_virtualenv.py for tasks to queue
[2026-05-09T11:48:56.643+0000] {logging_mixin.py:188} INFO - [2026-05-09T11:48:56.642+0000] {dagbag.py:545} INFO - Filling up the DagBag from /home/vscode/.local/lib/python3.11/site-packages/airflow/example_dags/tutorial_taskflow_api_virtualenv.py
[2026-05-09T11:48:56.650+0000] {processor.py:840} INFO - DAG(s) 'tutorial_taskflow_api_virtualenv' retrieved from /home/vscode/.local/lib/python3.11/site-packages/airflow/example_dags/tutorial_taskflow_api_virtualenv.py
[2026-05-09T11:48:56.664+0000] {logging_mixin.py:188} INFO - [2026-05-09T11:48:56.664+0000] {dag.py:3096} INFO - Sync 1 DAGs
[2026-05-09T11:48:56.676+0000] {logging_mixin.py:188} INFO - [2026-05-09T11:48:56.676+0000] {dag.py:3954} INFO - Setting next_dagrun for tutorial_taskflow_api_virtualenv to None, run_after=None
[2026-05-09T11:48:56.700+0000] {processor.py:183} INFO - Processing /home/vscode/.local/lib/python3.11/site-packages/airflow/example_dags/tutorial_taskflow_api_virtualenv.py took 0.065 seconds
[2026-05-09T11:49:35.357+0000] {processor.py:161} INFO - Started process (PID=25689) to work on /home/vscode/.local/lib/python3.11/site-packages/airflow/example_dags/tutorial_taskflow_api_virtualenv.py
[2026-05-09T11:49:35.358+0000] {processor.py:830} INFO - Processing file /home/vscode/.local/lib/python3.11/site-packages/airflow/example_dags/tutorial_taskflow_api_virtualenv.py for tasks to queue
[2026-05-09T11:49:35.358+0000] {logging_mixin.py:188} INFO - [2026-05-09T11:49:35.358+0000] {dagbag.py:545} INFO - Filling up the DagBag from /home/vscode/.local/lib/python3.11/site-packages/airflow/example_dags/tutorial_taskflow_api_virtualenv.py
[2026-05-09T11:49:35.366+0000] {processor.py:840} INFO - DAG(s) 'tutorial_taskflow_api_virtualenv' retrieved from /home/vscode/.local/lib/python3.11/site-packages/airflow/example_dags/tutorial_taskflow_api_virtualenv.py
[2026-05-09T11:49:35.378+0000] {logging_mixin.py:188} INFO - [2026-05-09T11:49:35.378+0000] {dag.py:3096} INFO - Sync 1 DAGs
[2026-05-09T11:49:35.387+0000] {logging_mixin.py:188} INFO - [2026-05-09T11:49:35.386+0000] {dag.py:3954} INFO - Setting next_dagrun for tutorial_taskflow_api_virtualenv to None, run_after=None
[2026-05-09T11:49:35.406+0000] {processor.py:183} INFO - Processing /home/vscode/.local/lib/python3.11/site-packages/airflow/example_dags/tutorial_taskflow_api_virtualenv.py took 0.057 seconds
[2026-05-09T11:50:19.501+0000] {processor.py:161} INFO - Started process (PID=26136) to work on /home/vscode/.local/lib/python3.11/site-packages/airflow/example_dags/tutorial_taskflow_api_virtualenv.py
[2026-05-09T11:50:19.501+0000] {processor.py:830} INFO - Processing file /home/vscode/.local/lib/python3.11/site-packages/airflow/example_dags/tutorial_taskflow_api_virtualenv.py for tasks to queue
[2026-05-09T11:50:19.502+0000] {logging_mixin.py:188} INFO - [2026-05-09T11:50:19.502+0000] {dagbag.py:545} INFO - Filling up the DagBag from /home/vscode/.local/lib/python3.11/site-packages/airflow/example_dags/tutorial_taskflow_api_virtualenv.py
[2026-05-09T11:50:19.510+0000] {processor.py:840} INFO - DAG(s) 'tutorial_taskflow_api_virtualenv' retrieved from /home/vscode/.local/lib/python3.11/site-packages/airflow/example_dags/tutorial_taskflow_api_virtualenv.py
[2026-05-09T11:50:19.522+0000] {logging_mixin.py:188} INFO - [2026-05-09T11:50:19.522+0000] {dag.py:3096} INFO - Sync 1 DAGs
[2026-05-09T11:50:19.530+0000] {logging_mixin.py:188} INFO - [2026-05-09T11:50:19.530+0000] {dag.py:3954} INFO - Setting next_dagrun for tutorial_taskflow_api_virtualenv to None, run_after=None
[2026-05-09T11:50:19.546+0000] {processor.py:183} INFO - Processing /home/vscode/.local/lib/python3.11/site-packages/airflow/example_dags/tutorial_taskflow_api_virtualenv.py took 0.051 seconds
[2026-05-09T11:51:01.816+0000] {processor.py:161} INFO - Started process (PID=26691) to work on /home/vscode/.local/lib/python3.11/site-packages/airflow/example_dags/tutorial_taskflow_api_virtualenv.py
[2026-05-09T11:51:01.817+0000] {processor.py:830} INFO - Processing file /home/vscode/.local/lib/python3.11/site-packages/airflow/example_dags/tutorial_taskflow_api_virtualenv.py for tasks to queue
[2026-05-09T11:51:01.817+0000] {logging_mixin.py:188} INFO - [2026-05-09T11:51:01.817+0000] {dagbag.py:545} INFO - Filling up the DagBag from /home/vscode/.local/lib/python3.11/site-packages/airflow/example_dags/tutorial_taskflow_api_virtualenv.py
[2026-05-09T11:51:01.832+0000] {processor.py:840} INFO - DAG(s) 'tutorial_taskflow_api_virtualenv' retrieved from /home/vscode/.local/lib/python3.11/site-packages/airflow/example_dags/tutorial_taskflow_api_virtualenv.py
[2026-05-09T11:51:01.846+0000] {logging_mixin.py:188} INFO - [2026-05-09T11:51:01.846+0000] {dag.py:3096} INFO - Sync 1 DAGs
[2026-05-09T11:51:01.859+0000] {logging_mixin.py:188} INFO - [2026-05-09T11:51:01.859+0000] {dag.py:3954} INFO - Setting next_dagrun for tutorial_taskflow_api_virtualenv to None, run_after=None
[2026-05-09T11:51:01.875+0000] {processor.py:183} INFO - Processing /home/vscode/.local/lib/python3.11/site-packages/airflow/example_dags/tutorial_taskflow_api_virtualenv.py took 0.097 seconds
[2026-05-09T11:51:45.028+0000] {processor.py:161} INFO - Started process (PID=27133) to work on /home/vscode/.local/lib/python3.11/site-packages/airflow/example_dags/tutorial_taskflow_api_virtualenv.py
[2026-05-09T11:51:45.029+0000] {processor.py:830} INFO - Processing file /home/vscode/.local/lib/python3.11/site-packages/airflow/example_dags/tutorial_taskflow_api_virtualenv.py for tasks to queue
[2026-05-09T11:51:45.029+0000] {logging_mixin.py:188} INFO - [2026-05-09T11:51:45.029+0000] {dagbag.py:545} INFO - Filling up the DagBag from /home/vscode/.local/lib/python3.11/site-packages/airflow/example_dags/tutorial_taskflow_api_virtualenv.py
[2026-05-09T11:51:45.037+0000] {processor.py:840} INFO - DAG(s) 'tutorial_taskflow_api_virtualenv' retrieved from /home/vscode/.local/lib/python3.11/site-packages/airflow/example_dags/tutorial_taskflow_api_virtualenv.py
[2026-05-09T11:51:45.048+0000] {logging_mixin.py:188} INFO - [2026-05-09T11:51:45.048+0000] {dag.py:3096} INFO - Sync 1 DAGs
[2026-05-09T11:51:45.057+0000] {logging_mixin.py:188} INFO - [2026-05-09T11:51:45.057+0000] {dag.py:3954} INFO - Setting next_dagrun for tutorial_taskflow_api_virtualenv to None, run_after=None
[2026-05-09T11:51:45.073+0000] {processor.py:183} INFO - Processing /home/vscode/.local/lib/python3.11/site-packages/airflow/example_dags/tutorial_taskflow_api_virtualenv.py took 0.051 seconds
[2026-05-09T11:52:26.274+0000] {processor.py:161} INFO - Started process (PID=27467) to work on /home/vscode/.local/lib/python3.11/site-packages/airflow/example_dags/tutorial_taskflow_api_virtualenv.py
[2026-05-09T11:52:26.275+0000] {processor.py:830} INFO - Processing file /home/vscode/.local/lib/python3.11/site-packages/airflow/example_dags/tutorial_taskflow_api_virtualenv.py for tasks to queue
[2026-05-09T11:52:26.276+0000] {logging_mixin.py:188} INFO - [2026-05-09T11:52:26.275+0000] {dagbag.py:545} INFO - Filling up the DagBag from /home/vscode/.local/lib/python3.11/site-packages/airflow/example_dags/tutorial_taskflow_api_virtualenv.py
[2026-05-09T11:52:26.284+0000] {processor.py:840} INFO - DAG(s) 'tutorial_taskflow_api_virtualenv' retrieved from /home/vscode/.local/lib/python3.11/site-packages/airflow/example_dags/tutorial_taskflow_api_virtualenv.py
[2026-05-09T11:52:26.296+0000] {logging_mixin.py:188} INFO - [2026-05-09T11:52:26.296+0000] {dag.py:3096} INFO - Sync 1 DAGs
[2026-05-09T11:52:26.304+0000] {logging_mixin.py:188} INFO - [2026-05-09T11:52:26.304+0000] {dag.py:3954} INFO - Setting next_dagrun for tutorial_taskflow_api_virtualenv to None, run_after=None
[2026-05-09T11:52:26.320+0000] {processor.py:183} INFO - Processing /home/vscode/.local/lib/python3.11/site-packages/airflow/example_dags/tutorial_taskflow_api_virtualenv.py took 0.052 seconds
[2026-05-09T11:53:04.669+0000] {processor.py:161} INFO - Started process (PID=27809) to work on /home/vscode/.local/lib/python3.11/site-packages/airflow/example_dags/tutorial_taskflow_api_virtualenv.py
[2026-05-09T11:53:04.670+0000] {processor.py:830} INFO - Processing file /home/vscode/.local/lib/python3.11/site-packages/airflow/example_dags/tutorial_taskflow_api_virtualenv.py for tasks to queue
[2026-05-09T11:53:04.670+0000] {logging_mixin.py:188} INFO - [2026-05-09T11:53:04.670+0000] {dagbag.py:545} INFO - Filling up the DagBag from /home/vscode/.local/lib/python3.11/site-packages/airflow/example_dags/tutorial_taskflow_api_virtualenv.py
[2026-05-09T11:53:04.678+0000] {processor.py:840} INFO - DAG(s) 'tutorial_taskflow_api_virtualenv' retrieved from /home/vscode/.local/lib/python3.11/site-packages/airflow/example_dags/tutorial_taskflow_api_virtualenv.py
[2026-05-09T11:53:04.689+0000] {logging_mixin.py:188} INFO - [2026-05-09T11:53:04.689+0000] {dag.py:3096} INFO - Sync 1 DAGs
[2026-05-09T11:53:04.697+0000] {logging_mixin.py:188} INFO - [2026-05-09T11:53:04.697+0000] {dag.py:3954} INFO - Setting next_dagrun for tutorial_taskflow_api_virtualenv to None, run_after=None
[2026-05-09T11:53:04.712+0000] {processor.py:183} INFO - Processing /home/vscode/.local/lib/python3.11/site-packages/airflow/example_dags/tutorial_taskflow_api_virtualenv.py took 0.049 seconds
[2026-05-09T11:53:46.323+0000] {processor.py:161} INFO - Started process (PID=28227) to work on /home/vscode/.local/lib/python3.11/site-packages/airflow/example_dags/tutorial_taskflow_api_virtualenv.py
[2026-05-09T11:53:46.324+0000] {processor.py:830} INFO - Processing file /home/vscode/.local/lib/python3.11/site-packages/airflow/example_dags/tutorial_taskflow_api_virtualenv.py for tasks to queue
[2026-05-09T11:53:46.324+0000] {logging_mixin.py:188} INFO - [2026-05-09T11:53:46.324+0000] {dagbag.py:545} INFO - Filling up the DagBag from /home/vscode/.local/lib/python3.11/site-packages/airflow/example_dags/tutorial_taskflow_api_virtualenv.py
[2026-05-09T11:53:46.332+0000] {processor.py:840} INFO - DAG(s) 'tutorial_taskflow_api_virtualenv' retrieved from /home/vscode/.local/lib/python3.11/site-packages/airflow/example_dags/tutorial_taskflow_api_virtualenv.py
[2026-05-09T11:53:46.343+0000] {logging_mixin.py:188} INFO - [2026-05-09T11:53:46.343+0000] {dag.py:3096} INFO - Sync 1 DAGs
[2026-05-09T11:53:46.352+0000] {logging_mixin.py:188} INFO - [2026-05-09T11:53:46.352+0000] {dag.py:3954} INFO - Setting next_dagrun for tutorial_taskflow_api_virtualenv to None, run_after=None
[2026-05-09T11:53:46.367+0000] {processor.py:183} INFO - Processing /home/vscode/.local/lib/python3.11/site-packages/airflow/example_dags/tutorial_taskflow_api_virtualenv.py took 0.050 seconds
[2026-05-09T11:54:25.975+0000] {processor.py:161} INFO - Started process (PID=28513) to work on /home/vscode/.local/lib/python3.11/site-packages/airflow/example_dags/tutorial_taskflow_api_virtualenv.py
[2026-05-09T11:54:25.976+0000] {processor.py:830} INFO - Processing file /home/vscode/.local/lib/python3.11/site-packages/airflow/example_dags/tutorial_taskflow_api_virtualenv.py for tasks to queue
[2026-05-09T11:54:25.976+0000] {logging_mixin.py:188} INFO - [2026-05-09T11:54:25.976+0000] {dagbag.py:545} INFO - Filling up the DagBag from /home/vscode/.local/lib/python3.11/site-packages/airflow/example_dags/tutorial_taskflow_api_virtualenv.py
[2026-05-09T11:54:25.984+0000] {processor.py:840} INFO - DAG(s) 'tutorial_taskflow_api_virtualenv' retrieved from /home/vscode/.local/lib/python3.11/site-packages/airflow/example_dags/tutorial_taskflow_api_virtualenv.py
[2026-05-09T11:54:25.995+0000] {logging_mixin.py:188} INFO - [2026-05-09T11:54:25.995+0000] {dag.py:3096} INFO - Sync 1 DAGs
[2026-05-09T11:54:26.004+0000] {logging_mixin.py:188} INFO - [2026-05-09T11:54:26.004+0000] {dag.py:3954} INFO - Setting next_dagrun for tutorial_taskflow_api_virtualenv to None, run_after=None
[2026-05-09T11:54:26.021+0000] {processor.py:183} INFO - Processing /home/vscode/.local/lib/python3.11/site-packages/airflow/example_dags/tutorial_taskflow_api_virtualenv.py took 0.052 seconds
[2026-05-09T11:55:07.697+0000] {processor.py:161} INFO - Started process (PID=28864) to work on /home/vscode/.local/lib/python3.11/site-packages/airflow/example_dags/tutorial_taskflow_api_virtualenv.py
[2026-05-09T11:55:07.698+0000] {processor.py:830} INFO - Processing file /home/vscode/.local/lib/python3.11/site-packages/airflow/example_dags/tutorial_taskflow_api_virtualenv.py for tasks to queue
[2026-05-09T11:55:07.698+0000] {logging_mixin.py:188} INFO - [2026-05-09T11:55:07.698+0000] {dagbag.py:545} INFO - Filling up the DagBag from /home/vscode/.local/lib/python3.11/site-packages/airflow/example_dags/tutorial_taskflow_api_virtualenv.py
[2026-05-09T11:55:07.706+0000] {processor.py:840} INFO - DAG(s) 'tutorial_taskflow_api_virtualenv' retrieved from /home/vscode/.local/lib/python3.11/site-packages/airflow/example_dags/tutorial_taskflow_api_virtualenv.py
[2026-05-09T11:55:07.717+0000] {logging_mixin.py:188} INFO - [2026-05-09T11:55:07.717+0000] {dag.py:3096} INFO - Sync 1 DAGs
[2026-05-09T11:55:07.726+0000] {logging_mixin.py:188} INFO - [2026-05-09T11:55:07.726+0000] {dag.py:3954} INFO - Setting next_dagrun for tutorial_taskflow_api_virtualenv to None, run_after=None
[2026-05-09T11:55:07.741+0000] {processor.py:183} INFO - Processing /home/vscode/.local/lib/python3.11/site-packages/airflow/example_dags/tutorial_taskflow_api_virtualenv.py took 0.050 seconds
[2026-05-09T11:55:48.857+0000] {processor.py:161} INFO - Started process (PID=29226) to work on /home/vscode/.local/lib/python3.11/site-packages/airflow/example_dags/tutorial_taskflow_api_virtualenv.py
[2026-05-09T11:55:48.858+0000] {processor.py:830} INFO - Processing file /home/vscode/.local/lib/python3.11/site-packages/airflow/example_dags/tutorial_taskflow_api_virtualenv.py for tasks to queue
[2026-05-09T11:55:48.859+0000] {logging_mixin.py:188} INFO - [2026-05-09T11:55:48.858+0000] {dagbag.py:545} INFO - Filling up the DagBag from /home/vscode/.local/lib/python3.11/site-packages/airflow/example_dags/tutorial_taskflow_api_virtualenv.py
[2026-05-09T11:55:48.866+0000] {processor.py:840} INFO - DAG(s) 'tutorial_taskflow_api_virtualenv' retrieved from /home/vscode/.local/lib/python3.11/site-packages/airflow/example_dags/tutorial_taskflow_api_virtualenv.py
[2026-05-09T11:55:48.878+0000] {logging_mixin.py:188} INFO - [2026-05-09T11:55:48.878+0000] {dag.py:3096} INFO - Sync 1 DAGs
[2026-05-09T11:55:48.886+0000] {logging_mixin.py:188} INFO - [2026-05-09T11:55:48.886+0000] {dag.py:3954} INFO - Setting next_dagrun for tutorial_taskflow_api_virtualenv to None, run_after=None
[2026-05-09T11:55:48.902+0000] {processor.py:183} INFO - Processing /home/vscode/.local/lib/python3.11/site-packages/airflow/example_dags/tutorial_taskflow_api_virtualenv.py took 0.051 seconds
[2026-05-09T11:56:31.182+0000] {processor.py:161} INFO - Started process (PID=29522) to work on /home/vscode/.local/lib/python3.11/site-packages/airflow/example_dags/tutorial_taskflow_api_virtualenv.py
[2026-05-09T11:56:31.183+0000] {processor.py:830} INFO - Processing file /home/vscode/.local/lib/python3.11/site-packages/airflow/example_dags/tutorial_taskflow_api_virtualenv.py for tasks to queue
[2026-05-09T11:56:31.183+0000] {logging_mixin.py:188} INFO - [2026-05-09T11:56:31.183+0000] {dagbag.py:545} INFO - Filling up the DagBag from /home/vscode/.local/lib/python3.11/site-packages/airflow/example_dags/tutorial_taskflow_api_virtualenv.py
[2026-05-09T11:56:31.191+0000] {processor.py:840} INFO - DAG(s) 'tutorial_taskflow_api_virtualenv' retrieved from /home/vscode/.local/lib/python3.11/site-packages/airflow/example_dags/tutorial_taskflow_api_virtualenv.py
[2026-05-09T11:56:31.203+0000] {logging_mixin.py:188} INFO - [2026-05-09T11:56:31.203+0000] {dag.py:3096} INFO - Sync 1 DAGs
[2026-05-09T11:56:31.212+0000] {logging_mixin.py:188} INFO - [2026-05-09T11:56:31.212+0000] {dag.py:3954} INFO - Setting next_dagrun for tutorial_taskflow_api_virtualenv to None, run_after=None
[2026-05-09T11:56:31.227+0000] {processor.py:183} INFO - Processing /home/vscode/.local/lib/python3.11/site-packages/airflow/example_dags/tutorial_taskflow_api_virtualenv.py took 0.052 seconds
[2026-05-09T11:57:10.232+0000] {processor.py:161} INFO - Started process (PID=29862) to work on /home/vscode/.local/lib/python3.11/site-packages/airflow/example_dags/tutorial_taskflow_api_virtualenv.py
[2026-05-09T11:57:10.233+0000] {processor.py:830} INFO - Processing file /home/vscode/.local/lib/python3.11/site-packages/airflow/example_dags/tutorial_taskflow_api_virtualenv.py for tasks to queue
[2026-05-09T11:57:10.233+0000] {logging_mixin.py:188} INFO - [2026-05-09T11:57:10.233+0000] {dagbag.py:545} INFO - Filling up the DagBag from /home/vscode/.local/lib/python3.11/site-packages/airflow/example_dags/tutorial_taskflow_api_virtualenv.py
[2026-05-09T11:57:10.241+0000] {processor.py:840} INFO - DAG(s) 'tutorial_taskflow_api_virtualenv' retrieved from /home/vscode/.local/lib/python3.11/site-packages/airflow/example_dags/tutorial_taskflow_api_virtualenv.py
[2026-05-09T11:57:10.252+0000] {logging_mixin.py:188} INFO - [2026-05-09T11:57:10.252+0000] {dag.py:3096} INFO - Sync 1 DAGs
[2026-05-09T11:57:10.261+0000] {logging_mixin.py:188} INFO - [2026-05-09T11:57:10.261+0000] {dag.py:3954} INFO - Setting next_dagrun for tutorial_taskflow_api_virtualenv to None, run_after=None
[2026-05-09T11:57:10.276+0000] {processor.py:183} INFO - Processing /home/vscode/.local/lib/python3.11/site-packages/airflow/example_dags/tutorial_taskflow_api_virtualenv.py took 0.050 seconds
[2026-05-09T11:57:53.482+0000] {processor.py:161} INFO - Started process (PID=30221) to work on /home/vscode/.local/lib/python3.11/site-packages/airflow/example_dags/tutorial_taskflow_api_virtualenv.py
[2026-05-09T11:57:53.483+0000] {processor.py:830} INFO - Processing file /home/vscode/.local/lib/python3.11/site-packages/airflow/example_dags/tutorial_taskflow_api_virtualenv.py for tasks to queue
[2026-05-09T11:57:53.483+0000] {logging_mixin.py:188} INFO - [2026-05-09T11:57:53.483+0000] {dagbag.py:545} INFO - Filling up the DagBag from /home/vscode/.local/lib/python3.11/site-packages/airflow/example_dags/tutorial_taskflow_api_virtualenv.py
[2026-05-09T11:57:53.493+0000] {processor.py:840} INFO - DAG(s) 'tutorial_taskflow_api_virtualenv' retrieved from /home/vscode/.local/lib/python3.11/site-packages/airflow/example_dags/tutorial_taskflow_api_virtualenv.py
[2026-05-09T11:57:53.505+0000] {logging_mixin.py:188} INFO - [2026-05-09T11:57:53.505+0000] {dag.py:3096} INFO - Sync 1 DAGs
[2026-05-09T11:57:53.513+0000] {logging_mixin.py:188} INFO - [2026-05-09T11:57:53.513+0000] {dag.py:3954} INFO - Setting next_dagrun for tutorial_taskflow_api_virtualenv to None, run_after=None
[2026-05-09T11:57:53.529+0000] {processor.py:183} INFO - Processing /home/vscode/.local/lib/python3.11/site-packages/airflow/example_dags/tutorial_taskflow_api_virtualenv.py took 0.052 seconds
[2026-05-09T11:58:35.393+0000] {processor.py:161} INFO - Started process (PID=30518) to work on /home/vscode/.local/lib/python3.11/site-packages/airflow/example_dags/tutorial_taskflow_api_virtualenv.py
[2026-05-09T11:58:35.393+0000] {processor.py:830} INFO - Processing file /home/vscode/.local/lib/python3.11/site-packages/airflow/example_dags/tutorial_taskflow_api_virtualenv.py for tasks to queue
[2026-05-09T11:58:35.394+0000] {logging_mixin.py:188} INFO - [2026-05-09T11:58:35.394+0000] {dagbag.py:545} INFO - Filling up the DagBag from /home/vscode/.local/lib/python3.11/site-packages/airflow/example_dags/tutorial_taskflow_api_virtualenv.py
[2026-05-09T11:58:35.402+0000] {processor.py:840} INFO - DAG(s) 'tutorial_taskflow_api_virtualenv' retrieved from /home/vscode/.local/lib/python3.11/site-packages/airflow/example_dags/tutorial_taskflow_api_virtualenv.py
[2026-05-09T11:58:35.414+0000] {logging_mixin.py:188} INFO - [2026-05-09T11:58:35.414+0000] {dag.py:3096} INFO - Sync 1 DAGs
[2026-05-09T11:58:35.423+0000] {logging_mixin.py:188} INFO - [2026-05-09T11:58:35.423+0000] {dag.py:3954} INFO - Setting next_dagrun for tutorial_taskflow_api_virtualenv to None, run_after=None
[2026-05-09T11:58:35.439+0000] {processor.py:183} INFO - Processing /home/vscode/.local/lib/python3.11/site-packages/airflow/example_dags/tutorial_taskflow_api_virtualenv.py took 0.053 seconds
[2026-05-09T11:59:19.269+0000] {processor.py:161} INFO - Started process (PID=30879) to work on /home/vscode/.local/lib/python3.11/site-packages/airflow/example_dags/tutorial_taskflow_api_virtualenv.py
[2026-05-09T11:59:19.270+0000] {processor.py:830} INFO - Processing file /home/vscode/.local/lib/python3.11/site-packages/airflow/example_dags/tutorial_taskflow_api_virtualenv.py for tasks to queue
[2026-05-09T11:59:19.270+0000] {logging_mixin.py:188} INFO - [2026-05-09T11:59:19.270+0000] {dagbag.py:545} INFO - Filling up the DagBag from /home/vscode/.local/lib/python3.11/site-packages/airflow/example_dags/tutorial_taskflow_api_virtualenv.py
[2026-05-09T11:59:19.278+0000] {processor.py:840} INFO - DAG(s) 'tutorial_taskflow_api_virtualenv' retrieved from /home/vscode/.local/lib/python3.11/site-packages/airflow/example_dags/tutorial_taskflow_api_virtualenv.py
[2026-05-09T11:59:19.289+0000] {logging_mixin.py:188} INFO - [2026-05-09T11:59:19.289+0000] {dag.py:3096} INFO - Sync 1 DAGs
[2026-05-09T11:59:19.297+0000] {logging_mixin.py:188} INFO - [2026-05-09T11:59:19.297+0000] {dag.py:3954} INFO - Setting next_dagrun for tutorial_taskflow_api_virtualenv to None, run_after=None
[2026-05-09T11:59:19.313+0000] {processor.py:183} INFO - Processing /home/vscode/.local/lib/python3.11/site-packages/airflow/example_dags/tutorial_taskflow_api_virtualenv.py took 0.049 seconds
[2026-05-09T12:00:00.856+0000] {processor.py:161} INFO - Started process (PID=31242) to work on /home/vscode/.local/lib/python3.11/site-packages/airflow/example_dags/tutorial_taskflow_api_virtualenv.py
[2026-05-09T12:00:00.857+0000] {processor.py:830} INFO - Processing file /home/vscode/.local/lib/python3.11/site-packages/airflow/example_dags/tutorial_taskflow_api_virtualenv.py for tasks to queue
[2026-05-09T12:00:00.857+0000] {logging_mixin.py:188} INFO - [2026-05-09T12:00:00.857+0000] {dagbag.py:545} INFO - Filling up the DagBag from /home/vscode/.local/lib/python3.11/site-packages/airflow/example_dags/tutorial_taskflow_api_virtualenv.py
[2026-05-09T12:00:00.865+0000] {processor.py:840} INFO - DAG(s) 'tutorial_taskflow_api_virtualenv' retrieved from /home/vscode/.local/lib/python3.11/site-packages/airflow/example_dags/tutorial_taskflow_api_virtualenv.py
[2026-05-09T12:00:00.877+0000] {logging_mixin.py:188} INFO - [2026-05-09T12:00:00.877+0000] {dag.py:3096} INFO - Sync 1 DAGs
[2026-05-09T12:00:00.885+0000] {logging_mixin.py:188} INFO - [2026-05-09T12:00:00.885+0000] {dag.py:3954} INFO - Setting next_dagrun for tutorial_taskflow_api_virtualenv to None, run_after=None
[2026-05-09T12:00:00.901+0000] {processor.py:183} INFO - Processing /home/vscode/.local/lib/python3.11/site-packages/airflow/example_dags/tutorial_taskflow_api_virtualenv.py took 0.052 seconds
[2026-05-09T12:00:39.820+0000] {processor.py:161} INFO - Started process (PID=31584) to work on /home/vscode/.local/lib/python3.11/site-packages/airflow/example_dags/tutorial_taskflow_api_virtualenv.py
[2026-05-09T12:00:39.821+0000] {processor.py:830} INFO - Processing file /home/vscode/.local/lib/python3.11/site-packages/airflow/example_dags/tutorial_taskflow_api_virtualenv.py for tasks to queue
[2026-05-09T12:00:39.822+0000] {logging_mixin.py:188} INFO - [2026-05-09T12:00:39.822+0000] {dagbag.py:545} INFO - Filling up the DagBag from /home/vscode/.local/lib/python3.11/site-packages/airflow/example_dags/tutorial_taskflow_api_virtualenv.py
[2026-05-09T12:00:39.835+0000] {processor.py:840} INFO - DAG(s) 'tutorial_taskflow_api_virtualenv' retrieved from /home/vscode/.local/lib/python3.11/site-packages/airflow/example_dags/tutorial_taskflow_api_virtualenv.py
[2026-05-09T12:00:39.855+0000] {logging_mixin.py:188} INFO - [2026-05-09T12:00:39.855+0000] {dag.py:3096} INFO - Sync 1 DAGs
[2026-05-09T12:00:39.864+0000] {logging_mixin.py:188} INFO - [2026-05-09T12:00:39.864+0000] {dag.py:3954} INFO - Setting next_dagrun for tutorial_taskflow_api_virtualenv to None, run_after=None
[2026-05-09T12:00:39.880+0000] {processor.py:183} INFO - Processing /home/vscode/.local/lib/python3.11/site-packages/airflow/example_dags/tutorial_taskflow_api_virtualenv.py took 0.071 seconds
[2026-05-09T12:01:23.748+0000] {processor.py:161} INFO - Started process (PID=31894) to work on /home/vscode/.local/lib/python3.11/site-packages/airflow/example_dags/tutorial_taskflow_api_virtualenv.py
[2026-05-09T12:01:23.748+0000] {processor.py:830} INFO - Processing file /home/vscode/.local/lib/python3.11/site-packages/airflow/example_dags/tutorial_taskflow_api_virtualenv.py for tasks to queue
[2026-05-09T12:01:23.749+0000] {logging_mixin.py:188} INFO - [2026-05-09T12:01:23.749+0000] {dagbag.py:545} INFO - Filling up the DagBag from /home/vscode/.local/lib/python3.11/site-packages/airflow/example_dags/tutorial_taskflow_api_virtualenv.py
[2026-05-09T12:01:23.757+0000] {processor.py:840} INFO - DAG(s) 'tutorial_taskflow_api_virtualenv' retrieved from /home/vscode/.local/lib/python3.11/site-packages/airflow/example_dags/tutorial_taskflow_api_virtualenv.py
[2026-05-09T12:01:23.768+0000] {logging_mixin.py:188} INFO - [2026-05-09T12:01:23.768+0000] {dag.py:3096} INFO - Sync 1 DAGs
[2026-05-09T12:01:23.776+0000] {logging_mixin.py:188} INFO - [2026-05-09T12:01:23.776+0000] {dag.py:3954} INFO - Setting next_dagrun for tutorial_taskflow_api_virtualenv to None, run_after=None
[2026-05-09T12:01:23.793+0000] {processor.py:183} INFO - Processing /home/vscode/.local/lib/python3.11/site-packages/airflow/example_dags/tutorial_taskflow_api_virtualenv.py took 0.052 seconds
[2026-05-09T12:02:06.853+0000] {processor.py:161} INFO - Started process (PID=32253) to work on /home/vscode/.local/lib/python3.11/site-packages/airflow/example_dags/tutorial_taskflow_api_virtualenv.py
[2026-05-09T12:02:06.853+0000] {processor.py:830} INFO - Processing file /home/vscode/.local/lib/python3.11/site-packages/airflow/example_dags/tutorial_taskflow_api_virtualenv.py for tasks to queue
[2026-05-09T12:02:06.854+0000] {logging_mixin.py:188} INFO - [2026-05-09T12:02:06.854+0000] {dagbag.py:545} INFO - Filling up the DagBag from /home/vscode/.local/lib/python3.11/site-packages/airflow/example_dags/tutorial_taskflow_api_virtualenv.py
[2026-05-09T12:02:06.862+0000] {processor.py:840} INFO - DAG(s) 'tutorial_taskflow_api_virtualenv' retrieved from /home/vscode/.local/lib/python3.11/site-packages/airflow/example_dags/tutorial_taskflow_api_virtualenv.py
[2026-05-09T12:02:06.873+0000] {logging_mixin.py:188} INFO - [2026-05-09T12:02:06.873+0000] {dag.py:3096} INFO - Sync 1 DAGs
[2026-05-09T12:02:06.881+0000] {logging_mixin.py:188} INFO - [2026-05-09T12:02:06.881+0000] {dag.py:3954} INFO - Setting next_dagrun for tutorial_taskflow_api_virtualenv to None, run_after=None
[2026-05-09T12:02:06.899+0000] {processor.py:183} INFO - Processing /home/vscode/.local/lib/python3.11/site-packages/airflow/example_dags/tutorial_taskflow_api_virtualenv.py took 0.052 seconds
[2026-05-09T12:02:48.624+0000] {processor.py:161} INFO - Started process (PID=32610) to work on /home/vscode/.local/lib/python3.11/site-packages/airflow/example_dags/tutorial_taskflow_api_virtualenv.py
[2026-05-09T12:02:48.625+0000] {processor.py:830} INFO - Processing file /home/vscode/.local/lib/python3.11/site-packages/airflow/example_dags/tutorial_taskflow_api_virtualenv.py for tasks to queue
[2026-05-09T12:02:48.626+0000] {logging_mixin.py:188} INFO - [2026-05-09T12:02:48.626+0000] {dagbag.py:545} INFO - Filling up the DagBag from /home/vscode/.local/lib/python3.11/site-packages/airflow/example_dags/tutorial_taskflow_api_virtualenv.py
[2026-05-09T12:02:48.636+0000] {processor.py:840} INFO - DAG(s) 'tutorial_taskflow_api_virtualenv' retrieved from /home/vscode/.local/lib/python3.11/site-packages/airflow/example_dags/tutorial_taskflow_api_virtualenv.py
[2026-05-09T12:02:48.648+0000] {logging_mixin.py:188} INFO - [2026-05-09T12:02:48.648+0000] {dag.py:3096} INFO - Sync 1 DAGs
[2026-05-09T12:02:48.658+0000] {logging_mixin.py:188} INFO - [2026-05-09T12:02:48.658+0000] {dag.py:3954} INFO - Setting next_dagrun for tutorial_taskflow_api_virtualenv to None, run_after=None
[2026-05-09T12:02:48.675+0000] {processor.py:183} INFO - Processing /home/vscode/.local/lib/python3.11/site-packages/airflow/example_dags/tutorial_taskflow_api_virtualenv.py took 0.057 seconds
[2026-05-09T12:03:30.263+0000] {processor.py:161} INFO - Started process (PID=32907) to work on /home/vscode/.local/lib/python3.11/site-packages/airflow/example_dags/tutorial_taskflow_api_virtualenv.py
[2026-05-09T12:03:30.263+0000] {processor.py:830} INFO - Processing file /home/vscode/.local/lib/python3.11/site-packages/airflow/example_dags/tutorial_taskflow_api_virtualenv.py for tasks to queue
[2026-05-09T12:03:30.264+0000] {logging_mixin.py:188} INFO - [2026-05-09T12:03:30.264+0000] {dagbag.py:545} INFO - Filling up the DagBag from /home/vscode/.local/lib/python3.11/site-packages/airflow/example_dags/tutorial_taskflow_api_virtualenv.py
[2026-05-09T12:03:30.272+0000] {processor.py:840} INFO - DAG(s) 'tutorial_taskflow_api_virtualenv' retrieved from /home/vscode/.local/lib/python3.11/site-packages/airflow/example_dags/tutorial_taskflow_api_virtualenv.py
[2026-05-09T12:03:30.284+0000] {logging_mixin.py:188} INFO - [2026-05-09T12:03:30.284+0000] {dag.py:3096} INFO - Sync 1 DAGs
[2026-05-09T12:03:30.292+0000] {logging_mixin.py:188} INFO - [2026-05-09T12:03:30.292+0000] {dag.py:3954} INFO - Setting next_dagrun for tutorial_taskflow_api_virtualenv to None, run_after=None
[2026-05-09T12:03:30.309+0000] {processor.py:183} INFO - Processing /home/vscode/.local/lib/python3.11/site-packages/airflow/example_dags/tutorial_taskflow_api_virtualenv.py took 0.052 seconds
[2026-05-09T12:04:11.558+0000] {processor.py:161} INFO - Started process (PID=33319) to work on /home/vscode/.local/lib/python3.11/site-packages/airflow/example_dags/tutorial_taskflow_api_virtualenv.py
[2026-05-09T12:04:11.559+0000] {processor.py:830} INFO - Processing file /home/vscode/.local/lib/python3.11/site-packages/airflow/example_dags/tutorial_taskflow_api_virtualenv.py for tasks to queue
[2026-05-09T12:04:11.559+0000] {logging_mixin.py:188} INFO - [2026-05-09T12:04:11.559+0000] {dagbag.py:545} INFO - Filling up the DagBag from /home/vscode/.local/lib/python3.11/site-packages/airflow/example_dags/tutorial_taskflow_api_virtualenv.py
[2026-05-09T12:04:11.568+0000] {processor.py:840} INFO - DAG(s) 'tutorial_taskflow_api_virtualenv' retrieved from /home/vscode/.local/lib/python3.11/site-packages/airflow/example_dags/tutorial_taskflow_api_virtualenv.py
[2026-05-09T12:04:11.580+0000] {logging_mixin.py:188} INFO - [2026-05-09T12:04:11.580+0000] {dag.py:3096} INFO - Sync 1 DAGs
[2026-05-09T12:04:11.589+0000] {logging_mixin.py:188} INFO - [2026-05-09T12:04:11.589+0000] {dag.py:3954} INFO - Setting next_dagrun for tutorial_taskflow_api_virtualenv to None, run_after=None
[2026-05-09T12:04:11.607+0000] {processor.py:183} INFO - Processing /home/vscode/.local/lib/python3.11/site-packages/airflow/example_dags/tutorial_taskflow_api_virtualenv.py took 0.056 seconds
[2026-05-09T12:04:54.568+0000] {processor.py:161} INFO - Started process (PID=33685) to work on /home/vscode/.local/lib/python3.11/site-packages/airflow/example_dags/tutorial_taskflow_api_virtualenv.py
[2026-05-09T12:04:54.569+0000] {processor.py:830} INFO - Processing file /home/vscode/.local/lib/python3.11/site-packages/airflow/example_dags/tutorial_taskflow_api_virtualenv.py for tasks to queue
[2026-05-09T12:04:54.569+0000] {logging_mixin.py:188} INFO - [2026-05-09T12:04:54.569+0000] {dagbag.py:545} INFO - Filling up the DagBag from /home/vscode/.local/lib/python3.11/site-packages/airflow/example_dags/tutorial_taskflow_api_virtualenv.py
[2026-05-09T12:04:54.577+0000] {processor.py:840} INFO - DAG(s) 'tutorial_taskflow_api_virtualenv' retrieved from /home/vscode/.local/lib/python3.11/site-packages/airflow/example_dags/tutorial_taskflow_api_virtualenv.py
[2026-05-09T12:04:54.588+0000] {logging_mixin.py:188} INFO - [2026-05-09T12:04:54.588+0000] {dag.py:3096} INFO - Sync 1 DAGs
[2026-05-09T12:04:54.597+0000] {logging_mixin.py:188} INFO - [2026-05-09T12:04:54.597+0000] {dag.py:3954} INFO - Setting next_dagrun for tutorial_taskflow_api_virtualenv to None, run_after=None
[2026-05-09T12:04:54.613+0000] {processor.py:183} INFO - Processing /home/vscode/.local/lib/python3.11/site-packages/airflow/example_dags/tutorial_taskflow_api_virtualenv.py took 0.052 seconds
[2026-05-09T12:05:35.861+0000] {processor.py:161} INFO - Started process (PID=33979) to work on /home/vscode/.local/lib/python3.11/site-packages/airflow/example_dags/tutorial_taskflow_api_virtualenv.py
[2026-05-09T12:05:35.862+0000] {processor.py:830} INFO - Processing file /home/vscode/.local/lib/python3.11/site-packages/airflow/example_dags/tutorial_taskflow_api_virtualenv.py for tasks to queue
[2026-05-09T12:05:35.863+0000] {logging_mixin.py:188} INFO - [2026-05-09T12:05:35.862+0000] {dagbag.py:545} INFO - Filling up the DagBag from /home/vscode/.local/lib/python3.11/site-packages/airflow/example_dags/tutorial_taskflow_api_virtualenv.py
[2026-05-09T12:05:35.871+0000] {processor.py:840} INFO - DAG(s) 'tutorial_taskflow_api_virtualenv' retrieved from /home/vscode/.local/lib/python3.11/site-packages/airflow/example_dags/tutorial_taskflow_api_virtualenv.py
[2026-05-09T12:05:35.882+0000] {logging_mixin.py:188} INFO - [2026-05-09T12:05:35.882+0000] {dag.py:3096} INFO - Sync 1 DAGs
[2026-05-09T12:05:35.891+0000] {logging_mixin.py:188} INFO - [2026-05-09T12:05:35.891+0000] {dag.py:3954} INFO - Setting next_dagrun for tutorial_taskflow_api_virtualenv to None, run_after=None
[2026-05-09T12:05:35.906+0000] {processor.py:183} INFO - Processing /home/vscode/.local/lib/python3.11/site-packages/airflow/example_dags/tutorial_taskflow_api_virtualenv.py took 0.051 seconds
[2026-05-09T12:06:17.638+0000] {processor.py:161} INFO - Started process (PID=34327) to work on /home/vscode/.local/lib/python3.11/site-packages/airflow/example_dags/tutorial_taskflow_api_virtualenv.py
[2026-05-09T12:06:17.638+0000] {processor.py:830} INFO - Processing file /home/vscode/.local/lib/python3.11/site-packages/airflow/example_dags/tutorial_taskflow_api_virtualenv.py for tasks to queue
[2026-05-09T12:06:17.639+0000] {logging_mixin.py:188} INFO - [2026-05-09T12:06:17.639+0000] {dagbag.py:545} INFO - Filling up the DagBag from /home/vscode/.local/lib/python3.11/site-packages/airflow/example_dags/tutorial_taskflow_api_virtualenv.py
[2026-05-09T12:06:17.650+0000] {processor.py:840} INFO - DAG(s) 'tutorial_taskflow_api_virtualenv' retrieved from /home/vscode/.local/lib/python3.11/site-packages/airflow/example_dags/tutorial_taskflow_api_virtualenv.py
[2026-05-09T12:06:17.666+0000] {logging_mixin.py:188} INFO - [2026-05-09T12:06:17.666+0000] {dag.py:3096} INFO - Sync 1 DAGs
[2026-05-09T12:06:17.677+0000] {logging_mixin.py:188} INFO - [2026-05-09T12:06:17.677+0000] {dag.py:3954} INFO - Setting next_dagrun for tutorial_taskflow_api_virtualenv to None, run_after=None
[2026-05-09T12:06:17.709+0000] {processor.py:183} INFO - Processing /home/vscode/.local/lib/python3.11/site-packages/airflow/example_dags/tutorial_taskflow_api_virtualenv.py took 0.079 seconds
[2026-05-09T12:07:02.072+0000] {processor.py:161} INFO - Started process (PID=34705) to work on /home/vscode/.local/lib/python3.11/site-packages/airflow/example_dags/tutorial_taskflow_api_virtualenv.py
[2026-05-09T12:07:02.074+0000] {processor.py:830} INFO - Processing file /home/vscode/.local/lib/python3.11/site-packages/airflow/example_dags/tutorial_taskflow_api_virtualenv.py for tasks to queue
[2026-05-09T12:07:02.076+0000] {logging_mixin.py:188} INFO - [2026-05-09T12:07:02.076+0000] {dagbag.py:545} INFO - Filling up the DagBag from /home/vscode/.local/lib/python3.11/site-packages/airflow/example_dags/tutorial_taskflow_api_virtualenv.py
[2026-05-09T12:07:02.086+0000] {processor.py:840} INFO - DAG(s) 'tutorial_taskflow_api_virtualenv' retrieved from /home/vscode/.local/lib/python3.11/site-packages/airflow/example_dags/tutorial_taskflow_api_virtualenv.py
[2026-05-09T12:07:02.099+0000] {logging_mixin.py:188} INFO - [2026-05-09T12:07:02.099+0000] {dag.py:3096} INFO - Sync 1 DAGs
[2026-05-09T12:07:02.108+0000] {logging_mixin.py:188} INFO - [2026-05-09T12:07:02.108+0000] {dag.py:3954} INFO - Setting next_dagrun for tutorial_taskflow_api_virtualenv to None, run_after=None
[2026-05-09T12:07:02.126+0000] {processor.py:183} INFO - Processing /home/vscode/.local/lib/python3.11/site-packages/airflow/example_dags/tutorial_taskflow_api_virtualenv.py took 0.066 seconds
[2026-05-09T12:07:45.347+0000] {processor.py:161} INFO - Started process (PID=35068) to work on /home/vscode/.local/lib/python3.11/site-packages/airflow/example_dags/tutorial_taskflow_api_virtualenv.py
[2026-05-09T12:07:45.348+0000] {processor.py:830} INFO - Processing file /home/vscode/.local/lib/python3.11/site-packages/airflow/example_dags/tutorial_taskflow_api_virtualenv.py for tasks to queue
[2026-05-09T12:07:45.348+0000] {logging_mixin.py:188} INFO - [2026-05-09T12:07:45.348+0000] {dagbag.py:545} INFO - Filling up the DagBag from /home/vscode/.local/lib/python3.11/site-packages/airflow/example_dags/tutorial_taskflow_api_virtualenv.py
[2026-05-09T12:07:45.356+0000] {processor.py:840} INFO - DAG(s) 'tutorial_taskflow_api_virtualenv' retrieved from /home/vscode/.local/lib/python3.11/site-packages/airflow/example_dags/tutorial_taskflow_api_virtualenv.py
[2026-05-09T12:07:45.367+0000] {logging_mixin.py:188} INFO - [2026-05-09T12:07:45.367+0000] {dag.py:3096} INFO - Sync 1 DAGs
[2026-05-09T12:07:45.376+0000] {logging_mixin.py:188} INFO - [2026-05-09T12:07:45.376+0000] {dag.py:3954} INFO - Setting next_dagrun for tutorial_taskflow_api_virtualenv to None, run_after=None
[2026-05-09T12:07:45.391+0000] {processor.py:183} INFO - Processing /home/vscode/.local/lib/python3.11/site-packages/airflow/example_dags/tutorial_taskflow_api_virtualenv.py took 0.050 seconds
[2026-05-09T12:08:25.688+0000] {processor.py:161} INFO - Started process (PID=35355) to work on /home/vscode/.local/lib/python3.11/site-packages/airflow/example_dags/tutorial_taskflow_api_virtualenv.py
[2026-05-09T12:08:25.691+0000] {processor.py:830} INFO - Processing file /home/vscode/.local/lib/python3.11/site-packages/airflow/example_dags/tutorial_taskflow_api_virtualenv.py for tasks to queue
[2026-05-09T12:08:25.691+0000] {logging_mixin.py:188} INFO - [2026-05-09T12:08:25.691+0000] {dagbag.py:545} INFO - Filling up the DagBag from /home/vscode/.local/lib/python3.11/site-packages/airflow/example_dags/tutorial_taskflow_api_virtualenv.py
[2026-05-09T12:08:25.714+0000] {processor.py:840} INFO - DAG(s) 'tutorial_taskflow_api_virtualenv' retrieved from /home/vscode/.local/lib/python3.11/site-packages/airflow/example_dags/tutorial_taskflow_api_virtualenv.py
[2026-05-09T12:08:25.742+0000] {logging_mixin.py:188} INFO - [2026-05-09T12:08:25.741+0000] {dag.py:3096} INFO - Sync 1 DAGs
[2026-05-09T12:08:25.753+0000] {logging_mixin.py:188} INFO - [2026-05-09T12:08:25.753+0000] {dag.py:3954} INFO - Setting next_dagrun for tutorial_taskflow_api_virtualenv to None, run_after=None
[2026-05-09T12:08:25.769+0000] {processor.py:183} INFO - Processing /home/vscode/.local/lib/python3.11/site-packages/airflow/example_dags/tutorial_taskflow_api_virtualenv.py took 0.112 seconds
[2026-05-09T12:09:07.506+0000] {processor.py:161} INFO - Started process (PID=35769) to work on /home/vscode/.local/lib/python3.11/site-packages/airflow/example_dags/tutorial_taskflow_api_virtualenv.py
[2026-05-09T12:09:07.507+0000] {processor.py:830} INFO - Processing file /home/vscode/.local/lib/python3.11/site-packages/airflow/example_dags/tutorial_taskflow_api_virtualenv.py for tasks to queue
[2026-05-09T12:09:07.507+0000] {logging_mixin.py:188} INFO - [2026-05-09T12:09:07.507+0000] {dagbag.py:545} INFO - Filling up the DagBag from /home/vscode/.local/lib/python3.11/site-packages/airflow/example_dags/tutorial_taskflow_api_virtualenv.py
[2026-05-09T12:09:07.517+0000] {processor.py:840} INFO - DAG(s) 'tutorial_taskflow_api_virtualenv' retrieved from /home/vscode/.local/lib/python3.11/site-packages/airflow/example_dags/tutorial_taskflow_api_virtualenv.py
[2026-05-09T12:09:07.536+0000] {logging_mixin.py:188} INFO - [2026-05-09T12:09:07.536+0000] {dag.py:3096} INFO - Sync 1 DAGs
[2026-05-09T12:09:07.549+0000] {logging_mixin.py:188} INFO - [2026-05-09T12:09:07.548+0000] {dag.py:3954} INFO - Setting next_dagrun for tutorial_taskflow_api_virtualenv to None, run_after=None
[2026-05-09T12:09:07.588+0000] {processor.py:183} INFO - Processing /home/vscode/.local/lib/python3.11/site-packages/airflow/example_dags/tutorial_taskflow_api_virtualenv.py took 0.089 seconds
[2026-05-09T12:09:45.229+0000] {processor.py:161} INFO - Started process (PID=36114) to work on /home/vscode/.local/lib/python3.11/site-packages/airflow/example_dags/tutorial_taskflow_api_virtualenv.py
[2026-05-09T12:09:45.229+0000] {processor.py:830} INFO - Processing file /home/vscode/.local/lib/python3.11/site-packages/airflow/example_dags/tutorial_taskflow_api_virtualenv.py for tasks to queue
[2026-05-09T12:09:45.230+0000] {logging_mixin.py:188} INFO - [2026-05-09T12:09:45.230+0000] {dagbag.py:545} INFO - Filling up the DagBag from /home/vscode/.local/lib/python3.11/site-packages/airflow/example_dags/tutorial_taskflow_api_virtualenv.py
[2026-05-09T12:09:45.240+0000] {processor.py:840} INFO - DAG(s) 'tutorial_taskflow_api_virtualenv' retrieved from /home/vscode/.local/lib/python3.11/site-packages/airflow/example_dags/tutorial_taskflow_api_virtualenv.py
[2026-05-09T12:09:45.252+0000] {logging_mixin.py:188} INFO - [2026-05-09T12:09:45.252+0000] {dag.py:3096} INFO - Sync 1 DAGs
[2026-05-09T12:09:45.261+0000] {logging_mixin.py:188} INFO - [2026-05-09T12:09:45.261+0000] {dag.py:3954} INFO - Setting next_dagrun for tutorial_taskflow_api_virtualenv to None, run_after=None
[2026-05-09T12:09:45.278+0000] {processor.py:183} INFO - Processing /home/vscode/.local/lib/python3.11/site-packages/airflow/example_dags/tutorial_taskflow_api_virtualenv.py took 0.057 seconds
[2026-05-09T12:10:26.422+0000] {processor.py:161} INFO - Started process (PID=36402) to work on /home/vscode/.local/lib/python3.11/site-packages/airflow/example_dags/tutorial_taskflow_api_virtualenv.py
[2026-05-09T12:10:26.422+0000] {processor.py:830} INFO - Processing file /home/vscode/.local/lib/python3.11/site-packages/airflow/example_dags/tutorial_taskflow_api_virtualenv.py for tasks to queue
[2026-05-09T12:10:26.423+0000] {logging_mixin.py:188} INFO - [2026-05-09T12:10:26.422+0000] {dagbag.py:545} INFO - Filling up the DagBag from /home/vscode/.local/lib/python3.11/site-packages/airflow/example_dags/tutorial_taskflow_api_virtualenv.py
[2026-05-09T12:10:26.435+0000] {processor.py:840} INFO - DAG(s) 'tutorial_taskflow_api_virtualenv' retrieved from /home/vscode/.local/lib/python3.11/site-packages/airflow/example_dags/tutorial_taskflow_api_virtualenv.py
[2026-05-09T12:10:26.449+0000] {logging_mixin.py:188} INFO - [2026-05-09T12:10:26.449+0000] {dag.py:3096} INFO - Sync 1 DAGs
[2026-05-09T12:10:26.458+0000] {logging_mixin.py:188} INFO - [2026-05-09T12:10:26.458+0000] {dag.py:3954} INFO - Setting next_dagrun for tutorial_taskflow_api_virtualenv to None, run_after=None
[2026-05-09T12:10:26.480+0000] {processor.py:183} INFO - Processing /home/vscode/.local/lib/python3.11/site-packages/airflow/example_dags/tutorial_taskflow_api_virtualenv.py took 0.064 seconds
[2026-05-09T12:11:07.535+0000] {processor.py:161} INFO - Started process (PID=36752) to work on /home/vscode/.local/lib/python3.11/site-packages/airflow/example_dags/tutorial_taskflow_api_virtualenv.py
[2026-05-09T12:11:07.536+0000] {processor.py:830} INFO - Processing file /home/vscode/.local/lib/python3.11/site-packages/airflow/example_dags/tutorial_taskflow_api_virtualenv.py for tasks to queue
[2026-05-09T12:11:07.537+0000] {logging_mixin.py:188} INFO - [2026-05-09T12:11:07.536+0000] {dagbag.py:545} INFO - Filling up the DagBag from /home/vscode/.local/lib/python3.11/site-packages/airflow/example_dags/tutorial_taskflow_api_virtualenv.py
[2026-05-09T12:11:07.544+0000] {processor.py:840} INFO - DAG(s) 'tutorial_taskflow_api_virtualenv' retrieved from /home/vscode/.local/lib/python3.11/site-packages/airflow/example_dags/tutorial_taskflow_api_virtualenv.py
[2026-05-09T12:11:07.557+0000] {logging_mixin.py:188} INFO - [2026-05-09T12:11:07.557+0000] {dag.py:3096} INFO - Sync 1 DAGs
[2026-05-09T12:11:07.567+0000] {logging_mixin.py:188} INFO - [2026-05-09T12:11:07.567+0000] {dag.py:3954} INFO - Setting next_dagrun for tutorial_taskflow_api_virtualenv to None, run_after=None
[2026-05-09T12:11:07.583+0000] {processor.py:183} INFO - Processing /home/vscode/.local/lib/python3.11/site-packages/airflow/example_dags/tutorial_taskflow_api_virtualenv.py took 0.056 seconds
[2026-05-09T12:11:47.508+0000] {processor.py:161} INFO - Started process (PID=37100) to work on /home/vscode/.local/lib/python3.11/site-packages/airflow/example_dags/tutorial_taskflow_api_virtualenv.py
[2026-05-09T12:11:47.509+0000] {processor.py:830} INFO - Processing file /home/vscode/.local/lib/python3.11/site-packages/airflow/example_dags/tutorial_taskflow_api_virtualenv.py for tasks to queue
[2026-05-09T12:11:47.509+0000] {logging_mixin.py:188} INFO - [2026-05-09T12:11:47.509+0000] {dagbag.py:545} INFO - Filling up the DagBag from /home/vscode/.local/lib/python3.11/site-packages/airflow/example_dags/tutorial_taskflow_api_virtualenv.py
[2026-05-09T12:11:47.517+0000] {processor.py:840} INFO - DAG(s) 'tutorial_taskflow_api_virtualenv' retrieved from /home/vscode/.local/lib/python3.11/site-packages/airflow/example_dags/tutorial_taskflow_api_virtualenv.py
[2026-05-09T12:11:47.531+0000] {logging_mixin.py:188} INFO - [2026-05-09T12:11:47.531+0000] {dag.py:3096} INFO - Sync 1 DAGs
[2026-05-09T12:11:47.541+0000] {logging_mixin.py:188} INFO - [2026-05-09T12:11:47.541+0000] {dag.py:3954} INFO - Setting next_dagrun for tutorial_taskflow_api_virtualenv to None, run_after=None
[2026-05-09T12:11:47.559+0000] {processor.py:183} INFO - Processing /home/vscode/.local/lib/python3.11/site-packages/airflow/example_dags/tutorial_taskflow_api_virtualenv.py took 0.057 seconds
[2026-05-09T12:12:28.678+0000] {processor.py:161} INFO - Started process (PID=37395) to work on /home/vscode/.local/lib/python3.11/site-packages/airflow/example_dags/tutorial_taskflow_api_virtualenv.py
[2026-05-09T12:12:28.679+0000] {processor.py:830} INFO - Processing file /home/vscode/.local/lib/python3.11/site-packages/airflow/example_dags/tutorial_taskflow_api_virtualenv.py for tasks to queue
[2026-05-09T12:12:28.680+0000] {logging_mixin.py:188} INFO - [2026-05-09T12:12:28.679+0000] {dagbag.py:545} INFO - Filling up the DagBag from /home/vscode/.local/lib/python3.11/site-packages/airflow/example_dags/tutorial_taskflow_api_virtualenv.py
[2026-05-09T12:12:28.688+0000] {processor.py:840} INFO - DAG(s) 'tutorial_taskflow_api_virtualenv' retrieved from /home/vscode/.local/lib/python3.11/site-packages/airflow/example_dags/tutorial_taskflow_api_virtualenv.py
[2026-05-09T12:12:28.699+0000] {logging_mixin.py:188} INFO - [2026-05-09T12:12:28.699+0000] {dag.py:3096} INFO - Sync 1 DAGs
[2026-05-09T12:12:28.708+0000] {logging_mixin.py:188} INFO - [2026-05-09T12:12:28.708+0000] {dag.py:3954} INFO - Setting next_dagrun for tutorial_taskflow_api_virtualenv to None, run_after=None
[2026-05-09T12:12:28.726+0000] {processor.py:183} INFO - Processing /home/vscode/.local/lib/python3.11/site-packages/airflow/example_dags/tutorial_taskflow_api_virtualenv.py took 0.054 seconds
[2026-05-09T12:13:08.617+0000] {processor.py:161} INFO - Started process (PID=37737) to work on /home/vscode/.local/lib/python3.11/site-packages/airflow/example_dags/tutorial_taskflow_api_virtualenv.py
[2026-05-09T12:13:08.618+0000] {processor.py:830} INFO - Processing file /home/vscode/.local/lib/python3.11/site-packages/airflow/example_dags/tutorial_taskflow_api_virtualenv.py for tasks to queue
[2026-05-09T12:13:08.618+0000] {logging_mixin.py:188} INFO - [2026-05-09T12:13:08.618+0000] {dagbag.py:545} INFO - Filling up the DagBag from /home/vscode/.local/lib/python3.11/site-packages/airflow/example_dags/tutorial_taskflow_api_virtualenv.py
[2026-05-09T12:13:08.627+0000] {processor.py:840} INFO - DAG(s) 'tutorial_taskflow_api_virtualenv' retrieved from /home/vscode/.local/lib/python3.11/site-packages/airflow/example_dags/tutorial_taskflow_api_virtualenv.py
[2026-05-09T12:13:08.641+0000] {logging_mixin.py:188} INFO - [2026-05-09T12:13:08.640+0000] {dag.py:3096} INFO - Sync 1 DAGs
[2026-05-09T12:13:08.653+0000] {logging_mixin.py:188} INFO - [2026-05-09T12:13:08.653+0000] {dag.py:3954} INFO - Setting next_dagrun for tutorial_taskflow_api_virtualenv to None, run_after=None
[2026-05-09T12:13:08.670+0000] {processor.py:183} INFO - Processing /home/vscode/.local/lib/python3.11/site-packages/airflow/example_dags/tutorial_taskflow_api_virtualenv.py took 0.059 seconds
[2026-05-09T12:13:51.178+0000] {processor.py:161} INFO - Started process (PID=38154) to work on /home/vscode/.local/lib/python3.11/site-packages/airflow/example_dags/tutorial_taskflow_api_virtualenv.py
[2026-05-09T12:13:51.179+0000] {processor.py:830} INFO - Processing file /home/vscode/.local/lib/python3.11/site-packages/airflow/example_dags/tutorial_taskflow_api_virtualenv.py for tasks to queue
[2026-05-09T12:13:51.179+0000] {logging_mixin.py:188} INFO - [2026-05-09T12:13:51.179+0000] {dagbag.py:545} INFO - Filling up the DagBag from /home/vscode/.local/lib/python3.11/site-packages/airflow/example_dags/tutorial_taskflow_api_virtualenv.py
[2026-05-09T12:13:51.187+0000] {processor.py:840} INFO - DAG(s) 'tutorial_taskflow_api_virtualenv' retrieved from /home/vscode/.local/lib/python3.11/site-packages/airflow/example_dags/tutorial_taskflow_api_virtualenv.py
[2026-05-09T12:13:51.198+0000] {logging_mixin.py:188} INFO - [2026-05-09T12:13:51.198+0000] {dag.py:3096} INFO - Sync 1 DAGs
[2026-05-09T12:13:51.207+0000] {logging_mixin.py:188} INFO - [2026-05-09T12:13:51.207+0000] {dag.py:3954} INFO - Setting next_dagrun for tutorial_taskflow_api_virtualenv to None, run_after=None
[2026-05-09T12:13:51.222+0000] {processor.py:183} INFO - Processing /home/vscode/.local/lib/python3.11/site-packages/airflow/example_dags/tutorial_taskflow_api_virtualenv.py took 0.051 seconds
[2026-05-09T12:14:36.369+0000] {processor.py:161} INFO - Started process (PID=38474) to work on /home/vscode/.local/lib/python3.11/site-packages/airflow/example_dags/tutorial_taskflow_api_virtualenv.py
[2026-05-09T12:14:36.370+0000] {processor.py:830} INFO - Processing file /home/vscode/.local/lib/python3.11/site-packages/airflow/example_dags/tutorial_taskflow_api_virtualenv.py for tasks to queue
[2026-05-09T12:14:36.370+0000] {logging_mixin.py:188} INFO - [2026-05-09T12:14:36.370+0000] {dagbag.py:545} INFO - Filling up the DagBag from /home/vscode/.local/lib/python3.11/site-packages/airflow/example_dags/tutorial_taskflow_api_virtualenv.py
[2026-05-09T12:14:36.378+0000] {processor.py:840} INFO - DAG(s) 'tutorial_taskflow_api_virtualenv' retrieved from /home/vscode/.local/lib/python3.11/site-packages/airflow/example_dags/tutorial_taskflow_api_virtualenv.py
[2026-05-09T12:14:36.389+0000] {logging_mixin.py:188} INFO - [2026-05-09T12:14:36.389+0000] {dag.py:3096} INFO - Sync 1 DAGs
[2026-05-09T12:14:36.397+0000] {logging_mixin.py:188} INFO - [2026-05-09T12:14:36.397+0000] {dag.py:3954} INFO - Setting next_dagrun for tutorial_taskflow_api_virtualenv to None, run_after=None
[2026-05-09T12:14:36.412+0000] {processor.py:183} INFO - Processing /home/vscode/.local/lib/python3.11/site-packages/airflow/example_dags/tutorial_taskflow_api_virtualenv.py took 0.049 seconds
[2026-05-09T12:15:17.408+0000] {processor.py:161} INFO - Started process (PID=38819) to work on /home/vscode/.local/lib/python3.11/site-packages/airflow/example_dags/tutorial_taskflow_api_virtualenv.py
[2026-05-09T12:15:17.409+0000] {processor.py:830} INFO - Processing file /home/vscode/.local/lib/python3.11/site-packages/airflow/example_dags/tutorial_taskflow_api_virtualenv.py for tasks to queue
[2026-05-09T12:15:17.410+0000] {logging_mixin.py:188} INFO - [2026-05-09T12:15:17.409+0000] {dagbag.py:545} INFO - Filling up the DagBag from /home/vscode/.local/lib/python3.11/site-packages/airflow/example_dags/tutorial_taskflow_api_virtualenv.py
[2026-05-09T12:15:17.418+0000] {processor.py:840} INFO - DAG(s) 'tutorial_taskflow_api_virtualenv' retrieved from /home/vscode/.local/lib/python3.11/site-packages/airflow/example_dags/tutorial_taskflow_api_virtualenv.py
[2026-05-09T12:15:17.430+0000] {logging_mixin.py:188} INFO - [2026-05-09T12:15:17.430+0000] {dag.py:3096} INFO - Sync 1 DAGs
[2026-05-09T12:15:17.441+0000] {logging_mixin.py:188} INFO - [2026-05-09T12:15:17.441+0000] {dag.py:3954} INFO - Setting next_dagrun for tutorial_taskflow_api_virtualenv to None, run_after=None
[2026-05-09T12:15:17.460+0000] {processor.py:183} INFO - Processing /home/vscode/.local/lib/python3.11/site-packages/airflow/example_dags/tutorial_taskflow_api_virtualenv.py took 0.058 seconds
[2026-05-09T12:15:59.939+0000] {processor.py:161} INFO - Started process (PID=39183) to work on /home/vscode/.local/lib/python3.11/site-packages/airflow/example_dags/tutorial_taskflow_api_virtualenv.py
[2026-05-09T12:15:59.940+0000] {processor.py:830} INFO - Processing file /home/vscode/.local/lib/python3.11/site-packages/airflow/example_dags/tutorial_taskflow_api_virtualenv.py for tasks to queue
[2026-05-09T12:15:59.941+0000] {logging_mixin.py:188} INFO - [2026-05-09T12:15:59.940+0000] {dagbag.py:545} INFO - Filling up the DagBag from /home/vscode/.local/lib/python3.11/site-packages/airflow/example_dags/tutorial_taskflow_api_virtualenv.py
[2026-05-09T12:15:59.949+0000] {processor.py:840} INFO - DAG(s) 'tutorial_taskflow_api_virtualenv' retrieved from /home/vscode/.local/lib/python3.11/site-packages/airflow/example_dags/tutorial_taskflow_api_virtualenv.py
[2026-05-09T12:15:59.961+0000] {logging_mixin.py:188} INFO - [2026-05-09T12:15:59.961+0000] {dag.py:3096} INFO - Sync 1 DAGs
[2026-05-09T12:15:59.969+0000] {logging_mixin.py:188} INFO - [2026-05-09T12:15:59.969+0000] {dag.py:3954} INFO - Setting next_dagrun for tutorial_taskflow_api_virtualenv to None, run_after=None
[2026-05-09T12:15:59.985+0000] {processor.py:183} INFO - Processing /home/vscode/.local/lib/python3.11/site-packages/airflow/example_dags/tutorial_taskflow_api_virtualenv.py took 0.054 seconds
[2026-05-09T12:16:44.456+0000] {processor.py:161} INFO - Started process (PID=39558) to work on /home/vscode/.local/lib/python3.11/site-packages/airflow/example_dags/tutorial_taskflow_api_virtualenv.py
[2026-05-09T12:16:44.456+0000] {processor.py:830} INFO - Processing file /home/vscode/.local/lib/python3.11/site-packages/airflow/example_dags/tutorial_taskflow_api_virtualenv.py for tasks to queue
[2026-05-09T12:16:44.457+0000] {logging_mixin.py:188} INFO - [2026-05-09T12:16:44.456+0000] {dagbag.py:545} INFO - Filling up the DagBag from /home/vscode/.local/lib/python3.11/site-packages/airflow/example_dags/tutorial_taskflow_api_virtualenv.py
[2026-05-09T12:16:44.464+0000] {processor.py:840} INFO - DAG(s) 'tutorial_taskflow_api_virtualenv' retrieved from /home/vscode/.local/lib/python3.11/site-packages/airflow/example_dags/tutorial_taskflow_api_virtualenv.py
[2026-05-09T12:16:44.476+0000] {logging_mixin.py:188} INFO - [2026-05-09T12:16:44.476+0000] {dag.py:3096} INFO - Sync 1 DAGs
[2026-05-09T12:16:44.485+0000] {logging_mixin.py:188} INFO - [2026-05-09T12:16:44.485+0000] {dag.py:3954} INFO - Setting next_dagrun for tutorial_taskflow_api_virtualenv to None, run_after=None
[2026-05-09T12:16:44.500+0000] {processor.py:183} INFO - Processing /home/vscode/.local/lib/python3.11/site-packages/airflow/example_dags/tutorial_taskflow_api_virtualenv.py took 0.051 seconds
[2026-05-09T12:17:29.772+0000] {processor.py:161} INFO - Started process (PID=39872) to work on /home/vscode/.local/lib/python3.11/site-packages/airflow/example_dags/tutorial_taskflow_api_virtualenv.py
[2026-05-09T12:17:29.773+0000] {processor.py:830} INFO - Processing file /home/vscode/.local/lib/python3.11/site-packages/airflow/example_dags/tutorial_taskflow_api_virtualenv.py for tasks to queue
[2026-05-09T12:17:29.773+0000] {logging_mixin.py:188} INFO - [2026-05-09T12:17:29.773+0000] {dagbag.py:545} INFO - Filling up the DagBag from /home/vscode/.local/lib/python3.11/site-packages/airflow/example_dags/tutorial_taskflow_api_virtualenv.py
[2026-05-09T12:17:29.782+0000] {processor.py:840} INFO - DAG(s) 'tutorial_taskflow_api_virtualenv' retrieved from /home/vscode/.local/lib/python3.11/site-packages/airflow/example_dags/tutorial_taskflow_api_virtualenv.py
[2026-05-09T12:17:29.795+0000] {logging_mixin.py:188} INFO - [2026-05-09T12:17:29.795+0000] {dag.py:3096} INFO - Sync 1 DAGs
[2026-05-09T12:17:29.804+0000] {logging_mixin.py:188} INFO - [2026-05-09T12:17:29.804+0000] {dag.py:3954} INFO - Setting next_dagrun for tutorial_taskflow_api_virtualenv to None, run_after=None
[2026-05-09T12:17:29.821+0000] {processor.py:183} INFO - Processing /home/vscode/.local/lib/python3.11/site-packages/airflow/example_dags/tutorial_taskflow_api_virtualenv.py took 0.056 seconds
[2026-05-09T12:18:12.549+0000] {processor.py:161} INFO - Started process (PID=40227) to work on /home/vscode/.local/lib/python3.11/site-packages/airflow/example_dags/tutorial_taskflow_api_virtualenv.py
[2026-05-09T12:18:12.549+0000] {processor.py:830} INFO - Processing file /home/vscode/.local/lib/python3.11/site-packages/airflow/example_dags/tutorial_taskflow_api_virtualenv.py for tasks to queue
[2026-05-09T12:18:12.550+0000] {logging_mixin.py:188} INFO - [2026-05-09T12:18:12.550+0000] {dagbag.py:545} INFO - Filling up the DagBag from /home/vscode/.local/lib/python3.11/site-packages/airflow/example_dags/tutorial_taskflow_api_virtualenv.py
[2026-05-09T12:18:12.559+0000] {processor.py:840} INFO - DAG(s) 'tutorial_taskflow_api_virtualenv' retrieved from /home/vscode/.local/lib/python3.11/site-packages/airflow/example_dags/tutorial_taskflow_api_virtualenv.py
[2026-05-09T12:18:12.570+0000] {logging_mixin.py:188} INFO - [2026-05-09T12:18:12.570+0000] {dag.py:3096} INFO - Sync 1 DAGs
[2026-05-09T12:18:12.579+0000] {logging_mixin.py:188} INFO - [2026-05-09T12:18:12.579+0000] {dag.py:3954} INFO - Setting next_dagrun for tutorial_taskflow_api_virtualenv to None, run_after=None
[2026-05-09T12:18:12.594+0000] {processor.py:183} INFO - Processing /home/vscode/.local/lib/python3.11/site-packages/airflow/example_dags/tutorial_taskflow_api_virtualenv.py took 0.052 seconds
[2026-05-09T12:18:53.080+0000] {processor.py:161} INFO - Started process (PID=40642) to work on /home/vscode/.local/lib/python3.11/site-packages/airflow/example_dags/tutorial_taskflow_api_virtualenv.py
[2026-05-09T12:18:53.080+0000] {processor.py:830} INFO - Processing file /home/vscode/.local/lib/python3.11/site-packages/airflow/example_dags/tutorial_taskflow_api_virtualenv.py for tasks to queue
[2026-05-09T12:18:53.081+0000] {logging_mixin.py:188} INFO - [2026-05-09T12:18:53.081+0000] {dagbag.py:545} INFO - Filling up the DagBag from /home/vscode/.local/lib/python3.11/site-packages/airflow/example_dags/tutorial_taskflow_api_virtualenv.py
[2026-05-09T12:18:53.089+0000] {processor.py:840} INFO - DAG(s) 'tutorial_taskflow_api_virtualenv' retrieved from /home/vscode/.local/lib/python3.11/site-packages/airflow/example_dags/tutorial_taskflow_api_virtualenv.py
[2026-05-09T12:18:53.100+0000] {logging_mixin.py:188} INFO - [2026-05-09T12:18:53.100+0000] {dag.py:3096} INFO - Sync 1 DAGs
[2026-05-09T12:18:53.108+0000] {logging_mixin.py:188} INFO - [2026-05-09T12:18:53.108+0000] {dag.py:3954} INFO - Setting next_dagrun for tutorial_taskflow_api_virtualenv to None, run_after=None
[2026-05-09T12:18:53.129+0000] {processor.py:183} INFO - Processing /home/vscode/.local/lib/python3.11/site-packages/airflow/example_dags/tutorial_taskflow_api_virtualenv.py took 0.055 seconds
[2026-05-09T12:19:34.645+0000] {processor.py:161} INFO - Started process (PID=40935) to work on /home/vscode/.local/lib/python3.11/site-packages/airflow/example_dags/tutorial_taskflow_api_virtualenv.py
[2026-05-09T12:19:34.645+0000] {processor.py:830} INFO - Processing file /home/vscode/.local/lib/python3.11/site-packages/airflow/example_dags/tutorial_taskflow_api_virtualenv.py for tasks to queue
[2026-05-09T12:19:34.646+0000] {logging_mixin.py:188} INFO - [2026-05-09T12:19:34.646+0000] {dagbag.py:545} INFO - Filling up the DagBag from /home/vscode/.local/lib/python3.11/site-packages/airflow/example_dags/tutorial_taskflow_api_virtualenv.py
[2026-05-09T12:19:34.656+0000] {processor.py:840} INFO - DAG(s) 'tutorial_taskflow_api_virtualenv' retrieved from /home/vscode/.local/lib/python3.11/site-packages/airflow/example_dags/tutorial_taskflow_api_virtualenv.py
[2026-05-09T12:19:34.668+0000] {logging_mixin.py:188} INFO - [2026-05-09T12:19:34.668+0000] {dag.py:3096} INFO - Sync 1 DAGs
[2026-05-09T12:19:34.676+0000] {logging_mixin.py:188} INFO - [2026-05-09T12:19:34.676+0000] {dag.py:3954} INFO - Setting next_dagrun for tutorial_taskflow_api_virtualenv to None, run_after=None
[2026-05-09T12:19:34.693+0000] {processor.py:183} INFO - Processing /home/vscode/.local/lib/python3.11/site-packages/airflow/example_dags/tutorial_taskflow_api_virtualenv.py took 0.069 seconds
[2026-05-09T12:20:21.254+0000] {processor.py:161} INFO - Started process (PID=41315) to work on /home/vscode/.local/lib/python3.11/site-packages/airflow/example_dags/tutorial_taskflow_api_virtualenv.py
[2026-05-09T12:20:21.254+0000] {processor.py:830} INFO - Processing file /home/vscode/.local/lib/python3.11/site-packages/airflow/example_dags/tutorial_taskflow_api_virtualenv.py for tasks to queue
[2026-05-09T12:20:21.255+0000] {logging_mixin.py:188} INFO - [2026-05-09T12:20:21.255+0000] {dagbag.py:545} INFO - Filling up the DagBag from /home/vscode/.local/lib/python3.11/site-packages/airflow/example_dags/tutorial_taskflow_api_virtualenv.py
[2026-05-09T12:20:21.263+0000] {processor.py:840} INFO - DAG(s) 'tutorial_taskflow_api_virtualenv' retrieved from /home/vscode/.local/lib/python3.11/site-packages/airflow/example_dags/tutorial_taskflow_api_virtualenv.py
[2026-05-09T12:20:21.275+0000] {logging_mixin.py:188} INFO - [2026-05-09T12:20:21.275+0000] {dag.py:3096} INFO - Sync 1 DAGs
[2026-05-09T12:20:21.283+0000] {logging_mixin.py:188} INFO - [2026-05-09T12:20:21.283+0000] {dag.py:3954} INFO - Setting next_dagrun for tutorial_taskflow_api_virtualenv to None, run_after=None
[2026-05-09T12:20:21.304+0000] {processor.py:183} INFO - Processing /home/vscode/.local/lib/python3.11/site-packages/airflow/example_dags/tutorial_taskflow_api_virtualenv.py took 0.056 seconds
[2026-05-09T12:21:01.862+0000] {processor.py:161} INFO - Started process (PID=41666) to work on /home/vscode/.local/lib/python3.11/site-packages/airflow/example_dags/tutorial_taskflow_api_virtualenv.py
[2026-05-09T12:21:01.863+0000] {processor.py:830} INFO - Processing file /home/vscode/.local/lib/python3.11/site-packages/airflow/example_dags/tutorial_taskflow_api_virtualenv.py for tasks to queue
[2026-05-09T12:21:01.863+0000] {logging_mixin.py:188} INFO - [2026-05-09T12:21:01.863+0000] {dagbag.py:545} INFO - Filling up the DagBag from /home/vscode/.local/lib/python3.11/site-packages/airflow/example_dags/tutorial_taskflow_api_virtualenv.py
[2026-05-09T12:21:01.871+0000] {processor.py:840} INFO - DAG(s) 'tutorial_taskflow_api_virtualenv' retrieved from /home/vscode/.local/lib/python3.11/site-packages/airflow/example_dags/tutorial_taskflow_api_virtualenv.py
[2026-05-09T12:21:01.882+0000] {logging_mixin.py:188} INFO - [2026-05-09T12:21:01.882+0000] {dag.py:3096} INFO - Sync 1 DAGs
[2026-05-09T12:21:01.891+0000] {logging_mixin.py:188} INFO - [2026-05-09T12:21:01.891+0000] {dag.py:3954} INFO - Setting next_dagrun for tutorial_taskflow_api_virtualenv to None, run_after=None
[2026-05-09T12:21:01.910+0000] {processor.py:183} INFO - Processing /home/vscode/.local/lib/python3.11/site-packages/airflow/example_dags/tutorial_taskflow_api_virtualenv.py took 0.054 seconds
