[2026-05-09T11:18:41.740+0000] {processor.py:161} INFO - Started process (PID=7066) to work on /home/vscode/.local/lib/python3.11/site-packages/airflow/example_dags/tutorial_objectstorage.py
[2026-05-09T11:18:41.740+0000] {processor.py:830} INFO - Processing file /home/vscode/.local/lib/python3.11/site-packages/airflow/example_dags/tutorial_objectstorage.py for tasks to queue
[2026-05-09T11:18:41.741+0000] {logging_mixin.py:188} INFO - [2026-05-09T11:18:41.741+0000] {dagbag.py:545} INFO - Filling up the DagBag from /home/vscode/.local/lib/python3.11/site-packages/airflow/example_dags/tutorial_objectstorage.py
[2026-05-09T11:18:41.744+0000] {logging_mixin.py:188} INFO - [2026-05-09T11:18:41.743+0000] {dagbag.py:355} ERROR - Failed to import: /home/vscode/.local/lib/python3.11/site-packages/airflow/example_dags/tutorial_objectstorage.py
Traceback (most recent call last):
  File "/home/vscode/.local/lib/python3.11/site-packages/airflow/models/dagbag.py", line 351, in parse
    loader.exec_module(new_module)
  File "<frozen importlib._bootstrap_external>", line 940, in exec_module
  File "<frozen importlib._bootstrap>", line 241, in _call_with_frames_removed
  File "/home/vscode/.local/lib/python3.11/site-packages/airflow/example_dags/tutorial_objectstorage.py", line 46, in <module>
    base = ObjectStoragePath("s3://aws_default@airflow-tutorial-data/")
           ^^^^^^^^^^^^^^^^^^^^^^^^^^^^^^^^^^^^^^^^^^^^^^^^^^^^^^^^^^^^
  File "/home/vscode/.local/lib/python3.11/site-packages/upath/core.py", line 164, in __call__
    inst = cls.__new__(cls, *args, **kwargs)
           ^^^^^^^^^^^^^^^^^^^^^^^^^^^^^^^^^
  File "/home/vscode/.local/lib/python3.11/site-packages/upath/core.py", line 469, in __new__
    raise _IncompatibleProtocolError(msg)
TypeError: ObjectStoragePath(...) detected protocol s3 which is incompatible with ObjectStoragePath.
[2026-05-09T11:18:41.744+0000] {processor.py:842} WARNING - No viable dags retrieved from /home/vscode/.local/lib/python3.11/site-packages/airflow/example_dags/tutorial_objectstorage.py
[2026-05-09T11:18:41.758+0000] {processor.py:183} INFO - Processing /home/vscode/.local/lib/python3.11/site-packages/airflow/example_dags/tutorial_objectstorage.py took 0.024 seconds
[2026-05-09T11:19:39.807+0000] {processor.py:161} INFO - Started process (PID=7585) to work on /home/vscode/.local/lib/python3.11/site-packages/airflow/example_dags/tutorial_objectstorage.py
[2026-05-09T11:19:39.808+0000] {processor.py:830} INFO - Processing file /home/vscode/.local/lib/python3.11/site-packages/airflow/example_dags/tutorial_objectstorage.py for tasks to queue
[2026-05-09T11:19:39.808+0000] {logging_mixin.py:188} INFO - [2026-05-09T11:19:39.808+0000] {dagbag.py:545} INFO - Filling up the DagBag from /home/vscode/.local/lib/python3.11/site-packages/airflow/example_dags/tutorial_objectstorage.py
[2026-05-09T11:19:39.812+0000] {logging_mixin.py:188} INFO - [2026-05-09T11:19:39.810+0000] {dagbag.py:355} ERROR - Failed to import: /home/vscode/.local/lib/python3.11/site-packages/airflow/example_dags/tutorial_objectstorage.py
Traceback (most recent call last):
  File "/home/vscode/.local/lib/python3.11/site-packages/airflow/models/dagbag.py", line 351, in parse
    loader.exec_module(new_module)
  File "<frozen importlib._bootstrap_external>", line 940, in exec_module
  File "<frozen importlib._bootstrap>", line 241, in _call_with_frames_removed
  File "/home/vscode/.local/lib/python3.11/site-packages/airflow/example_dags/tutorial_objectstorage.py", line 46, in <module>
    base = ObjectStoragePath("s3://aws_default@airflow-tutorial-data/")
           ^^^^^^^^^^^^^^^^^^^^^^^^^^^^^^^^^^^^^^^^^^^^^^^^^^^^^^^^^^^^
  File "/home/vscode/.local/lib/python3.11/site-packages/upath/core.py", line 164, in __call__
    inst = cls.__new__(cls, *args, **kwargs)
           ^^^^^^^^^^^^^^^^^^^^^^^^^^^^^^^^^
  File "/home/vscode/.local/lib/python3.11/site-packages/upath/core.py", line 469, in __new__
    raise _IncompatibleProtocolError(msg)
TypeError: ObjectStoragePath(...) detected protocol s3 which is incompatible with ObjectStoragePath.
[2026-05-09T11:19:39.812+0000] {processor.py:842} WARNING - No viable dags retrieved from /home/vscode/.local/lib/python3.11/site-packages/airflow/example_dags/tutorial_objectstorage.py
[2026-05-09T11:19:39.826+0000] {processor.py:183} INFO - Processing /home/vscode/.local/lib/python3.11/site-packages/airflow/example_dags/tutorial_objectstorage.py took 0.025 seconds
[2026-05-09T11:20:32.868+0000] {processor.py:161} INFO - Started process (PID=8039) to work on /home/vscode/.local/lib/python3.11/site-packages/airflow/example_dags/tutorial_objectstorage.py
[2026-05-09T11:20:32.869+0000] {processor.py:830} INFO - Processing file /home/vscode/.local/lib/python3.11/site-packages/airflow/example_dags/tutorial_objectstorage.py for tasks to queue
[2026-05-09T11:20:32.869+0000] {logging_mixin.py:188} INFO - [2026-05-09T11:20:32.869+0000] {dagbag.py:545} INFO - Filling up the DagBag from /home/vscode/.local/lib/python3.11/site-packages/airflow/example_dags/tutorial_objectstorage.py
[2026-05-09T11:20:32.873+0000] {logging_mixin.py:188} INFO - [2026-05-09T11:20:32.871+0000] {dagbag.py:355} ERROR - Failed to import: /home/vscode/.local/lib/python3.11/site-packages/airflow/example_dags/tutorial_objectstorage.py
Traceback (most recent call last):
  File "/home/vscode/.local/lib/python3.11/site-packages/airflow/models/dagbag.py", line 351, in parse
    loader.exec_module(new_module)
  File "<frozen importlib._bootstrap_external>", line 940, in exec_module
  File "<frozen importlib._bootstrap>", line 241, in _call_with_frames_removed
  File "/home/vscode/.local/lib/python3.11/site-packages/airflow/example_dags/tutorial_objectstorage.py", line 46, in <module>
    base = ObjectStoragePath("s3://aws_default@airflow-tutorial-data/")
           ^^^^^^^^^^^^^^^^^^^^^^^^^^^^^^^^^^^^^^^^^^^^^^^^^^^^^^^^^^^^
  File "/home/vscode/.local/lib/python3.11/site-packages/upath/core.py", line 164, in __call__
    inst = cls.__new__(cls, *args, **kwargs)
           ^^^^^^^^^^^^^^^^^^^^^^^^^^^^^^^^^
  File "/home/vscode/.local/lib/python3.11/site-packages/upath/core.py", line 469, in __new__
    raise _IncompatibleProtocolError(msg)
TypeError: ObjectStoragePath(...) detected protocol s3 which is incompatible with ObjectStoragePath.
[2026-05-09T11:20:32.874+0000] {processor.py:842} WARNING - No viable dags retrieved from /home/vscode/.local/lib/python3.11/site-packages/airflow/example_dags/tutorial_objectstorage.py
[2026-05-09T11:20:32.889+0000] {processor.py:183} INFO - Processing /home/vscode/.local/lib/python3.11/site-packages/airflow/example_dags/tutorial_objectstorage.py took 0.028 seconds
[2026-05-09T11:21:17.181+0000] {processor.py:161} INFO - Started process (PID=8372) to work on /home/vscode/.local/lib/python3.11/site-packages/airflow/example_dags/tutorial_objectstorage.py
[2026-05-09T11:21:17.182+0000] {processor.py:830} INFO - Processing file /home/vscode/.local/lib/python3.11/site-packages/airflow/example_dags/tutorial_objectstorage.py for tasks to queue
[2026-05-09T11:21:17.182+0000] {logging_mixin.py:188} INFO - [2026-05-09T11:21:17.182+0000] {dagbag.py:545} INFO - Filling up the DagBag from /home/vscode/.local/lib/python3.11/site-packages/airflow/example_dags/tutorial_objectstorage.py
[2026-05-09T11:21:17.185+0000] {logging_mixin.py:188} INFO - [2026-05-09T11:21:17.184+0000] {dagbag.py:355} ERROR - Failed to import: /home/vscode/.local/lib/python3.11/site-packages/airflow/example_dags/tutorial_objectstorage.py
Traceback (most recent call last):
  File "/home/vscode/.local/lib/python3.11/site-packages/airflow/models/dagbag.py", line 351, in parse
    loader.exec_module(new_module)
  File "<frozen importlib._bootstrap_external>", line 940, in exec_module
  File "<frozen importlib._bootstrap>", line 241, in _call_with_frames_removed
  File "/home/vscode/.local/lib/python3.11/site-packages/airflow/example_dags/tutorial_objectstorage.py", line 46, in <module>
    base = ObjectStoragePath("s3://aws_default@airflow-tutorial-data/")
           ^^^^^^^^^^^^^^^^^^^^^^^^^^^^^^^^^^^^^^^^^^^^^^^^^^^^^^^^^^^^
  File "/home/vscode/.local/lib/python3.11/site-packages/upath/core.py", line 164, in __call__
    inst = cls.__new__(cls, *args, **kwargs)
           ^^^^^^^^^^^^^^^^^^^^^^^^^^^^^^^^^
  File "/home/vscode/.local/lib/python3.11/site-packages/upath/core.py", line 469, in __new__
    raise _IncompatibleProtocolError(msg)
TypeError: ObjectStoragePath(...) detected protocol s3 which is incompatible with ObjectStoragePath.
[2026-05-09T11:21:17.186+0000] {processor.py:842} WARNING - No viable dags retrieved from /home/vscode/.local/lib/python3.11/site-packages/airflow/example_dags/tutorial_objectstorage.py
[2026-05-09T11:21:17.200+0000] {processor.py:183} INFO - Processing /home/vscode/.local/lib/python3.11/site-packages/airflow/example_dags/tutorial_objectstorage.py took 0.028 seconds
[2026-05-09T11:21:58.170+0000] {processor.py:161} INFO - Started process (PID=8855) to work on /home/vscode/.local/lib/python3.11/site-packages/airflow/example_dags/tutorial_objectstorage.py
[2026-05-09T11:21:58.171+0000] {processor.py:830} INFO - Processing file /home/vscode/.local/lib/python3.11/site-packages/airflow/example_dags/tutorial_objectstorage.py for tasks to queue
[2026-05-09T11:21:58.172+0000] {logging_mixin.py:188} INFO - [2026-05-09T11:21:58.172+0000] {dagbag.py:545} INFO - Filling up the DagBag from /home/vscode/.local/lib/python3.11/site-packages/airflow/example_dags/tutorial_objectstorage.py
[2026-05-09T11:21:58.179+0000] {logging_mixin.py:188} INFO - [2026-05-09T11:21:58.175+0000] {dagbag.py:355} ERROR - Failed to import: /home/vscode/.local/lib/python3.11/site-packages/airflow/example_dags/tutorial_objectstorage.py
Traceback (most recent call last):
  File "/home/vscode/.local/lib/python3.11/site-packages/airflow/models/dagbag.py", line 351, in parse
    loader.exec_module(new_module)
  File "<frozen importlib._bootstrap_external>", line 940, in exec_module
  File "<frozen importlib._bootstrap>", line 241, in _call_with_frames_removed
  File "/home/vscode/.local/lib/python3.11/site-packages/airflow/example_dags/tutorial_objectstorage.py", line 46, in <module>
    base = ObjectStoragePath("s3://aws_default@airflow-tutorial-data/")
           ^^^^^^^^^^^^^^^^^^^^^^^^^^^^^^^^^^^^^^^^^^^^^^^^^^^^^^^^^^^^
  File "/home/vscode/.local/lib/python3.11/site-packages/upath/core.py", line 164, in __call__
    inst = cls.__new__(cls, *args, **kwargs)
           ^^^^^^^^^^^^^^^^^^^^^^^^^^^^^^^^^
  File "/home/vscode/.local/lib/python3.11/site-packages/upath/core.py", line 469, in __new__
    raise _IncompatibleProtocolError(msg)
TypeError: ObjectStoragePath(...) detected protocol s3 which is incompatible with ObjectStoragePath.
[2026-05-09T11:21:58.179+0000] {processor.py:842} WARNING - No viable dags retrieved from /home/vscode/.local/lib/python3.11/site-packages/airflow/example_dags/tutorial_objectstorage.py
[2026-05-09T11:21:58.194+0000] {processor.py:183} INFO - Processing /home/vscode/.local/lib/python3.11/site-packages/airflow/example_dags/tutorial_objectstorage.py took 0.035 seconds
[2026-05-09T11:22:37.847+0000] {processor.py:161} INFO - Started process (PID=9320) to work on /home/vscode/.local/lib/python3.11/site-packages/airflow/example_dags/tutorial_objectstorage.py
[2026-05-09T11:22:37.848+0000] {processor.py:830} INFO - Processing file /home/vscode/.local/lib/python3.11/site-packages/airflow/example_dags/tutorial_objectstorage.py for tasks to queue
[2026-05-09T11:22:37.849+0000] {logging_mixin.py:188} INFO - [2026-05-09T11:22:37.848+0000] {dagbag.py:545} INFO - Filling up the DagBag from /home/vscode/.local/lib/python3.11/site-packages/airflow/example_dags/tutorial_objectstorage.py
[2026-05-09T11:22:37.852+0000] {logging_mixin.py:188} INFO - [2026-05-09T11:22:37.850+0000] {dagbag.py:355} ERROR - Failed to import: /home/vscode/.local/lib/python3.11/site-packages/airflow/example_dags/tutorial_objectstorage.py
Traceback (most recent call last):
  File "/home/vscode/.local/lib/python3.11/site-packages/airflow/models/dagbag.py", line 351, in parse
    loader.exec_module(new_module)
  File "<frozen importlib._bootstrap_external>", line 940, in exec_module
  File "<frozen importlib._bootstrap>", line 241, in _call_with_frames_removed
  File "/home/vscode/.local/lib/python3.11/site-packages/airflow/example_dags/tutorial_objectstorage.py", line 46, in <module>
    base = ObjectStoragePath("s3://aws_default@airflow-tutorial-data/")
           ^^^^^^^^^^^^^^^^^^^^^^^^^^^^^^^^^^^^^^^^^^^^^^^^^^^^^^^^^^^^
  File "/home/vscode/.local/lib/python3.11/site-packages/upath/core.py", line 164, in __call__
    inst = cls.__new__(cls, *args, **kwargs)
           ^^^^^^^^^^^^^^^^^^^^^^^^^^^^^^^^^
  File "/home/vscode/.local/lib/python3.11/site-packages/upath/core.py", line 469, in __new__
    raise _IncompatibleProtocolError(msg)
TypeError: ObjectStoragePath(...) detected protocol s3 which is incompatible with ObjectStoragePath.
[2026-05-09T11:22:37.852+0000] {processor.py:842} WARNING - No viable dags retrieved from /home/vscode/.local/lib/python3.11/site-packages/airflow/example_dags/tutorial_objectstorage.py
[2026-05-09T11:22:37.865+0000] {processor.py:183} INFO - Processing /home/vscode/.local/lib/python3.11/site-packages/airflow/example_dags/tutorial_objectstorage.py took 0.024 seconds
[2026-05-09T11:23:27.966+0000] {processor.py:161} INFO - Started process (PID=9886) to work on /home/vscode/.local/lib/python3.11/site-packages/airflow/example_dags/tutorial_objectstorage.py
[2026-05-09T11:23:27.967+0000] {processor.py:830} INFO - Processing file /home/vscode/.local/lib/python3.11/site-packages/airflow/example_dags/tutorial_objectstorage.py for tasks to queue
[2026-05-09T11:23:27.967+0000] {logging_mixin.py:188} INFO - [2026-05-09T11:23:27.967+0000] {dagbag.py:545} INFO - Filling up the DagBag from /home/vscode/.local/lib/python3.11/site-packages/airflow/example_dags/tutorial_objectstorage.py
[2026-05-09T11:23:27.971+0000] {logging_mixin.py:188} INFO - [2026-05-09T11:23:27.969+0000] {dagbag.py:355} ERROR - Failed to import: /home/vscode/.local/lib/python3.11/site-packages/airflow/example_dags/tutorial_objectstorage.py
Traceback (most recent call last):
  File "/home/vscode/.local/lib/python3.11/site-packages/airflow/models/dagbag.py", line 351, in parse
    loader.exec_module(new_module)
  File "<frozen importlib._bootstrap_external>", line 940, in exec_module
  File "<frozen importlib._bootstrap>", line 241, in _call_with_frames_removed
  File "/home/vscode/.local/lib/python3.11/site-packages/airflow/example_dags/tutorial_objectstorage.py", line 46, in <module>
    base = ObjectStoragePath("s3://aws_default@airflow-tutorial-data/")
           ^^^^^^^^^^^^^^^^^^^^^^^^^^^^^^^^^^^^^^^^^^^^^^^^^^^^^^^^^^^^
  File "/home/vscode/.local/lib/python3.11/site-packages/upath/core.py", line 164, in __call__
    inst = cls.__new__(cls, *args, **kwargs)
           ^^^^^^^^^^^^^^^^^^^^^^^^^^^^^^^^^
  File "/home/vscode/.local/lib/python3.11/site-packages/upath/core.py", line 469, in __new__
    raise _IncompatibleProtocolError(msg)
TypeError: ObjectStoragePath(...) detected protocol s3 which is incompatible with ObjectStoragePath.
[2026-05-09T11:23:27.971+0000] {processor.py:842} WARNING - No viable dags retrieved from /home/vscode/.local/lib/python3.11/site-packages/airflow/example_dags/tutorial_objectstorage.py
[2026-05-09T11:23:27.985+0000] {processor.py:183} INFO - Processing /home/vscode/.local/lib/python3.11/site-packages/airflow/example_dags/tutorial_objectstorage.py took 0.025 seconds
[2026-05-09T11:24:08.196+0000] {processor.py:161} INFO - Started process (PID=10431) to work on /home/vscode/.local/lib/python3.11/site-packages/airflow/example_dags/tutorial_objectstorage.py
[2026-05-09T11:24:08.197+0000] {processor.py:830} INFO - Processing file /home/vscode/.local/lib/python3.11/site-packages/airflow/example_dags/tutorial_objectstorage.py for tasks to queue
[2026-05-09T11:24:08.197+0000] {logging_mixin.py:188} INFO - [2026-05-09T11:24:08.197+0000] {dagbag.py:545} INFO - Filling up the DagBag from /home/vscode/.local/lib/python3.11/site-packages/airflow/example_dags/tutorial_objectstorage.py
[2026-05-09T11:24:08.203+0000] {logging_mixin.py:188} INFO - [2026-05-09T11:24:08.200+0000] {dagbag.py:355} ERROR - Failed to import: /home/vscode/.local/lib/python3.11/site-packages/airflow/example_dags/tutorial_objectstorage.py
Traceback (most recent call last):
  File "/home/vscode/.local/lib/python3.11/site-packages/airflow/models/dagbag.py", line 351, in parse
    loader.exec_module(new_module)
  File "<frozen importlib._bootstrap_external>", line 940, in exec_module
  File "<frozen importlib._bootstrap>", line 241, in _call_with_frames_removed
  File "/home/vscode/.local/lib/python3.11/site-packages/airflow/example_dags/tutorial_objectstorage.py", line 46, in <module>
    base = ObjectStoragePath("s3://aws_default@airflow-tutorial-data/")
           ^^^^^^^^^^^^^^^^^^^^^^^^^^^^^^^^^^^^^^^^^^^^^^^^^^^^^^^^^^^^
  File "/home/vscode/.local/lib/python3.11/site-packages/upath/core.py", line 164, in __call__
    inst = cls.__new__(cls, *args, **kwargs)
           ^^^^^^^^^^^^^^^^^^^^^^^^^^^^^^^^^
  File "/home/vscode/.local/lib/python3.11/site-packages/upath/core.py", line 469, in __new__
    raise _IncompatibleProtocolError(msg)
TypeError: ObjectStoragePath(...) detected protocol s3 which is incompatible with ObjectStoragePath.
[2026-05-09T11:24:08.203+0000] {processor.py:842} WARNING - No viable dags retrieved from /home/vscode/.local/lib/python3.11/site-packages/airflow/example_dags/tutorial_objectstorage.py
[2026-05-09T11:24:08.218+0000] {processor.py:183} INFO - Processing /home/vscode/.local/lib/python3.11/site-packages/airflow/example_dags/tutorial_objectstorage.py took 0.029 seconds
[2026-05-09T11:24:49.203+0000] {processor.py:161} INFO - Started process (PID=10992) to work on /home/vscode/.local/lib/python3.11/site-packages/airflow/example_dags/tutorial_objectstorage.py
[2026-05-09T11:24:49.203+0000] {processor.py:830} INFO - Processing file /home/vscode/.local/lib/python3.11/site-packages/airflow/example_dags/tutorial_objectstorage.py for tasks to queue
[2026-05-09T11:24:49.204+0000] {logging_mixin.py:188} INFO - [2026-05-09T11:24:49.203+0000] {dagbag.py:545} INFO - Filling up the DagBag from /home/vscode/.local/lib/python3.11/site-packages/airflow/example_dags/tutorial_objectstorage.py
[2026-05-09T11:24:49.207+0000] {logging_mixin.py:188} INFO - [2026-05-09T11:24:49.205+0000] {dagbag.py:355} ERROR - Failed to import: /home/vscode/.local/lib/python3.11/site-packages/airflow/example_dags/tutorial_objectstorage.py
Traceback (most recent call last):
  File "/home/vscode/.local/lib/python3.11/site-packages/airflow/models/dagbag.py", line 351, in parse
    loader.exec_module(new_module)
  File "<frozen importlib._bootstrap_external>", line 940, in exec_module
  File "<frozen importlib._bootstrap>", line 241, in _call_with_frames_removed
  File "/home/vscode/.local/lib/python3.11/site-packages/airflow/example_dags/tutorial_objectstorage.py", line 46, in <module>
    base = ObjectStoragePath("s3://aws_default@airflow-tutorial-data/")
           ^^^^^^^^^^^^^^^^^^^^^^^^^^^^^^^^^^^^^^^^^^^^^^^^^^^^^^^^^^^^
  File "/home/vscode/.local/lib/python3.11/site-packages/upath/core.py", line 164, in __call__
    inst = cls.__new__(cls, *args, **kwargs)
           ^^^^^^^^^^^^^^^^^^^^^^^^^^^^^^^^^
  File "/home/vscode/.local/lib/python3.11/site-packages/upath/core.py", line 469, in __new__
    raise _IncompatibleProtocolError(msg)
TypeError: ObjectStoragePath(...) detected protocol s3 which is incompatible with ObjectStoragePath.
[2026-05-09T11:24:49.207+0000] {processor.py:842} WARNING - No viable dags retrieved from /home/vscode/.local/lib/python3.11/site-packages/airflow/example_dags/tutorial_objectstorage.py
[2026-05-09T11:24:49.220+0000] {processor.py:183} INFO - Processing /home/vscode/.local/lib/python3.11/site-packages/airflow/example_dags/tutorial_objectstorage.py took 0.024 seconds
[2026-05-09T11:25:30.419+0000] {processor.py:161} INFO - Started process (PID=11376) to work on /home/vscode/.local/lib/python3.11/site-packages/airflow/example_dags/tutorial_objectstorage.py
[2026-05-09T11:25:30.420+0000] {processor.py:830} INFO - Processing file /home/vscode/.local/lib/python3.11/site-packages/airflow/example_dags/tutorial_objectstorage.py for tasks to queue
[2026-05-09T11:25:30.420+0000] {logging_mixin.py:188} INFO - [2026-05-09T11:25:30.420+0000] {dagbag.py:545} INFO - Filling up the DagBag from /home/vscode/.local/lib/python3.11/site-packages/airflow/example_dags/tutorial_objectstorage.py
[2026-05-09T11:25:30.424+0000] {logging_mixin.py:188} INFO - [2026-05-09T11:25:30.422+0000] {dagbag.py:355} ERROR - Failed to import: /home/vscode/.local/lib/python3.11/site-packages/airflow/example_dags/tutorial_objectstorage.py
Traceback (most recent call last):
  File "/home/vscode/.local/lib/python3.11/site-packages/airflow/models/dagbag.py", line 351, in parse
    loader.exec_module(new_module)
  File "<frozen importlib._bootstrap_external>", line 940, in exec_module
  File "<frozen importlib._bootstrap>", line 241, in _call_with_frames_removed
  File "/home/vscode/.local/lib/python3.11/site-packages/airflow/example_dags/tutorial_objectstorage.py", line 46, in <module>
    base = ObjectStoragePath("s3://aws_default@airflow-tutorial-data/")
           ^^^^^^^^^^^^^^^^^^^^^^^^^^^^^^^^^^^^^^^^^^^^^^^^^^^^^^^^^^^^
  File "/home/vscode/.local/lib/python3.11/site-packages/upath/core.py", line 164, in __call__
    inst = cls.__new__(cls, *args, **kwargs)
           ^^^^^^^^^^^^^^^^^^^^^^^^^^^^^^^^^
  File "/home/vscode/.local/lib/python3.11/site-packages/upath/core.py", line 469, in __new__
    raise _IncompatibleProtocolError(msg)
TypeError: ObjectStoragePath(...) detected protocol s3 which is incompatible with ObjectStoragePath.
[2026-05-09T11:25:30.424+0000] {processor.py:842} WARNING - No viable dags retrieved from /home/vscode/.local/lib/python3.11/site-packages/airflow/example_dags/tutorial_objectstorage.py
[2026-05-09T11:25:30.439+0000] {processor.py:183} INFO - Processing /home/vscode/.local/lib/python3.11/site-packages/airflow/example_dags/tutorial_objectstorage.py took 0.027 seconds
[2026-05-09T11:26:10.315+0000] {processor.py:161} INFO - Started process (PID=11710) to work on /home/vscode/.local/lib/python3.11/site-packages/airflow/example_dags/tutorial_objectstorage.py
[2026-05-09T11:26:10.316+0000] {processor.py:830} INFO - Processing file /home/vscode/.local/lib/python3.11/site-packages/airflow/example_dags/tutorial_objectstorage.py for tasks to queue
[2026-05-09T11:26:10.317+0000] {logging_mixin.py:188} INFO - [2026-05-09T11:26:10.317+0000] {dagbag.py:545} INFO - Filling up the DagBag from /home/vscode/.local/lib/python3.11/site-packages/airflow/example_dags/tutorial_objectstorage.py
[2026-05-09T11:26:10.322+0000] {logging_mixin.py:188} INFO - [2026-05-09T11:26:10.320+0000] {dagbag.py:355} ERROR - Failed to import: /home/vscode/.local/lib/python3.11/site-packages/airflow/example_dags/tutorial_objectstorage.py
Traceback (most recent call last):
  File "/home/vscode/.local/lib/python3.11/site-packages/airflow/models/dagbag.py", line 351, in parse
    loader.exec_module(new_module)
  File "<frozen importlib._bootstrap_external>", line 940, in exec_module
  File "<frozen importlib._bootstrap>", line 241, in _call_with_frames_removed
  File "/home/vscode/.local/lib/python3.11/site-packages/airflow/example_dags/tutorial_objectstorage.py", line 46, in <module>
    base = ObjectStoragePath("s3://aws_default@airflow-tutorial-data/")
           ^^^^^^^^^^^^^^^^^^^^^^^^^^^^^^^^^^^^^^^^^^^^^^^^^^^^^^^^^^^^
  File "/home/vscode/.local/lib/python3.11/site-packages/upath/core.py", line 164, in __call__
    inst = cls.__new__(cls, *args, **kwargs)
           ^^^^^^^^^^^^^^^^^^^^^^^^^^^^^^^^^
  File "/home/vscode/.local/lib/python3.11/site-packages/upath/core.py", line 469, in __new__
    raise _IncompatibleProtocolError(msg)
TypeError: ObjectStoragePath(...) detected protocol s3 which is incompatible with ObjectStoragePath.
[2026-05-09T11:26:10.322+0000] {processor.py:842} WARNING - No viable dags retrieved from /home/vscode/.local/lib/python3.11/site-packages/airflow/example_dags/tutorial_objectstorage.py
[2026-05-09T11:26:10.336+0000] {processor.py:183} INFO - Processing /home/vscode/.local/lib/python3.11/site-packages/airflow/example_dags/tutorial_objectstorage.py took 0.030 seconds
[2026-05-09T11:26:50.279+0000] {processor.py:161} INFO - Started process (PID=12193) to work on /home/vscode/.local/lib/python3.11/site-packages/airflow/example_dags/tutorial_objectstorage.py
[2026-05-09T11:26:50.280+0000] {processor.py:830} INFO - Processing file /home/vscode/.local/lib/python3.11/site-packages/airflow/example_dags/tutorial_objectstorage.py for tasks to queue
[2026-05-09T11:26:50.280+0000] {logging_mixin.py:188} INFO - [2026-05-09T11:26:50.280+0000] {dagbag.py:545} INFO - Filling up the DagBag from /home/vscode/.local/lib/python3.11/site-packages/airflow/example_dags/tutorial_objectstorage.py
[2026-05-09T11:26:50.284+0000] {logging_mixin.py:188} INFO - [2026-05-09T11:26:50.282+0000] {dagbag.py:355} ERROR - Failed to import: /home/vscode/.local/lib/python3.11/site-packages/airflow/example_dags/tutorial_objectstorage.py
Traceback (most recent call last):
  File "/home/vscode/.local/lib/python3.11/site-packages/airflow/models/dagbag.py", line 351, in parse
    loader.exec_module(new_module)
  File "<frozen importlib._bootstrap_external>", line 940, in exec_module
  File "<frozen importlib._bootstrap>", line 241, in _call_with_frames_removed
  File "/home/vscode/.local/lib/python3.11/site-packages/airflow/example_dags/tutorial_objectstorage.py", line 46, in <module>
    base = ObjectStoragePath("s3://aws_default@airflow-tutorial-data/")
           ^^^^^^^^^^^^^^^^^^^^^^^^^^^^^^^^^^^^^^^^^^^^^^^^^^^^^^^^^^^^
  File "/home/vscode/.local/lib/python3.11/site-packages/upath/core.py", line 164, in __call__
    inst = cls.__new__(cls, *args, **kwargs)
           ^^^^^^^^^^^^^^^^^^^^^^^^^^^^^^^^^
  File "/home/vscode/.local/lib/python3.11/site-packages/upath/core.py", line 469, in __new__
    raise _IncompatibleProtocolError(msg)
TypeError: ObjectStoragePath(...) detected protocol s3 which is incompatible with ObjectStoragePath.
[2026-05-09T11:26:50.284+0000] {processor.py:842} WARNING - No viable dags retrieved from /home/vscode/.local/lib/python3.11/site-packages/airflow/example_dags/tutorial_objectstorage.py
[2026-05-09T11:26:50.298+0000] {processor.py:183} INFO - Processing /home/vscode/.local/lib/python3.11/site-packages/airflow/example_dags/tutorial_objectstorage.py took 0.026 seconds
[2026-05-09T11:27:30.795+0000] {processor.py:161} INFO - Started process (PID=12659) to work on /home/vscode/.local/lib/python3.11/site-packages/airflow/example_dags/tutorial_objectstorage.py
[2026-05-09T11:27:30.796+0000] {processor.py:830} INFO - Processing file /home/vscode/.local/lib/python3.11/site-packages/airflow/example_dags/tutorial_objectstorage.py for tasks to queue
[2026-05-09T11:27:30.796+0000] {logging_mixin.py:188} INFO - [2026-05-09T11:27:30.796+0000] {dagbag.py:545} INFO - Filling up the DagBag from /home/vscode/.local/lib/python3.11/site-packages/airflow/example_dags/tutorial_objectstorage.py
[2026-05-09T11:27:30.800+0000] {logging_mixin.py:188} INFO - [2026-05-09T11:27:30.798+0000] {dagbag.py:355} ERROR - Failed to import: /home/vscode/.local/lib/python3.11/site-packages/airflow/example_dags/tutorial_objectstorage.py
Traceback (most recent call last):
  File "/home/vscode/.local/lib/python3.11/site-packages/airflow/models/dagbag.py", line 351, in parse
    loader.exec_module(new_module)
  File "<frozen importlib._bootstrap_external>", line 940, in exec_module
  File "<frozen importlib._bootstrap>", line 241, in _call_with_frames_removed
  File "/home/vscode/.local/lib/python3.11/site-packages/airflow/example_dags/tutorial_objectstorage.py", line 46, in <module>
    base = ObjectStoragePath("s3://aws_default@airflow-tutorial-data/")
           ^^^^^^^^^^^^^^^^^^^^^^^^^^^^^^^^^^^^^^^^^^^^^^^^^^^^^^^^^^^^
  File "/home/vscode/.local/lib/python3.11/site-packages/upath/core.py", line 164, in __call__
    inst = cls.__new__(cls, *args, **kwargs)
           ^^^^^^^^^^^^^^^^^^^^^^^^^^^^^^^^^
  File "/home/vscode/.local/lib/python3.11/site-packages/upath/core.py", line 469, in __new__
    raise _IncompatibleProtocolError(msg)
TypeError: ObjectStoragePath(...) detected protocol s3 which is incompatible with ObjectStoragePath.
[2026-05-09T11:27:30.800+0000] {processor.py:842} WARNING - No viable dags retrieved from /home/vscode/.local/lib/python3.11/site-packages/airflow/example_dags/tutorial_objectstorage.py
[2026-05-09T11:27:30.813+0000] {processor.py:183} INFO - Processing /home/vscode/.local/lib/python3.11/site-packages/airflow/example_dags/tutorial_objectstorage.py took 0.025 seconds
[2026-05-09T11:28:10.195+0000] {processor.py:161} INFO - Started process (PID=13154) to work on /home/vscode/.local/lib/python3.11/site-packages/airflow/example_dags/tutorial_objectstorage.py
[2026-05-09T11:28:10.196+0000] {processor.py:830} INFO - Processing file /home/vscode/.local/lib/python3.11/site-packages/airflow/example_dags/tutorial_objectstorage.py for tasks to queue
[2026-05-09T11:28:10.196+0000] {logging_mixin.py:188} INFO - [2026-05-09T11:28:10.196+0000] {dagbag.py:545} INFO - Filling up the DagBag from /home/vscode/.local/lib/python3.11/site-packages/airflow/example_dags/tutorial_objectstorage.py
[2026-05-09T11:28:10.200+0000] {logging_mixin.py:188} INFO - [2026-05-09T11:28:10.198+0000] {dagbag.py:355} ERROR - Failed to import: /home/vscode/.local/lib/python3.11/site-packages/airflow/example_dags/tutorial_objectstorage.py
Traceback (most recent call last):
  File "/home/vscode/.local/lib/python3.11/site-packages/airflow/models/dagbag.py", line 351, in parse
    loader.exec_module(new_module)
  File "<frozen importlib._bootstrap_external>", line 940, in exec_module
  File "<frozen importlib._bootstrap>", line 241, in _call_with_frames_removed
  File "/home/vscode/.local/lib/python3.11/site-packages/airflow/example_dags/tutorial_objectstorage.py", line 46, in <module>
    base = ObjectStoragePath("s3://aws_default@airflow-tutorial-data/")
           ^^^^^^^^^^^^^^^^^^^^^^^^^^^^^^^^^^^^^^^^^^^^^^^^^^^^^^^^^^^^
  File "/home/vscode/.local/lib/python3.11/site-packages/upath/core.py", line 164, in __call__
    inst = cls.__new__(cls, *args, **kwargs)
           ^^^^^^^^^^^^^^^^^^^^^^^^^^^^^^^^^
  File "/home/vscode/.local/lib/python3.11/site-packages/upath/core.py", line 469, in __new__
    raise _IncompatibleProtocolError(msg)
TypeError: ObjectStoragePath(...) detected protocol s3 which is incompatible with ObjectStoragePath.
[2026-05-09T11:28:10.200+0000] {processor.py:842} WARNING - No viable dags retrieved from /home/vscode/.local/lib/python3.11/site-packages/airflow/example_dags/tutorial_objectstorage.py
[2026-05-09T11:28:10.214+0000] {processor.py:183} INFO - Processing /home/vscode/.local/lib/python3.11/site-packages/airflow/example_dags/tutorial_objectstorage.py took 0.025 seconds
[2026-05-09T11:28:50.100+0000] {processor.py:161} INFO - Started process (PID=13662) to work on /home/vscode/.local/lib/python3.11/site-packages/airflow/example_dags/tutorial_objectstorage.py
[2026-05-09T11:28:50.100+0000] {processor.py:830} INFO - Processing file /home/vscode/.local/lib/python3.11/site-packages/airflow/example_dags/tutorial_objectstorage.py for tasks to queue
[2026-05-09T11:28:50.101+0000] {logging_mixin.py:188} INFO - [2026-05-09T11:28:50.101+0000] {dagbag.py:545} INFO - Filling up the DagBag from /home/vscode/.local/lib/python3.11/site-packages/airflow/example_dags/tutorial_objectstorage.py
[2026-05-09T11:28:50.104+0000] {logging_mixin.py:188} INFO - [2026-05-09T11:28:50.103+0000] {dagbag.py:355} ERROR - Failed to import: /home/vscode/.local/lib/python3.11/site-packages/airflow/example_dags/tutorial_objectstorage.py
Traceback (most recent call last):
  File "/home/vscode/.local/lib/python3.11/site-packages/airflow/models/dagbag.py", line 351, in parse
    loader.exec_module(new_module)
  File "<frozen importlib._bootstrap_external>", line 940, in exec_module
  File "<frozen importlib._bootstrap>", line 241, in _call_with_frames_removed
  File "/home/vscode/.local/lib/python3.11/site-packages/airflow/example_dags/tutorial_objectstorage.py", line 46, in <module>
    base = ObjectStoragePath("s3://aws_default@airflow-tutorial-data/")
           ^^^^^^^^^^^^^^^^^^^^^^^^^^^^^^^^^^^^^^^^^^^^^^^^^^^^^^^^^^^^
  File "/home/vscode/.local/lib/python3.11/site-packages/upath/core.py", line 164, in __call__
    inst = cls.__new__(cls, *args, **kwargs)
           ^^^^^^^^^^^^^^^^^^^^^^^^^^^^^^^^^
  File "/home/vscode/.local/lib/python3.11/site-packages/upath/core.py", line 469, in __new__
    raise _IncompatibleProtocolError(msg)
TypeError: ObjectStoragePath(...) detected protocol s3 which is incompatible with ObjectStoragePath.
[2026-05-09T11:28:50.105+0000] {processor.py:842} WARNING - No viable dags retrieved from /home/vscode/.local/lib/python3.11/site-packages/airflow/example_dags/tutorial_objectstorage.py
[2026-05-09T11:28:50.117+0000] {processor.py:183} INFO - Processing /home/vscode/.local/lib/python3.11/site-packages/airflow/example_dags/tutorial_objectstorage.py took 0.024 seconds
[2026-05-09T11:29:31.662+0000] {processor.py:161} INFO - Started process (PID=13985) to work on /home/vscode/.local/lib/python3.11/site-packages/airflow/example_dags/tutorial_objectstorage.py
[2026-05-09T11:29:31.662+0000] {processor.py:830} INFO - Processing file /home/vscode/.local/lib/python3.11/site-packages/airflow/example_dags/tutorial_objectstorage.py for tasks to queue
[2026-05-09T11:29:31.663+0000] {logging_mixin.py:188} INFO - [2026-05-09T11:29:31.663+0000] {dagbag.py:545} INFO - Filling up the DagBag from /home/vscode/.local/lib/python3.11/site-packages/airflow/example_dags/tutorial_objectstorage.py
[2026-05-09T11:29:31.667+0000] {logging_mixin.py:188} INFO - [2026-05-09T11:29:31.665+0000] {dagbag.py:355} ERROR - Failed to import: /home/vscode/.local/lib/python3.11/site-packages/airflow/example_dags/tutorial_objectstorage.py
Traceback (most recent call last):
  File "/home/vscode/.local/lib/python3.11/site-packages/airflow/models/dagbag.py", line 351, in parse
    loader.exec_module(new_module)
  File "<frozen importlib._bootstrap_external>", line 940, in exec_module
  File "<frozen importlib._bootstrap>", line 241, in _call_with_frames_removed
  File "/home/vscode/.local/lib/python3.11/site-packages/airflow/example_dags/tutorial_objectstorage.py", line 46, in <module>
    base = ObjectStoragePath("s3://aws_default@airflow-tutorial-data/")
           ^^^^^^^^^^^^^^^^^^^^^^^^^^^^^^^^^^^^^^^^^^^^^^^^^^^^^^^^^^^^
  File "/home/vscode/.local/lib/python3.11/site-packages/upath/core.py", line 164, in __call__
    inst = cls.__new__(cls, *args, **kwargs)
           ^^^^^^^^^^^^^^^^^^^^^^^^^^^^^^^^^
  File "/home/vscode/.local/lib/python3.11/site-packages/upath/core.py", line 469, in __new__
    raise _IncompatibleProtocolError(msg)
TypeError: ObjectStoragePath(...) detected protocol s3 which is incompatible with ObjectStoragePath.
[2026-05-09T11:29:31.668+0000] {processor.py:842} WARNING - No viable dags retrieved from /home/vscode/.local/lib/python3.11/site-packages/airflow/example_dags/tutorial_objectstorage.py
[2026-05-09T11:29:31.684+0000] {processor.py:183} INFO - Processing /home/vscode/.local/lib/python3.11/site-packages/airflow/example_dags/tutorial_objectstorage.py took 0.029 seconds
[2026-05-09T11:30:16.896+0000] {processor.py:161} INFO - Started process (PID=14444) to work on /home/vscode/.local/lib/python3.11/site-packages/airflow/example_dags/tutorial_objectstorage.py
[2026-05-09T11:30:16.897+0000] {processor.py:830} INFO - Processing file /home/vscode/.local/lib/python3.11/site-packages/airflow/example_dags/tutorial_objectstorage.py for tasks to queue
[2026-05-09T11:30:16.897+0000] {logging_mixin.py:188} INFO - [2026-05-09T11:30:16.897+0000] {dagbag.py:545} INFO - Filling up the DagBag from /home/vscode/.local/lib/python3.11/site-packages/airflow/example_dags/tutorial_objectstorage.py
[2026-05-09T11:30:16.901+0000] {logging_mixin.py:188} INFO - [2026-05-09T11:30:16.899+0000] {dagbag.py:355} ERROR - Failed to import: /home/vscode/.local/lib/python3.11/site-packages/airflow/example_dags/tutorial_objectstorage.py
Traceback (most recent call last):
  File "/home/vscode/.local/lib/python3.11/site-packages/airflow/models/dagbag.py", line 351, in parse
    loader.exec_module(new_module)
  File "<frozen importlib._bootstrap_external>", line 940, in exec_module
  File "<frozen importlib._bootstrap>", line 241, in _call_with_frames_removed
  File "/home/vscode/.local/lib/python3.11/site-packages/airflow/example_dags/tutorial_objectstorage.py", line 46, in <module>
    base = ObjectStoragePath("s3://aws_default@airflow-tutorial-data/")
           ^^^^^^^^^^^^^^^^^^^^^^^^^^^^^^^^^^^^^^^^^^^^^^^^^^^^^^^^^^^^
  File "/home/vscode/.local/lib/python3.11/site-packages/upath/core.py", line 164, in __call__
    inst = cls.__new__(cls, *args, **kwargs)
           ^^^^^^^^^^^^^^^^^^^^^^^^^^^^^^^^^
  File "/home/vscode/.local/lib/python3.11/site-packages/upath/core.py", line 469, in __new__
    raise _IncompatibleProtocolError(msg)
TypeError: ObjectStoragePath(...) detected protocol s3 which is incompatible with ObjectStoragePath.
[2026-05-09T11:30:16.901+0000] {processor.py:842} WARNING - No viable dags retrieved from /home/vscode/.local/lib/python3.11/site-packages/airflow/example_dags/tutorial_objectstorage.py
[2026-05-09T11:30:16.915+0000] {processor.py:183} INFO - Processing /home/vscode/.local/lib/python3.11/site-packages/airflow/example_dags/tutorial_objectstorage.py took 0.026 seconds
[2026-05-09T11:30:55.989+0000] {processor.py:161} INFO - Started process (PID=14993) to work on /home/vscode/.local/lib/python3.11/site-packages/airflow/example_dags/tutorial_objectstorage.py
[2026-05-09T11:30:55.989+0000] {processor.py:830} INFO - Processing file /home/vscode/.local/lib/python3.11/site-packages/airflow/example_dags/tutorial_objectstorage.py for tasks to queue
[2026-05-09T11:30:55.990+0000] {logging_mixin.py:188} INFO - [2026-05-09T11:30:55.990+0000] {dagbag.py:545} INFO - Filling up the DagBag from /home/vscode/.local/lib/python3.11/site-packages/airflow/example_dags/tutorial_objectstorage.py
[2026-05-09T11:30:55.994+0000] {logging_mixin.py:188} INFO - [2026-05-09T11:30:55.992+0000] {dagbag.py:355} ERROR - Failed to import: /home/vscode/.local/lib/python3.11/site-packages/airflow/example_dags/tutorial_objectstorage.py
Traceback (most recent call last):
  File "/home/vscode/.local/lib/python3.11/site-packages/airflow/models/dagbag.py", line 351, in parse
    loader.exec_module(new_module)
  File "<frozen importlib._bootstrap_external>", line 940, in exec_module
  File "<frozen importlib._bootstrap>", line 241, in _call_with_frames_removed
  File "/home/vscode/.local/lib/python3.11/site-packages/airflow/example_dags/tutorial_objectstorage.py", line 46, in <module>
    base = ObjectStoragePath("s3://aws_default@airflow-tutorial-data/")
           ^^^^^^^^^^^^^^^^^^^^^^^^^^^^^^^^^^^^^^^^^^^^^^^^^^^^^^^^^^^^
  File "/home/vscode/.local/lib/python3.11/site-packages/upath/core.py", line 164, in __call__
    inst = cls.__new__(cls, *args, **kwargs)
           ^^^^^^^^^^^^^^^^^^^^^^^^^^^^^^^^^
  File "/home/vscode/.local/lib/python3.11/site-packages/upath/core.py", line 469, in __new__
    raise _IncompatibleProtocolError(msg)
TypeError: ObjectStoragePath(...) detected protocol s3 which is incompatible with ObjectStoragePath.
[2026-05-09T11:30:55.994+0000] {processor.py:842} WARNING - No viable dags retrieved from /home/vscode/.local/lib/python3.11/site-packages/airflow/example_dags/tutorial_objectstorage.py
[2026-05-09T11:30:56.009+0000] {processor.py:183} INFO - Processing /home/vscode/.local/lib/python3.11/site-packages/airflow/example_dags/tutorial_objectstorage.py took 0.027 seconds
[2026-05-09T11:31:36.326+0000] {processor.py:161} INFO - Started process (PID=15508) to work on /home/vscode/.local/lib/python3.11/site-packages/airflow/example_dags/tutorial_objectstorage.py
[2026-05-09T11:31:36.326+0000] {processor.py:830} INFO - Processing file /home/vscode/.local/lib/python3.11/site-packages/airflow/example_dags/tutorial_objectstorage.py for tasks to queue
[2026-05-09T11:31:36.327+0000] {logging_mixin.py:188} INFO - [2026-05-09T11:31:36.327+0000] {dagbag.py:545} INFO - Filling up the DagBag from /home/vscode/.local/lib/python3.11/site-packages/airflow/example_dags/tutorial_objectstorage.py
[2026-05-09T11:31:36.330+0000] {logging_mixin.py:188} INFO - [2026-05-09T11:31:36.329+0000] {dagbag.py:355} ERROR - Failed to import: /home/vscode/.local/lib/python3.11/site-packages/airflow/example_dags/tutorial_objectstorage.py
Traceback (most recent call last):
  File "/home/vscode/.local/lib/python3.11/site-packages/airflow/models/dagbag.py", line 351, in parse
    loader.exec_module(new_module)
  File "<frozen importlib._bootstrap_external>", line 940, in exec_module
  File "<frozen importlib._bootstrap>", line 241, in _call_with_frames_removed
  File "/home/vscode/.local/lib/python3.11/site-packages/airflow/example_dags/tutorial_objectstorage.py", line 46, in <module>
    base = ObjectStoragePath("s3://aws_default@airflow-tutorial-data/")
           ^^^^^^^^^^^^^^^^^^^^^^^^^^^^^^^^^^^^^^^^^^^^^^^^^^^^^^^^^^^^
  File "/home/vscode/.local/lib/python3.11/site-packages/upath/core.py", line 164, in __call__
    inst = cls.__new__(cls, *args, **kwargs)
           ^^^^^^^^^^^^^^^^^^^^^^^^^^^^^^^^^
  File "/home/vscode/.local/lib/python3.11/site-packages/upath/core.py", line 469, in __new__
    raise _IncompatibleProtocolError(msg)
TypeError: ObjectStoragePath(...) detected protocol s3 which is incompatible with ObjectStoragePath.
[2026-05-09T11:31:36.330+0000] {processor.py:842} WARNING - No viable dags retrieved from /home/vscode/.local/lib/python3.11/site-packages/airflow/example_dags/tutorial_objectstorage.py
[2026-05-09T11:31:36.344+0000] {processor.py:183} INFO - Processing /home/vscode/.local/lib/python3.11/site-packages/airflow/example_dags/tutorial_objectstorage.py took 0.024 seconds
[2026-05-09T11:32:21.479+0000] {processor.py:161} INFO - Started process (PID=15853) to work on /home/vscode/.local/lib/python3.11/site-packages/airflow/example_dags/tutorial_objectstorage.py
[2026-05-09T11:32:21.479+0000] {processor.py:830} INFO - Processing file /home/vscode/.local/lib/python3.11/site-packages/airflow/example_dags/tutorial_objectstorage.py for tasks to queue
[2026-05-09T11:32:21.480+0000] {logging_mixin.py:188} INFO - [2026-05-09T11:32:21.480+0000] {dagbag.py:545} INFO - Filling up the DagBag from /home/vscode/.local/lib/python3.11/site-packages/airflow/example_dags/tutorial_objectstorage.py
[2026-05-09T11:32:21.484+0000] {logging_mixin.py:188} INFO - [2026-05-09T11:32:21.482+0000] {dagbag.py:355} ERROR - Failed to import: /home/vscode/.local/lib/python3.11/site-packages/airflow/example_dags/tutorial_objectstorage.py
Traceback (most recent call last):
  File "/home/vscode/.local/lib/python3.11/site-packages/airflow/models/dagbag.py", line 351, in parse
    loader.exec_module(new_module)
  File "<frozen importlib._bootstrap_external>", line 940, in exec_module
  File "<frozen importlib._bootstrap>", line 241, in _call_with_frames_removed
  File "/home/vscode/.local/lib/python3.11/site-packages/airflow/example_dags/tutorial_objectstorage.py", line 46, in <module>
    base = ObjectStoragePath("s3://aws_default@airflow-tutorial-data/")
           ^^^^^^^^^^^^^^^^^^^^^^^^^^^^^^^^^^^^^^^^^^^^^^^^^^^^^^^^^^^^
  File "/home/vscode/.local/lib/python3.11/site-packages/upath/core.py", line 164, in __call__
    inst = cls.__new__(cls, *args, **kwargs)
           ^^^^^^^^^^^^^^^^^^^^^^^^^^^^^^^^^
  File "/home/vscode/.local/lib/python3.11/site-packages/upath/core.py", line 469, in __new__
    raise _IncompatibleProtocolError(msg)
TypeError: ObjectStoragePath(...) detected protocol s3 which is incompatible with ObjectStoragePath.
[2026-05-09T11:32:21.484+0000] {processor.py:842} WARNING - No viable dags retrieved from /home/vscode/.local/lib/python3.11/site-packages/airflow/example_dags/tutorial_objectstorage.py
[2026-05-09T11:32:21.498+0000] {processor.py:183} INFO - Processing /home/vscode/.local/lib/python3.11/site-packages/airflow/example_dags/tutorial_objectstorage.py took 0.026 seconds
[2026-05-09T11:33:04.147+0000] {processor.py:161} INFO - Started process (PID=16215) to work on /home/vscode/.local/lib/python3.11/site-packages/airflow/example_dags/tutorial_objectstorage.py
[2026-05-09T11:33:04.147+0000] {processor.py:830} INFO - Processing file /home/vscode/.local/lib/python3.11/site-packages/airflow/example_dags/tutorial_objectstorage.py for tasks to queue
[2026-05-09T11:33:04.148+0000] {logging_mixin.py:188} INFO - [2026-05-09T11:33:04.148+0000] {dagbag.py:545} INFO - Filling up the DagBag from /home/vscode/.local/lib/python3.11/site-packages/airflow/example_dags/tutorial_objectstorage.py
[2026-05-09T11:33:04.152+0000] {logging_mixin.py:188} INFO - [2026-05-09T11:33:04.150+0000] {dagbag.py:355} ERROR - Failed to import: /home/vscode/.local/lib/python3.11/site-packages/airflow/example_dags/tutorial_objectstorage.py
Traceback (most recent call last):
  File "/home/vscode/.local/lib/python3.11/site-packages/airflow/models/dagbag.py", line 351, in parse
    loader.exec_module(new_module)
  File "<frozen importlib._bootstrap_external>", line 940, in exec_module
  File "<frozen importlib._bootstrap>", line 241, in _call_with_frames_removed
  File "/home/vscode/.local/lib/python3.11/site-packages/airflow/example_dags/tutorial_objectstorage.py", line 46, in <module>
    base = ObjectStoragePath("s3://aws_default@airflow-tutorial-data/")
           ^^^^^^^^^^^^^^^^^^^^^^^^^^^^^^^^^^^^^^^^^^^^^^^^^^^^^^^^^^^^
  File "/home/vscode/.local/lib/python3.11/site-packages/upath/core.py", line 164, in __call__
    inst = cls.__new__(cls, *args, **kwargs)
           ^^^^^^^^^^^^^^^^^^^^^^^^^^^^^^^^^
  File "/home/vscode/.local/lib/python3.11/site-packages/upath/core.py", line 469, in __new__
    raise _IncompatibleProtocolError(msg)
TypeError: ObjectStoragePath(...) detected protocol s3 which is incompatible with ObjectStoragePath.
[2026-05-09T11:33:04.152+0000] {processor.py:842} WARNING - No viable dags retrieved from /home/vscode/.local/lib/python3.11/site-packages/airflow/example_dags/tutorial_objectstorage.py
[2026-05-09T11:33:04.166+0000] {processor.py:183} INFO - Processing /home/vscode/.local/lib/python3.11/site-packages/airflow/example_dags/tutorial_objectstorage.py took 0.026 seconds
[2026-05-09T11:33:46.537+0000] {processor.py:161} INFO - Started process (PID=16649) to work on /home/vscode/.local/lib/python3.11/site-packages/airflow/example_dags/tutorial_objectstorage.py
[2026-05-09T11:33:46.538+0000] {processor.py:830} INFO - Processing file /home/vscode/.local/lib/python3.11/site-packages/airflow/example_dags/tutorial_objectstorage.py for tasks to queue
[2026-05-09T11:33:46.539+0000] {logging_mixin.py:188} INFO - [2026-05-09T11:33:46.539+0000] {dagbag.py:545} INFO - Filling up the DagBag from /home/vscode/.local/lib/python3.11/site-packages/airflow/example_dags/tutorial_objectstorage.py
[2026-05-09T11:33:46.544+0000] {logging_mixin.py:188} INFO - [2026-05-09T11:33:46.541+0000] {dagbag.py:355} ERROR - Failed to import: /home/vscode/.local/lib/python3.11/site-packages/airflow/example_dags/tutorial_objectstorage.py
Traceback (most recent call last):
  File "/home/vscode/.local/lib/python3.11/site-packages/airflow/models/dagbag.py", line 351, in parse
    loader.exec_module(new_module)
  File "<frozen importlib._bootstrap_external>", line 940, in exec_module
  File "<frozen importlib._bootstrap>", line 241, in _call_with_frames_removed
  File "/home/vscode/.local/lib/python3.11/site-packages/airflow/example_dags/tutorial_objectstorage.py", line 46, in <module>
    base = ObjectStoragePath("s3://aws_default@airflow-tutorial-data/")
           ^^^^^^^^^^^^^^^^^^^^^^^^^^^^^^^^^^^^^^^^^^^^^^^^^^^^^^^^^^^^
  File "/home/vscode/.local/lib/python3.11/site-packages/upath/core.py", line 164, in __call__
    inst = cls.__new__(cls, *args, **kwargs)
           ^^^^^^^^^^^^^^^^^^^^^^^^^^^^^^^^^
  File "/home/vscode/.local/lib/python3.11/site-packages/upath/core.py", line 469, in __new__
    raise _IncompatibleProtocolError(msg)
TypeError: ObjectStoragePath(...) detected protocol s3 which is incompatible with ObjectStoragePath.
[2026-05-09T11:33:46.544+0000] {processor.py:842} WARNING - No viable dags retrieved from /home/vscode/.local/lib/python3.11/site-packages/airflow/example_dags/tutorial_objectstorage.py
[2026-05-09T11:33:46.564+0000] {processor.py:183} INFO - Processing /home/vscode/.local/lib/python3.11/site-packages/airflow/example_dags/tutorial_objectstorage.py took 0.037 seconds
[2026-05-09T11:34:28.999+0000] {processor.py:161} INFO - Started process (PID=16963) to work on /home/vscode/.local/lib/python3.11/site-packages/airflow/example_dags/tutorial_objectstorage.py
[2026-05-09T11:34:28.999+0000] {processor.py:830} INFO - Processing file /home/vscode/.local/lib/python3.11/site-packages/airflow/example_dags/tutorial_objectstorage.py for tasks to queue
[2026-05-09T11:34:29.000+0000] {logging_mixin.py:188} INFO - [2026-05-09T11:34:29.000+0000] {dagbag.py:545} INFO - Filling up the DagBag from /home/vscode/.local/lib/python3.11/site-packages/airflow/example_dags/tutorial_objectstorage.py
[2026-05-09T11:34:29.003+0000] {logging_mixin.py:188} INFO - [2026-05-09T11:34:29.002+0000] {dagbag.py:355} ERROR - Failed to import: /home/vscode/.local/lib/python3.11/site-packages/airflow/example_dags/tutorial_objectstorage.py
Traceback (most recent call last):
  File "/home/vscode/.local/lib/python3.11/site-packages/airflow/models/dagbag.py", line 351, in parse
    loader.exec_module(new_module)
  File "<frozen importlib._bootstrap_external>", line 940, in exec_module
  File "<frozen importlib._bootstrap>", line 241, in _call_with_frames_removed
  File "/home/vscode/.local/lib/python3.11/site-packages/airflow/example_dags/tutorial_objectstorage.py", line 46, in <module>
    base = ObjectStoragePath("s3://aws_default@airflow-tutorial-data/")
           ^^^^^^^^^^^^^^^^^^^^^^^^^^^^^^^^^^^^^^^^^^^^^^^^^^^^^^^^^^^^
  File "/home/vscode/.local/lib/python3.11/site-packages/upath/core.py", line 164, in __call__
    inst = cls.__new__(cls, *args, **kwargs)
           ^^^^^^^^^^^^^^^^^^^^^^^^^^^^^^^^^
  File "/home/vscode/.local/lib/python3.11/site-packages/upath/core.py", line 469, in __new__
    raise _IncompatibleProtocolError(msg)
TypeError: ObjectStoragePath(...) detected protocol s3 which is incompatible with ObjectStoragePath.
[2026-05-09T11:34:29.004+0000] {processor.py:842} WARNING - No viable dags retrieved from /home/vscode/.local/lib/python3.11/site-packages/airflow/example_dags/tutorial_objectstorage.py
[2026-05-09T11:34:29.018+0000] {processor.py:183} INFO - Processing /home/vscode/.local/lib/python3.11/site-packages/airflow/example_dags/tutorial_objectstorage.py took 0.026 seconds
[2026-05-09T11:35:09.376+0000] {processor.py:161} INFO - Started process (PID=17325) to work on /home/vscode/.local/lib/python3.11/site-packages/airflow/example_dags/tutorial_objectstorage.py
[2026-05-09T11:35:09.376+0000] {processor.py:830} INFO - Processing file /home/vscode/.local/lib/python3.11/site-packages/airflow/example_dags/tutorial_objectstorage.py for tasks to queue
[2026-05-09T11:35:09.377+0000] {logging_mixin.py:188} INFO - [2026-05-09T11:35:09.377+0000] {dagbag.py:545} INFO - Filling up the DagBag from /home/vscode/.local/lib/python3.11/site-packages/airflow/example_dags/tutorial_objectstorage.py
[2026-05-09T11:35:09.380+0000] {logging_mixin.py:188} INFO - [2026-05-09T11:35:09.379+0000] {dagbag.py:355} ERROR - Failed to import: /home/vscode/.local/lib/python3.11/site-packages/airflow/example_dags/tutorial_objectstorage.py
Traceback (most recent call last):
  File "/home/vscode/.local/lib/python3.11/site-packages/airflow/models/dagbag.py", line 351, in parse
    loader.exec_module(new_module)
  File "<frozen importlib._bootstrap_external>", line 940, in exec_module
  File "<frozen importlib._bootstrap>", line 241, in _call_with_frames_removed
  File "/home/vscode/.local/lib/python3.11/site-packages/airflow/example_dags/tutorial_objectstorage.py", line 46, in <module>
    base = ObjectStoragePath("s3://aws_default@airflow-tutorial-data/")
           ^^^^^^^^^^^^^^^^^^^^^^^^^^^^^^^^^^^^^^^^^^^^^^^^^^^^^^^^^^^^
  File "/home/vscode/.local/lib/python3.11/site-packages/upath/core.py", line 164, in __call__
    inst = cls.__new__(cls, *args, **kwargs)
           ^^^^^^^^^^^^^^^^^^^^^^^^^^^^^^^^^
  File "/home/vscode/.local/lib/python3.11/site-packages/upath/core.py", line 469, in __new__
    raise _IncompatibleProtocolError(msg)
TypeError: ObjectStoragePath(...) detected protocol s3 which is incompatible with ObjectStoragePath.
[2026-05-09T11:35:09.380+0000] {processor.py:842} WARNING - No viable dags retrieved from /home/vscode/.local/lib/python3.11/site-packages/airflow/example_dags/tutorial_objectstorage.py
[2026-05-09T11:35:09.394+0000] {processor.py:183} INFO - Processing /home/vscode/.local/lib/python3.11/site-packages/airflow/example_dags/tutorial_objectstorage.py took 0.025 seconds
[2026-05-09T11:35:48.260+0000] {processor.py:161} INFO - Started process (PID=17674) to work on /home/vscode/.local/lib/python3.11/site-packages/airflow/example_dags/tutorial_objectstorage.py
[2026-05-09T11:35:48.261+0000] {processor.py:830} INFO - Processing file /home/vscode/.local/lib/python3.11/site-packages/airflow/example_dags/tutorial_objectstorage.py for tasks to queue
[2026-05-09T11:35:48.261+0000] {logging_mixin.py:188} INFO - [2026-05-09T11:35:48.261+0000] {dagbag.py:545} INFO - Filling up the DagBag from /home/vscode/.local/lib/python3.11/site-packages/airflow/example_dags/tutorial_objectstorage.py
[2026-05-09T11:35:48.265+0000] {logging_mixin.py:188} INFO - [2026-05-09T11:35:48.263+0000] {dagbag.py:355} ERROR - Failed to import: /home/vscode/.local/lib/python3.11/site-packages/airflow/example_dags/tutorial_objectstorage.py
Traceback (most recent call last):
  File "/home/vscode/.local/lib/python3.11/site-packages/airflow/models/dagbag.py", line 351, in parse
    loader.exec_module(new_module)
  File "<frozen importlib._bootstrap_external>", line 940, in exec_module
  File "<frozen importlib._bootstrap>", line 241, in _call_with_frames_removed
  File "/home/vscode/.local/lib/python3.11/site-packages/airflow/example_dags/tutorial_objectstorage.py", line 46, in <module>
    base = ObjectStoragePath("s3://aws_default@airflow-tutorial-data/")
           ^^^^^^^^^^^^^^^^^^^^^^^^^^^^^^^^^^^^^^^^^^^^^^^^^^^^^^^^^^^^
  File "/home/vscode/.local/lib/python3.11/site-packages/upath/core.py", line 164, in __call__
    inst = cls.__new__(cls, *args, **kwargs)
           ^^^^^^^^^^^^^^^^^^^^^^^^^^^^^^^^^
  File "/home/vscode/.local/lib/python3.11/site-packages/upath/core.py", line 469, in __new__
    raise _IncompatibleProtocolError(msg)
TypeError: ObjectStoragePath(...) detected protocol s3 which is incompatible with ObjectStoragePath.
[2026-05-09T11:35:48.265+0000] {processor.py:842} WARNING - No viable dags retrieved from /home/vscode/.local/lib/python3.11/site-packages/airflow/example_dags/tutorial_objectstorage.py
[2026-05-09T11:35:48.283+0000] {processor.py:183} INFO - Processing /home/vscode/.local/lib/python3.11/site-packages/airflow/example_dags/tutorial_objectstorage.py took 0.030 seconds
[2026-05-09T11:36:28.089+0000] {processor.py:161} INFO - Started process (PID=17973) to work on /home/vscode/.local/lib/python3.11/site-packages/airflow/example_dags/tutorial_objectstorage.py
[2026-05-09T11:36:28.089+0000] {processor.py:830} INFO - Processing file /home/vscode/.local/lib/python3.11/site-packages/airflow/example_dags/tutorial_objectstorage.py for tasks to queue
[2026-05-09T11:36:28.090+0000] {logging_mixin.py:188} INFO - [2026-05-09T11:36:28.090+0000] {dagbag.py:545} INFO - Filling up the DagBag from /home/vscode/.local/lib/python3.11/site-packages/airflow/example_dags/tutorial_objectstorage.py
[2026-05-09T11:36:28.093+0000] {logging_mixin.py:188} INFO - [2026-05-09T11:36:28.092+0000] {dagbag.py:355} ERROR - Failed to import: /home/vscode/.local/lib/python3.11/site-packages/airflow/example_dags/tutorial_objectstorage.py
Traceback (most recent call last):
  File "/home/vscode/.local/lib/python3.11/site-packages/airflow/models/dagbag.py", line 351, in parse
    loader.exec_module(new_module)
  File "<frozen importlib._bootstrap_external>", line 940, in exec_module
  File "<frozen importlib._bootstrap>", line 241, in _call_with_frames_removed
  File "/home/vscode/.local/lib/python3.11/site-packages/airflow/example_dags/tutorial_objectstorage.py", line 46, in <module>
    base = ObjectStoragePath("s3://aws_default@airflow-tutorial-data/")
           ^^^^^^^^^^^^^^^^^^^^^^^^^^^^^^^^^^^^^^^^^^^^^^^^^^^^^^^^^^^^
  File "/home/vscode/.local/lib/python3.11/site-packages/upath/core.py", line 164, in __call__
    inst = cls.__new__(cls, *args, **kwargs)
           ^^^^^^^^^^^^^^^^^^^^^^^^^^^^^^^^^
  File "/home/vscode/.local/lib/python3.11/site-packages/upath/core.py", line 469, in __new__
    raise _IncompatibleProtocolError(msg)
TypeError: ObjectStoragePath(...) detected protocol s3 which is incompatible with ObjectStoragePath.
[2026-05-09T11:36:28.094+0000] {processor.py:842} WARNING - No viable dags retrieved from /home/vscode/.local/lib/python3.11/site-packages/airflow/example_dags/tutorial_objectstorage.py
[2026-05-09T11:36:28.108+0000] {processor.py:183} INFO - Processing /home/vscode/.local/lib/python3.11/site-packages/airflow/example_dags/tutorial_objectstorage.py took 0.026 seconds
[2026-05-09T11:37:09.914+0000] {processor.py:161} INFO - Started process (PID=18340) to work on /home/vscode/.local/lib/python3.11/site-packages/airflow/example_dags/tutorial_objectstorage.py
[2026-05-09T11:37:09.914+0000] {processor.py:830} INFO - Processing file /home/vscode/.local/lib/python3.11/site-packages/airflow/example_dags/tutorial_objectstorage.py for tasks to queue
[2026-05-09T11:37:09.915+0000] {logging_mixin.py:188} INFO - [2026-05-09T11:37:09.915+0000] {dagbag.py:545} INFO - Filling up the DagBag from /home/vscode/.local/lib/python3.11/site-packages/airflow/example_dags/tutorial_objectstorage.py
[2026-05-09T11:37:09.918+0000] {logging_mixin.py:188} INFO - [2026-05-09T11:37:09.917+0000] {dagbag.py:355} ERROR - Failed to import: /home/vscode/.local/lib/python3.11/site-packages/airflow/example_dags/tutorial_objectstorage.py
Traceback (most recent call last):
  File "/home/vscode/.local/lib/python3.11/site-packages/airflow/models/dagbag.py", line 351, in parse
    loader.exec_module(new_module)
  File "<frozen importlib._bootstrap_external>", line 940, in exec_module
  File "<frozen importlib._bootstrap>", line 241, in _call_with_frames_removed
  File "/home/vscode/.local/lib/python3.11/site-packages/airflow/example_dags/tutorial_objectstorage.py", line 46, in <module>
    base = ObjectStoragePath("s3://aws_default@airflow-tutorial-data/")
           ^^^^^^^^^^^^^^^^^^^^^^^^^^^^^^^^^^^^^^^^^^^^^^^^^^^^^^^^^^^^
  File "/home/vscode/.local/lib/python3.11/site-packages/upath/core.py", line 164, in __call__
    inst = cls.__new__(cls, *args, **kwargs)
           ^^^^^^^^^^^^^^^^^^^^^^^^^^^^^^^^^
  File "/home/vscode/.local/lib/python3.11/site-packages/upath/core.py", line 469, in __new__
    raise _IncompatibleProtocolError(msg)
TypeError: ObjectStoragePath(...) detected protocol s3 which is incompatible with ObjectStoragePath.
[2026-05-09T11:37:09.919+0000] {processor.py:842} WARNING - No viable dags retrieved from /home/vscode/.local/lib/python3.11/site-packages/airflow/example_dags/tutorial_objectstorage.py
[2026-05-09T11:37:09.932+0000] {processor.py:183} INFO - Processing /home/vscode/.local/lib/python3.11/site-packages/airflow/example_dags/tutorial_objectstorage.py took 0.025 seconds
[2026-05-09T11:37:50.762+0000] {processor.py:161} INFO - Started process (PID=18980) to work on /home/vscode/.local/lib/python3.11/site-packages/airflow/example_dags/tutorial_objectstorage.py
[2026-05-09T11:37:50.762+0000] {processor.py:830} INFO - Processing file /home/vscode/.local/lib/python3.11/site-packages/airflow/example_dags/tutorial_objectstorage.py for tasks to queue
[2026-05-09T11:37:50.763+0000] {logging_mixin.py:188} INFO - [2026-05-09T11:37:50.763+0000] {dagbag.py:545} INFO - Filling up the DagBag from /home/vscode/.local/lib/python3.11/site-packages/airflow/example_dags/tutorial_objectstorage.py
[2026-05-09T11:37:50.766+0000] {logging_mixin.py:188} INFO - [2026-05-09T11:37:50.765+0000] {dagbag.py:355} ERROR - Failed to import: /home/vscode/.local/lib/python3.11/site-packages/airflow/example_dags/tutorial_objectstorage.py
Traceback (most recent call last):
  File "/home/vscode/.local/lib/python3.11/site-packages/airflow/models/dagbag.py", line 351, in parse
    loader.exec_module(new_module)
  File "<frozen importlib._bootstrap_external>", line 940, in exec_module
  File "<frozen importlib._bootstrap>", line 241, in _call_with_frames_removed
  File "/home/vscode/.local/lib/python3.11/site-packages/airflow/example_dags/tutorial_objectstorage.py", line 46, in <module>
    base = ObjectStoragePath("s3://aws_default@airflow-tutorial-data/")
           ^^^^^^^^^^^^^^^^^^^^^^^^^^^^^^^^^^^^^^^^^^^^^^^^^^^^^^^^^^^^
  File "/home/vscode/.local/lib/python3.11/site-packages/upath/core.py", line 164, in __call__
    inst = cls.__new__(cls, *args, **kwargs)
           ^^^^^^^^^^^^^^^^^^^^^^^^^^^^^^^^^
  File "/home/vscode/.local/lib/python3.11/site-packages/upath/core.py", line 469, in __new__
    raise _IncompatibleProtocolError(msg)
TypeError: ObjectStoragePath(...) detected protocol s3 which is incompatible with ObjectStoragePath.
[2026-05-09T11:37:50.767+0000] {processor.py:842} WARNING - No viable dags retrieved from /home/vscode/.local/lib/python3.11/site-packages/airflow/example_dags/tutorial_objectstorage.py
[2026-05-09T11:37:50.780+0000] {processor.py:183} INFO - Processing /home/vscode/.local/lib/python3.11/site-packages/airflow/example_dags/tutorial_objectstorage.py took 0.025 seconds
[2026-05-09T11:38:32.987+0000] {processor.py:161} INFO - Started process (PID=19412) to work on /home/vscode/.local/lib/python3.11/site-packages/airflow/example_dags/tutorial_objectstorage.py
[2026-05-09T11:38:32.987+0000] {processor.py:830} INFO - Processing file /home/vscode/.local/lib/python3.11/site-packages/airflow/example_dags/tutorial_objectstorage.py for tasks to queue
[2026-05-09T11:38:32.988+0000] {logging_mixin.py:188} INFO - [2026-05-09T11:38:32.988+0000] {dagbag.py:545} INFO - Filling up the DagBag from /home/vscode/.local/lib/python3.11/site-packages/airflow/example_dags/tutorial_objectstorage.py
[2026-05-09T11:38:32.991+0000] {logging_mixin.py:188} INFO - [2026-05-09T11:38:32.990+0000] {dagbag.py:355} ERROR - Failed to import: /home/vscode/.local/lib/python3.11/site-packages/airflow/example_dags/tutorial_objectstorage.py
Traceback (most recent call last):
  File "/home/vscode/.local/lib/python3.11/site-packages/airflow/models/dagbag.py", line 351, in parse
    loader.exec_module(new_module)
  File "<frozen importlib._bootstrap_external>", line 940, in exec_module
  File "<frozen importlib._bootstrap>", line 241, in _call_with_frames_removed
  File "/home/vscode/.local/lib/python3.11/site-packages/airflow/example_dags/tutorial_objectstorage.py", line 46, in <module>
    base = ObjectStoragePath("s3://aws_default@airflow-tutorial-data/")
           ^^^^^^^^^^^^^^^^^^^^^^^^^^^^^^^^^^^^^^^^^^^^^^^^^^^^^^^^^^^^
  File "/home/vscode/.local/lib/python3.11/site-packages/upath/core.py", line 164, in __call__
    inst = cls.__new__(cls, *args, **kwargs)
           ^^^^^^^^^^^^^^^^^^^^^^^^^^^^^^^^^
  File "/home/vscode/.local/lib/python3.11/site-packages/upath/core.py", line 469, in __new__
    raise _IncompatibleProtocolError(msg)
TypeError: ObjectStoragePath(...) detected protocol s3 which is incompatible with ObjectStoragePath.
[2026-05-09T11:38:32.992+0000] {processor.py:842} WARNING - No viable dags retrieved from /home/vscode/.local/lib/python3.11/site-packages/airflow/example_dags/tutorial_objectstorage.py
[2026-05-09T11:38:33.005+0000] {processor.py:183} INFO - Processing /home/vscode/.local/lib/python3.11/site-packages/airflow/example_dags/tutorial_objectstorage.py took 0.025 seconds
[2026-05-09T11:39:13.194+0000] {processor.py:161} INFO - Started process (PID=19918) to work on /home/vscode/.local/lib/python3.11/site-packages/airflow/example_dags/tutorial_objectstorage.py
[2026-05-09T11:39:13.194+0000] {processor.py:830} INFO - Processing file /home/vscode/.local/lib/python3.11/site-packages/airflow/example_dags/tutorial_objectstorage.py for tasks to queue
[2026-05-09T11:39:13.195+0000] {logging_mixin.py:188} INFO - [2026-05-09T11:39:13.194+0000] {dagbag.py:545} INFO - Filling up the DagBag from /home/vscode/.local/lib/python3.11/site-packages/airflow/example_dags/tutorial_objectstorage.py
[2026-05-09T11:39:13.198+0000] {logging_mixin.py:188} INFO - [2026-05-09T11:39:13.196+0000] {dagbag.py:355} ERROR - Failed to import: /home/vscode/.local/lib/python3.11/site-packages/airflow/example_dags/tutorial_objectstorage.py
Traceback (most recent call last):
  File "/home/vscode/.local/lib/python3.11/site-packages/airflow/models/dagbag.py", line 351, in parse
    loader.exec_module(new_module)
  File "<frozen importlib._bootstrap_external>", line 940, in exec_module
  File "<frozen importlib._bootstrap>", line 241, in _call_with_frames_removed
  File "/home/vscode/.local/lib/python3.11/site-packages/airflow/example_dags/tutorial_objectstorage.py", line 46, in <module>
    base = ObjectStoragePath("s3://aws_default@airflow-tutorial-data/")
           ^^^^^^^^^^^^^^^^^^^^^^^^^^^^^^^^^^^^^^^^^^^^^^^^^^^^^^^^^^^^
  File "/home/vscode/.local/lib/python3.11/site-packages/upath/core.py", line 164, in __call__
    inst = cls.__new__(cls, *args, **kwargs)
           ^^^^^^^^^^^^^^^^^^^^^^^^^^^^^^^^^
  File "/home/vscode/.local/lib/python3.11/site-packages/upath/core.py", line 469, in __new__
    raise _IncompatibleProtocolError(msg)
TypeError: ObjectStoragePath(...) detected protocol s3 which is incompatible with ObjectStoragePath.
[2026-05-09T11:39:13.198+0000] {processor.py:842} WARNING - No viable dags retrieved from /home/vscode/.local/lib/python3.11/site-packages/airflow/example_dags/tutorial_objectstorage.py
[2026-05-09T11:39:13.214+0000] {processor.py:183} INFO - Processing /home/vscode/.local/lib/python3.11/site-packages/airflow/example_dags/tutorial_objectstorage.py took 0.026 seconds
[2026-05-09T11:39:53.562+0000] {processor.py:161} INFO - Started process (PID=20427) to work on /home/vscode/.local/lib/python3.11/site-packages/airflow/example_dags/tutorial_objectstorage.py
[2026-05-09T11:39:53.563+0000] {processor.py:830} INFO - Processing file /home/vscode/.local/lib/python3.11/site-packages/airflow/example_dags/tutorial_objectstorage.py for tasks to queue
[2026-05-09T11:39:53.564+0000] {logging_mixin.py:188} INFO - [2026-05-09T11:39:53.564+0000] {dagbag.py:545} INFO - Filling up the DagBag from /home/vscode/.local/lib/python3.11/site-packages/airflow/example_dags/tutorial_objectstorage.py
[2026-05-09T11:39:53.568+0000] {logging_mixin.py:188} INFO - [2026-05-09T11:39:53.566+0000] {dagbag.py:355} ERROR - Failed to import: /home/vscode/.local/lib/python3.11/site-packages/airflow/example_dags/tutorial_objectstorage.py
Traceback (most recent call last):
  File "/home/vscode/.local/lib/python3.11/site-packages/airflow/models/dagbag.py", line 351, in parse
    loader.exec_module(new_module)
  File "<frozen importlib._bootstrap_external>", line 940, in exec_module
  File "<frozen importlib._bootstrap>", line 241, in _call_with_frames_removed
  File "/home/vscode/.local/lib/python3.11/site-packages/airflow/example_dags/tutorial_objectstorage.py", line 46, in <module>
    base = ObjectStoragePath("s3://aws_default@airflow-tutorial-data/")
           ^^^^^^^^^^^^^^^^^^^^^^^^^^^^^^^^^^^^^^^^^^^^^^^^^^^^^^^^^^^^
  File "/home/vscode/.local/lib/python3.11/site-packages/upath/core.py", line 164, in __call__
    inst = cls.__new__(cls, *args, **kwargs)
           ^^^^^^^^^^^^^^^^^^^^^^^^^^^^^^^^^
  File "/home/vscode/.local/lib/python3.11/site-packages/upath/core.py", line 469, in __new__
    raise _IncompatibleProtocolError(msg)
TypeError: ObjectStoragePath(...) detected protocol s3 which is incompatible with ObjectStoragePath.
[2026-05-09T11:39:53.568+0000] {processor.py:842} WARNING - No viable dags retrieved from /home/vscode/.local/lib/python3.11/site-packages/airflow/example_dags/tutorial_objectstorage.py
[2026-05-09T11:39:53.583+0000] {processor.py:183} INFO - Processing /home/vscode/.local/lib/python3.11/site-packages/airflow/example_dags/tutorial_objectstorage.py took 0.035 seconds
[2026-05-09T11:40:34.271+0000] {processor.py:161} INFO - Started process (PID=20764) to work on /home/vscode/.local/lib/python3.11/site-packages/airflow/example_dags/tutorial_objectstorage.py
[2026-05-09T11:40:34.271+0000] {processor.py:830} INFO - Processing file /home/vscode/.local/lib/python3.11/site-packages/airflow/example_dags/tutorial_objectstorage.py for tasks to queue
[2026-05-09T11:40:34.272+0000] {logging_mixin.py:188} INFO - [2026-05-09T11:40:34.271+0000] {dagbag.py:545} INFO - Filling up the DagBag from /home/vscode/.local/lib/python3.11/site-packages/airflow/example_dags/tutorial_objectstorage.py
[2026-05-09T11:40:34.275+0000] {logging_mixin.py:188} INFO - [2026-05-09T11:40:34.274+0000] {dagbag.py:355} ERROR - Failed to import: /home/vscode/.local/lib/python3.11/site-packages/airflow/example_dags/tutorial_objectstorage.py
Traceback (most recent call last):
  File "/home/vscode/.local/lib/python3.11/site-packages/airflow/models/dagbag.py", line 351, in parse
    loader.exec_module(new_module)
  File "<frozen importlib._bootstrap_external>", line 940, in exec_module
  File "<frozen importlib._bootstrap>", line 241, in _call_with_frames_removed
  File "/home/vscode/.local/lib/python3.11/site-packages/airflow/example_dags/tutorial_objectstorage.py", line 46, in <module>
    base = ObjectStoragePath("s3://aws_default@airflow-tutorial-data/")
           ^^^^^^^^^^^^^^^^^^^^^^^^^^^^^^^^^^^^^^^^^^^^^^^^^^^^^^^^^^^^
  File "/home/vscode/.local/lib/python3.11/site-packages/upath/core.py", line 164, in __call__
    inst = cls.__new__(cls, *args, **kwargs)
           ^^^^^^^^^^^^^^^^^^^^^^^^^^^^^^^^^
  File "/home/vscode/.local/lib/python3.11/site-packages/upath/core.py", line 469, in __new__
    raise _IncompatibleProtocolError(msg)
TypeError: ObjectStoragePath(...) detected protocol s3 which is incompatible with ObjectStoragePath.
[2026-05-09T11:40:34.276+0000] {processor.py:842} WARNING - No viable dags retrieved from /home/vscode/.local/lib/python3.11/site-packages/airflow/example_dags/tutorial_objectstorage.py
[2026-05-09T11:40:34.290+0000] {processor.py:183} INFO - Processing /home/vscode/.local/lib/python3.11/site-packages/airflow/example_dags/tutorial_objectstorage.py took 0.027 seconds
[2026-05-09T11:41:18.834+0000] {processor.py:161} INFO - Started process (PID=21239) to work on /home/vscode/.local/lib/python3.11/site-packages/airflow/example_dags/tutorial_objectstorage.py
[2026-05-09T11:41:18.834+0000] {processor.py:830} INFO - Processing file /home/vscode/.local/lib/python3.11/site-packages/airflow/example_dags/tutorial_objectstorage.py for tasks to queue
[2026-05-09T11:41:18.835+0000] {logging_mixin.py:188} INFO - [2026-05-09T11:41:18.835+0000] {dagbag.py:545} INFO - Filling up the DagBag from /home/vscode/.local/lib/python3.11/site-packages/airflow/example_dags/tutorial_objectstorage.py
[2026-05-09T11:41:18.839+0000] {logging_mixin.py:188} INFO - [2026-05-09T11:41:18.837+0000] {dagbag.py:355} ERROR - Failed to import: /home/vscode/.local/lib/python3.11/site-packages/airflow/example_dags/tutorial_objectstorage.py
Traceback (most recent call last):
  File "/home/vscode/.local/lib/python3.11/site-packages/airflow/models/dagbag.py", line 351, in parse
    loader.exec_module(new_module)
  File "<frozen importlib._bootstrap_external>", line 940, in exec_module
  File "<frozen importlib._bootstrap>", line 241, in _call_with_frames_removed
  File "/home/vscode/.local/lib/python3.11/site-packages/airflow/example_dags/tutorial_objectstorage.py", line 46, in <module>
    base = ObjectStoragePath("s3://aws_default@airflow-tutorial-data/")
           ^^^^^^^^^^^^^^^^^^^^^^^^^^^^^^^^^^^^^^^^^^^^^^^^^^^^^^^^^^^^
  File "/home/vscode/.local/lib/python3.11/site-packages/upath/core.py", line 164, in __call__
    inst = cls.__new__(cls, *args, **kwargs)
           ^^^^^^^^^^^^^^^^^^^^^^^^^^^^^^^^^
  File "/home/vscode/.local/lib/python3.11/site-packages/upath/core.py", line 469, in __new__
    raise _IncompatibleProtocolError(msg)
TypeError: ObjectStoragePath(...) detected protocol s3 which is incompatible with ObjectStoragePath.
[2026-05-09T11:41:18.839+0000] {processor.py:842} WARNING - No viable dags retrieved from /home/vscode/.local/lib/python3.11/site-packages/airflow/example_dags/tutorial_objectstorage.py
[2026-05-09T11:41:18.856+0000] {processor.py:183} INFO - Processing /home/vscode/.local/lib/python3.11/site-packages/airflow/example_dags/tutorial_objectstorage.py took 0.031 seconds
[2026-05-09T11:42:03.055+0000] {processor.py:161} INFO - Started process (PID=21622) to work on /home/vscode/.local/lib/python3.11/site-packages/airflow/example_dags/tutorial_objectstorage.py
[2026-05-09T11:42:03.056+0000] {processor.py:830} INFO - Processing file /home/vscode/.local/lib/python3.11/site-packages/airflow/example_dags/tutorial_objectstorage.py for tasks to queue
[2026-05-09T11:42:03.057+0000] {logging_mixin.py:188} INFO - [2026-05-09T11:42:03.056+0000] {dagbag.py:545} INFO - Filling up the DagBag from /home/vscode/.local/lib/python3.11/site-packages/airflow/example_dags/tutorial_objectstorage.py
[2026-05-09T11:42:03.066+0000] {logging_mixin.py:188} INFO - [2026-05-09T11:42:03.064+0000] {dagbag.py:355} ERROR - Failed to import: /home/vscode/.local/lib/python3.11/site-packages/airflow/example_dags/tutorial_objectstorage.py
Traceback (most recent call last):
  File "/home/vscode/.local/lib/python3.11/site-packages/airflow/models/dagbag.py", line 351, in parse
    loader.exec_module(new_module)
  File "<frozen importlib._bootstrap_external>", line 940, in exec_module
  File "<frozen importlib._bootstrap>", line 241, in _call_with_frames_removed
  File "/home/vscode/.local/lib/python3.11/site-packages/airflow/example_dags/tutorial_objectstorage.py", line 46, in <module>
    base = ObjectStoragePath("s3://aws_default@airflow-tutorial-data/")
           ^^^^^^^^^^^^^^^^^^^^^^^^^^^^^^^^^^^^^^^^^^^^^^^^^^^^^^^^^^^^
  File "/home/vscode/.local/lib/python3.11/site-packages/upath/core.py", line 164, in __call__
    inst = cls.__new__(cls, *args, **kwargs)
           ^^^^^^^^^^^^^^^^^^^^^^^^^^^^^^^^^
  File "/home/vscode/.local/lib/python3.11/site-packages/upath/core.py", line 469, in __new__
    raise _IncompatibleProtocolError(msg)
TypeError: ObjectStoragePath(...) detected protocol s3 which is incompatible with ObjectStoragePath.
[2026-05-09T11:42:03.067+0000] {processor.py:842} WARNING - No viable dags retrieved from /home/vscode/.local/lib/python3.11/site-packages/airflow/example_dags/tutorial_objectstorage.py
[2026-05-09T11:42:03.111+0000] {processor.py:183} INFO - Processing /home/vscode/.local/lib/python3.11/site-packages/airflow/example_dags/tutorial_objectstorage.py took 0.063 seconds
[2026-05-09T11:42:46.720+0000] {processor.py:161} INFO - Started process (PID=22011) to work on /home/vscode/.local/lib/python3.11/site-packages/airflow/example_dags/tutorial_objectstorage.py
[2026-05-09T11:42:46.721+0000] {processor.py:830} INFO - Processing file /home/vscode/.local/lib/python3.11/site-packages/airflow/example_dags/tutorial_objectstorage.py for tasks to queue
[2026-05-09T11:42:46.721+0000] {logging_mixin.py:188} INFO - [2026-05-09T11:42:46.721+0000] {dagbag.py:545} INFO - Filling up the DagBag from /home/vscode/.local/lib/python3.11/site-packages/airflow/example_dags/tutorial_objectstorage.py
[2026-05-09T11:42:46.725+0000] {logging_mixin.py:188} INFO - [2026-05-09T11:42:46.723+0000] {dagbag.py:355} ERROR - Failed to import: /home/vscode/.local/lib/python3.11/site-packages/airflow/example_dags/tutorial_objectstorage.py
Traceback (most recent call last):
  File "/home/vscode/.local/lib/python3.11/site-packages/airflow/models/dagbag.py", line 351, in parse
    loader.exec_module(new_module)
  File "<frozen importlib._bootstrap_external>", line 940, in exec_module
  File "<frozen importlib._bootstrap>", line 241, in _call_with_frames_removed
  File "/home/vscode/.local/lib/python3.11/site-packages/airflow/example_dags/tutorial_objectstorage.py", line 46, in <module>
    base = ObjectStoragePath("s3://aws_default@airflow-tutorial-data/")
           ^^^^^^^^^^^^^^^^^^^^^^^^^^^^^^^^^^^^^^^^^^^^^^^^^^^^^^^^^^^^
  File "/home/vscode/.local/lib/python3.11/site-packages/upath/core.py", line 164, in __call__
    inst = cls.__new__(cls, *args, **kwargs)
           ^^^^^^^^^^^^^^^^^^^^^^^^^^^^^^^^^
  File "/home/vscode/.local/lib/python3.11/site-packages/upath/core.py", line 469, in __new__
    raise _IncompatibleProtocolError(msg)
TypeError: ObjectStoragePath(...) detected protocol s3 which is incompatible with ObjectStoragePath.
[2026-05-09T11:42:46.725+0000] {processor.py:842} WARNING - No viable dags retrieved from /home/vscode/.local/lib/python3.11/site-packages/airflow/example_dags/tutorial_objectstorage.py
[2026-05-09T11:42:46.739+0000] {processor.py:183} INFO - Processing /home/vscode/.local/lib/python3.11/site-packages/airflow/example_dags/tutorial_objectstorage.py took 0.026 seconds
[2026-05-09T11:43:31.845+0000] {processor.py:161} INFO - Started process (PID=22337) to work on /home/vscode/.local/lib/python3.11/site-packages/airflow/example_dags/tutorial_objectstorage.py
[2026-05-09T11:43:31.845+0000] {processor.py:830} INFO - Processing file /home/vscode/.local/lib/python3.11/site-packages/airflow/example_dags/tutorial_objectstorage.py for tasks to queue
[2026-05-09T11:43:31.846+0000] {logging_mixin.py:188} INFO - [2026-05-09T11:43:31.846+0000] {dagbag.py:545} INFO - Filling up the DagBag from /home/vscode/.local/lib/python3.11/site-packages/airflow/example_dags/tutorial_objectstorage.py
[2026-05-09T11:43:31.851+0000] {logging_mixin.py:188} INFO - [2026-05-09T11:43:31.849+0000] {dagbag.py:355} ERROR - Failed to import: /home/vscode/.local/lib/python3.11/site-packages/airflow/example_dags/tutorial_objectstorage.py
Traceback (most recent call last):
  File "/home/vscode/.local/lib/python3.11/site-packages/airflow/models/dagbag.py", line 351, in parse
    loader.exec_module(new_module)
  File "<frozen importlib._bootstrap_external>", line 940, in exec_module
  File "<frozen importlib._bootstrap>", line 241, in _call_with_frames_removed
  File "/home/vscode/.local/lib/python3.11/site-packages/airflow/example_dags/tutorial_objectstorage.py", line 46, in <module>
    base = ObjectStoragePath("s3://aws_default@airflow-tutorial-data/")
           ^^^^^^^^^^^^^^^^^^^^^^^^^^^^^^^^^^^^^^^^^^^^^^^^^^^^^^^^^^^^
  File "/home/vscode/.local/lib/python3.11/site-packages/upath/core.py", line 164, in __call__
    inst = cls.__new__(cls, *args, **kwargs)
           ^^^^^^^^^^^^^^^^^^^^^^^^^^^^^^^^^
  File "/home/vscode/.local/lib/python3.11/site-packages/upath/core.py", line 469, in __new__
    raise _IncompatibleProtocolError(msg)
TypeError: ObjectStoragePath(...) detected protocol s3 which is incompatible with ObjectStoragePath.
[2026-05-09T11:43:31.851+0000] {processor.py:842} WARNING - No viable dags retrieved from /home/vscode/.local/lib/python3.11/site-packages/airflow/example_dags/tutorial_objectstorage.py
[2026-05-09T11:43:31.866+0000] {processor.py:183} INFO - Processing /home/vscode/.local/lib/python3.11/site-packages/airflow/example_dags/tutorial_objectstorage.py took 0.030 seconds
[2026-05-09T11:44:13.285+0000] {processor.py:161} INFO - Started process (PID=22759) to work on /home/vscode/.local/lib/python3.11/site-packages/airflow/example_dags/tutorial_objectstorage.py
[2026-05-09T11:44:13.285+0000] {processor.py:830} INFO - Processing file /home/vscode/.local/lib/python3.11/site-packages/airflow/example_dags/tutorial_objectstorage.py for tasks to queue
[2026-05-09T11:44:13.286+0000] {logging_mixin.py:188} INFO - [2026-05-09T11:44:13.286+0000] {dagbag.py:545} INFO - Filling up the DagBag from /home/vscode/.local/lib/python3.11/site-packages/airflow/example_dags/tutorial_objectstorage.py
[2026-05-09T11:44:13.289+0000] {logging_mixin.py:188} INFO - [2026-05-09T11:44:13.288+0000] {dagbag.py:355} ERROR - Failed to import: /home/vscode/.local/lib/python3.11/site-packages/airflow/example_dags/tutorial_objectstorage.py
Traceback (most recent call last):
  File "/home/vscode/.local/lib/python3.11/site-packages/airflow/models/dagbag.py", line 351, in parse
    loader.exec_module(new_module)
  File "<frozen importlib._bootstrap_external>", line 940, in exec_module
  File "<frozen importlib._bootstrap>", line 241, in _call_with_frames_removed
  File "/home/vscode/.local/lib/python3.11/site-packages/airflow/example_dags/tutorial_objectstorage.py", line 46, in <module>
    base = ObjectStoragePath("s3://aws_default@airflow-tutorial-data/")
           ^^^^^^^^^^^^^^^^^^^^^^^^^^^^^^^^^^^^^^^^^^^^^^^^^^^^^^^^^^^^
  File "/home/vscode/.local/lib/python3.11/site-packages/upath/core.py", line 164, in __call__
    inst = cls.__new__(cls, *args, **kwargs)
           ^^^^^^^^^^^^^^^^^^^^^^^^^^^^^^^^^
  File "/home/vscode/.local/lib/python3.11/site-packages/upath/core.py", line 469, in __new__
    raise _IncompatibleProtocolError(msg)
TypeError: ObjectStoragePath(...) detected protocol s3 which is incompatible with ObjectStoragePath.
[2026-05-09T11:44:13.290+0000] {processor.py:842} WARNING - No viable dags retrieved from /home/vscode/.local/lib/python3.11/site-packages/airflow/example_dags/tutorial_objectstorage.py
[2026-05-09T11:44:13.304+0000] {processor.py:183} INFO - Processing /home/vscode/.local/lib/python3.11/site-packages/airflow/example_dags/tutorial_objectstorage.py took 0.028 seconds
[2026-05-09T11:44:54.516+0000] {processor.py:161} INFO - Started process (PID=23132) to work on /home/vscode/.local/lib/python3.11/site-packages/airflow/example_dags/tutorial_objectstorage.py
[2026-05-09T11:44:54.517+0000] {processor.py:830} INFO - Processing file /home/vscode/.local/lib/python3.11/site-packages/airflow/example_dags/tutorial_objectstorage.py for tasks to queue
[2026-05-09T11:44:54.517+0000] {logging_mixin.py:188} INFO - [2026-05-09T11:44:54.517+0000] {dagbag.py:545} INFO - Filling up the DagBag from /home/vscode/.local/lib/python3.11/site-packages/airflow/example_dags/tutorial_objectstorage.py
[2026-05-09T11:44:54.521+0000] {logging_mixin.py:188} INFO - [2026-05-09T11:44:54.519+0000] {dagbag.py:355} ERROR - Failed to import: /home/vscode/.local/lib/python3.11/site-packages/airflow/example_dags/tutorial_objectstorage.py
Traceback (most recent call last):
  File "/home/vscode/.local/lib/python3.11/site-packages/airflow/models/dagbag.py", line 351, in parse
    loader.exec_module(new_module)
  File "<frozen importlib._bootstrap_external>", line 940, in exec_module
  File "<frozen importlib._bootstrap>", line 241, in _call_with_frames_removed
  File "/home/vscode/.local/lib/python3.11/site-packages/airflow/example_dags/tutorial_objectstorage.py", line 46, in <module>
    base = ObjectStoragePath("s3://aws_default@airflow-tutorial-data/")
           ^^^^^^^^^^^^^^^^^^^^^^^^^^^^^^^^^^^^^^^^^^^^^^^^^^^^^^^^^^^^
  File "/home/vscode/.local/lib/python3.11/site-packages/upath/core.py", line 164, in __call__
    inst = cls.__new__(cls, *args, **kwargs)
           ^^^^^^^^^^^^^^^^^^^^^^^^^^^^^^^^^
  File "/home/vscode/.local/lib/python3.11/site-packages/upath/core.py", line 469, in __new__
    raise _IncompatibleProtocolError(msg)
TypeError: ObjectStoragePath(...) detected protocol s3 which is incompatible with ObjectStoragePath.
[2026-05-09T11:44:54.521+0000] {processor.py:842} WARNING - No viable dags retrieved from /home/vscode/.local/lib/python3.11/site-packages/airflow/example_dags/tutorial_objectstorage.py
[2026-05-09T11:44:54.535+0000] {processor.py:183} INFO - Processing /home/vscode/.local/lib/python3.11/site-packages/airflow/example_dags/tutorial_objectstorage.py took 0.025 seconds
[2026-05-09T11:45:39.613+0000] {processor.py:161} INFO - Started process (PID=23526) to work on /home/vscode/.local/lib/python3.11/site-packages/airflow/example_dags/tutorial_objectstorage.py
[2026-05-09T11:45:39.613+0000] {processor.py:830} INFO - Processing file /home/vscode/.local/lib/python3.11/site-packages/airflow/example_dags/tutorial_objectstorage.py for tasks to queue
[2026-05-09T11:45:39.614+0000] {logging_mixin.py:188} INFO - [2026-05-09T11:45:39.614+0000] {dagbag.py:545} INFO - Filling up the DagBag from /home/vscode/.local/lib/python3.11/site-packages/airflow/example_dags/tutorial_objectstorage.py
[2026-05-09T11:45:39.617+0000] {logging_mixin.py:188} INFO - [2026-05-09T11:45:39.616+0000] {dagbag.py:355} ERROR - Failed to import: /home/vscode/.local/lib/python3.11/site-packages/airflow/example_dags/tutorial_objectstorage.py
Traceback (most recent call last):
  File "/home/vscode/.local/lib/python3.11/site-packages/airflow/models/dagbag.py", line 351, in parse
    loader.exec_module(new_module)
  File "<frozen importlib._bootstrap_external>", line 940, in exec_module
  File "<frozen importlib._bootstrap>", line 241, in _call_with_frames_removed
  File "/home/vscode/.local/lib/python3.11/site-packages/airflow/example_dags/tutorial_objectstorage.py", line 46, in <module>
    base = ObjectStoragePath("s3://aws_default@airflow-tutorial-data/")
           ^^^^^^^^^^^^^^^^^^^^^^^^^^^^^^^^^^^^^^^^^^^^^^^^^^^^^^^^^^^^
  File "/home/vscode/.local/lib/python3.11/site-packages/upath/core.py", line 164, in __call__
    inst = cls.__new__(cls, *args, **kwargs)
           ^^^^^^^^^^^^^^^^^^^^^^^^^^^^^^^^^
  File "/home/vscode/.local/lib/python3.11/site-packages/upath/core.py", line 469, in __new__
    raise _IncompatibleProtocolError(msg)
TypeError: ObjectStoragePath(...) detected protocol s3 which is incompatible with ObjectStoragePath.
[2026-05-09T11:45:39.618+0000] {processor.py:842} WARNING - No viable dags retrieved from /home/vscode/.local/lib/python3.11/site-packages/airflow/example_dags/tutorial_objectstorage.py
[2026-05-09T11:45:39.631+0000] {processor.py:183} INFO - Processing /home/vscode/.local/lib/python3.11/site-packages/airflow/example_dags/tutorial_objectstorage.py took 0.025 seconds
[2026-05-09T11:46:21.040+0000] {processor.py:161} INFO - Started process (PID=23829) to work on /home/vscode/.local/lib/python3.11/site-packages/airflow/example_dags/tutorial_objectstorage.py
[2026-05-09T11:46:21.041+0000] {processor.py:830} INFO - Processing file /home/vscode/.local/lib/python3.11/site-packages/airflow/example_dags/tutorial_objectstorage.py for tasks to queue
[2026-05-09T11:46:21.041+0000] {logging_mixin.py:188} INFO - [2026-05-09T11:46:21.041+0000] {dagbag.py:545} INFO - Filling up the DagBag from /home/vscode/.local/lib/python3.11/site-packages/airflow/example_dags/tutorial_objectstorage.py
[2026-05-09T11:46:21.044+0000] {logging_mixin.py:188} INFO - [2026-05-09T11:46:21.043+0000] {dagbag.py:355} ERROR - Failed to import: /home/vscode/.local/lib/python3.11/site-packages/airflow/example_dags/tutorial_objectstorage.py
Traceback (most recent call last):
  File "/home/vscode/.local/lib/python3.11/site-packages/airflow/models/dagbag.py", line 351, in parse
    loader.exec_module(new_module)
  File "<frozen importlib._bootstrap_external>", line 940, in exec_module
  File "<frozen importlib._bootstrap>", line 241, in _call_with_frames_removed
  File "/home/vscode/.local/lib/python3.11/site-packages/airflow/example_dags/tutorial_objectstorage.py", line 46, in <module>
    base = ObjectStoragePath("s3://aws_default@airflow-tutorial-data/")
           ^^^^^^^^^^^^^^^^^^^^^^^^^^^^^^^^^^^^^^^^^^^^^^^^^^^^^^^^^^^^
  File "/home/vscode/.local/lib/python3.11/site-packages/upath/core.py", line 164, in __call__
    inst = cls.__new__(cls, *args, **kwargs)
           ^^^^^^^^^^^^^^^^^^^^^^^^^^^^^^^^^
  File "/home/vscode/.local/lib/python3.11/site-packages/upath/core.py", line 469, in __new__
    raise _IncompatibleProtocolError(msg)
TypeError: ObjectStoragePath(...) detected protocol s3 which is incompatible with ObjectStoragePath.
[2026-05-09T11:46:21.045+0000] {processor.py:842} WARNING - No viable dags retrieved from /home/vscode/.local/lib/python3.11/site-packages/airflow/example_dags/tutorial_objectstorage.py
[2026-05-09T11:46:21.058+0000] {processor.py:183} INFO - Processing /home/vscode/.local/lib/python3.11/site-packages/airflow/example_dags/tutorial_objectstorage.py took 0.024 seconds
[2026-05-09T11:47:05.609+0000] {processor.py:161} INFO - Started process (PID=24383) to work on /home/vscode/.local/lib/python3.11/site-packages/airflow/example_dags/tutorial_objectstorage.py
[2026-05-09T11:47:05.610+0000] {processor.py:830} INFO - Processing file /home/vscode/.local/lib/python3.11/site-packages/airflow/example_dags/tutorial_objectstorage.py for tasks to queue
[2026-05-09T11:47:05.611+0000] {logging_mixin.py:188} INFO - [2026-05-09T11:47:05.610+0000] {dagbag.py:545} INFO - Filling up the DagBag from /home/vscode/.local/lib/python3.11/site-packages/airflow/example_dags/tutorial_objectstorage.py
[2026-05-09T11:47:05.614+0000] {logging_mixin.py:188} INFO - [2026-05-09T11:47:05.612+0000] {dagbag.py:355} ERROR - Failed to import: /home/vscode/.local/lib/python3.11/site-packages/airflow/example_dags/tutorial_objectstorage.py
Traceback (most recent call last):
  File "/home/vscode/.local/lib/python3.11/site-packages/airflow/models/dagbag.py", line 351, in parse
    loader.exec_module(new_module)
  File "<frozen importlib._bootstrap_external>", line 940, in exec_module
  File "<frozen importlib._bootstrap>", line 241, in _call_with_frames_removed
  File "/home/vscode/.local/lib/python3.11/site-packages/airflow/example_dags/tutorial_objectstorage.py", line 46, in <module>
    base = ObjectStoragePath("s3://aws_default@airflow-tutorial-data/")
           ^^^^^^^^^^^^^^^^^^^^^^^^^^^^^^^^^^^^^^^^^^^^^^^^^^^^^^^^^^^^
  File "/home/vscode/.local/lib/python3.11/site-packages/upath/core.py", line 164, in __call__
    inst = cls.__new__(cls, *args, **kwargs)
           ^^^^^^^^^^^^^^^^^^^^^^^^^^^^^^^^^
  File "/home/vscode/.local/lib/python3.11/site-packages/upath/core.py", line 469, in __new__
    raise _IncompatibleProtocolError(msg)
TypeError: ObjectStoragePath(...) detected protocol s3 which is incompatible with ObjectStoragePath.
[2026-05-09T11:47:05.614+0000] {processor.py:842} WARNING - No viable dags retrieved from /home/vscode/.local/lib/python3.11/site-packages/airflow/example_dags/tutorial_objectstorage.py
[2026-05-09T11:47:05.628+0000] {processor.py:183} INFO - Processing /home/vscode/.local/lib/python3.11/site-packages/airflow/example_dags/tutorial_objectstorage.py took 0.026 seconds
[2026-05-09T11:47:49.254+0000] {processor.py:161} INFO - Started process (PID=24736) to work on /home/vscode/.local/lib/python3.11/site-packages/airflow/example_dags/tutorial_objectstorage.py
[2026-05-09T11:47:49.255+0000] {processor.py:830} INFO - Processing file /home/vscode/.local/lib/python3.11/site-packages/airflow/example_dags/tutorial_objectstorage.py for tasks to queue
[2026-05-09T11:47:49.255+0000] {logging_mixin.py:188} INFO - [2026-05-09T11:47:49.255+0000] {dagbag.py:545} INFO - Filling up the DagBag from /home/vscode/.local/lib/python3.11/site-packages/airflow/example_dags/tutorial_objectstorage.py
[2026-05-09T11:47:49.260+0000] {logging_mixin.py:188} INFO - [2026-05-09T11:47:49.258+0000] {dagbag.py:355} ERROR - Failed to import: /home/vscode/.local/lib/python3.11/site-packages/airflow/example_dags/tutorial_objectstorage.py
Traceback (most recent call last):
  File "/home/vscode/.local/lib/python3.11/site-packages/airflow/models/dagbag.py", line 351, in parse
    loader.exec_module(new_module)
  File "<frozen importlib._bootstrap_external>", line 940, in exec_module
  File "<frozen importlib._bootstrap>", line 241, in _call_with_frames_removed
  File "/home/vscode/.local/lib/python3.11/site-packages/airflow/example_dags/tutorial_objectstorage.py", line 46, in <module>
    base = ObjectStoragePath("s3://aws_default@airflow-tutorial-data/")
           ^^^^^^^^^^^^^^^^^^^^^^^^^^^^^^^^^^^^^^^^^^^^^^^^^^^^^^^^^^^^
  File "/home/vscode/.local/lib/python3.11/site-packages/upath/core.py", line 164, in __call__
    inst = cls.__new__(cls, *args, **kwargs)
           ^^^^^^^^^^^^^^^^^^^^^^^^^^^^^^^^^
  File "/home/vscode/.local/lib/python3.11/site-packages/upath/core.py", line 469, in __new__
    raise _IncompatibleProtocolError(msg)
TypeError: ObjectStoragePath(...) detected protocol s3 which is incompatible with ObjectStoragePath.
[2026-05-09T11:47:49.260+0000] {processor.py:842} WARNING - No viable dags retrieved from /home/vscode/.local/lib/python3.11/site-packages/airflow/example_dags/tutorial_objectstorage.py
[2026-05-09T11:47:49.287+0000] {processor.py:183} INFO - Processing /home/vscode/.local/lib/python3.11/site-packages/airflow/example_dags/tutorial_objectstorage.py took 0.045 seconds
[2026-05-09T11:48:33.612+0000] {processor.py:161} INFO - Started process (PID=25078) to work on /home/vscode/.local/lib/python3.11/site-packages/airflow/example_dags/tutorial_objectstorage.py
[2026-05-09T11:48:33.612+0000] {processor.py:830} INFO - Processing file /home/vscode/.local/lib/python3.11/site-packages/airflow/example_dags/tutorial_objectstorage.py for tasks to queue
[2026-05-09T11:48:33.613+0000] {logging_mixin.py:188} INFO - [2026-05-09T11:48:33.613+0000] {dagbag.py:545} INFO - Filling up the DagBag from /home/vscode/.local/lib/python3.11/site-packages/airflow/example_dags/tutorial_objectstorage.py
[2026-05-09T11:48:33.616+0000] {logging_mixin.py:188} INFO - [2026-05-09T11:48:33.615+0000] {dagbag.py:355} ERROR - Failed to import: /home/vscode/.local/lib/python3.11/site-packages/airflow/example_dags/tutorial_objectstorage.py
Traceback (most recent call last):
  File "/home/vscode/.local/lib/python3.11/site-packages/airflow/models/dagbag.py", line 351, in parse
    loader.exec_module(new_module)
  File "<frozen importlib._bootstrap_external>", line 940, in exec_module
  File "<frozen importlib._bootstrap>", line 241, in _call_with_frames_removed
  File "/home/vscode/.local/lib/python3.11/site-packages/airflow/example_dags/tutorial_objectstorage.py", line 46, in <module>
    base = ObjectStoragePath("s3://aws_default@airflow-tutorial-data/")
           ^^^^^^^^^^^^^^^^^^^^^^^^^^^^^^^^^^^^^^^^^^^^^^^^^^^^^^^^^^^^
  File "/home/vscode/.local/lib/python3.11/site-packages/upath/core.py", line 164, in __call__
    inst = cls.__new__(cls, *args, **kwargs)
           ^^^^^^^^^^^^^^^^^^^^^^^^^^^^^^^^^
  File "/home/vscode/.local/lib/python3.11/site-packages/upath/core.py", line 469, in __new__
    raise _IncompatibleProtocolError(msg)
TypeError: ObjectStoragePath(...) detected protocol s3 which is incompatible with ObjectStoragePath.
[2026-05-09T11:48:33.617+0000] {processor.py:842} WARNING - No viable dags retrieved from /home/vscode/.local/lib/python3.11/site-packages/airflow/example_dags/tutorial_objectstorage.py
[2026-05-09T11:48:33.630+0000] {processor.py:183} INFO - Processing /home/vscode/.local/lib/python3.11/site-packages/airflow/example_dags/tutorial_objectstorage.py took 0.026 seconds
[2026-05-09T11:49:12.655+0000] {processor.py:161} INFO - Started process (PID=25463) to work on /home/vscode/.local/lib/python3.11/site-packages/airflow/example_dags/tutorial_objectstorage.py
[2026-05-09T11:49:12.656+0000] {processor.py:830} INFO - Processing file /home/vscode/.local/lib/python3.11/site-packages/airflow/example_dags/tutorial_objectstorage.py for tasks to queue
[2026-05-09T11:49:12.657+0000] {logging_mixin.py:188} INFO - [2026-05-09T11:49:12.656+0000] {dagbag.py:545} INFO - Filling up the DagBag from /home/vscode/.local/lib/python3.11/site-packages/airflow/example_dags/tutorial_objectstorage.py
[2026-05-09T11:49:12.660+0000] {logging_mixin.py:188} INFO - [2026-05-09T11:49:12.658+0000] {dagbag.py:355} ERROR - Failed to import: /home/vscode/.local/lib/python3.11/site-packages/airflow/example_dags/tutorial_objectstorage.py
Traceback (most recent call last):
  File "/home/vscode/.local/lib/python3.11/site-packages/airflow/models/dagbag.py", line 351, in parse
    loader.exec_module(new_module)
  File "<frozen importlib._bootstrap_external>", line 940, in exec_module
  File "<frozen importlib._bootstrap>", line 241, in _call_with_frames_removed
  File "/home/vscode/.local/lib/python3.11/site-packages/airflow/example_dags/tutorial_objectstorage.py", line 46, in <module>
    base = ObjectStoragePath("s3://aws_default@airflow-tutorial-data/")
           ^^^^^^^^^^^^^^^^^^^^^^^^^^^^^^^^^^^^^^^^^^^^^^^^^^^^^^^^^^^^
  File "/home/vscode/.local/lib/python3.11/site-packages/upath/core.py", line 164, in __call__
    inst = cls.__new__(cls, *args, **kwargs)
           ^^^^^^^^^^^^^^^^^^^^^^^^^^^^^^^^^
  File "/home/vscode/.local/lib/python3.11/site-packages/upath/core.py", line 469, in __new__
    raise _IncompatibleProtocolError(msg)
TypeError: ObjectStoragePath(...) detected protocol s3 which is incompatible with ObjectStoragePath.
[2026-05-09T11:49:12.660+0000] {processor.py:842} WARNING - No viable dags retrieved from /home/vscode/.local/lib/python3.11/site-packages/airflow/example_dags/tutorial_objectstorage.py
[2026-05-09T11:49:12.674+0000] {processor.py:183} INFO - Processing /home/vscode/.local/lib/python3.11/site-packages/airflow/example_dags/tutorial_objectstorage.py took 0.025 seconds
[2026-05-09T11:49:55.064+0000] {processor.py:161} INFO - Started process (PID=25892) to work on /home/vscode/.local/lib/python3.11/site-packages/airflow/example_dags/tutorial_objectstorage.py
[2026-05-09T11:49:55.065+0000] {processor.py:830} INFO - Processing file /home/vscode/.local/lib/python3.11/site-packages/airflow/example_dags/tutorial_objectstorage.py for tasks to queue
[2026-05-09T11:49:55.065+0000] {logging_mixin.py:188} INFO - [2026-05-09T11:49:55.065+0000] {dagbag.py:545} INFO - Filling up the DagBag from /home/vscode/.local/lib/python3.11/site-packages/airflow/example_dags/tutorial_objectstorage.py
[2026-05-09T11:49:55.068+0000] {logging_mixin.py:188} INFO - [2026-05-09T11:49:55.067+0000] {dagbag.py:355} ERROR - Failed to import: /home/vscode/.local/lib/python3.11/site-packages/airflow/example_dags/tutorial_objectstorage.py
Traceback (most recent call last):
  File "/home/vscode/.local/lib/python3.11/site-packages/airflow/models/dagbag.py", line 351, in parse
    loader.exec_module(new_module)
  File "<frozen importlib._bootstrap_external>", line 940, in exec_module
  File "<frozen importlib._bootstrap>", line 241, in _call_with_frames_removed
  File "/home/vscode/.local/lib/python3.11/site-packages/airflow/example_dags/tutorial_objectstorage.py", line 46, in <module>
    base = ObjectStoragePath("s3://aws_default@airflow-tutorial-data/")
           ^^^^^^^^^^^^^^^^^^^^^^^^^^^^^^^^^^^^^^^^^^^^^^^^^^^^^^^^^^^^
  File "/home/vscode/.local/lib/python3.11/site-packages/upath/core.py", line 164, in __call__
    inst = cls.__new__(cls, *args, **kwargs)
           ^^^^^^^^^^^^^^^^^^^^^^^^^^^^^^^^^
  File "/home/vscode/.local/lib/python3.11/site-packages/upath/core.py", line 469, in __new__
    raise _IncompatibleProtocolError(msg)
TypeError: ObjectStoragePath(...) detected protocol s3 which is incompatible with ObjectStoragePath.
[2026-05-09T11:49:55.069+0000] {processor.py:842} WARNING - No viable dags retrieved from /home/vscode/.local/lib/python3.11/site-packages/airflow/example_dags/tutorial_objectstorage.py
[2026-05-09T11:49:55.082+0000] {processor.py:183} INFO - Processing /home/vscode/.local/lib/python3.11/site-packages/airflow/example_dags/tutorial_objectstorage.py took 0.024 seconds
[2026-05-09T11:50:38.381+0000] {processor.py:161} INFO - Started process (PID=26342) to work on /home/vscode/.local/lib/python3.11/site-packages/airflow/example_dags/tutorial_objectstorage.py
[2026-05-09T11:50:38.381+0000] {processor.py:830} INFO - Processing file /home/vscode/.local/lib/python3.11/site-packages/airflow/example_dags/tutorial_objectstorage.py for tasks to queue
[2026-05-09T11:50:38.382+0000] {logging_mixin.py:188} INFO - [2026-05-09T11:50:38.381+0000] {dagbag.py:545} INFO - Filling up the DagBag from /home/vscode/.local/lib/python3.11/site-packages/airflow/example_dags/tutorial_objectstorage.py
[2026-05-09T11:50:38.385+0000] {logging_mixin.py:188} INFO - [2026-05-09T11:50:38.384+0000] {dagbag.py:355} ERROR - Failed to import: /home/vscode/.local/lib/python3.11/site-packages/airflow/example_dags/tutorial_objectstorage.py
Traceback (most recent call last):
  File "/home/vscode/.local/lib/python3.11/site-packages/airflow/models/dagbag.py", line 351, in parse
    loader.exec_module(new_module)
  File "<frozen importlib._bootstrap_external>", line 940, in exec_module
  File "<frozen importlib._bootstrap>", line 241, in _call_with_frames_removed
  File "/home/vscode/.local/lib/python3.11/site-packages/airflow/example_dags/tutorial_objectstorage.py", line 46, in <module>
    base = ObjectStoragePath("s3://aws_default@airflow-tutorial-data/")
           ^^^^^^^^^^^^^^^^^^^^^^^^^^^^^^^^^^^^^^^^^^^^^^^^^^^^^^^^^^^^
  File "/home/vscode/.local/lib/python3.11/site-packages/upath/core.py", line 164, in __call__
    inst = cls.__new__(cls, *args, **kwargs)
           ^^^^^^^^^^^^^^^^^^^^^^^^^^^^^^^^^
  File "/home/vscode/.local/lib/python3.11/site-packages/upath/core.py", line 469, in __new__
    raise _IncompatibleProtocolError(msg)
TypeError: ObjectStoragePath(...) detected protocol s3 which is incompatible with ObjectStoragePath.
[2026-05-09T11:50:38.386+0000] {processor.py:842} WARNING - No viable dags retrieved from /home/vscode/.local/lib/python3.11/site-packages/airflow/example_dags/tutorial_objectstorage.py
[2026-05-09T11:50:38.400+0000] {processor.py:183} INFO - Processing /home/vscode/.local/lib/python3.11/site-packages/airflow/example_dags/tutorial_objectstorage.py took 0.026 seconds
[2026-05-09T11:51:21.085+0000] {processor.py:161} INFO - Started process (PID=26835) to work on /home/vscode/.local/lib/python3.11/site-packages/airflow/example_dags/tutorial_objectstorage.py
[2026-05-09T11:51:21.085+0000] {processor.py:830} INFO - Processing file /home/vscode/.local/lib/python3.11/site-packages/airflow/example_dags/tutorial_objectstorage.py for tasks to queue
[2026-05-09T11:51:21.086+0000] {logging_mixin.py:188} INFO - [2026-05-09T11:51:21.086+0000] {dagbag.py:545} INFO - Filling up the DagBag from /home/vscode/.local/lib/python3.11/site-packages/airflow/example_dags/tutorial_objectstorage.py
[2026-05-09T11:51:21.089+0000] {logging_mixin.py:188} INFO - [2026-05-09T11:51:21.088+0000] {dagbag.py:355} ERROR - Failed to import: /home/vscode/.local/lib/python3.11/site-packages/airflow/example_dags/tutorial_objectstorage.py
Traceback (most recent call last):
  File "/home/vscode/.local/lib/python3.11/site-packages/airflow/models/dagbag.py", line 351, in parse
    loader.exec_module(new_module)
  File "<frozen importlib._bootstrap_external>", line 940, in exec_module
  File "<frozen importlib._bootstrap>", line 241, in _call_with_frames_removed
  File "/home/vscode/.local/lib/python3.11/site-packages/airflow/example_dags/tutorial_objectstorage.py", line 46, in <module>
    base = ObjectStoragePath("s3://aws_default@airflow-tutorial-data/")
           ^^^^^^^^^^^^^^^^^^^^^^^^^^^^^^^^^^^^^^^^^^^^^^^^^^^^^^^^^^^^
  File "/home/vscode/.local/lib/python3.11/site-packages/upath/core.py", line 164, in __call__
    inst = cls.__new__(cls, *args, **kwargs)
           ^^^^^^^^^^^^^^^^^^^^^^^^^^^^^^^^^
  File "/home/vscode/.local/lib/python3.11/site-packages/upath/core.py", line 469, in __new__
    raise _IncompatibleProtocolError(msg)
TypeError: ObjectStoragePath(...) detected protocol s3 which is incompatible with ObjectStoragePath.
[2026-05-09T11:51:21.090+0000] {processor.py:842} WARNING - No viable dags retrieved from /home/vscode/.local/lib/python3.11/site-packages/airflow/example_dags/tutorial_objectstorage.py
[2026-05-09T11:51:21.102+0000] {processor.py:183} INFO - Processing /home/vscode/.local/lib/python3.11/site-packages/airflow/example_dags/tutorial_objectstorage.py took 0.024 seconds
[2026-05-09T11:52:03.321+0000] {processor.py:161} INFO - Started process (PID=27257) to work on /home/vscode/.local/lib/python3.11/site-packages/airflow/example_dags/tutorial_objectstorage.py
[2026-05-09T11:52:03.322+0000] {processor.py:830} INFO - Processing file /home/vscode/.local/lib/python3.11/site-packages/airflow/example_dags/tutorial_objectstorage.py for tasks to queue
[2026-05-09T11:52:03.322+0000] {logging_mixin.py:188} INFO - [2026-05-09T11:52:03.322+0000] {dagbag.py:545} INFO - Filling up the DagBag from /home/vscode/.local/lib/python3.11/site-packages/airflow/example_dags/tutorial_objectstorage.py
[2026-05-09T11:52:03.326+0000] {logging_mixin.py:188} INFO - [2026-05-09T11:52:03.324+0000] {dagbag.py:355} ERROR - Failed to import: /home/vscode/.local/lib/python3.11/site-packages/airflow/example_dags/tutorial_objectstorage.py
Traceback (most recent call last):
  File "/home/vscode/.local/lib/python3.11/site-packages/airflow/models/dagbag.py", line 351, in parse
    loader.exec_module(new_module)
  File "<frozen importlib._bootstrap_external>", line 940, in exec_module
  File "<frozen importlib._bootstrap>", line 241, in _call_with_frames_removed
  File "/home/vscode/.local/lib/python3.11/site-packages/airflow/example_dags/tutorial_objectstorage.py", line 46, in <module>
    base = ObjectStoragePath("s3://aws_default@airflow-tutorial-data/")
           ^^^^^^^^^^^^^^^^^^^^^^^^^^^^^^^^^^^^^^^^^^^^^^^^^^^^^^^^^^^^
  File "/home/vscode/.local/lib/python3.11/site-packages/upath/core.py", line 164, in __call__
    inst = cls.__new__(cls, *args, **kwargs)
           ^^^^^^^^^^^^^^^^^^^^^^^^^^^^^^^^^
  File "/home/vscode/.local/lib/python3.11/site-packages/upath/core.py", line 469, in __new__
    raise _IncompatibleProtocolError(msg)
TypeError: ObjectStoragePath(...) detected protocol s3 which is incompatible with ObjectStoragePath.
[2026-05-09T11:52:03.326+0000] {processor.py:842} WARNING - No viable dags retrieved from /home/vscode/.local/lib/python3.11/site-packages/airflow/example_dags/tutorial_objectstorage.py
[2026-05-09T11:52:03.339+0000] {processor.py:183} INFO - Processing /home/vscode/.local/lib/python3.11/site-packages/airflow/example_dags/tutorial_objectstorage.py took 0.024 seconds
[2026-05-09T11:52:43.431+0000] {processor.py:161} INFO - Started process (PID=27632) to work on /home/vscode/.local/lib/python3.11/site-packages/airflow/example_dags/tutorial_objectstorage.py
[2026-05-09T11:52:43.432+0000] {processor.py:830} INFO - Processing file /home/vscode/.local/lib/python3.11/site-packages/airflow/example_dags/tutorial_objectstorage.py for tasks to queue
[2026-05-09T11:52:43.432+0000] {logging_mixin.py:188} INFO - [2026-05-09T11:52:43.432+0000] {dagbag.py:545} INFO - Filling up the DagBag from /home/vscode/.local/lib/python3.11/site-packages/airflow/example_dags/tutorial_objectstorage.py
[2026-05-09T11:52:43.436+0000] {logging_mixin.py:188} INFO - [2026-05-09T11:52:43.434+0000] {dagbag.py:355} ERROR - Failed to import: /home/vscode/.local/lib/python3.11/site-packages/airflow/example_dags/tutorial_objectstorage.py
Traceback (most recent call last):
  File "/home/vscode/.local/lib/python3.11/site-packages/airflow/models/dagbag.py", line 351, in parse
    loader.exec_module(new_module)
  File "<frozen importlib._bootstrap_external>", line 940, in exec_module
  File "<frozen importlib._bootstrap>", line 241, in _call_with_frames_removed
  File "/home/vscode/.local/lib/python3.11/site-packages/airflow/example_dags/tutorial_objectstorage.py", line 46, in <module>
    base = ObjectStoragePath("s3://aws_default@airflow-tutorial-data/")
           ^^^^^^^^^^^^^^^^^^^^^^^^^^^^^^^^^^^^^^^^^^^^^^^^^^^^^^^^^^^^
  File "/home/vscode/.local/lib/python3.11/site-packages/upath/core.py", line 164, in __call__
    inst = cls.__new__(cls, *args, **kwargs)
           ^^^^^^^^^^^^^^^^^^^^^^^^^^^^^^^^^
  File "/home/vscode/.local/lib/python3.11/site-packages/upath/core.py", line 469, in __new__
    raise _IncompatibleProtocolError(msg)
TypeError: ObjectStoragePath(...) detected protocol s3 which is incompatible with ObjectStoragePath.
[2026-05-09T11:52:43.436+0000] {processor.py:842} WARNING - No viable dags retrieved from /home/vscode/.local/lib/python3.11/site-packages/airflow/example_dags/tutorial_objectstorage.py
[2026-05-09T11:52:43.450+0000] {processor.py:183} INFO - Processing /home/vscode/.local/lib/python3.11/site-packages/airflow/example_dags/tutorial_objectstorage.py took 0.026 seconds
[2026-05-09T11:53:22.518+0000] {processor.py:161} INFO - Started process (PID=27918) to work on /home/vscode/.local/lib/python3.11/site-packages/airflow/example_dags/tutorial_objectstorage.py
[2026-05-09T11:53:22.519+0000] {processor.py:830} INFO - Processing file /home/vscode/.local/lib/python3.11/site-packages/airflow/example_dags/tutorial_objectstorage.py for tasks to queue
[2026-05-09T11:53:22.519+0000] {logging_mixin.py:188} INFO - [2026-05-09T11:53:22.519+0000] {dagbag.py:545} INFO - Filling up the DagBag from /home/vscode/.local/lib/python3.11/site-packages/airflow/example_dags/tutorial_objectstorage.py
[2026-05-09T11:53:22.523+0000] {logging_mixin.py:188} INFO - [2026-05-09T11:53:22.521+0000] {dagbag.py:355} ERROR - Failed to import: /home/vscode/.local/lib/python3.11/site-packages/airflow/example_dags/tutorial_objectstorage.py
Traceback (most recent call last):
  File "/home/vscode/.local/lib/python3.11/site-packages/airflow/models/dagbag.py", line 351, in parse
    loader.exec_module(new_module)
  File "<frozen importlib._bootstrap_external>", line 940, in exec_module
  File "<frozen importlib._bootstrap>", line 241, in _call_with_frames_removed
  File "/home/vscode/.local/lib/python3.11/site-packages/airflow/example_dags/tutorial_objectstorage.py", line 46, in <module>
    base = ObjectStoragePath("s3://aws_default@airflow-tutorial-data/")
           ^^^^^^^^^^^^^^^^^^^^^^^^^^^^^^^^^^^^^^^^^^^^^^^^^^^^^^^^^^^^
  File "/home/vscode/.local/lib/python3.11/site-packages/upath/core.py", line 164, in __call__
    inst = cls.__new__(cls, *args, **kwargs)
           ^^^^^^^^^^^^^^^^^^^^^^^^^^^^^^^^^
  File "/home/vscode/.local/lib/python3.11/site-packages/upath/core.py", line 469, in __new__
    raise _IncompatibleProtocolError(msg)
TypeError: ObjectStoragePath(...) detected protocol s3 which is incompatible with ObjectStoragePath.
[2026-05-09T11:53:22.523+0000] {processor.py:842} WARNING - No viable dags retrieved from /home/vscode/.local/lib/python3.11/site-packages/airflow/example_dags/tutorial_objectstorage.py
[2026-05-09T11:53:22.537+0000] {processor.py:183} INFO - Processing /home/vscode/.local/lib/python3.11/site-packages/airflow/example_dags/tutorial_objectstorage.py took 0.025 seconds
[2026-05-09T11:54:03.038+0000] {processor.py:161} INFO - Started process (PID=28322) to work on /home/vscode/.local/lib/python3.11/site-packages/airflow/example_dags/tutorial_objectstorage.py
[2026-05-09T11:54:03.038+0000] {processor.py:830} INFO - Processing file /home/vscode/.local/lib/python3.11/site-packages/airflow/example_dags/tutorial_objectstorage.py for tasks to queue
[2026-05-09T11:54:03.039+0000] {logging_mixin.py:188} INFO - [2026-05-09T11:54:03.039+0000] {dagbag.py:545} INFO - Filling up the DagBag from /home/vscode/.local/lib/python3.11/site-packages/airflow/example_dags/tutorial_objectstorage.py
[2026-05-09T11:54:03.042+0000] {logging_mixin.py:188} INFO - [2026-05-09T11:54:03.041+0000] {dagbag.py:355} ERROR - Failed to import: /home/vscode/.local/lib/python3.11/site-packages/airflow/example_dags/tutorial_objectstorage.py
Traceback (most recent call last):
  File "/home/vscode/.local/lib/python3.11/site-packages/airflow/models/dagbag.py", line 351, in parse
    loader.exec_module(new_module)
  File "<frozen importlib._bootstrap_external>", line 940, in exec_module
  File "<frozen importlib._bootstrap>", line 241, in _call_with_frames_removed
  File "/home/vscode/.local/lib/python3.11/site-packages/airflow/example_dags/tutorial_objectstorage.py", line 46, in <module>
    base = ObjectStoragePath("s3://aws_default@airflow-tutorial-data/")
           ^^^^^^^^^^^^^^^^^^^^^^^^^^^^^^^^^^^^^^^^^^^^^^^^^^^^^^^^^^^^
  File "/home/vscode/.local/lib/python3.11/site-packages/upath/core.py", line 164, in __call__
    inst = cls.__new__(cls, *args, **kwargs)
           ^^^^^^^^^^^^^^^^^^^^^^^^^^^^^^^^^
  File "/home/vscode/.local/lib/python3.11/site-packages/upath/core.py", line 469, in __new__
    raise _IncompatibleProtocolError(msg)
TypeError: ObjectStoragePath(...) detected protocol s3 which is incompatible with ObjectStoragePath.
[2026-05-09T11:54:03.043+0000] {processor.py:842} WARNING - No viable dags retrieved from /home/vscode/.local/lib/python3.11/site-packages/airflow/example_dags/tutorial_objectstorage.py
[2026-05-09T11:54:03.055+0000] {processor.py:183} INFO - Processing /home/vscode/.local/lib/python3.11/site-packages/airflow/example_dags/tutorial_objectstorage.py took 0.024 seconds
[2026-05-09T11:54:45.393+0000] {processor.py:161} INFO - Started process (PID=28680) to work on /home/vscode/.local/lib/python3.11/site-packages/airflow/example_dags/tutorial_objectstorage.py
[2026-05-09T11:54:45.393+0000] {processor.py:830} INFO - Processing file /home/vscode/.local/lib/python3.11/site-packages/airflow/example_dags/tutorial_objectstorage.py for tasks to queue
[2026-05-09T11:54:45.394+0000] {logging_mixin.py:188} INFO - [2026-05-09T11:54:45.393+0000] {dagbag.py:545} INFO - Filling up the DagBag from /home/vscode/.local/lib/python3.11/site-packages/airflow/example_dags/tutorial_objectstorage.py
[2026-05-09T11:54:45.397+0000] {logging_mixin.py:188} INFO - [2026-05-09T11:54:45.396+0000] {dagbag.py:355} ERROR - Failed to import: /home/vscode/.local/lib/python3.11/site-packages/airflow/example_dags/tutorial_objectstorage.py
Traceback (most recent call last):
  File "/home/vscode/.local/lib/python3.11/site-packages/airflow/models/dagbag.py", line 351, in parse
    loader.exec_module(new_module)
  File "<frozen importlib._bootstrap_external>", line 940, in exec_module
  File "<frozen importlib._bootstrap>", line 241, in _call_with_frames_removed
  File "/home/vscode/.local/lib/python3.11/site-packages/airflow/example_dags/tutorial_objectstorage.py", line 46, in <module>
    base = ObjectStoragePath("s3://aws_default@airflow-tutorial-data/")
           ^^^^^^^^^^^^^^^^^^^^^^^^^^^^^^^^^^^^^^^^^^^^^^^^^^^^^^^^^^^^
  File "/home/vscode/.local/lib/python3.11/site-packages/upath/core.py", line 164, in __call__
    inst = cls.__new__(cls, *args, **kwargs)
           ^^^^^^^^^^^^^^^^^^^^^^^^^^^^^^^^^
  File "/home/vscode/.local/lib/python3.11/site-packages/upath/core.py", line 469, in __new__
    raise _IncompatibleProtocolError(msg)
TypeError: ObjectStoragePath(...) detected protocol s3 which is incompatible with ObjectStoragePath.
[2026-05-09T11:54:45.397+0000] {processor.py:842} WARNING - No viable dags retrieved from /home/vscode/.local/lib/python3.11/site-packages/airflow/example_dags/tutorial_objectstorage.py
[2026-05-09T11:54:45.411+0000] {processor.py:183} INFO - Processing /home/vscode/.local/lib/python3.11/site-packages/airflow/example_dags/tutorial_objectstorage.py took 0.025 seconds
[2026-05-09T11:55:26.538+0000] {processor.py:161} INFO - Started process (PID=28974) to work on /home/vscode/.local/lib/python3.11/site-packages/airflow/example_dags/tutorial_objectstorage.py
[2026-05-09T11:55:26.538+0000] {processor.py:830} INFO - Processing file /home/vscode/.local/lib/python3.11/site-packages/airflow/example_dags/tutorial_objectstorage.py for tasks to queue
[2026-05-09T11:55:26.539+0000] {logging_mixin.py:188} INFO - [2026-05-09T11:55:26.539+0000] {dagbag.py:545} INFO - Filling up the DagBag from /home/vscode/.local/lib/python3.11/site-packages/airflow/example_dags/tutorial_objectstorage.py
[2026-05-09T11:55:26.542+0000] {logging_mixin.py:188} INFO - [2026-05-09T11:55:26.541+0000] {dagbag.py:355} ERROR - Failed to import: /home/vscode/.local/lib/python3.11/site-packages/airflow/example_dags/tutorial_objectstorage.py
Traceback (most recent call last):
  File "/home/vscode/.local/lib/python3.11/site-packages/airflow/models/dagbag.py", line 351, in parse
    loader.exec_module(new_module)
  File "<frozen importlib._bootstrap_external>", line 940, in exec_module
  File "<frozen importlib._bootstrap>", line 241, in _call_with_frames_removed
  File "/home/vscode/.local/lib/python3.11/site-packages/airflow/example_dags/tutorial_objectstorage.py", line 46, in <module>
    base = ObjectStoragePath("s3://aws_default@airflow-tutorial-data/")
           ^^^^^^^^^^^^^^^^^^^^^^^^^^^^^^^^^^^^^^^^^^^^^^^^^^^^^^^^^^^^
  File "/home/vscode/.local/lib/python3.11/site-packages/upath/core.py", line 164, in __call__
    inst = cls.__new__(cls, *args, **kwargs)
           ^^^^^^^^^^^^^^^^^^^^^^^^^^^^^^^^^
  File "/home/vscode/.local/lib/python3.11/site-packages/upath/core.py", line 469, in __new__
    raise _IncompatibleProtocolError(msg)
TypeError: ObjectStoragePath(...) detected protocol s3 which is incompatible with ObjectStoragePath.
[2026-05-09T11:55:26.542+0000] {processor.py:842} WARNING - No viable dags retrieved from /home/vscode/.local/lib/python3.11/site-packages/airflow/example_dags/tutorial_objectstorage.py
[2026-05-09T11:55:26.554+0000] {processor.py:183} INFO - Processing /home/vscode/.local/lib/python3.11/site-packages/airflow/example_dags/tutorial_objectstorage.py took 0.023 seconds
[2026-05-09T11:56:07.403+0000] {processor.py:161} INFO - Started process (PID=29324) to work on /home/vscode/.local/lib/python3.11/site-packages/airflow/example_dags/tutorial_objectstorage.py
[2026-05-09T11:56:07.404+0000] {processor.py:830} INFO - Processing file /home/vscode/.local/lib/python3.11/site-packages/airflow/example_dags/tutorial_objectstorage.py for tasks to queue
[2026-05-09T11:56:07.404+0000] {logging_mixin.py:188} INFO - [2026-05-09T11:56:07.404+0000] {dagbag.py:545} INFO - Filling up the DagBag from /home/vscode/.local/lib/python3.11/site-packages/airflow/example_dags/tutorial_objectstorage.py
[2026-05-09T11:56:07.408+0000] {logging_mixin.py:188} INFO - [2026-05-09T11:56:07.406+0000] {dagbag.py:355} ERROR - Failed to import: /home/vscode/.local/lib/python3.11/site-packages/airflow/example_dags/tutorial_objectstorage.py
Traceback (most recent call last):
  File "/home/vscode/.local/lib/python3.11/site-packages/airflow/models/dagbag.py", line 351, in parse
    loader.exec_module(new_module)
  File "<frozen importlib._bootstrap_external>", line 940, in exec_module
  File "<frozen importlib._bootstrap>", line 241, in _call_with_frames_removed
  File "/home/vscode/.local/lib/python3.11/site-packages/airflow/example_dags/tutorial_objectstorage.py", line 46, in <module>
    base = ObjectStoragePath("s3://aws_default@airflow-tutorial-data/")
           ^^^^^^^^^^^^^^^^^^^^^^^^^^^^^^^^^^^^^^^^^^^^^^^^^^^^^^^^^^^^
  File "/home/vscode/.local/lib/python3.11/site-packages/upath/core.py", line 164, in __call__
    inst = cls.__new__(cls, *args, **kwargs)
           ^^^^^^^^^^^^^^^^^^^^^^^^^^^^^^^^^
  File "/home/vscode/.local/lib/python3.11/site-packages/upath/core.py", line 469, in __new__
    raise _IncompatibleProtocolError(msg)
TypeError: ObjectStoragePath(...) detected protocol s3 which is incompatible with ObjectStoragePath.
[2026-05-09T11:56:07.408+0000] {processor.py:842} WARNING - No viable dags retrieved from /home/vscode/.local/lib/python3.11/site-packages/airflow/example_dags/tutorial_objectstorage.py
[2026-05-09T11:56:07.421+0000] {processor.py:183} INFO - Processing /home/vscode/.local/lib/python3.11/site-packages/airflow/example_dags/tutorial_objectstorage.py took 0.024 seconds
[2026-05-09T11:56:48.816+0000] {processor.py:161} INFO - Started process (PID=29675) to work on /home/vscode/.local/lib/python3.11/site-packages/airflow/example_dags/tutorial_objectstorage.py
[2026-05-09T11:56:48.817+0000] {processor.py:830} INFO - Processing file /home/vscode/.local/lib/python3.11/site-packages/airflow/example_dags/tutorial_objectstorage.py for tasks to queue
[2026-05-09T11:56:48.817+0000] {logging_mixin.py:188} INFO - [2026-05-09T11:56:48.817+0000] {dagbag.py:545} INFO - Filling up the DagBag from /home/vscode/.local/lib/python3.11/site-packages/airflow/example_dags/tutorial_objectstorage.py
[2026-05-09T11:56:48.822+0000] {logging_mixin.py:188} INFO - [2026-05-09T11:56:48.820+0000] {dagbag.py:355} ERROR - Failed to import: /home/vscode/.local/lib/python3.11/site-packages/airflow/example_dags/tutorial_objectstorage.py
Traceback (most recent call last):
  File "/home/vscode/.local/lib/python3.11/site-packages/airflow/models/dagbag.py", line 351, in parse
    loader.exec_module(new_module)
  File "<frozen importlib._bootstrap_external>", line 940, in exec_module
  File "<frozen importlib._bootstrap>", line 241, in _call_with_frames_removed
  File "/home/vscode/.local/lib/python3.11/site-packages/airflow/example_dags/tutorial_objectstorage.py", line 46, in <module>
    base = ObjectStoragePath("s3://aws_default@airflow-tutorial-data/")
           ^^^^^^^^^^^^^^^^^^^^^^^^^^^^^^^^^^^^^^^^^^^^^^^^^^^^^^^^^^^^
  File "/home/vscode/.local/lib/python3.11/site-packages/upath/core.py", line 164, in __call__
    inst = cls.__new__(cls, *args, **kwargs)
           ^^^^^^^^^^^^^^^^^^^^^^^^^^^^^^^^^
  File "/home/vscode/.local/lib/python3.11/site-packages/upath/core.py", line 469, in __new__
    raise _IncompatibleProtocolError(msg)
TypeError: ObjectStoragePath(...) detected protocol s3 which is incompatible with ObjectStoragePath.
[2026-05-09T11:56:48.823+0000] {processor.py:842} WARNING - No viable dags retrieved from /home/vscode/.local/lib/python3.11/site-packages/airflow/example_dags/tutorial_objectstorage.py
[2026-05-09T11:56:48.853+0000] {processor.py:183} INFO - Processing /home/vscode/.local/lib/python3.11/site-packages/airflow/example_dags/tutorial_objectstorage.py took 0.048 seconds
[2026-05-09T11:57:29.049+0000] {processor.py:161} INFO - Started process (PID=29972) to work on /home/vscode/.local/lib/python3.11/site-packages/airflow/example_dags/tutorial_objectstorage.py
[2026-05-09T11:57:29.050+0000] {processor.py:830} INFO - Processing file /home/vscode/.local/lib/python3.11/site-packages/airflow/example_dags/tutorial_objectstorage.py for tasks to queue
[2026-05-09T11:57:29.050+0000] {logging_mixin.py:188} INFO - [2026-05-09T11:57:29.050+0000] {dagbag.py:545} INFO - Filling up the DagBag from /home/vscode/.local/lib/python3.11/site-packages/airflow/example_dags/tutorial_objectstorage.py
[2026-05-09T11:57:29.054+0000] {logging_mixin.py:188} INFO - [2026-05-09T11:57:29.052+0000] {dagbag.py:355} ERROR - Failed to import: /home/vscode/.local/lib/python3.11/site-packages/airflow/example_dags/tutorial_objectstorage.py
Traceback (most recent call last):
  File "/home/vscode/.local/lib/python3.11/site-packages/airflow/models/dagbag.py", line 351, in parse
    loader.exec_module(new_module)
  File "<frozen importlib._bootstrap_external>", line 940, in exec_module
  File "<frozen importlib._bootstrap>", line 241, in _call_with_frames_removed
  File "/home/vscode/.local/lib/python3.11/site-packages/airflow/example_dags/tutorial_objectstorage.py", line 46, in <module>
    base = ObjectStoragePath("s3://aws_default@airflow-tutorial-data/")
           ^^^^^^^^^^^^^^^^^^^^^^^^^^^^^^^^^^^^^^^^^^^^^^^^^^^^^^^^^^^^
  File "/home/vscode/.local/lib/python3.11/site-packages/upath/core.py", line 164, in __call__
    inst = cls.__new__(cls, *args, **kwargs)
           ^^^^^^^^^^^^^^^^^^^^^^^^^^^^^^^^^
  File "/home/vscode/.local/lib/python3.11/site-packages/upath/core.py", line 469, in __new__
    raise _IncompatibleProtocolError(msg)
TypeError: ObjectStoragePath(...) detected protocol s3 which is incompatible with ObjectStoragePath.
[2026-05-09T11:57:29.054+0000] {processor.py:842} WARNING - No viable dags retrieved from /home/vscode/.local/lib/python3.11/site-packages/airflow/example_dags/tutorial_objectstorage.py
[2026-05-09T11:57:29.068+0000] {processor.py:183} INFO - Processing /home/vscode/.local/lib/python3.11/site-packages/airflow/example_dags/tutorial_objectstorage.py took 0.026 seconds
[2026-05-09T11:58:12.462+0000] {processor.py:161} INFO - Started process (PID=30326) to work on /home/vscode/.local/lib/python3.11/site-packages/airflow/example_dags/tutorial_objectstorage.py
[2026-05-09T11:58:12.462+0000] {processor.py:830} INFO - Processing file /home/vscode/.local/lib/python3.11/site-packages/airflow/example_dags/tutorial_objectstorage.py for tasks to queue
[2026-05-09T11:58:12.463+0000] {logging_mixin.py:188} INFO - [2026-05-09T11:58:12.462+0000] {dagbag.py:545} INFO - Filling up the DagBag from /home/vscode/.local/lib/python3.11/site-packages/airflow/example_dags/tutorial_objectstorage.py
[2026-05-09T11:58:12.466+0000] {logging_mixin.py:188} INFO - [2026-05-09T11:58:12.464+0000] {dagbag.py:355} ERROR - Failed to import: /home/vscode/.local/lib/python3.11/site-packages/airflow/example_dags/tutorial_objectstorage.py
Traceback (most recent call last):
  File "/home/vscode/.local/lib/python3.11/site-packages/airflow/models/dagbag.py", line 351, in parse
    loader.exec_module(new_module)
  File "<frozen importlib._bootstrap_external>", line 940, in exec_module
  File "<frozen importlib._bootstrap>", line 241, in _call_with_frames_removed
  File "/home/vscode/.local/lib/python3.11/site-packages/airflow/example_dags/tutorial_objectstorage.py", line 46, in <module>
    base = ObjectStoragePath("s3://aws_default@airflow-tutorial-data/")
           ^^^^^^^^^^^^^^^^^^^^^^^^^^^^^^^^^^^^^^^^^^^^^^^^^^^^^^^^^^^^
  File "/home/vscode/.local/lib/python3.11/site-packages/upath/core.py", line 164, in __call__
    inst = cls.__new__(cls, *args, **kwargs)
           ^^^^^^^^^^^^^^^^^^^^^^^^^^^^^^^^^
  File "/home/vscode/.local/lib/python3.11/site-packages/upath/core.py", line 469, in __new__
    raise _IncompatibleProtocolError(msg)
TypeError: ObjectStoragePath(...) detected protocol s3 which is incompatible with ObjectStoragePath.
[2026-05-09T11:58:12.466+0000] {processor.py:842} WARNING - No viable dags retrieved from /home/vscode/.local/lib/python3.11/site-packages/airflow/example_dags/tutorial_objectstorage.py
[2026-05-09T11:58:12.480+0000] {processor.py:183} INFO - Processing /home/vscode/.local/lib/python3.11/site-packages/airflow/example_dags/tutorial_objectstorage.py took 0.024 seconds
[2026-05-09T11:58:55.312+0000] {processor.py:161} INFO - Started process (PID=30691) to work on /home/vscode/.local/lib/python3.11/site-packages/airflow/example_dags/tutorial_objectstorage.py
[2026-05-09T11:58:55.313+0000] {processor.py:830} INFO - Processing file /home/vscode/.local/lib/python3.11/site-packages/airflow/example_dags/tutorial_objectstorage.py for tasks to queue
[2026-05-09T11:58:55.314+0000] {logging_mixin.py:188} INFO - [2026-05-09T11:58:55.313+0000] {dagbag.py:545} INFO - Filling up the DagBag from /home/vscode/.local/lib/python3.11/site-packages/airflow/example_dags/tutorial_objectstorage.py
[2026-05-09T11:58:55.317+0000] {logging_mixin.py:188} INFO - [2026-05-09T11:58:55.315+0000] {dagbag.py:355} ERROR - Failed to import: /home/vscode/.local/lib/python3.11/site-packages/airflow/example_dags/tutorial_objectstorage.py
Traceback (most recent call last):
  File "/home/vscode/.local/lib/python3.11/site-packages/airflow/models/dagbag.py", line 351, in parse
    loader.exec_module(new_module)
  File "<frozen importlib._bootstrap_external>", line 940, in exec_module
  File "<frozen importlib._bootstrap>", line 241, in _call_with_frames_removed
  File "/home/vscode/.local/lib/python3.11/site-packages/airflow/example_dags/tutorial_objectstorage.py", line 46, in <module>
    base = ObjectStoragePath("s3://aws_default@airflow-tutorial-data/")
           ^^^^^^^^^^^^^^^^^^^^^^^^^^^^^^^^^^^^^^^^^^^^^^^^^^^^^^^^^^^^
  File "/home/vscode/.local/lib/python3.11/site-packages/upath/core.py", line 164, in __call__
    inst = cls.__new__(cls, *args, **kwargs)
           ^^^^^^^^^^^^^^^^^^^^^^^^^^^^^^^^^
  File "/home/vscode/.local/lib/python3.11/site-packages/upath/core.py", line 469, in __new__
    raise _IncompatibleProtocolError(msg)
TypeError: ObjectStoragePath(...) detected protocol s3 which is incompatible with ObjectStoragePath.
[2026-05-09T11:58:55.317+0000] {processor.py:842} WARNING - No viable dags retrieved from /home/vscode/.local/lib/python3.11/site-packages/airflow/example_dags/tutorial_objectstorage.py
[2026-05-09T11:58:55.331+0000] {processor.py:183} INFO - Processing /home/vscode/.local/lib/python3.11/site-packages/airflow/example_dags/tutorial_objectstorage.py took 0.025 seconds
[2026-05-09T11:59:36.659+0000] {processor.py:161} INFO - Started process (PID=31048) to work on /home/vscode/.local/lib/python3.11/site-packages/airflow/example_dags/tutorial_objectstorage.py
[2026-05-09T11:59:36.659+0000] {processor.py:830} INFO - Processing file /home/vscode/.local/lib/python3.11/site-packages/airflow/example_dags/tutorial_objectstorage.py for tasks to queue
[2026-05-09T11:59:36.660+0000] {logging_mixin.py:188} INFO - [2026-05-09T11:59:36.660+0000] {dagbag.py:545} INFO - Filling up the DagBag from /home/vscode/.local/lib/python3.11/site-packages/airflow/example_dags/tutorial_objectstorage.py
[2026-05-09T11:59:36.663+0000] {logging_mixin.py:188} INFO - [2026-05-09T11:59:36.662+0000] {dagbag.py:355} ERROR - Failed to import: /home/vscode/.local/lib/python3.11/site-packages/airflow/example_dags/tutorial_objectstorage.py
Traceback (most recent call last):
  File "/home/vscode/.local/lib/python3.11/site-packages/airflow/models/dagbag.py", line 351, in parse
    loader.exec_module(new_module)
  File "<frozen importlib._bootstrap_external>", line 940, in exec_module
  File "<frozen importlib._bootstrap>", line 241, in _call_with_frames_removed
  File "/home/vscode/.local/lib/python3.11/site-packages/airflow/example_dags/tutorial_objectstorage.py", line 46, in <module>
    base = ObjectStoragePath("s3://aws_default@airflow-tutorial-data/")
           ^^^^^^^^^^^^^^^^^^^^^^^^^^^^^^^^^^^^^^^^^^^^^^^^^^^^^^^^^^^^
  File "/home/vscode/.local/lib/python3.11/site-packages/upath/core.py", line 164, in __call__
    inst = cls.__new__(cls, *args, **kwargs)
           ^^^^^^^^^^^^^^^^^^^^^^^^^^^^^^^^^
  File "/home/vscode/.local/lib/python3.11/site-packages/upath/core.py", line 469, in __new__
    raise _IncompatibleProtocolError(msg)
TypeError: ObjectStoragePath(...) detected protocol s3 which is incompatible with ObjectStoragePath.
[2026-05-09T11:59:36.663+0000] {processor.py:842} WARNING - No viable dags retrieved from /home/vscode/.local/lib/python3.11/site-packages/airflow/example_dags/tutorial_objectstorage.py
[2026-05-09T11:59:36.677+0000] {processor.py:183} INFO - Processing /home/vscode/.local/lib/python3.11/site-packages/airflow/example_dags/tutorial_objectstorage.py took 0.025 seconds
[2026-05-09T12:00:18.133+0000] {processor.py:161} INFO - Started process (PID=31337) to work on /home/vscode/.local/lib/python3.11/site-packages/airflow/example_dags/tutorial_objectstorage.py
[2026-05-09T12:00:18.134+0000] {processor.py:830} INFO - Processing file /home/vscode/.local/lib/python3.11/site-packages/airflow/example_dags/tutorial_objectstorage.py for tasks to queue
[2026-05-09T12:00:18.135+0000] {logging_mixin.py:188} INFO - [2026-05-09T12:00:18.134+0000] {dagbag.py:545} INFO - Filling up the DagBag from /home/vscode/.local/lib/python3.11/site-packages/airflow/example_dags/tutorial_objectstorage.py
[2026-05-09T12:00:18.139+0000] {logging_mixin.py:188} INFO - [2026-05-09T12:00:18.137+0000] {dagbag.py:355} ERROR - Failed to import: /home/vscode/.local/lib/python3.11/site-packages/airflow/example_dags/tutorial_objectstorage.py
Traceback (most recent call last):
  File "/home/vscode/.local/lib/python3.11/site-packages/airflow/models/dagbag.py", line 351, in parse
    loader.exec_module(new_module)
  File "<frozen importlib._bootstrap_external>", line 940, in exec_module
  File "<frozen importlib._bootstrap>", line 241, in _call_with_frames_removed
  File "/home/vscode/.local/lib/python3.11/site-packages/airflow/example_dags/tutorial_objectstorage.py", line 46, in <module>
    base = ObjectStoragePath("s3://aws_default@airflow-tutorial-data/")
           ^^^^^^^^^^^^^^^^^^^^^^^^^^^^^^^^^^^^^^^^^^^^^^^^^^^^^^^^^^^^
  File "/home/vscode/.local/lib/python3.11/site-packages/upath/core.py", line 164, in __call__
    inst = cls.__new__(cls, *args, **kwargs)
           ^^^^^^^^^^^^^^^^^^^^^^^^^^^^^^^^^
  File "/home/vscode/.local/lib/python3.11/site-packages/upath/core.py", line 469, in __new__
    raise _IncompatibleProtocolError(msg)
TypeError: ObjectStoragePath(...) detected protocol s3 which is incompatible with ObjectStoragePath.
[2026-05-09T12:00:18.140+0000] {processor.py:842} WARNING - No viable dags retrieved from /home/vscode/.local/lib/python3.11/site-packages/airflow/example_dags/tutorial_objectstorage.py
[2026-05-09T12:00:18.166+0000] {processor.py:183} INFO - Processing /home/vscode/.local/lib/python3.11/site-packages/airflow/example_dags/tutorial_objectstorage.py took 0.042 seconds
[2026-05-09T12:00:59.216+0000] {processor.py:161} INFO - Started process (PID=31689) to work on /home/vscode/.local/lib/python3.11/site-packages/airflow/example_dags/tutorial_objectstorage.py
[2026-05-09T12:00:59.216+0000] {processor.py:830} INFO - Processing file /home/vscode/.local/lib/python3.11/site-packages/airflow/example_dags/tutorial_objectstorage.py for tasks to queue
[2026-05-09T12:00:59.217+0000] {logging_mixin.py:188} INFO - [2026-05-09T12:00:59.216+0000] {dagbag.py:545} INFO - Filling up the DagBag from /home/vscode/.local/lib/python3.11/site-packages/airflow/example_dags/tutorial_objectstorage.py
[2026-05-09T12:00:59.220+0000] {logging_mixin.py:188} INFO - [2026-05-09T12:00:59.218+0000] {dagbag.py:355} ERROR - Failed to import: /home/vscode/.local/lib/python3.11/site-packages/airflow/example_dags/tutorial_objectstorage.py
Traceback (most recent call last):
  File "/home/vscode/.local/lib/python3.11/site-packages/airflow/models/dagbag.py", line 351, in parse
    loader.exec_module(new_module)
  File "<frozen importlib._bootstrap_external>", line 940, in exec_module
  File "<frozen importlib._bootstrap>", line 241, in _call_with_frames_removed
  File "/home/vscode/.local/lib/python3.11/site-packages/airflow/example_dags/tutorial_objectstorage.py", line 46, in <module>
    base = ObjectStoragePath("s3://aws_default@airflow-tutorial-data/")
           ^^^^^^^^^^^^^^^^^^^^^^^^^^^^^^^^^^^^^^^^^^^^^^^^^^^^^^^^^^^^
  File "/home/vscode/.local/lib/python3.11/site-packages/upath/core.py", line 164, in __call__
    inst = cls.__new__(cls, *args, **kwargs)
           ^^^^^^^^^^^^^^^^^^^^^^^^^^^^^^^^^
  File "/home/vscode/.local/lib/python3.11/site-packages/upath/core.py", line 469, in __new__
    raise _IncompatibleProtocolError(msg)
TypeError: ObjectStoragePath(...) detected protocol s3 which is incompatible with ObjectStoragePath.
[2026-05-09T12:00:59.220+0000] {processor.py:842} WARNING - No viable dags retrieved from /home/vscode/.local/lib/python3.11/site-packages/airflow/example_dags/tutorial_objectstorage.py
[2026-05-09T12:00:59.233+0000] {processor.py:183} INFO - Processing /home/vscode/.local/lib/python3.11/site-packages/airflow/example_dags/tutorial_objectstorage.py took 0.024 seconds
[2026-05-09T12:01:43.728+0000] {processor.py:161} INFO - Started process (PID=32067) to work on /home/vscode/.local/lib/python3.11/site-packages/airflow/example_dags/tutorial_objectstorage.py
[2026-05-09T12:01:43.728+0000] {processor.py:830} INFO - Processing file /home/vscode/.local/lib/python3.11/site-packages/airflow/example_dags/tutorial_objectstorage.py for tasks to queue
[2026-05-09T12:01:43.729+0000] {logging_mixin.py:188} INFO - [2026-05-09T12:01:43.728+0000] {dagbag.py:545} INFO - Filling up the DagBag from /home/vscode/.local/lib/python3.11/site-packages/airflow/example_dags/tutorial_objectstorage.py
[2026-05-09T12:01:43.732+0000] {logging_mixin.py:188} INFO - [2026-05-09T12:01:43.731+0000] {dagbag.py:355} ERROR - Failed to import: /home/vscode/.local/lib/python3.11/site-packages/airflow/example_dags/tutorial_objectstorage.py
Traceback (most recent call last):
  File "/home/vscode/.local/lib/python3.11/site-packages/airflow/models/dagbag.py", line 351, in parse
    loader.exec_module(new_module)
  File "<frozen importlib._bootstrap_external>", line 940, in exec_module
  File "<frozen importlib._bootstrap>", line 241, in _call_with_frames_removed
  File "/home/vscode/.local/lib/python3.11/site-packages/airflow/example_dags/tutorial_objectstorage.py", line 46, in <module>
    base = ObjectStoragePath("s3://aws_default@airflow-tutorial-data/")
           ^^^^^^^^^^^^^^^^^^^^^^^^^^^^^^^^^^^^^^^^^^^^^^^^^^^^^^^^^^^^
  File "/home/vscode/.local/lib/python3.11/site-packages/upath/core.py", line 164, in __call__
    inst = cls.__new__(cls, *args, **kwargs)
           ^^^^^^^^^^^^^^^^^^^^^^^^^^^^^^^^^
  File "/home/vscode/.local/lib/python3.11/site-packages/upath/core.py", line 469, in __new__
    raise _IncompatibleProtocolError(msg)
TypeError: ObjectStoragePath(...) detected protocol s3 which is incompatible with ObjectStoragePath.
[2026-05-09T12:01:43.732+0000] {processor.py:842} WARNING - No viable dags retrieved from /home/vscode/.local/lib/python3.11/site-packages/airflow/example_dags/tutorial_objectstorage.py
[2026-05-09T12:01:43.745+0000] {processor.py:183} INFO - Processing /home/vscode/.local/lib/python3.11/site-packages/airflow/example_dags/tutorial_objectstorage.py took 0.024 seconds
[2026-05-09T12:02:25.439+0000] {processor.py:161} INFO - Started process (PID=32364) to work on /home/vscode/.local/lib/python3.11/site-packages/airflow/example_dags/tutorial_objectstorage.py
[2026-05-09T12:02:25.440+0000] {processor.py:830} INFO - Processing file /home/vscode/.local/lib/python3.11/site-packages/airflow/example_dags/tutorial_objectstorage.py for tasks to queue
[2026-05-09T12:02:25.441+0000] {logging_mixin.py:188} INFO - [2026-05-09T12:02:25.440+0000] {dagbag.py:545} INFO - Filling up the DagBag from /home/vscode/.local/lib/python3.11/site-packages/airflow/example_dags/tutorial_objectstorage.py
[2026-05-09T12:02:25.444+0000] {logging_mixin.py:188} INFO - [2026-05-09T12:02:25.442+0000] {dagbag.py:355} ERROR - Failed to import: /home/vscode/.local/lib/python3.11/site-packages/airflow/example_dags/tutorial_objectstorage.py
Traceback (most recent call last):
  File "/home/vscode/.local/lib/python3.11/site-packages/airflow/models/dagbag.py", line 351, in parse
    loader.exec_module(new_module)
  File "<frozen importlib._bootstrap_external>", line 940, in exec_module
  File "<frozen importlib._bootstrap>", line 241, in _call_with_frames_removed
  File "/home/vscode/.local/lib/python3.11/site-packages/airflow/example_dags/tutorial_objectstorage.py", line 46, in <module>
    base = ObjectStoragePath("s3://aws_default@airflow-tutorial-data/")
           ^^^^^^^^^^^^^^^^^^^^^^^^^^^^^^^^^^^^^^^^^^^^^^^^^^^^^^^^^^^^
  File "/home/vscode/.local/lib/python3.11/site-packages/upath/core.py", line 164, in __call__
    inst = cls.__new__(cls, *args, **kwargs)
           ^^^^^^^^^^^^^^^^^^^^^^^^^^^^^^^^^
  File "/home/vscode/.local/lib/python3.11/site-packages/upath/core.py", line 469, in __new__
    raise _IncompatibleProtocolError(msg)
TypeError: ObjectStoragePath(...) detected protocol s3 which is incompatible with ObjectStoragePath.
[2026-05-09T12:02:25.444+0000] {processor.py:842} WARNING - No viable dags retrieved from /home/vscode/.local/lib/python3.11/site-packages/airflow/example_dags/tutorial_objectstorage.py
[2026-05-09T12:02:25.458+0000] {processor.py:183} INFO - Processing /home/vscode/.local/lib/python3.11/site-packages/airflow/example_dags/tutorial_objectstorage.py took 0.025 seconds
[2026-05-09T12:03:07.593+0000] {processor.py:161} INFO - Started process (PID=32717) to work on /home/vscode/.local/lib/python3.11/site-packages/airflow/example_dags/tutorial_objectstorage.py
[2026-05-09T12:03:07.594+0000] {processor.py:830} INFO - Processing file /home/vscode/.local/lib/python3.11/site-packages/airflow/example_dags/tutorial_objectstorage.py for tasks to queue
[2026-05-09T12:03:07.595+0000] {logging_mixin.py:188} INFO - [2026-05-09T12:03:07.595+0000] {dagbag.py:545} INFO - Filling up the DagBag from /home/vscode/.local/lib/python3.11/site-packages/airflow/example_dags/tutorial_objectstorage.py
[2026-05-09T12:03:07.598+0000] {logging_mixin.py:188} INFO - [2026-05-09T12:03:07.597+0000] {dagbag.py:355} ERROR - Failed to import: /home/vscode/.local/lib/python3.11/site-packages/airflow/example_dags/tutorial_objectstorage.py
Traceback (most recent call last):
  File "/home/vscode/.local/lib/python3.11/site-packages/airflow/models/dagbag.py", line 351, in parse
    loader.exec_module(new_module)
  File "<frozen importlib._bootstrap_external>", line 940, in exec_module
  File "<frozen importlib._bootstrap>", line 241, in _call_with_frames_removed
  File "/home/vscode/.local/lib/python3.11/site-packages/airflow/example_dags/tutorial_objectstorage.py", line 46, in <module>
    base = ObjectStoragePath("s3://aws_default@airflow-tutorial-data/")
           ^^^^^^^^^^^^^^^^^^^^^^^^^^^^^^^^^^^^^^^^^^^^^^^^^^^^^^^^^^^^
  File "/home/vscode/.local/lib/python3.11/site-packages/upath/core.py", line 164, in __call__
    inst = cls.__new__(cls, *args, **kwargs)
           ^^^^^^^^^^^^^^^^^^^^^^^^^^^^^^^^^
  File "/home/vscode/.local/lib/python3.11/site-packages/upath/core.py", line 469, in __new__
    raise _IncompatibleProtocolError(msg)
TypeError: ObjectStoragePath(...) detected protocol s3 which is incompatible with ObjectStoragePath.
[2026-05-09T12:03:07.599+0000] {processor.py:842} WARNING - No viable dags retrieved from /home/vscode/.local/lib/python3.11/site-packages/airflow/example_dags/tutorial_objectstorage.py
[2026-05-09T12:03:07.612+0000] {processor.py:183} INFO - Processing /home/vscode/.local/lib/python3.11/site-packages/airflow/example_dags/tutorial_objectstorage.py took 0.028 seconds
[2026-05-09T12:03:48.270+0000] {processor.py:161} INFO - Started process (PID=33125) to work on /home/vscode/.local/lib/python3.11/site-packages/airflow/example_dags/tutorial_objectstorage.py
[2026-05-09T12:03:48.271+0000] {processor.py:830} INFO - Processing file /home/vscode/.local/lib/python3.11/site-packages/airflow/example_dags/tutorial_objectstorage.py for tasks to queue
[2026-05-09T12:03:48.271+0000] {logging_mixin.py:188} INFO - [2026-05-09T12:03:48.271+0000] {dagbag.py:545} INFO - Filling up the DagBag from /home/vscode/.local/lib/python3.11/site-packages/airflow/example_dags/tutorial_objectstorage.py
[2026-05-09T12:03:48.274+0000] {logging_mixin.py:188} INFO - [2026-05-09T12:03:48.273+0000] {dagbag.py:355} ERROR - Failed to import: /home/vscode/.local/lib/python3.11/site-packages/airflow/example_dags/tutorial_objectstorage.py
Traceback (most recent call last):
  File "/home/vscode/.local/lib/python3.11/site-packages/airflow/models/dagbag.py", line 351, in parse
    loader.exec_module(new_module)
  File "<frozen importlib._bootstrap_external>", line 940, in exec_module
  File "<frozen importlib._bootstrap>", line 241, in _call_with_frames_removed
  File "/home/vscode/.local/lib/python3.11/site-packages/airflow/example_dags/tutorial_objectstorage.py", line 46, in <module>
    base = ObjectStoragePath("s3://aws_default@airflow-tutorial-data/")
           ^^^^^^^^^^^^^^^^^^^^^^^^^^^^^^^^^^^^^^^^^^^^^^^^^^^^^^^^^^^^
  File "/home/vscode/.local/lib/python3.11/site-packages/upath/core.py", line 164, in __call__
    inst = cls.__new__(cls, *args, **kwargs)
           ^^^^^^^^^^^^^^^^^^^^^^^^^^^^^^^^^
  File "/home/vscode/.local/lib/python3.11/site-packages/upath/core.py", line 469, in __new__
    raise _IncompatibleProtocolError(msg)
TypeError: ObjectStoragePath(...) detected protocol s3 which is incompatible with ObjectStoragePath.
[2026-05-09T12:03:48.275+0000] {processor.py:842} WARNING - No viable dags retrieved from /home/vscode/.local/lib/python3.11/site-packages/airflow/example_dags/tutorial_objectstorage.py
[2026-05-09T12:03:48.288+0000] {processor.py:183} INFO - Processing /home/vscode/.local/lib/python3.11/site-packages/airflow/example_dags/tutorial_objectstorage.py took 0.024 seconds
[2026-05-09T12:04:31.182+0000] {processor.py:161} INFO - Started process (PID=33436) to work on /home/vscode/.local/lib/python3.11/site-packages/airflow/example_dags/tutorial_objectstorage.py
[2026-05-09T12:04:31.182+0000] {processor.py:830} INFO - Processing file /home/vscode/.local/lib/python3.11/site-packages/airflow/example_dags/tutorial_objectstorage.py for tasks to queue
[2026-05-09T12:04:31.183+0000] {logging_mixin.py:188} INFO - [2026-05-09T12:04:31.183+0000] {dagbag.py:545} INFO - Filling up the DagBag from /home/vscode/.local/lib/python3.11/site-packages/airflow/example_dags/tutorial_objectstorage.py
[2026-05-09T12:04:31.186+0000] {logging_mixin.py:188} INFO - [2026-05-09T12:04:31.185+0000] {dagbag.py:355} ERROR - Failed to import: /home/vscode/.local/lib/python3.11/site-packages/airflow/example_dags/tutorial_objectstorage.py
Traceback (most recent call last):
  File "/home/vscode/.local/lib/python3.11/site-packages/airflow/models/dagbag.py", line 351, in parse
    loader.exec_module(new_module)
  File "<frozen importlib._bootstrap_external>", line 940, in exec_module
  File "<frozen importlib._bootstrap>", line 241, in _call_with_frames_removed
  File "/home/vscode/.local/lib/python3.11/site-packages/airflow/example_dags/tutorial_objectstorage.py", line 46, in <module>
    base = ObjectStoragePath("s3://aws_default@airflow-tutorial-data/")
           ^^^^^^^^^^^^^^^^^^^^^^^^^^^^^^^^^^^^^^^^^^^^^^^^^^^^^^^^^^^^
  File "/home/vscode/.local/lib/python3.11/site-packages/upath/core.py", line 164, in __call__
    inst = cls.__new__(cls, *args, **kwargs)
           ^^^^^^^^^^^^^^^^^^^^^^^^^^^^^^^^^
  File "/home/vscode/.local/lib/python3.11/site-packages/upath/core.py", line 469, in __new__
    raise _IncompatibleProtocolError(msg)
TypeError: ObjectStoragePath(...) detected protocol s3 which is incompatible with ObjectStoragePath.
[2026-05-09T12:04:31.187+0000] {processor.py:842} WARNING - No viable dags retrieved from /home/vscode/.local/lib/python3.11/site-packages/airflow/example_dags/tutorial_objectstorage.py
[2026-05-09T12:04:31.199+0000] {processor.py:183} INFO - Processing /home/vscode/.local/lib/python3.11/site-packages/airflow/example_dags/tutorial_objectstorage.py took 0.023 seconds
[2026-05-09T12:05:12.204+0000] {processor.py:161} INFO - Started process (PID=33781) to work on /home/vscode/.local/lib/python3.11/site-packages/airflow/example_dags/tutorial_objectstorage.py
[2026-05-09T12:05:12.204+0000] {processor.py:830} INFO - Processing file /home/vscode/.local/lib/python3.11/site-packages/airflow/example_dags/tutorial_objectstorage.py for tasks to queue
[2026-05-09T12:05:12.205+0000] {logging_mixin.py:188} INFO - [2026-05-09T12:05:12.205+0000] {dagbag.py:545} INFO - Filling up the DagBag from /home/vscode/.local/lib/python3.11/site-packages/airflow/example_dags/tutorial_objectstorage.py
[2026-05-09T12:05:12.210+0000] {logging_mixin.py:188} INFO - [2026-05-09T12:05:12.208+0000] {dagbag.py:355} ERROR - Failed to import: /home/vscode/.local/lib/python3.11/site-packages/airflow/example_dags/tutorial_objectstorage.py
Traceback (most recent call last):
  File "/home/vscode/.local/lib/python3.11/site-packages/airflow/models/dagbag.py", line 351, in parse
    loader.exec_module(new_module)
  File "<frozen importlib._bootstrap_external>", line 940, in exec_module
  File "<frozen importlib._bootstrap>", line 241, in _call_with_frames_removed
  File "/home/vscode/.local/lib/python3.11/site-packages/airflow/example_dags/tutorial_objectstorage.py", line 46, in <module>
    base = ObjectStoragePath("s3://aws_default@airflow-tutorial-data/")
           ^^^^^^^^^^^^^^^^^^^^^^^^^^^^^^^^^^^^^^^^^^^^^^^^^^^^^^^^^^^^
  File "/home/vscode/.local/lib/python3.11/site-packages/upath/core.py", line 164, in __call__
    inst = cls.__new__(cls, *args, **kwargs)
           ^^^^^^^^^^^^^^^^^^^^^^^^^^^^^^^^^
  File "/home/vscode/.local/lib/python3.11/site-packages/upath/core.py", line 469, in __new__
    raise _IncompatibleProtocolError(msg)
TypeError: ObjectStoragePath(...) detected protocol s3 which is incompatible with ObjectStoragePath.
[2026-05-09T12:05:12.210+0000] {processor.py:842} WARNING - No viable dags retrieved from /home/vscode/.local/lib/python3.11/site-packages/airflow/example_dags/tutorial_objectstorage.py
[2026-05-09T12:05:12.246+0000] {processor.py:183} INFO - Processing /home/vscode/.local/lib/python3.11/site-packages/airflow/example_dags/tutorial_objectstorage.py took 0.052 seconds
[2026-05-09T12:05:54.280+0000] {processor.py:161} INFO - Started process (PID=34139) to work on /home/vscode/.local/lib/python3.11/site-packages/airflow/example_dags/tutorial_objectstorage.py
[2026-05-09T12:05:54.280+0000] {processor.py:830} INFO - Processing file /home/vscode/.local/lib/python3.11/site-packages/airflow/example_dags/tutorial_objectstorage.py for tasks to queue
[2026-05-09T12:05:54.281+0000] {logging_mixin.py:188} INFO - [2026-05-09T12:05:54.281+0000] {dagbag.py:545} INFO - Filling up the DagBag from /home/vscode/.local/lib/python3.11/site-packages/airflow/example_dags/tutorial_objectstorage.py
[2026-05-09T12:05:54.284+0000] {logging_mixin.py:188} INFO - [2026-05-09T12:05:54.283+0000] {dagbag.py:355} ERROR - Failed to import: /home/vscode/.local/lib/python3.11/site-packages/airflow/example_dags/tutorial_objectstorage.py
Traceback (most recent call last):
  File "/home/vscode/.local/lib/python3.11/site-packages/airflow/models/dagbag.py", line 351, in parse
    loader.exec_module(new_module)
  File "<frozen importlib._bootstrap_external>", line 940, in exec_module
  File "<frozen importlib._bootstrap>", line 241, in _call_with_frames_removed
  File "/home/vscode/.local/lib/python3.11/site-packages/airflow/example_dags/tutorial_objectstorage.py", line 46, in <module>
    base = ObjectStoragePath("s3://aws_default@airflow-tutorial-data/")
           ^^^^^^^^^^^^^^^^^^^^^^^^^^^^^^^^^^^^^^^^^^^^^^^^^^^^^^^^^^^^
  File "/home/vscode/.local/lib/python3.11/site-packages/upath/core.py", line 164, in __call__
    inst = cls.__new__(cls, *args, **kwargs)
           ^^^^^^^^^^^^^^^^^^^^^^^^^^^^^^^^^
  File "/home/vscode/.local/lib/python3.11/site-packages/upath/core.py", line 469, in __new__
    raise _IncompatibleProtocolError(msg)
TypeError: ObjectStoragePath(...) detected protocol s3 which is incompatible with ObjectStoragePath.
[2026-05-09T12:05:54.285+0000] {processor.py:842} WARNING - No viable dags retrieved from /home/vscode/.local/lib/python3.11/site-packages/airflow/example_dags/tutorial_objectstorage.py
[2026-05-09T12:05:54.298+0000] {processor.py:183} INFO - Processing /home/vscode/.local/lib/python3.11/site-packages/airflow/example_dags/tutorial_objectstorage.py took 0.025 seconds
[2026-05-09T12:06:37.923+0000] {processor.py:161} INFO - Started process (PID=34507) to work on /home/vscode/.local/lib/python3.11/site-packages/airflow/example_dags/tutorial_objectstorage.py
[2026-05-09T12:06:37.924+0000] {processor.py:830} INFO - Processing file /home/vscode/.local/lib/python3.11/site-packages/airflow/example_dags/tutorial_objectstorage.py for tasks to queue
[2026-05-09T12:06:37.924+0000] {logging_mixin.py:188} INFO - [2026-05-09T12:06:37.924+0000] {dagbag.py:545} INFO - Filling up the DagBag from /home/vscode/.local/lib/python3.11/site-packages/airflow/example_dags/tutorial_objectstorage.py
[2026-05-09T12:06:37.928+0000] {logging_mixin.py:188} INFO - [2026-05-09T12:06:37.926+0000] {dagbag.py:355} ERROR - Failed to import: /home/vscode/.local/lib/python3.11/site-packages/airflow/example_dags/tutorial_objectstorage.py
Traceback (most recent call last):
  File "/home/vscode/.local/lib/python3.11/site-packages/airflow/models/dagbag.py", line 351, in parse
    loader.exec_module(new_module)
  File "<frozen importlib._bootstrap_external>", line 940, in exec_module
  File "<frozen importlib._bootstrap>", line 241, in _call_with_frames_removed
  File "/home/vscode/.local/lib/python3.11/site-packages/airflow/example_dags/tutorial_objectstorage.py", line 46, in <module>
    base = ObjectStoragePath("s3://aws_default@airflow-tutorial-data/")
           ^^^^^^^^^^^^^^^^^^^^^^^^^^^^^^^^^^^^^^^^^^^^^^^^^^^^^^^^^^^^
  File "/home/vscode/.local/lib/python3.11/site-packages/upath/core.py", line 164, in __call__
    inst = cls.__new__(cls, *args, **kwargs)
           ^^^^^^^^^^^^^^^^^^^^^^^^^^^^^^^^^
  File "/home/vscode/.local/lib/python3.11/site-packages/upath/core.py", line 469, in __new__
    raise _IncompatibleProtocolError(msg)
TypeError: ObjectStoragePath(...) detected protocol s3 which is incompatible with ObjectStoragePath.
[2026-05-09T12:06:37.929+0000] {processor.py:842} WARNING - No viable dags retrieved from /home/vscode/.local/lib/python3.11/site-packages/airflow/example_dags/tutorial_objectstorage.py
[2026-05-09T12:06:37.947+0000] {processor.py:183} INFO - Processing /home/vscode/.local/lib/python3.11/site-packages/airflow/example_dags/tutorial_objectstorage.py took 0.030 seconds
[2026-05-09T12:07:22.320+0000] {processor.py:161} INFO - Started process (PID=34814) to work on /home/vscode/.local/lib/python3.11/site-packages/airflow/example_dags/tutorial_objectstorage.py
[2026-05-09T12:07:22.320+0000] {processor.py:830} INFO - Processing file /home/vscode/.local/lib/python3.11/site-packages/airflow/example_dags/tutorial_objectstorage.py for tasks to queue
[2026-05-09T12:07:22.321+0000] {logging_mixin.py:188} INFO - [2026-05-09T12:07:22.321+0000] {dagbag.py:545} INFO - Filling up the DagBag from /home/vscode/.local/lib/python3.11/site-packages/airflow/example_dags/tutorial_objectstorage.py
[2026-05-09T12:07:22.325+0000] {logging_mixin.py:188} INFO - [2026-05-09T12:07:22.323+0000] {dagbag.py:355} ERROR - Failed to import: /home/vscode/.local/lib/python3.11/site-packages/airflow/example_dags/tutorial_objectstorage.py
Traceback (most recent call last):
  File "/home/vscode/.local/lib/python3.11/site-packages/airflow/models/dagbag.py", line 351, in parse
    loader.exec_module(new_module)
  File "<frozen importlib._bootstrap_external>", line 940, in exec_module
  File "<frozen importlib._bootstrap>", line 241, in _call_with_frames_removed
  File "/home/vscode/.local/lib/python3.11/site-packages/airflow/example_dags/tutorial_objectstorage.py", line 46, in <module>
    base = ObjectStoragePath("s3://aws_default@airflow-tutorial-data/")
           ^^^^^^^^^^^^^^^^^^^^^^^^^^^^^^^^^^^^^^^^^^^^^^^^^^^^^^^^^^^^
  File "/home/vscode/.local/lib/python3.11/site-packages/upath/core.py", line 164, in __call__
    inst = cls.__new__(cls, *args, **kwargs)
           ^^^^^^^^^^^^^^^^^^^^^^^^^^^^^^^^^
  File "/home/vscode/.local/lib/python3.11/site-packages/upath/core.py", line 469, in __new__
    raise _IncompatibleProtocolError(msg)
TypeError: ObjectStoragePath(...) detected protocol s3 which is incompatible with ObjectStoragePath.
[2026-05-09T12:07:22.325+0000] {processor.py:842} WARNING - No viable dags retrieved from /home/vscode/.local/lib/python3.11/site-packages/airflow/example_dags/tutorial_objectstorage.py
[2026-05-09T12:07:22.343+0000] {processor.py:183} INFO - Processing /home/vscode/.local/lib/python3.11/site-packages/airflow/example_dags/tutorial_objectstorage.py took 0.029 seconds
[2026-05-09T12:08:03.129+0000] {processor.py:161} INFO - Started process (PID=35170) to work on /home/vscode/.local/lib/python3.11/site-packages/airflow/example_dags/tutorial_objectstorage.py
[2026-05-09T12:08:03.130+0000] {processor.py:830} INFO - Processing file /home/vscode/.local/lib/python3.11/site-packages/airflow/example_dags/tutorial_objectstorage.py for tasks to queue
[2026-05-09T12:08:03.131+0000] {logging_mixin.py:188} INFO - [2026-05-09T12:08:03.130+0000] {dagbag.py:545} INFO - Filling up the DagBag from /home/vscode/.local/lib/python3.11/site-packages/airflow/example_dags/tutorial_objectstorage.py
[2026-05-09T12:08:03.135+0000] {logging_mixin.py:188} INFO - [2026-05-09T12:08:03.133+0000] {dagbag.py:355} ERROR - Failed to import: /home/vscode/.local/lib/python3.11/site-packages/airflow/example_dags/tutorial_objectstorage.py
Traceback (most recent call last):
  File "/home/vscode/.local/lib/python3.11/site-packages/airflow/models/dagbag.py", line 351, in parse
    loader.exec_module(new_module)
  File "<frozen importlib._bootstrap_external>", line 940, in exec_module
  File "<frozen importlib._bootstrap>", line 241, in _call_with_frames_removed
  File "/home/vscode/.local/lib/python3.11/site-packages/airflow/example_dags/tutorial_objectstorage.py", line 46, in <module>
    base = ObjectStoragePath("s3://aws_default@airflow-tutorial-data/")
           ^^^^^^^^^^^^^^^^^^^^^^^^^^^^^^^^^^^^^^^^^^^^^^^^^^^^^^^^^^^^
  File "/home/vscode/.local/lib/python3.11/site-packages/upath/core.py", line 164, in __call__
    inst = cls.__new__(cls, *args, **kwargs)
           ^^^^^^^^^^^^^^^^^^^^^^^^^^^^^^^^^
  File "/home/vscode/.local/lib/python3.11/site-packages/upath/core.py", line 469, in __new__
    raise _IncompatibleProtocolError(msg)
TypeError: ObjectStoragePath(...) detected protocol s3 which is incompatible with ObjectStoragePath.
[2026-05-09T12:08:03.135+0000] {processor.py:842} WARNING - No viable dags retrieved from /home/vscode/.local/lib/python3.11/site-packages/airflow/example_dags/tutorial_objectstorage.py
[2026-05-09T12:08:03.151+0000] {processor.py:183} INFO - Processing /home/vscode/.local/lib/python3.11/site-packages/airflow/example_dags/tutorial_objectstorage.py took 0.030 seconds
[2026-05-09T12:08:44.122+0000] {processor.py:161} INFO - Started process (PID=35583) to work on /home/vscode/.local/lib/python3.11/site-packages/airflow/example_dags/tutorial_objectstorage.py
[2026-05-09T12:08:44.122+0000] {processor.py:830} INFO - Processing file /home/vscode/.local/lib/python3.11/site-packages/airflow/example_dags/tutorial_objectstorage.py for tasks to queue
[2026-05-09T12:08:44.123+0000] {logging_mixin.py:188} INFO - [2026-05-09T12:08:44.123+0000] {dagbag.py:545} INFO - Filling up the DagBag from /home/vscode/.local/lib/python3.11/site-packages/airflow/example_dags/tutorial_objectstorage.py
[2026-05-09T12:08:44.127+0000] {logging_mixin.py:188} INFO - [2026-05-09T12:08:44.125+0000] {dagbag.py:355} ERROR - Failed to import: /home/vscode/.local/lib/python3.11/site-packages/airflow/example_dags/tutorial_objectstorage.py
Traceback (most recent call last):
  File "/home/vscode/.local/lib/python3.11/site-packages/airflow/models/dagbag.py", line 351, in parse
    loader.exec_module(new_module)
  File "<frozen importlib._bootstrap_external>", line 940, in exec_module
  File "<frozen importlib._bootstrap>", line 241, in _call_with_frames_removed
  File "/home/vscode/.local/lib/python3.11/site-packages/airflow/example_dags/tutorial_objectstorage.py", line 46, in <module>
    base = ObjectStoragePath("s3://aws_default@airflow-tutorial-data/")
           ^^^^^^^^^^^^^^^^^^^^^^^^^^^^^^^^^^^^^^^^^^^^^^^^^^^^^^^^^^^^
  File "/home/vscode/.local/lib/python3.11/site-packages/upath/core.py", line 164, in __call__
    inst = cls.__new__(cls, *args, **kwargs)
           ^^^^^^^^^^^^^^^^^^^^^^^^^^^^^^^^^
  File "/home/vscode/.local/lib/python3.11/site-packages/upath/core.py", line 469, in __new__
    raise _IncompatibleProtocolError(msg)
TypeError: ObjectStoragePath(...) detected protocol s3 which is incompatible with ObjectStoragePath.
[2026-05-09T12:08:44.128+0000] {processor.py:842} WARNING - No viable dags retrieved from /home/vscode/.local/lib/python3.11/site-packages/airflow/example_dags/tutorial_objectstorage.py
[2026-05-09T12:08:44.143+0000] {processor.py:183} INFO - Processing /home/vscode/.local/lib/python3.11/site-packages/airflow/example_dags/tutorial_objectstorage.py took 0.028 seconds
[2026-05-09T12:09:23.526+0000] {processor.py:161} INFO - Started process (PID=35863) to work on /home/vscode/.local/lib/python3.11/site-packages/airflow/example_dags/tutorial_objectstorage.py
[2026-05-09T12:09:23.527+0000] {processor.py:830} INFO - Processing file /home/vscode/.local/lib/python3.11/site-packages/airflow/example_dags/tutorial_objectstorage.py for tasks to queue
[2026-05-09T12:09:23.527+0000] {logging_mixin.py:188} INFO - [2026-05-09T12:09:23.527+0000] {dagbag.py:545} INFO - Filling up the DagBag from /home/vscode/.local/lib/python3.11/site-packages/airflow/example_dags/tutorial_objectstorage.py
[2026-05-09T12:09:23.532+0000] {logging_mixin.py:188} INFO - [2026-05-09T12:09:23.530+0000] {dagbag.py:355} ERROR - Failed to import: /home/vscode/.local/lib/python3.11/site-packages/airflow/example_dags/tutorial_objectstorage.py
Traceback (most recent call last):
  File "/home/vscode/.local/lib/python3.11/site-packages/airflow/models/dagbag.py", line 351, in parse
    loader.exec_module(new_module)
  File "<frozen importlib._bootstrap_external>", line 940, in exec_module
  File "<frozen importlib._bootstrap>", line 241, in _call_with_frames_removed
  File "/home/vscode/.local/lib/python3.11/site-packages/airflow/example_dags/tutorial_objectstorage.py", line 46, in <module>
    base = ObjectStoragePath("s3://aws_default@airflow-tutorial-data/")
           ^^^^^^^^^^^^^^^^^^^^^^^^^^^^^^^^^^^^^^^^^^^^^^^^^^^^^^^^^^^^
  File "/home/vscode/.local/lib/python3.11/site-packages/upath/core.py", line 164, in __call__
    inst = cls.__new__(cls, *args, **kwargs)
           ^^^^^^^^^^^^^^^^^^^^^^^^^^^^^^^^^
  File "/home/vscode/.local/lib/python3.11/site-packages/upath/core.py", line 469, in __new__
    raise _IncompatibleProtocolError(msg)
TypeError: ObjectStoragePath(...) detected protocol s3 which is incompatible with ObjectStoragePath.
[2026-05-09T12:09:23.532+0000] {processor.py:842} WARNING - No viable dags retrieved from /home/vscode/.local/lib/python3.11/site-packages/airflow/example_dags/tutorial_objectstorage.py
[2026-05-09T12:09:23.547+0000] {processor.py:183} INFO - Processing /home/vscode/.local/lib/python3.11/site-packages/airflow/example_dags/tutorial_objectstorage.py took 0.028 seconds
[2026-05-09T12:10:02.962+0000] {processor.py:161} INFO - Started process (PID=36208) to work on /home/vscode/.local/lib/python3.11/site-packages/airflow/example_dags/tutorial_objectstorage.py
[2026-05-09T12:10:02.963+0000] {processor.py:830} INFO - Processing file /home/vscode/.local/lib/python3.11/site-packages/airflow/example_dags/tutorial_objectstorage.py for tasks to queue
[2026-05-09T12:10:02.964+0000] {logging_mixin.py:188} INFO - [2026-05-09T12:10:02.963+0000] {dagbag.py:545} INFO - Filling up the DagBag from /home/vscode/.local/lib/python3.11/site-packages/airflow/example_dags/tutorial_objectstorage.py
[2026-05-09T12:10:02.967+0000] {logging_mixin.py:188} INFO - [2026-05-09T12:10:02.965+0000] {dagbag.py:355} ERROR - Failed to import: /home/vscode/.local/lib/python3.11/site-packages/airflow/example_dags/tutorial_objectstorage.py
Traceback (most recent call last):
  File "/home/vscode/.local/lib/python3.11/site-packages/airflow/models/dagbag.py", line 351, in parse
    loader.exec_module(new_module)
  File "<frozen importlib._bootstrap_external>", line 940, in exec_module
  File "<frozen importlib._bootstrap>", line 241, in _call_with_frames_removed
  File "/home/vscode/.local/lib/python3.11/site-packages/airflow/example_dags/tutorial_objectstorage.py", line 46, in <module>
    base = ObjectStoragePath("s3://aws_default@airflow-tutorial-data/")
           ^^^^^^^^^^^^^^^^^^^^^^^^^^^^^^^^^^^^^^^^^^^^^^^^^^^^^^^^^^^^
  File "/home/vscode/.local/lib/python3.11/site-packages/upath/core.py", line 164, in __call__
    inst = cls.__new__(cls, *args, **kwargs)
           ^^^^^^^^^^^^^^^^^^^^^^^^^^^^^^^^^
  File "/home/vscode/.local/lib/python3.11/site-packages/upath/core.py", line 469, in __new__
    raise _IncompatibleProtocolError(msg)
TypeError: ObjectStoragePath(...) detected protocol s3 which is incompatible with ObjectStoragePath.
[2026-05-09T12:10:02.967+0000] {processor.py:842} WARNING - No viable dags retrieved from /home/vscode/.local/lib/python3.11/site-packages/airflow/example_dags/tutorial_objectstorage.py
[2026-05-09T12:10:02.981+0000] {processor.py:183} INFO - Processing /home/vscode/.local/lib/python3.11/site-packages/airflow/example_dags/tutorial_objectstorage.py took 0.025 seconds
[2026-05-09T12:10:45.576+0000] {processor.py:161} INFO - Started process (PID=36568) to work on /home/vscode/.local/lib/python3.11/site-packages/airflow/example_dags/tutorial_objectstorage.py
[2026-05-09T12:10:45.576+0000] {processor.py:830} INFO - Processing file /home/vscode/.local/lib/python3.11/site-packages/airflow/example_dags/tutorial_objectstorage.py for tasks to queue
[2026-05-09T12:10:45.577+0000] {logging_mixin.py:188} INFO - [2026-05-09T12:10:45.577+0000] {dagbag.py:545} INFO - Filling up the DagBag from /home/vscode/.local/lib/python3.11/site-packages/airflow/example_dags/tutorial_objectstorage.py
[2026-05-09T12:10:45.580+0000] {logging_mixin.py:188} INFO - [2026-05-09T12:10:45.579+0000] {dagbag.py:355} ERROR - Failed to import: /home/vscode/.local/lib/python3.11/site-packages/airflow/example_dags/tutorial_objectstorage.py
Traceback (most recent call last):
  File "/home/vscode/.local/lib/python3.11/site-packages/airflow/models/dagbag.py", line 351, in parse
    loader.exec_module(new_module)
  File "<frozen importlib._bootstrap_external>", line 940, in exec_module
  File "<frozen importlib._bootstrap>", line 241, in _call_with_frames_removed
  File "/home/vscode/.local/lib/python3.11/site-packages/airflow/example_dags/tutorial_objectstorage.py", line 46, in <module>
    base = ObjectStoragePath("s3://aws_default@airflow-tutorial-data/")
           ^^^^^^^^^^^^^^^^^^^^^^^^^^^^^^^^^^^^^^^^^^^^^^^^^^^^^^^^^^^^
  File "/home/vscode/.local/lib/python3.11/site-packages/upath/core.py", line 164, in __call__
    inst = cls.__new__(cls, *args, **kwargs)
           ^^^^^^^^^^^^^^^^^^^^^^^^^^^^^^^^^
  File "/home/vscode/.local/lib/python3.11/site-packages/upath/core.py", line 469, in __new__
    raise _IncompatibleProtocolError(msg)
TypeError: ObjectStoragePath(...) detected protocol s3 which is incompatible with ObjectStoragePath.
[2026-05-09T12:10:45.581+0000] {processor.py:842} WARNING - No viable dags retrieved from /home/vscode/.local/lib/python3.11/site-packages/airflow/example_dags/tutorial_objectstorage.py
[2026-05-09T12:10:45.595+0000] {processor.py:183} INFO - Processing /home/vscode/.local/lib/python3.11/site-packages/airflow/example_dags/tutorial_objectstorage.py took 0.026 seconds
[2026-05-09T12:11:26.112+0000] {processor.py:161} INFO - Started process (PID=36861) to work on /home/vscode/.local/lib/python3.11/site-packages/airflow/example_dags/tutorial_objectstorage.py
[2026-05-09T12:11:26.113+0000] {processor.py:830} INFO - Processing file /home/vscode/.local/lib/python3.11/site-packages/airflow/example_dags/tutorial_objectstorage.py for tasks to queue
[2026-05-09T12:11:26.113+0000] {logging_mixin.py:188} INFO - [2026-05-09T12:11:26.113+0000] {dagbag.py:545} INFO - Filling up the DagBag from /home/vscode/.local/lib/python3.11/site-packages/airflow/example_dags/tutorial_objectstorage.py
[2026-05-09T12:11:26.117+0000] {logging_mixin.py:188} INFO - [2026-05-09T12:11:26.115+0000] {dagbag.py:355} ERROR - Failed to import: /home/vscode/.local/lib/python3.11/site-packages/airflow/example_dags/tutorial_objectstorage.py
Traceback (most recent call last):
  File "/home/vscode/.local/lib/python3.11/site-packages/airflow/models/dagbag.py", line 351, in parse
    loader.exec_module(new_module)
  File "<frozen importlib._bootstrap_external>", line 940, in exec_module
  File "<frozen importlib._bootstrap>", line 241, in _call_with_frames_removed
  File "/home/vscode/.local/lib/python3.11/site-packages/airflow/example_dags/tutorial_objectstorage.py", line 46, in <module>
    base = ObjectStoragePath("s3://aws_default@airflow-tutorial-data/")
           ^^^^^^^^^^^^^^^^^^^^^^^^^^^^^^^^^^^^^^^^^^^^^^^^^^^^^^^^^^^^
  File "/home/vscode/.local/lib/python3.11/site-packages/upath/core.py", line 164, in __call__
    inst = cls.__new__(cls, *args, **kwargs)
           ^^^^^^^^^^^^^^^^^^^^^^^^^^^^^^^^^
  File "/home/vscode/.local/lib/python3.11/site-packages/upath/core.py", line 469, in __new__
    raise _IncompatibleProtocolError(msg)
TypeError: ObjectStoragePath(...) detected protocol s3 which is incompatible with ObjectStoragePath.
[2026-05-09T12:11:26.117+0000] {processor.py:842} WARNING - No viable dags retrieved from /home/vscode/.local/lib/python3.11/site-packages/airflow/example_dags/tutorial_objectstorage.py
[2026-05-09T12:11:26.130+0000] {processor.py:183} INFO - Processing /home/vscode/.local/lib/python3.11/site-packages/airflow/example_dags/tutorial_objectstorage.py took 0.025 seconds
[2026-05-09T12:12:05.611+0000] {processor.py:161} INFO - Started process (PID=37202) to work on /home/vscode/.local/lib/python3.11/site-packages/airflow/example_dags/tutorial_objectstorage.py
[2026-05-09T12:12:05.611+0000] {processor.py:830} INFO - Processing file /home/vscode/.local/lib/python3.11/site-packages/airflow/example_dags/tutorial_objectstorage.py for tasks to queue
[2026-05-09T12:12:05.612+0000] {logging_mixin.py:188} INFO - [2026-05-09T12:12:05.612+0000] {dagbag.py:545} INFO - Filling up the DagBag from /home/vscode/.local/lib/python3.11/site-packages/airflow/example_dags/tutorial_objectstorage.py
[2026-05-09T12:12:05.615+0000] {logging_mixin.py:188} INFO - [2026-05-09T12:12:05.614+0000] {dagbag.py:355} ERROR - Failed to import: /home/vscode/.local/lib/python3.11/site-packages/airflow/example_dags/tutorial_objectstorage.py
Traceback (most recent call last):
  File "/home/vscode/.local/lib/python3.11/site-packages/airflow/models/dagbag.py", line 351, in parse
    loader.exec_module(new_module)
  File "<frozen importlib._bootstrap_external>", line 940, in exec_module
  File "<frozen importlib._bootstrap>", line 241, in _call_with_frames_removed
  File "/home/vscode/.local/lib/python3.11/site-packages/airflow/example_dags/tutorial_objectstorage.py", line 46, in <module>
    base = ObjectStoragePath("s3://aws_default@airflow-tutorial-data/")
           ^^^^^^^^^^^^^^^^^^^^^^^^^^^^^^^^^^^^^^^^^^^^^^^^^^^^^^^^^^^^
  File "/home/vscode/.local/lib/python3.11/site-packages/upath/core.py", line 164, in __call__
    inst = cls.__new__(cls, *args, **kwargs)
           ^^^^^^^^^^^^^^^^^^^^^^^^^^^^^^^^^
  File "/home/vscode/.local/lib/python3.11/site-packages/upath/core.py", line 469, in __new__
    raise _IncompatibleProtocolError(msg)
TypeError: ObjectStoragePath(...) detected protocol s3 which is incompatible with ObjectStoragePath.
[2026-05-09T12:12:05.616+0000] {processor.py:842} WARNING - No viable dags retrieved from /home/vscode/.local/lib/python3.11/site-packages/airflow/example_dags/tutorial_objectstorage.py
[2026-05-09T12:12:05.628+0000] {processor.py:183} INFO - Processing /home/vscode/.local/lib/python3.11/site-packages/airflow/example_dags/tutorial_objectstorage.py took 0.024 seconds
[2026-05-09T12:12:46.088+0000] {processor.py:161} INFO - Started process (PID=37552) to work on /home/vscode/.local/lib/python3.11/site-packages/airflow/example_dags/tutorial_objectstorage.py
[2026-05-09T12:12:46.088+0000] {processor.py:830} INFO - Processing file /home/vscode/.local/lib/python3.11/site-packages/airflow/example_dags/tutorial_objectstorage.py for tasks to queue
[2026-05-09T12:12:46.089+0000] {logging_mixin.py:188} INFO - [2026-05-09T12:12:46.089+0000] {dagbag.py:545} INFO - Filling up the DagBag from /home/vscode/.local/lib/python3.11/site-packages/airflow/example_dags/tutorial_objectstorage.py
[2026-05-09T12:12:46.092+0000] {logging_mixin.py:188} INFO - [2026-05-09T12:12:46.091+0000] {dagbag.py:355} ERROR - Failed to import: /home/vscode/.local/lib/python3.11/site-packages/airflow/example_dags/tutorial_objectstorage.py
Traceback (most recent call last):
  File "/home/vscode/.local/lib/python3.11/site-packages/airflow/models/dagbag.py", line 351, in parse
    loader.exec_module(new_module)
  File "<frozen importlib._bootstrap_external>", line 940, in exec_module
  File "<frozen importlib._bootstrap>", line 241, in _call_with_frames_removed
  File "/home/vscode/.local/lib/python3.11/site-packages/airflow/example_dags/tutorial_objectstorage.py", line 46, in <module>
    base = ObjectStoragePath("s3://aws_default@airflow-tutorial-data/")
           ^^^^^^^^^^^^^^^^^^^^^^^^^^^^^^^^^^^^^^^^^^^^^^^^^^^^^^^^^^^^
  File "/home/vscode/.local/lib/python3.11/site-packages/upath/core.py", line 164, in __call__
    inst = cls.__new__(cls, *args, **kwargs)
           ^^^^^^^^^^^^^^^^^^^^^^^^^^^^^^^^^
  File "/home/vscode/.local/lib/python3.11/site-packages/upath/core.py", line 469, in __new__
    raise _IncompatibleProtocolError(msg)
TypeError: ObjectStoragePath(...) detected protocol s3 which is incompatible with ObjectStoragePath.
[2026-05-09T12:12:46.092+0000] {processor.py:842} WARNING - No viable dags retrieved from /home/vscode/.local/lib/python3.11/site-packages/airflow/example_dags/tutorial_objectstorage.py
[2026-05-09T12:12:46.106+0000] {processor.py:183} INFO - Processing /home/vscode/.local/lib/python3.11/site-packages/airflow/example_dags/tutorial_objectstorage.py took 0.025 seconds
[2026-05-09T12:13:28.772+0000] {processor.py:161} INFO - Started process (PID=37849) to work on /home/vscode/.local/lib/python3.11/site-packages/airflow/example_dags/tutorial_objectstorage.py
[2026-05-09T12:13:28.773+0000] {processor.py:830} INFO - Processing file /home/vscode/.local/lib/python3.11/site-packages/airflow/example_dags/tutorial_objectstorage.py for tasks to queue
[2026-05-09T12:13:28.774+0000] {logging_mixin.py:188} INFO - [2026-05-09T12:13:28.773+0000] {dagbag.py:545} INFO - Filling up the DagBag from /home/vscode/.local/lib/python3.11/site-packages/airflow/example_dags/tutorial_objectstorage.py
[2026-05-09T12:13:28.778+0000] {logging_mixin.py:188} INFO - [2026-05-09T12:13:28.776+0000] {dagbag.py:355} ERROR - Failed to import: /home/vscode/.local/lib/python3.11/site-packages/airflow/example_dags/tutorial_objectstorage.py
Traceback (most recent call last):
  File "/home/vscode/.local/lib/python3.11/site-packages/airflow/models/dagbag.py", line 351, in parse
    loader.exec_module(new_module)
  File "<frozen importlib._bootstrap_external>", line 940, in exec_module
  File "<frozen importlib._bootstrap>", line 241, in _call_with_frames_removed
  File "/home/vscode/.local/lib/python3.11/site-packages/airflow/example_dags/tutorial_objectstorage.py", line 46, in <module>
    base = ObjectStoragePath("s3://aws_default@airflow-tutorial-data/")
           ^^^^^^^^^^^^^^^^^^^^^^^^^^^^^^^^^^^^^^^^^^^^^^^^^^^^^^^^^^^^
  File "/home/vscode/.local/lib/python3.11/site-packages/upath/core.py", line 164, in __call__
    inst = cls.__new__(cls, *args, **kwargs)
           ^^^^^^^^^^^^^^^^^^^^^^^^^^^^^^^^^
  File "/home/vscode/.local/lib/python3.11/site-packages/upath/core.py", line 469, in __new__
    raise _IncompatibleProtocolError(msg)
TypeError: ObjectStoragePath(...) detected protocol s3 which is incompatible with ObjectStoragePath.
[2026-05-09T12:13:28.782+0000] {processor.py:842} WARNING - No viable dags retrieved from /home/vscode/.local/lib/python3.11/site-packages/airflow/example_dags/tutorial_objectstorage.py
[2026-05-09T12:13:28.815+0000] {processor.py:183} INFO - Processing /home/vscode/.local/lib/python3.11/site-packages/airflow/example_dags/tutorial_objectstorage.py took 0.051 seconds
[2026-05-09T12:14:11.739+0000] {processor.py:161} INFO - Started process (PID=38267) to work on /home/vscode/.local/lib/python3.11/site-packages/airflow/example_dags/tutorial_objectstorage.py
[2026-05-09T12:14:11.739+0000] {processor.py:830} INFO - Processing file /home/vscode/.local/lib/python3.11/site-packages/airflow/example_dags/tutorial_objectstorage.py for tasks to queue
[2026-05-09T12:14:11.740+0000] {logging_mixin.py:188} INFO - [2026-05-09T12:14:11.740+0000] {dagbag.py:545} INFO - Filling up the DagBag from /home/vscode/.local/lib/python3.11/site-packages/airflow/example_dags/tutorial_objectstorage.py
[2026-05-09T12:14:11.744+0000] {logging_mixin.py:188} INFO - [2026-05-09T12:14:11.742+0000] {dagbag.py:355} ERROR - Failed to import: /home/vscode/.local/lib/python3.11/site-packages/airflow/example_dags/tutorial_objectstorage.py
Traceback (most recent call last):
  File "/home/vscode/.local/lib/python3.11/site-packages/airflow/models/dagbag.py", line 351, in parse
    loader.exec_module(new_module)
  File "<frozen importlib._bootstrap_external>", line 940, in exec_module
  File "<frozen importlib._bootstrap>", line 241, in _call_with_frames_removed
  File "/home/vscode/.local/lib/python3.11/site-packages/airflow/example_dags/tutorial_objectstorage.py", line 46, in <module>
    base = ObjectStoragePath("s3://aws_default@airflow-tutorial-data/")
           ^^^^^^^^^^^^^^^^^^^^^^^^^^^^^^^^^^^^^^^^^^^^^^^^^^^^^^^^^^^^
  File "/home/vscode/.local/lib/python3.11/site-packages/upath/core.py", line 164, in __call__
    inst = cls.__new__(cls, *args, **kwargs)
           ^^^^^^^^^^^^^^^^^^^^^^^^^^^^^^^^^
  File "/home/vscode/.local/lib/python3.11/site-packages/upath/core.py", line 469, in __new__
    raise _IncompatibleProtocolError(msg)
TypeError: ObjectStoragePath(...) detected protocol s3 which is incompatible with ObjectStoragePath.
[2026-05-09T12:14:11.744+0000] {processor.py:842} WARNING - No viable dags retrieved from /home/vscode/.local/lib/python3.11/site-packages/airflow/example_dags/tutorial_objectstorage.py
[2026-05-09T12:14:11.757+0000] {processor.py:183} INFO - Processing /home/vscode/.local/lib/python3.11/site-packages/airflow/example_dags/tutorial_objectstorage.py took 0.026 seconds
[2026-05-09T12:14:56.651+0000] {processor.py:161} INFO - Started process (PID=38648) to work on /home/vscode/.local/lib/python3.11/site-packages/airflow/example_dags/tutorial_objectstorage.py
[2026-05-09T12:14:56.652+0000] {processor.py:830} INFO - Processing file /home/vscode/.local/lib/python3.11/site-packages/airflow/example_dags/tutorial_objectstorage.py for tasks to queue
[2026-05-09T12:14:56.652+0000] {logging_mixin.py:188} INFO - [2026-05-09T12:14:56.652+0000] {dagbag.py:545} INFO - Filling up the DagBag from /home/vscode/.local/lib/python3.11/site-packages/airflow/example_dags/tutorial_objectstorage.py
[2026-05-09T12:14:56.655+0000] {logging_mixin.py:188} INFO - [2026-05-09T12:14:56.654+0000] {dagbag.py:355} ERROR - Failed to import: /home/vscode/.local/lib/python3.11/site-packages/airflow/example_dags/tutorial_objectstorage.py
Traceback (most recent call last):
  File "/home/vscode/.local/lib/python3.11/site-packages/airflow/models/dagbag.py", line 351, in parse
    loader.exec_module(new_module)
  File "<frozen importlib._bootstrap_external>", line 940, in exec_module
  File "<frozen importlib._bootstrap>", line 241, in _call_with_frames_removed
  File "/home/vscode/.local/lib/python3.11/site-packages/airflow/example_dags/tutorial_objectstorage.py", line 46, in <module>
    base = ObjectStoragePath("s3://aws_default@airflow-tutorial-data/")
           ^^^^^^^^^^^^^^^^^^^^^^^^^^^^^^^^^^^^^^^^^^^^^^^^^^^^^^^^^^^^
  File "/home/vscode/.local/lib/python3.11/site-packages/upath/core.py", line 164, in __call__
    inst = cls.__new__(cls, *args, **kwargs)
           ^^^^^^^^^^^^^^^^^^^^^^^^^^^^^^^^^
  File "/home/vscode/.local/lib/python3.11/site-packages/upath/core.py", line 469, in __new__
    raise _IncompatibleProtocolError(msg)
TypeError: ObjectStoragePath(...) detected protocol s3 which is incompatible with ObjectStoragePath.
[2026-05-09T12:14:56.656+0000] {processor.py:842} WARNING - No viable dags retrieved from /home/vscode/.local/lib/python3.11/site-packages/airflow/example_dags/tutorial_objectstorage.py
[2026-05-09T12:14:56.669+0000] {processor.py:183} INFO - Processing /home/vscode/.local/lib/python3.11/site-packages/airflow/example_dags/tutorial_objectstorage.py took 0.025 seconds
[2026-05-09T12:15:35.395+0000] {processor.py:161} INFO - Started process (PID=38956) to work on /home/vscode/.local/lib/python3.11/site-packages/airflow/example_dags/tutorial_objectstorage.py
[2026-05-09T12:15:35.397+0000] {processor.py:830} INFO - Processing file /home/vscode/.local/lib/python3.11/site-packages/airflow/example_dags/tutorial_objectstorage.py for tasks to queue
[2026-05-09T12:15:35.397+0000] {logging_mixin.py:188} INFO - [2026-05-09T12:15:35.397+0000] {dagbag.py:545} INFO - Filling up the DagBag from /home/vscode/.local/lib/python3.11/site-packages/airflow/example_dags/tutorial_objectstorage.py
[2026-05-09T12:15:35.403+0000] {logging_mixin.py:188} INFO - [2026-05-09T12:15:35.400+0000] {dagbag.py:355} ERROR - Failed to import: /home/vscode/.local/lib/python3.11/site-packages/airflow/example_dags/tutorial_objectstorage.py
Traceback (most recent call last):
  File "/home/vscode/.local/lib/python3.11/site-packages/airflow/models/dagbag.py", line 351, in parse
    loader.exec_module(new_module)
  File "<frozen importlib._bootstrap_external>", line 940, in exec_module
  File "<frozen importlib._bootstrap>", line 241, in _call_with_frames_removed
  File "/home/vscode/.local/lib/python3.11/site-packages/airflow/example_dags/tutorial_objectstorage.py", line 46, in <module>
    base = ObjectStoragePath("s3://aws_default@airflow-tutorial-data/")
           ^^^^^^^^^^^^^^^^^^^^^^^^^^^^^^^^^^^^^^^^^^^^^^^^^^^^^^^^^^^^
  File "/home/vscode/.local/lib/python3.11/site-packages/upath/core.py", line 164, in __call__
    inst = cls.__new__(cls, *args, **kwargs)
           ^^^^^^^^^^^^^^^^^^^^^^^^^^^^^^^^^
  File "/home/vscode/.local/lib/python3.11/site-packages/upath/core.py", line 469, in __new__
    raise _IncompatibleProtocolError(msg)
TypeError: ObjectStoragePath(...) detected protocol s3 which is incompatible with ObjectStoragePath.
[2026-05-09T12:15:35.403+0000] {processor.py:842} WARNING - No viable dags retrieved from /home/vscode/.local/lib/python3.11/site-packages/airflow/example_dags/tutorial_objectstorage.py
[2026-05-09T12:15:35.428+0000] {processor.py:183} INFO - Processing /home/vscode/.local/lib/python3.11/site-packages/airflow/example_dags/tutorial_objectstorage.py took 0.043 seconds
[2026-05-09T12:16:20.105+0000] {processor.py:161} INFO - Started process (PID=39291) to work on /home/vscode/.local/lib/python3.11/site-packages/airflow/example_dags/tutorial_objectstorage.py
[2026-05-09T12:16:20.105+0000] {processor.py:830} INFO - Processing file /home/vscode/.local/lib/python3.11/site-packages/airflow/example_dags/tutorial_objectstorage.py for tasks to queue
[2026-05-09T12:16:20.106+0000] {logging_mixin.py:188} INFO - [2026-05-09T12:16:20.106+0000] {dagbag.py:545} INFO - Filling up the DagBag from /home/vscode/.local/lib/python3.11/site-packages/airflow/example_dags/tutorial_objectstorage.py
[2026-05-09T12:16:20.109+0000] {logging_mixin.py:188} INFO - [2026-05-09T12:16:20.108+0000] {dagbag.py:355} ERROR - Failed to import: /home/vscode/.local/lib/python3.11/site-packages/airflow/example_dags/tutorial_objectstorage.py
Traceback (most recent call last):
  File "/home/vscode/.local/lib/python3.11/site-packages/airflow/models/dagbag.py", line 351, in parse
    loader.exec_module(new_module)
  File "<frozen importlib._bootstrap_external>", line 940, in exec_module
  File "<frozen importlib._bootstrap>", line 241, in _call_with_frames_removed
  File "/home/vscode/.local/lib/python3.11/site-packages/airflow/example_dags/tutorial_objectstorage.py", line 46, in <module>
    base = ObjectStoragePath("s3://aws_default@airflow-tutorial-data/")
           ^^^^^^^^^^^^^^^^^^^^^^^^^^^^^^^^^^^^^^^^^^^^^^^^^^^^^^^^^^^^
  File "/home/vscode/.local/lib/python3.11/site-packages/upath/core.py", line 164, in __call__
    inst = cls.__new__(cls, *args, **kwargs)
           ^^^^^^^^^^^^^^^^^^^^^^^^^^^^^^^^^
  File "/home/vscode/.local/lib/python3.11/site-packages/upath/core.py", line 469, in __new__
    raise _IncompatibleProtocolError(msg)
TypeError: ObjectStoragePath(...) detected protocol s3 which is incompatible with ObjectStoragePath.
[2026-05-09T12:16:20.110+0000] {processor.py:842} WARNING - No viable dags retrieved from /home/vscode/.local/lib/python3.11/site-packages/airflow/example_dags/tutorial_objectstorage.py
[2026-05-09T12:16:20.123+0000] {processor.py:183} INFO - Processing /home/vscode/.local/lib/python3.11/site-packages/airflow/example_dags/tutorial_objectstorage.py took 0.024 seconds
[2026-05-09T12:17:04.384+0000] {processor.py:161} INFO - Started process (PID=39664) to work on /home/vscode/.local/lib/python3.11/site-packages/airflow/example_dags/tutorial_objectstorage.py
[2026-05-09T12:17:04.384+0000] {processor.py:830} INFO - Processing file /home/vscode/.local/lib/python3.11/site-packages/airflow/example_dags/tutorial_objectstorage.py for tasks to queue
[2026-05-09T12:17:04.385+0000] {logging_mixin.py:188} INFO - [2026-05-09T12:17:04.385+0000] {dagbag.py:545} INFO - Filling up the DagBag from /home/vscode/.local/lib/python3.11/site-packages/airflow/example_dags/tutorial_objectstorage.py
[2026-05-09T12:17:04.388+0000] {logging_mixin.py:188} INFO - [2026-05-09T12:17:04.387+0000] {dagbag.py:355} ERROR - Failed to import: /home/vscode/.local/lib/python3.11/site-packages/airflow/example_dags/tutorial_objectstorage.py
Traceback (most recent call last):
  File "/home/vscode/.local/lib/python3.11/site-packages/airflow/models/dagbag.py", line 351, in parse
    loader.exec_module(new_module)
  File "<frozen importlib._bootstrap_external>", line 940, in exec_module
  File "<frozen importlib._bootstrap>", line 241, in _call_with_frames_removed
  File "/home/vscode/.local/lib/python3.11/site-packages/airflow/example_dags/tutorial_objectstorage.py", line 46, in <module>
    base = ObjectStoragePath("s3://aws_default@airflow-tutorial-data/")
           ^^^^^^^^^^^^^^^^^^^^^^^^^^^^^^^^^^^^^^^^^^^^^^^^^^^^^^^^^^^^
  File "/home/vscode/.local/lib/python3.11/site-packages/upath/core.py", line 164, in __call__
    inst = cls.__new__(cls, *args, **kwargs)
           ^^^^^^^^^^^^^^^^^^^^^^^^^^^^^^^^^
  File "/home/vscode/.local/lib/python3.11/site-packages/upath/core.py", line 469, in __new__
    raise _IncompatibleProtocolError(msg)
TypeError: ObjectStoragePath(...) detected protocol s3 which is incompatible with ObjectStoragePath.
[2026-05-09T12:17:04.389+0000] {processor.py:842} WARNING - No viable dags retrieved from /home/vscode/.local/lib/python3.11/site-packages/airflow/example_dags/tutorial_objectstorage.py
[2026-05-09T12:17:04.402+0000] {processor.py:183} INFO - Processing /home/vscode/.local/lib/python3.11/site-packages/airflow/example_dags/tutorial_objectstorage.py took 0.025 seconds
[2026-05-09T12:17:48.858+0000] {processor.py:161} INFO - Started process (PID=40039) to work on /home/vscode/.local/lib/python3.11/site-packages/airflow/example_dags/tutorial_objectstorage.py
[2026-05-09T12:17:48.858+0000] {processor.py:830} INFO - Processing file /home/vscode/.local/lib/python3.11/site-packages/airflow/example_dags/tutorial_objectstorage.py for tasks to queue
[2026-05-09T12:17:48.859+0000] {logging_mixin.py:188} INFO - [2026-05-09T12:17:48.859+0000] {dagbag.py:545} INFO - Filling up the DagBag from /home/vscode/.local/lib/python3.11/site-packages/airflow/example_dags/tutorial_objectstorage.py
[2026-05-09T12:17:48.862+0000] {logging_mixin.py:188} INFO - [2026-05-09T12:17:48.861+0000] {dagbag.py:355} ERROR - Failed to import: /home/vscode/.local/lib/python3.11/site-packages/airflow/example_dags/tutorial_objectstorage.py
Traceback (most recent call last):
  File "/home/vscode/.local/lib/python3.11/site-packages/airflow/models/dagbag.py", line 351, in parse
    loader.exec_module(new_module)
  File "<frozen importlib._bootstrap_external>", line 940, in exec_module
  File "<frozen importlib._bootstrap>", line 241, in _call_with_frames_removed
  File "/home/vscode/.local/lib/python3.11/site-packages/airflow/example_dags/tutorial_objectstorage.py", line 46, in <module>
    base = ObjectStoragePath("s3://aws_default@airflow-tutorial-data/")
           ^^^^^^^^^^^^^^^^^^^^^^^^^^^^^^^^^^^^^^^^^^^^^^^^^^^^^^^^^^^^
  File "/home/vscode/.local/lib/python3.11/site-packages/upath/core.py", line 164, in __call__
    inst = cls.__new__(cls, *args, **kwargs)
           ^^^^^^^^^^^^^^^^^^^^^^^^^^^^^^^^^
  File "/home/vscode/.local/lib/python3.11/site-packages/upath/core.py", line 469, in __new__
    raise _IncompatibleProtocolError(msg)
TypeError: ObjectStoragePath(...) detected protocol s3 which is incompatible with ObjectStoragePath.
[2026-05-09T12:17:48.863+0000] {processor.py:842} WARNING - No viable dags retrieved from /home/vscode/.local/lib/python3.11/site-packages/airflow/example_dags/tutorial_objectstorage.py
[2026-05-09T12:17:48.876+0000] {processor.py:183} INFO - Processing /home/vscode/.local/lib/python3.11/site-packages/airflow/example_dags/tutorial_objectstorage.py took 0.024 seconds
[2026-05-09T12:18:31.686+0000] {processor.py:161} INFO - Started process (PID=40337) to work on /home/vscode/.local/lib/python3.11/site-packages/airflow/example_dags/tutorial_objectstorage.py
[2026-05-09T12:18:31.687+0000] {processor.py:830} INFO - Processing file /home/vscode/.local/lib/python3.11/site-packages/airflow/example_dags/tutorial_objectstorage.py for tasks to queue
[2026-05-09T12:18:31.687+0000] {logging_mixin.py:188} INFO - [2026-05-09T12:18:31.687+0000] {dagbag.py:545} INFO - Filling up the DagBag from /home/vscode/.local/lib/python3.11/site-packages/airflow/example_dags/tutorial_objectstorage.py
[2026-05-09T12:18:31.691+0000] {logging_mixin.py:188} INFO - [2026-05-09T12:18:31.689+0000] {dagbag.py:355} ERROR - Failed to import: /home/vscode/.local/lib/python3.11/site-packages/airflow/example_dags/tutorial_objectstorage.py
Traceback (most recent call last):
  File "/home/vscode/.local/lib/python3.11/site-packages/airflow/models/dagbag.py", line 351, in parse
    loader.exec_module(new_module)
  File "<frozen importlib._bootstrap_external>", line 940, in exec_module
  File "<frozen importlib._bootstrap>", line 241, in _call_with_frames_removed
  File "/home/vscode/.local/lib/python3.11/site-packages/airflow/example_dags/tutorial_objectstorage.py", line 46, in <module>
    base = ObjectStoragePath("s3://aws_default@airflow-tutorial-data/")
           ^^^^^^^^^^^^^^^^^^^^^^^^^^^^^^^^^^^^^^^^^^^^^^^^^^^^^^^^^^^^
  File "/home/vscode/.local/lib/python3.11/site-packages/upath/core.py", line 164, in __call__
    inst = cls.__new__(cls, *args, **kwargs)
           ^^^^^^^^^^^^^^^^^^^^^^^^^^^^^^^^^
  File "/home/vscode/.local/lib/python3.11/site-packages/upath/core.py", line 469, in __new__
    raise _IncompatibleProtocolError(msg)
TypeError: ObjectStoragePath(...) detected protocol s3 which is incompatible with ObjectStoragePath.
[2026-05-09T12:18:31.691+0000] {processor.py:842} WARNING - No viable dags retrieved from /home/vscode/.local/lib/python3.11/site-packages/airflow/example_dags/tutorial_objectstorage.py
[2026-05-09T12:18:31.704+0000] {processor.py:183} INFO - Processing /home/vscode/.local/lib/python3.11/site-packages/airflow/example_dags/tutorial_objectstorage.py took 0.025 seconds
[2026-05-09T12:19:11.067+0000] {processor.py:161} INFO - Started process (PID=40739) to work on /home/vscode/.local/lib/python3.11/site-packages/airflow/example_dags/tutorial_objectstorage.py
[2026-05-09T12:19:11.068+0000] {processor.py:830} INFO - Processing file /home/vscode/.local/lib/python3.11/site-packages/airflow/example_dags/tutorial_objectstorage.py for tasks to queue
[2026-05-09T12:19:11.068+0000] {logging_mixin.py:188} INFO - [2026-05-09T12:19:11.068+0000] {dagbag.py:545} INFO - Filling up the DagBag from /home/vscode/.local/lib/python3.11/site-packages/airflow/example_dags/tutorial_objectstorage.py
[2026-05-09T12:19:11.071+0000] {logging_mixin.py:188} INFO - [2026-05-09T12:19:11.070+0000] {dagbag.py:355} ERROR - Failed to import: /home/vscode/.local/lib/python3.11/site-packages/airflow/example_dags/tutorial_objectstorage.py
Traceback (most recent call last):
  File "/home/vscode/.local/lib/python3.11/site-packages/airflow/models/dagbag.py", line 351, in parse
    loader.exec_module(new_module)
  File "<frozen importlib._bootstrap_external>", line 940, in exec_module
  File "<frozen importlib._bootstrap>", line 241, in _call_with_frames_removed
  File "/home/vscode/.local/lib/python3.11/site-packages/airflow/example_dags/tutorial_objectstorage.py", line 46, in <module>
    base = ObjectStoragePath("s3://aws_default@airflow-tutorial-data/")
           ^^^^^^^^^^^^^^^^^^^^^^^^^^^^^^^^^^^^^^^^^^^^^^^^^^^^^^^^^^^^
  File "/home/vscode/.local/lib/python3.11/site-packages/upath/core.py", line 164, in __call__
    inst = cls.__new__(cls, *args, **kwargs)
           ^^^^^^^^^^^^^^^^^^^^^^^^^^^^^^^^^
  File "/home/vscode/.local/lib/python3.11/site-packages/upath/core.py", line 469, in __new__
    raise _IncompatibleProtocolError(msg)
TypeError: ObjectStoragePath(...) detected protocol s3 which is incompatible with ObjectStoragePath.
[2026-05-09T12:19:11.072+0000] {processor.py:842} WARNING - No viable dags retrieved from /home/vscode/.local/lib/python3.11/site-packages/airflow/example_dags/tutorial_objectstorage.py
[2026-05-09T12:19:11.084+0000] {processor.py:183} INFO - Processing /home/vscode/.local/lib/python3.11/site-packages/airflow/example_dags/tutorial_objectstorage.py took 0.024 seconds
[2026-05-09T12:19:56.615+0000] {processor.py:161} INFO - Started process (PID=41120) to work on /home/vscode/.local/lib/python3.11/site-packages/airflow/example_dags/tutorial_objectstorage.py
[2026-05-09T12:19:56.615+0000] {processor.py:830} INFO - Processing file /home/vscode/.local/lib/python3.11/site-packages/airflow/example_dags/tutorial_objectstorage.py for tasks to queue
[2026-05-09T12:19:56.616+0000] {logging_mixin.py:188} INFO - [2026-05-09T12:19:56.616+0000] {dagbag.py:545} INFO - Filling up the DagBag from /home/vscode/.local/lib/python3.11/site-packages/airflow/example_dags/tutorial_objectstorage.py
[2026-05-09T12:19:56.619+0000] {logging_mixin.py:188} INFO - [2026-05-09T12:19:56.618+0000] {dagbag.py:355} ERROR - Failed to import: /home/vscode/.local/lib/python3.11/site-packages/airflow/example_dags/tutorial_objectstorage.py
Traceback (most recent call last):
  File "/home/vscode/.local/lib/python3.11/site-packages/airflow/models/dagbag.py", line 351, in parse
    loader.exec_module(new_module)
  File "<frozen importlib._bootstrap_external>", line 940, in exec_module
  File "<frozen importlib._bootstrap>", line 241, in _call_with_frames_removed
  File "/home/vscode/.local/lib/python3.11/site-packages/airflow/example_dags/tutorial_objectstorage.py", line 46, in <module>
    base = ObjectStoragePath("s3://aws_default@airflow-tutorial-data/")
           ^^^^^^^^^^^^^^^^^^^^^^^^^^^^^^^^^^^^^^^^^^^^^^^^^^^^^^^^^^^^
  File "/home/vscode/.local/lib/python3.11/site-packages/upath/core.py", line 164, in __call__
    inst = cls.__new__(cls, *args, **kwargs)
           ^^^^^^^^^^^^^^^^^^^^^^^^^^^^^^^^^
  File "/home/vscode/.local/lib/python3.11/site-packages/upath/core.py", line 469, in __new__
    raise _IncompatibleProtocolError(msg)
TypeError: ObjectStoragePath(...) detected protocol s3 which is incompatible with ObjectStoragePath.
[2026-05-09T12:19:56.620+0000] {processor.py:842} WARNING - No viable dags retrieved from /home/vscode/.local/lib/python3.11/site-packages/airflow/example_dags/tutorial_objectstorage.py
[2026-05-09T12:19:56.633+0000] {processor.py:183} INFO - Processing /home/vscode/.local/lib/python3.11/site-packages/airflow/example_dags/tutorial_objectstorage.py took 0.025 seconds
[2026-05-09T12:20:39.734+0000] {processor.py:161} INFO - Started process (PID=41488) to work on /home/vscode/.local/lib/python3.11/site-packages/airflow/example_dags/tutorial_objectstorage.py
[2026-05-09T12:20:39.734+0000] {processor.py:830} INFO - Processing file /home/vscode/.local/lib/python3.11/site-packages/airflow/example_dags/tutorial_objectstorage.py for tasks to queue
[2026-05-09T12:20:39.735+0000] {logging_mixin.py:188} INFO - [2026-05-09T12:20:39.735+0000] {dagbag.py:545} INFO - Filling up the DagBag from /home/vscode/.local/lib/python3.11/site-packages/airflow/example_dags/tutorial_objectstorage.py
[2026-05-09T12:20:39.739+0000] {logging_mixin.py:188} INFO - [2026-05-09T12:20:39.737+0000] {dagbag.py:355} ERROR - Failed to import: /home/vscode/.local/lib/python3.11/site-packages/airflow/example_dags/tutorial_objectstorage.py
Traceback (most recent call last):
  File "/home/vscode/.local/lib/python3.11/site-packages/airflow/models/dagbag.py", line 351, in parse
    loader.exec_module(new_module)
  File "<frozen importlib._bootstrap_external>", line 940, in exec_module
  File "<frozen importlib._bootstrap>", line 241, in _call_with_frames_removed
  File "/home/vscode/.local/lib/python3.11/site-packages/airflow/example_dags/tutorial_objectstorage.py", line 46, in <module>
    base = ObjectStoragePath("s3://aws_default@airflow-tutorial-data/")
           ^^^^^^^^^^^^^^^^^^^^^^^^^^^^^^^^^^^^^^^^^^^^^^^^^^^^^^^^^^^^
  File "/home/vscode/.local/lib/python3.11/site-packages/upath/core.py", line 164, in __call__
    inst = cls.__new__(cls, *args, **kwargs)
           ^^^^^^^^^^^^^^^^^^^^^^^^^^^^^^^^^
  File "/home/vscode/.local/lib/python3.11/site-packages/upath/core.py", line 469, in __new__
    raise _IncompatibleProtocolError(msg)
TypeError: ObjectStoragePath(...) detected protocol s3 which is incompatible with ObjectStoragePath.
[2026-05-09T12:20:39.740+0000] {processor.py:842} WARNING - No viable dags retrieved from /home/vscode/.local/lib/python3.11/site-packages/airflow/example_dags/tutorial_objectstorage.py
[2026-05-09T12:20:39.754+0000] {processor.py:183} INFO - Processing /home/vscode/.local/lib/python3.11/site-packages/airflow/example_dags/tutorial_objectstorage.py took 0.029 seconds
[2026-05-09T12:21:19.537+0000] {processor.py:161} INFO - Started process (PID=41769) to work on /home/vscode/.local/lib/python3.11/site-packages/airflow/example_dags/tutorial_objectstorage.py
[2026-05-09T12:21:19.538+0000] {processor.py:830} INFO - Processing file /home/vscode/.local/lib/python3.11/site-packages/airflow/example_dags/tutorial_objectstorage.py for tasks to queue
[2026-05-09T12:21:19.539+0000] {logging_mixin.py:188} INFO - [2026-05-09T12:21:19.538+0000] {dagbag.py:545} INFO - Filling up the DagBag from /home/vscode/.local/lib/python3.11/site-packages/airflow/example_dags/tutorial_objectstorage.py
[2026-05-09T12:21:19.543+0000] {logging_mixin.py:188} INFO - [2026-05-09T12:21:19.541+0000] {dagbag.py:355} ERROR - Failed to import: /home/vscode/.local/lib/python3.11/site-packages/airflow/example_dags/tutorial_objectstorage.py
Traceback (most recent call last):
  File "/home/vscode/.local/lib/python3.11/site-packages/airflow/models/dagbag.py", line 351, in parse
    loader.exec_module(new_module)
  File "<frozen importlib._bootstrap_external>", line 940, in exec_module
  File "<frozen importlib._bootstrap>", line 241, in _call_with_frames_removed
  File "/home/vscode/.local/lib/python3.11/site-packages/airflow/example_dags/tutorial_objectstorage.py", line 46, in <module>
    base = ObjectStoragePath("s3://aws_default@airflow-tutorial-data/")
           ^^^^^^^^^^^^^^^^^^^^^^^^^^^^^^^^^^^^^^^^^^^^^^^^^^^^^^^^^^^^
  File "/home/vscode/.local/lib/python3.11/site-packages/upath/core.py", line 164, in __call__
    inst = cls.__new__(cls, *args, **kwargs)
           ^^^^^^^^^^^^^^^^^^^^^^^^^^^^^^^^^
  File "/home/vscode/.local/lib/python3.11/site-packages/upath/core.py", line 469, in __new__
    raise _IncompatibleProtocolError(msg)
TypeError: ObjectStoragePath(...) detected protocol s3 which is incompatible with ObjectStoragePath.
[2026-05-09T12:21:19.544+0000] {processor.py:842} WARNING - No viable dags retrieved from /home/vscode/.local/lib/python3.11/site-packages/airflow/example_dags/tutorial_objectstorage.py
[2026-05-09T12:21:19.559+0000] {processor.py:183} INFO - Processing /home/vscode/.local/lib/python3.11/site-packages/airflow/example_dags/tutorial_objectstorage.py took 0.030 seconds
