[2026-05-09T11:18:40.141+0000] {processor.py:161} INFO - Started process (PID=7032) to work on /home/vscode/.local/lib/python3.11/site-packages/airflow/example_dags/tutorial_taskflow_api.py
[2026-05-09T11:18:40.142+0000] {processor.py:830} INFO - Processing file /home/vscode/.local/lib/python3.11/site-packages/airflow/example_dags/tutorial_taskflow_api.py for tasks to queue
[2026-05-09T11:18:40.142+0000] {logging_mixin.py:188} INFO - [2026-05-09T11:18:40.142+0000] {dagbag.py:545} INFO - Filling up the DagBag from /home/vscode/.local/lib/python3.11/site-packages/airflow/example_dags/tutorial_taskflow_api.py
[2026-05-09T11:18:40.148+0000] {processor.py:840} INFO - DAG(s) 'tutorial_taskflow_api' retrieved from /home/vscode/.local/lib/python3.11/site-packages/airflow/example_dags/tutorial_taskflow_api.py
[2026-05-09T11:18:40.154+0000] {logging_mixin.py:188} INFO - [2026-05-09T11:18:40.154+0000] {dag.py:3096} INFO - Sync 1 DAGs
[2026-05-09T11:18:40.162+0000] {logging_mixin.py:188} INFO - [2026-05-09T11:18:40.162+0000] {dag.py:3954} INFO - Setting next_dagrun for tutorial_taskflow_api to None, run_after=None
[2026-05-09T11:18:40.182+0000] {processor.py:183} INFO - Processing /home/vscode/.local/lib/python3.11/site-packages/airflow/example_dags/tutorial_taskflow_api.py took 0.049 seconds
[2026-05-09T11:19:37.134+0000] {processor.py:161} INFO - Started process (PID=7558) to work on /home/vscode/.local/lib/python3.11/site-packages/airflow/example_dags/tutorial_taskflow_api.py
[2026-05-09T11:19:37.135+0000] {processor.py:830} INFO - Processing file /home/vscode/.local/lib/python3.11/site-packages/airflow/example_dags/tutorial_taskflow_api.py for tasks to queue
[2026-05-09T11:19:37.136+0000] {logging_mixin.py:188} INFO - [2026-05-09T11:19:37.135+0000] {dagbag.py:545} INFO - Filling up the DagBag from /home/vscode/.local/lib/python3.11/site-packages/airflow/example_dags/tutorial_taskflow_api.py
[2026-05-09T11:19:37.140+0000] {processor.py:840} INFO - DAG(s) 'tutorial_taskflow_api' retrieved from /home/vscode/.local/lib/python3.11/site-packages/airflow/example_dags/tutorial_taskflow_api.py
[2026-05-09T11:19:37.308+0000] {logging_mixin.py:188} INFO - [2026-05-09T11:19:37.307+0000] {dag.py:3096} INFO - Sync 1 DAGs
[2026-05-09T11:19:37.315+0000] {logging_mixin.py:188} INFO - [2026-05-09T11:19:37.315+0000] {dag.py:3954} INFO - Setting next_dagrun for tutorial_taskflow_api to None, run_after=None
[2026-05-09T11:19:37.330+0000] {processor.py:183} INFO - Processing /home/vscode/.local/lib/python3.11/site-packages/airflow/example_dags/tutorial_taskflow_api.py took 0.202 seconds
[2026-05-09T11:20:30.749+0000] {processor.py:161} INFO - Started process (PID=7969) to work on /home/vscode/.local/lib/python3.11/site-packages/airflow/example_dags/tutorial_taskflow_api.py
[2026-05-09T11:20:30.750+0000] {processor.py:830} INFO - Processing file /home/vscode/.local/lib/python3.11/site-packages/airflow/example_dags/tutorial_taskflow_api.py for tasks to queue
[2026-05-09T11:20:30.751+0000] {logging_mixin.py:188} INFO - [2026-05-09T11:20:30.750+0000] {dagbag.py:545} INFO - Filling up the DagBag from /home/vscode/.local/lib/python3.11/site-packages/airflow/example_dags/tutorial_taskflow_api.py
[2026-05-09T11:20:30.755+0000] {processor.py:840} INFO - DAG(s) 'tutorial_taskflow_api' retrieved from /home/vscode/.local/lib/python3.11/site-packages/airflow/example_dags/tutorial_taskflow_api.py
[2026-05-09T11:20:30.767+0000] {logging_mixin.py:188} INFO - [2026-05-09T11:20:30.767+0000] {dag.py:3096} INFO - Sync 1 DAGs
[2026-05-09T11:20:30.776+0000] {logging_mixin.py:188} INFO - [2026-05-09T11:20:30.776+0000] {dag.py:3954} INFO - Setting next_dagrun for tutorial_taskflow_api to None, run_after=None
[2026-05-09T11:20:30.798+0000] {processor.py:183} INFO - Processing /home/vscode/.local/lib/python3.11/site-packages/airflow/example_dags/tutorial_taskflow_api.py took 0.055 seconds
[2026-05-09T11:21:15.691+0000] {processor.py:161} INFO - Started process (PID=8359) to work on /home/vscode/.local/lib/python3.11/site-packages/airflow/example_dags/tutorial_taskflow_api.py
[2026-05-09T11:21:15.692+0000] {processor.py:830} INFO - Processing file /home/vscode/.local/lib/python3.11/site-packages/airflow/example_dags/tutorial_taskflow_api.py for tasks to queue
[2026-05-09T11:21:15.692+0000] {logging_mixin.py:188} INFO - [2026-05-09T11:21:15.692+0000] {dagbag.py:545} INFO - Filling up the DagBag from /home/vscode/.local/lib/python3.11/site-packages/airflow/example_dags/tutorial_taskflow_api.py
[2026-05-09T11:21:15.697+0000] {processor.py:840} INFO - DAG(s) 'tutorial_taskflow_api' retrieved from /home/vscode/.local/lib/python3.11/site-packages/airflow/example_dags/tutorial_taskflow_api.py
[2026-05-09T11:21:15.711+0000] {logging_mixin.py:188} INFO - [2026-05-09T11:21:15.710+0000] {dag.py:3096} INFO - Sync 1 DAGs
[2026-05-09T11:21:15.733+0000] {logging_mixin.py:188} INFO - [2026-05-09T11:21:15.733+0000] {dag.py:3954} INFO - Setting next_dagrun for tutorial_taskflow_api to None, run_after=None
[2026-05-09T11:21:15.765+0000] {processor.py:183} INFO - Processing /home/vscode/.local/lib/python3.11/site-packages/airflow/example_dags/tutorial_taskflow_api.py took 0.080 seconds
[2026-05-09T11:21:56.112+0000] {processor.py:161} INFO - Started process (PID=8839) to work on /home/vscode/.local/lib/python3.11/site-packages/airflow/example_dags/tutorial_taskflow_api.py
[2026-05-09T11:21:56.112+0000] {processor.py:830} INFO - Processing file /home/vscode/.local/lib/python3.11/site-packages/airflow/example_dags/tutorial_taskflow_api.py for tasks to queue
[2026-05-09T11:21:56.113+0000] {logging_mixin.py:188} INFO - [2026-05-09T11:21:56.113+0000] {dagbag.py:545} INFO - Filling up the DagBag from /home/vscode/.local/lib/python3.11/site-packages/airflow/example_dags/tutorial_taskflow_api.py
[2026-05-09T11:21:56.117+0000] {processor.py:840} INFO - DAG(s) 'tutorial_taskflow_api' retrieved from /home/vscode/.local/lib/python3.11/site-packages/airflow/example_dags/tutorial_taskflow_api.py
[2026-05-09T11:21:56.128+0000] {logging_mixin.py:188} INFO - [2026-05-09T11:21:56.128+0000] {dag.py:3096} INFO - Sync 1 DAGs
[2026-05-09T11:21:56.136+0000] {logging_mixin.py:188} INFO - [2026-05-09T11:21:56.136+0000] {dag.py:3954} INFO - Setting next_dagrun for tutorial_taskflow_api to None, run_after=None
[2026-05-09T11:21:56.152+0000] {processor.py:183} INFO - Processing /home/vscode/.local/lib/python3.11/site-packages/airflow/example_dags/tutorial_taskflow_api.py took 0.047 seconds
[2026-05-09T11:22:35.572+0000] {processor.py:161} INFO - Started process (PID=9309) to work on /home/vscode/.local/lib/python3.11/site-packages/airflow/example_dags/tutorial_taskflow_api.py
[2026-05-09T11:22:35.573+0000] {processor.py:830} INFO - Processing file /home/vscode/.local/lib/python3.11/site-packages/airflow/example_dags/tutorial_taskflow_api.py for tasks to queue
[2026-05-09T11:22:35.573+0000] {logging_mixin.py:188} INFO - [2026-05-09T11:22:35.573+0000] {dagbag.py:545} INFO - Filling up the DagBag from /home/vscode/.local/lib/python3.11/site-packages/airflow/example_dags/tutorial_taskflow_api.py
[2026-05-09T11:22:35.578+0000] {processor.py:840} INFO - DAG(s) 'tutorial_taskflow_api' retrieved from /home/vscode/.local/lib/python3.11/site-packages/airflow/example_dags/tutorial_taskflow_api.py
[2026-05-09T11:22:35.589+0000] {logging_mixin.py:188} INFO - [2026-05-09T11:22:35.589+0000] {dag.py:3096} INFO - Sync 1 DAGs
[2026-05-09T11:22:35.597+0000] {logging_mixin.py:188} INFO - [2026-05-09T11:22:35.597+0000] {dag.py:3954} INFO - Setting next_dagrun for tutorial_taskflow_api to None, run_after=None
[2026-05-09T11:22:35.613+0000] {processor.py:183} INFO - Processing /home/vscode/.local/lib/python3.11/site-packages/airflow/example_dags/tutorial_taskflow_api.py took 0.047 seconds
[2026-05-09T11:23:25.698+0000] {processor.py:161} INFO - Started process (PID=9859) to work on /home/vscode/.local/lib/python3.11/site-packages/airflow/example_dags/tutorial_taskflow_api.py
[2026-05-09T11:23:25.698+0000] {processor.py:830} INFO - Processing file /home/vscode/.local/lib/python3.11/site-packages/airflow/example_dags/tutorial_taskflow_api.py for tasks to queue
[2026-05-09T11:23:25.699+0000] {logging_mixin.py:188} INFO - [2026-05-09T11:23:25.699+0000] {dagbag.py:545} INFO - Filling up the DagBag from /home/vscode/.local/lib/python3.11/site-packages/airflow/example_dags/tutorial_taskflow_api.py
[2026-05-09T11:23:25.703+0000] {processor.py:840} INFO - DAG(s) 'tutorial_taskflow_api' retrieved from /home/vscode/.local/lib/python3.11/site-packages/airflow/example_dags/tutorial_taskflow_api.py
[2026-05-09T11:23:25.714+0000] {logging_mixin.py:188} INFO - [2026-05-09T11:23:25.714+0000] {dag.py:3096} INFO - Sync 1 DAGs
[2026-05-09T11:23:25.722+0000] {logging_mixin.py:188} INFO - [2026-05-09T11:23:25.722+0000] {dag.py:3954} INFO - Setting next_dagrun for tutorial_taskflow_api to None, run_after=None
[2026-05-09T11:23:25.738+0000] {processor.py:183} INFO - Processing /home/vscode/.local/lib/python3.11/site-packages/airflow/example_dags/tutorial_taskflow_api.py took 0.047 seconds
[2026-05-09T11:24:06.836+0000] {processor.py:161} INFO - Started process (PID=10418) to work on /home/vscode/.local/lib/python3.11/site-packages/airflow/example_dags/tutorial_taskflow_api.py
[2026-05-09T11:24:06.836+0000] {processor.py:830} INFO - Processing file /home/vscode/.local/lib/python3.11/site-packages/airflow/example_dags/tutorial_taskflow_api.py for tasks to queue
[2026-05-09T11:24:06.837+0000] {logging_mixin.py:188} INFO - [2026-05-09T11:24:06.837+0000] {dagbag.py:545} INFO - Filling up the DagBag from /home/vscode/.local/lib/python3.11/site-packages/airflow/example_dags/tutorial_taskflow_api.py
[2026-05-09T11:24:06.842+0000] {processor.py:840} INFO - DAG(s) 'tutorial_taskflow_api' retrieved from /home/vscode/.local/lib/python3.11/site-packages/airflow/example_dags/tutorial_taskflow_api.py
[2026-05-09T11:24:06.853+0000] {logging_mixin.py:188} INFO - [2026-05-09T11:24:06.853+0000] {dag.py:3096} INFO - Sync 1 DAGs
[2026-05-09T11:24:06.861+0000] {logging_mixin.py:188} INFO - [2026-05-09T11:24:06.861+0000] {dag.py:3954} INFO - Setting next_dagrun for tutorial_taskflow_api to None, run_after=None
[2026-05-09T11:24:06.878+0000] {processor.py:183} INFO - Processing /home/vscode/.local/lib/python3.11/site-packages/airflow/example_dags/tutorial_taskflow_api.py took 0.048 seconds
[2026-05-09T11:24:47.243+0000] {processor.py:161} INFO - Started process (PID=10975) to work on /home/vscode/.local/lib/python3.11/site-packages/airflow/example_dags/tutorial_taskflow_api.py
[2026-05-09T11:24:47.244+0000] {processor.py:830} INFO - Processing file /home/vscode/.local/lib/python3.11/site-packages/airflow/example_dags/tutorial_taskflow_api.py for tasks to queue
[2026-05-09T11:24:47.244+0000] {logging_mixin.py:188} INFO - [2026-05-09T11:24:47.244+0000] {dagbag.py:545} INFO - Filling up the DagBag from /home/vscode/.local/lib/python3.11/site-packages/airflow/example_dags/tutorial_taskflow_api.py
[2026-05-09T11:24:47.249+0000] {processor.py:840} INFO - DAG(s) 'tutorial_taskflow_api' retrieved from /home/vscode/.local/lib/python3.11/site-packages/airflow/example_dags/tutorial_taskflow_api.py
[2026-05-09T11:24:47.260+0000] {logging_mixin.py:188} INFO - [2026-05-09T11:24:47.260+0000] {dag.py:3096} INFO - Sync 1 DAGs
[2026-05-09T11:24:47.269+0000] {logging_mixin.py:188} INFO - [2026-05-09T11:24:47.268+0000] {dag.py:3954} INFO - Setting next_dagrun for tutorial_taskflow_api to None, run_after=None
[2026-05-09T11:24:47.285+0000] {processor.py:183} INFO - Processing /home/vscode/.local/lib/python3.11/site-packages/airflow/example_dags/tutorial_taskflow_api.py took 0.049 seconds
[2026-05-09T11:25:29.126+0000] {processor.py:161} INFO - Started process (PID=11367) to work on /home/vscode/.local/lib/python3.11/site-packages/airflow/example_dags/tutorial_taskflow_api.py
[2026-05-09T11:25:29.126+0000] {processor.py:830} INFO - Processing file /home/vscode/.local/lib/python3.11/site-packages/airflow/example_dags/tutorial_taskflow_api.py for tasks to queue
[2026-05-09T11:25:29.127+0000] {logging_mixin.py:188} INFO - [2026-05-09T11:25:29.126+0000] {dagbag.py:545} INFO - Filling up the DagBag from /home/vscode/.local/lib/python3.11/site-packages/airflow/example_dags/tutorial_taskflow_api.py
[2026-05-09T11:25:29.131+0000] {processor.py:840} INFO - DAG(s) 'tutorial_taskflow_api' retrieved from /home/vscode/.local/lib/python3.11/site-packages/airflow/example_dags/tutorial_taskflow_api.py
[2026-05-09T11:25:29.143+0000] {logging_mixin.py:188} INFO - [2026-05-09T11:25:29.143+0000] {dag.py:3096} INFO - Sync 1 DAGs
[2026-05-09T11:25:29.155+0000] {logging_mixin.py:188} INFO - [2026-05-09T11:25:29.155+0000] {dag.py:3954} INFO - Setting next_dagrun for tutorial_taskflow_api to None, run_after=None
[2026-05-09T11:25:29.174+0000] {processor.py:183} INFO - Processing /home/vscode/.local/lib/python3.11/site-packages/airflow/example_dags/tutorial_taskflow_api.py took 0.056 seconds
[2026-05-09T11:26:08.378+0000] {processor.py:161} INFO - Started process (PID=11690) to work on /home/vscode/.local/lib/python3.11/site-packages/airflow/example_dags/tutorial_taskflow_api.py
[2026-05-09T11:26:08.379+0000] {processor.py:830} INFO - Processing file /home/vscode/.local/lib/python3.11/site-packages/airflow/example_dags/tutorial_taskflow_api.py for tasks to queue
[2026-05-09T11:26:08.379+0000] {logging_mixin.py:188} INFO - [2026-05-09T11:26:08.379+0000] {dagbag.py:545} INFO - Filling up the DagBag from /home/vscode/.local/lib/python3.11/site-packages/airflow/example_dags/tutorial_taskflow_api.py
[2026-05-09T11:26:08.384+0000] {processor.py:840} INFO - DAG(s) 'tutorial_taskflow_api' retrieved from /home/vscode/.local/lib/python3.11/site-packages/airflow/example_dags/tutorial_taskflow_api.py
[2026-05-09T11:26:08.395+0000] {logging_mixin.py:188} INFO - [2026-05-09T11:26:08.395+0000] {dag.py:3096} INFO - Sync 1 DAGs
[2026-05-09T11:26:08.404+0000] {logging_mixin.py:188} INFO - [2026-05-09T11:26:08.404+0000] {dag.py:3954} INFO - Setting next_dagrun for tutorial_taskflow_api to None, run_after=None
[2026-05-09T11:26:08.420+0000] {processor.py:183} INFO - Processing /home/vscode/.local/lib/python3.11/site-packages/airflow/example_dags/tutorial_taskflow_api.py took 0.049 seconds
[2026-05-09T11:26:47.999+0000] {processor.py:161} INFO - Started process (PID=12170) to work on /home/vscode/.local/lib/python3.11/site-packages/airflow/example_dags/tutorial_taskflow_api.py
[2026-05-09T11:26:48.000+0000] {processor.py:830} INFO - Processing file /home/vscode/.local/lib/python3.11/site-packages/airflow/example_dags/tutorial_taskflow_api.py for tasks to queue
[2026-05-09T11:26:48.001+0000] {logging_mixin.py:188} INFO - [2026-05-09T11:26:48.000+0000] {dagbag.py:545} INFO - Filling up the DagBag from /home/vscode/.local/lib/python3.11/site-packages/airflow/example_dags/tutorial_taskflow_api.py
[2026-05-09T11:26:48.005+0000] {processor.py:840} INFO - DAG(s) 'tutorial_taskflow_api' retrieved from /home/vscode/.local/lib/python3.11/site-packages/airflow/example_dags/tutorial_taskflow_api.py
[2026-05-09T11:26:48.018+0000] {logging_mixin.py:188} INFO - [2026-05-09T11:26:48.018+0000] {dag.py:3096} INFO - Sync 1 DAGs
[2026-05-09T11:26:48.026+0000] {logging_mixin.py:188} INFO - [2026-05-09T11:26:48.026+0000] {dag.py:3954} INFO - Setting next_dagrun for tutorial_taskflow_api to None, run_after=None
[2026-05-09T11:26:48.041+0000] {processor.py:183} INFO - Processing /home/vscode/.local/lib/python3.11/site-packages/airflow/example_dags/tutorial_taskflow_api.py took 0.051 seconds
[2026-05-09T11:27:28.534+0000] {processor.py:161} INFO - Started process (PID=12628) to work on /home/vscode/.local/lib/python3.11/site-packages/airflow/example_dags/tutorial_taskflow_api.py
[2026-05-09T11:27:28.534+0000] {processor.py:830} INFO - Processing file /home/vscode/.local/lib/python3.11/site-packages/airflow/example_dags/tutorial_taskflow_api.py for tasks to queue
[2026-05-09T11:27:28.535+0000] {logging_mixin.py:188} INFO - [2026-05-09T11:27:28.535+0000] {dagbag.py:545} INFO - Filling up the DagBag from /home/vscode/.local/lib/python3.11/site-packages/airflow/example_dags/tutorial_taskflow_api.py
[2026-05-09T11:27:28.541+0000] {processor.py:840} INFO - DAG(s) 'tutorial_taskflow_api' retrieved from /home/vscode/.local/lib/python3.11/site-packages/airflow/example_dags/tutorial_taskflow_api.py
[2026-05-09T11:27:28.553+0000] {logging_mixin.py:188} INFO - [2026-05-09T11:27:28.552+0000] {dag.py:3096} INFO - Sync 1 DAGs
[2026-05-09T11:27:28.562+0000] {logging_mixin.py:188} INFO - [2026-05-09T11:27:28.562+0000] {dag.py:3954} INFO - Setting next_dagrun for tutorial_taskflow_api to None, run_after=None
[2026-05-09T11:27:28.578+0000] {processor.py:183} INFO - Processing /home/vscode/.local/lib/python3.11/site-packages/airflow/example_dags/tutorial_taskflow_api.py took 0.054 seconds
[2026-05-09T11:28:08.887+0000] {processor.py:161} INFO - Started process (PID=13125) to work on /home/vscode/.local/lib/python3.11/site-packages/airflow/example_dags/tutorial_taskflow_api.py
[2026-05-09T11:28:08.888+0000] {processor.py:830} INFO - Processing file /home/vscode/.local/lib/python3.11/site-packages/airflow/example_dags/tutorial_taskflow_api.py for tasks to queue
[2026-05-09T11:28:08.889+0000] {logging_mixin.py:188} INFO - [2026-05-09T11:28:08.888+0000] {dagbag.py:545} INFO - Filling up the DagBag from /home/vscode/.local/lib/python3.11/site-packages/airflow/example_dags/tutorial_taskflow_api.py
[2026-05-09T11:28:08.893+0000] {processor.py:840} INFO - DAG(s) 'tutorial_taskflow_api' retrieved from /home/vscode/.local/lib/python3.11/site-packages/airflow/example_dags/tutorial_taskflow_api.py
[2026-05-09T11:28:08.904+0000] {logging_mixin.py:188} INFO - [2026-05-09T11:28:08.904+0000] {dag.py:3096} INFO - Sync 1 DAGs
[2026-05-09T11:28:08.912+0000] {logging_mixin.py:188} INFO - [2026-05-09T11:28:08.912+0000] {dag.py:3954} INFO - Setting next_dagrun for tutorial_taskflow_api to None, run_after=None
[2026-05-09T11:28:08.928+0000] {processor.py:183} INFO - Processing /home/vscode/.local/lib/python3.11/site-packages/airflow/example_dags/tutorial_taskflow_api.py took 0.047 seconds
[2026-05-09T11:28:48.369+0000] {processor.py:161} INFO - Started process (PID=13653) to work on /home/vscode/.local/lib/python3.11/site-packages/airflow/example_dags/tutorial_taskflow_api.py
[2026-05-09T11:28:48.370+0000] {processor.py:830} INFO - Processing file /home/vscode/.local/lib/python3.11/site-packages/airflow/example_dags/tutorial_taskflow_api.py for tasks to queue
[2026-05-09T11:28:48.370+0000] {logging_mixin.py:188} INFO - [2026-05-09T11:28:48.370+0000] {dagbag.py:545} INFO - Filling up the DagBag from /home/vscode/.local/lib/python3.11/site-packages/airflow/example_dags/tutorial_taskflow_api.py
[2026-05-09T11:28:48.375+0000] {processor.py:840} INFO - DAG(s) 'tutorial_taskflow_api' retrieved from /home/vscode/.local/lib/python3.11/site-packages/airflow/example_dags/tutorial_taskflow_api.py
[2026-05-09T11:28:48.388+0000] {logging_mixin.py:188} INFO - [2026-05-09T11:28:48.388+0000] {dag.py:3096} INFO - Sync 1 DAGs
[2026-05-09T11:28:48.396+0000] {logging_mixin.py:188} INFO - [2026-05-09T11:28:48.396+0000] {dag.py:3954} INFO - Setting next_dagrun for tutorial_taskflow_api to None, run_after=None
[2026-05-09T11:28:48.411+0000] {processor.py:183} INFO - Processing /home/vscode/.local/lib/python3.11/site-packages/airflow/example_dags/tutorial_taskflow_api.py took 0.048 seconds
[2026-05-09T11:29:30.136+0000] {processor.py:161} INFO - Started process (PID=13963) to work on /home/vscode/.local/lib/python3.11/site-packages/airflow/example_dags/tutorial_taskflow_api.py
[2026-05-09T11:29:30.136+0000] {processor.py:830} INFO - Processing file /home/vscode/.local/lib/python3.11/site-packages/airflow/example_dags/tutorial_taskflow_api.py for tasks to queue
[2026-05-09T11:29:30.137+0000] {logging_mixin.py:188} INFO - [2026-05-09T11:29:30.136+0000] {dagbag.py:545} INFO - Filling up the DagBag from /home/vscode/.local/lib/python3.11/site-packages/airflow/example_dags/tutorial_taskflow_api.py
[2026-05-09T11:29:30.141+0000] {processor.py:840} INFO - DAG(s) 'tutorial_taskflow_api' retrieved from /home/vscode/.local/lib/python3.11/site-packages/airflow/example_dags/tutorial_taskflow_api.py
[2026-05-09T11:29:30.152+0000] {logging_mixin.py:188} INFO - [2026-05-09T11:29:30.152+0000] {dag.py:3096} INFO - Sync 1 DAGs
[2026-05-09T11:29:30.161+0000] {logging_mixin.py:188} INFO - [2026-05-09T11:29:30.161+0000] {dag.py:3954} INFO - Setting next_dagrun for tutorial_taskflow_api to None, run_after=None
[2026-05-09T11:29:30.178+0000] {processor.py:183} INFO - Processing /home/vscode/.local/lib/python3.11/site-packages/airflow/example_dags/tutorial_taskflow_api.py took 0.049 seconds
[2026-05-09T11:30:14.635+0000] {processor.py:161} INFO - Started process (PID=14416) to work on /home/vscode/.local/lib/python3.11/site-packages/airflow/example_dags/tutorial_taskflow_api.py
[2026-05-09T11:30:14.636+0000] {processor.py:830} INFO - Processing file /home/vscode/.local/lib/python3.11/site-packages/airflow/example_dags/tutorial_taskflow_api.py for tasks to queue
[2026-05-09T11:30:14.637+0000] {logging_mixin.py:188} INFO - [2026-05-09T11:30:14.636+0000] {dagbag.py:545} INFO - Filling up the DagBag from /home/vscode/.local/lib/python3.11/site-packages/airflow/example_dags/tutorial_taskflow_api.py
[2026-05-09T11:30:14.645+0000] {processor.py:840} INFO - DAG(s) 'tutorial_taskflow_api' retrieved from /home/vscode/.local/lib/python3.11/site-packages/airflow/example_dags/tutorial_taskflow_api.py
[2026-05-09T11:30:14.665+0000] {logging_mixin.py:188} INFO - [2026-05-09T11:30:14.664+0000] {dag.py:3096} INFO - Sync 1 DAGs
[2026-05-09T11:30:14.680+0000] {logging_mixin.py:188} INFO - [2026-05-09T11:30:14.680+0000] {dag.py:3954} INFO - Setting next_dagrun for tutorial_taskflow_api to None, run_after=None
[2026-05-09T11:30:14.704+0000] {processor.py:183} INFO - Processing /home/vscode/.local/lib/python3.11/site-packages/airflow/example_dags/tutorial_taskflow_api.py took 0.076 seconds
[2026-05-09T11:30:53.709+0000] {processor.py:161} INFO - Started process (PID=14978) to work on /home/vscode/.local/lib/python3.11/site-packages/airflow/example_dags/tutorial_taskflow_api.py
[2026-05-09T11:30:53.710+0000] {processor.py:830} INFO - Processing file /home/vscode/.local/lib/python3.11/site-packages/airflow/example_dags/tutorial_taskflow_api.py for tasks to queue
[2026-05-09T11:30:53.710+0000] {logging_mixin.py:188} INFO - [2026-05-09T11:30:53.710+0000] {dagbag.py:545} INFO - Filling up the DagBag from /home/vscode/.local/lib/python3.11/site-packages/airflow/example_dags/tutorial_taskflow_api.py
[2026-05-09T11:30:53.715+0000] {processor.py:840} INFO - DAG(s) 'tutorial_taskflow_api' retrieved from /home/vscode/.local/lib/python3.11/site-packages/airflow/example_dags/tutorial_taskflow_api.py
[2026-05-09T11:30:53.726+0000] {logging_mixin.py:188} INFO - [2026-05-09T11:30:53.726+0000] {dag.py:3096} INFO - Sync 1 DAGs
[2026-05-09T11:30:53.735+0000] {logging_mixin.py:188} INFO - [2026-05-09T11:30:53.735+0000] {dag.py:3954} INFO - Setting next_dagrun for tutorial_taskflow_api to None, run_after=None
[2026-05-09T11:30:53.751+0000] {processor.py:183} INFO - Processing /home/vscode/.local/lib/python3.11/site-packages/airflow/example_dags/tutorial_taskflow_api.py took 0.049 seconds
[2026-05-09T11:31:34.193+0000] {processor.py:161} INFO - Started process (PID=15494) to work on /home/vscode/.local/lib/python3.11/site-packages/airflow/example_dags/tutorial_taskflow_api.py
[2026-05-09T11:31:34.193+0000] {processor.py:830} INFO - Processing file /home/vscode/.local/lib/python3.11/site-packages/airflow/example_dags/tutorial_taskflow_api.py for tasks to queue
[2026-05-09T11:31:34.194+0000] {logging_mixin.py:188} INFO - [2026-05-09T11:31:34.194+0000] {dagbag.py:545} INFO - Filling up the DagBag from /home/vscode/.local/lib/python3.11/site-packages/airflow/example_dags/tutorial_taskflow_api.py
[2026-05-09T11:31:34.198+0000] {processor.py:840} INFO - DAG(s) 'tutorial_taskflow_api' retrieved from /home/vscode/.local/lib/python3.11/site-packages/airflow/example_dags/tutorial_taskflow_api.py
[2026-05-09T11:31:34.210+0000] {logging_mixin.py:188} INFO - [2026-05-09T11:31:34.210+0000] {dag.py:3096} INFO - Sync 1 DAGs
[2026-05-09T11:31:34.218+0000] {logging_mixin.py:188} INFO - [2026-05-09T11:31:34.218+0000] {dag.py:3954} INFO - Setting next_dagrun for tutorial_taskflow_api to None, run_after=None
[2026-05-09T11:31:34.234+0000] {processor.py:183} INFO - Processing /home/vscode/.local/lib/python3.11/site-packages/airflow/example_dags/tutorial_taskflow_api.py took 0.048 seconds
[2026-05-09T11:32:19.737+0000] {processor.py:161} INFO - Started process (PID=15827) to work on /home/vscode/.local/lib/python3.11/site-packages/airflow/example_dags/tutorial_taskflow_api.py
[2026-05-09T11:32:19.738+0000] {processor.py:830} INFO - Processing file /home/vscode/.local/lib/python3.11/site-packages/airflow/example_dags/tutorial_taskflow_api.py for tasks to queue
[2026-05-09T11:32:19.738+0000] {logging_mixin.py:188} INFO - [2026-05-09T11:32:19.738+0000] {dagbag.py:545} INFO - Filling up the DagBag from /home/vscode/.local/lib/python3.11/site-packages/airflow/example_dags/tutorial_taskflow_api.py
[2026-05-09T11:32:19.743+0000] {processor.py:840} INFO - DAG(s) 'tutorial_taskflow_api' retrieved from /home/vscode/.local/lib/python3.11/site-packages/airflow/example_dags/tutorial_taskflow_api.py
[2026-05-09T11:32:19.754+0000] {logging_mixin.py:188} INFO - [2026-05-09T11:32:19.754+0000] {dag.py:3096} INFO - Sync 1 DAGs
[2026-05-09T11:32:19.763+0000] {logging_mixin.py:188} INFO - [2026-05-09T11:32:19.762+0000] {dag.py:3954} INFO - Setting next_dagrun for tutorial_taskflow_api to None, run_after=None
[2026-05-09T11:32:19.779+0000] {processor.py:183} INFO - Processing /home/vscode/.local/lib/python3.11/site-packages/airflow/example_dags/tutorial_taskflow_api.py took 0.049 seconds
[2026-05-09T11:33:02.816+0000] {processor.py:161} INFO - Started process (PID=16201) to work on /home/vscode/.local/lib/python3.11/site-packages/airflow/example_dags/tutorial_taskflow_api.py
[2026-05-09T11:33:02.817+0000] {processor.py:830} INFO - Processing file /home/vscode/.local/lib/python3.11/site-packages/airflow/example_dags/tutorial_taskflow_api.py for tasks to queue
[2026-05-09T11:33:02.817+0000] {logging_mixin.py:188} INFO - [2026-05-09T11:33:02.817+0000] {dagbag.py:545} INFO - Filling up the DagBag from /home/vscode/.local/lib/python3.11/site-packages/airflow/example_dags/tutorial_taskflow_api.py
[2026-05-09T11:33:02.824+0000] {processor.py:840} INFO - DAG(s) 'tutorial_taskflow_api' retrieved from /home/vscode/.local/lib/python3.11/site-packages/airflow/example_dags/tutorial_taskflow_api.py
[2026-05-09T11:33:02.836+0000] {logging_mixin.py:188} INFO - [2026-05-09T11:33:02.836+0000] {dag.py:3096} INFO - Sync 1 DAGs
[2026-05-09T11:33:02.844+0000] {logging_mixin.py:188} INFO - [2026-05-09T11:33:02.844+0000] {dag.py:3954} INFO - Setting next_dagrun for tutorial_taskflow_api to None, run_after=None
[2026-05-09T11:33:02.867+0000] {processor.py:183} INFO - Processing /home/vscode/.local/lib/python3.11/site-packages/airflow/example_dags/tutorial_taskflow_api.py took 0.058 seconds
[2026-05-09T11:33:44.260+0000] {processor.py:161} INFO - Started process (PID=16639) to work on /home/vscode/.local/lib/python3.11/site-packages/airflow/example_dags/tutorial_taskflow_api.py
[2026-05-09T11:33:44.260+0000] {processor.py:830} INFO - Processing file /home/vscode/.local/lib/python3.11/site-packages/airflow/example_dags/tutorial_taskflow_api.py for tasks to queue
[2026-05-09T11:33:44.261+0000] {logging_mixin.py:188} INFO - [2026-05-09T11:33:44.261+0000] {dagbag.py:545} INFO - Filling up the DagBag from /home/vscode/.local/lib/python3.11/site-packages/airflow/example_dags/tutorial_taskflow_api.py
[2026-05-09T11:33:44.265+0000] {processor.py:840} INFO - DAG(s) 'tutorial_taskflow_api' retrieved from /home/vscode/.local/lib/python3.11/site-packages/airflow/example_dags/tutorial_taskflow_api.py
[2026-05-09T11:33:44.277+0000] {logging_mixin.py:188} INFO - [2026-05-09T11:33:44.277+0000] {dag.py:3096} INFO - Sync 1 DAGs
[2026-05-09T11:33:44.286+0000] {logging_mixin.py:188} INFO - [2026-05-09T11:33:44.286+0000] {dag.py:3954} INFO - Setting next_dagrun for tutorial_taskflow_api to None, run_after=None
[2026-05-09T11:33:44.304+0000] {processor.py:183} INFO - Processing /home/vscode/.local/lib/python3.11/site-packages/airflow/example_dags/tutorial_taskflow_api.py took 0.054 seconds
[2026-05-09T11:34:26.739+0000] {processor.py:161} INFO - Started process (PID=16947) to work on /home/vscode/.local/lib/python3.11/site-packages/airflow/example_dags/tutorial_taskflow_api.py
[2026-05-09T11:34:26.739+0000] {processor.py:830} INFO - Processing file /home/vscode/.local/lib/python3.11/site-packages/airflow/example_dags/tutorial_taskflow_api.py for tasks to queue
[2026-05-09T11:34:26.740+0000] {logging_mixin.py:188} INFO - [2026-05-09T11:34:26.740+0000] {dagbag.py:545} INFO - Filling up the DagBag from /home/vscode/.local/lib/python3.11/site-packages/airflow/example_dags/tutorial_taskflow_api.py
[2026-05-09T11:34:26.745+0000] {processor.py:840} INFO - DAG(s) 'tutorial_taskflow_api' retrieved from /home/vscode/.local/lib/python3.11/site-packages/airflow/example_dags/tutorial_taskflow_api.py
[2026-05-09T11:34:26.757+0000] {logging_mixin.py:188} INFO - [2026-05-09T11:34:26.757+0000] {dag.py:3096} INFO - Sync 1 DAGs
[2026-05-09T11:34:26.767+0000] {logging_mixin.py:188} INFO - [2026-05-09T11:34:26.767+0000] {dag.py:3954} INFO - Setting next_dagrun for tutorial_taskflow_api to None, run_after=None
[2026-05-09T11:34:26.783+0000] {processor.py:183} INFO - Processing /home/vscode/.local/lib/python3.11/site-packages/airflow/example_dags/tutorial_taskflow_api.py took 0.051 seconds
[2026-05-09T11:35:07.109+0000] {processor.py:161} INFO - Started process (PID=17314) to work on /home/vscode/.local/lib/python3.11/site-packages/airflow/example_dags/tutorial_taskflow_api.py
[2026-05-09T11:35:07.110+0000] {processor.py:830} INFO - Processing file /home/vscode/.local/lib/python3.11/site-packages/airflow/example_dags/tutorial_taskflow_api.py for tasks to queue
[2026-05-09T11:35:07.110+0000] {logging_mixin.py:188} INFO - [2026-05-09T11:35:07.110+0000] {dagbag.py:545} INFO - Filling up the DagBag from /home/vscode/.local/lib/python3.11/site-packages/airflow/example_dags/tutorial_taskflow_api.py
[2026-05-09T11:35:07.116+0000] {processor.py:840} INFO - DAG(s) 'tutorial_taskflow_api' retrieved from /home/vscode/.local/lib/python3.11/site-packages/airflow/example_dags/tutorial_taskflow_api.py
[2026-05-09T11:35:07.127+0000] {logging_mixin.py:188} INFO - [2026-05-09T11:35:07.127+0000] {dag.py:3096} INFO - Sync 1 DAGs
[2026-05-09T11:35:07.136+0000] {logging_mixin.py:188} INFO - [2026-05-09T11:35:07.136+0000] {dag.py:3954} INFO - Setting next_dagrun for tutorial_taskflow_api to None, run_after=None
[2026-05-09T11:35:07.153+0000] {processor.py:183} INFO - Processing /home/vscode/.local/lib/python3.11/site-packages/airflow/example_dags/tutorial_taskflow_api.py took 0.051 seconds
[2026-05-09T11:35:46.575+0000] {processor.py:161} INFO - Started process (PID=17663) to work on /home/vscode/.local/lib/python3.11/site-packages/airflow/example_dags/tutorial_taskflow_api.py
[2026-05-09T11:35:46.579+0000] {processor.py:830} INFO - Processing file /home/vscode/.local/lib/python3.11/site-packages/airflow/example_dags/tutorial_taskflow_api.py for tasks to queue
[2026-05-09T11:35:46.580+0000] {logging_mixin.py:188} INFO - [2026-05-09T11:35:46.580+0000] {dagbag.py:545} INFO - Filling up the DagBag from /home/vscode/.local/lib/python3.11/site-packages/airflow/example_dags/tutorial_taskflow_api.py
[2026-05-09T11:35:46.586+0000] {processor.py:840} INFO - DAG(s) 'tutorial_taskflow_api' retrieved from /home/vscode/.local/lib/python3.11/site-packages/airflow/example_dags/tutorial_taskflow_api.py
[2026-05-09T11:35:46.631+0000] {logging_mixin.py:188} INFO - [2026-05-09T11:35:46.631+0000] {dag.py:3096} INFO - Sync 1 DAGs
[2026-05-09T11:35:46.647+0000] {logging_mixin.py:188} INFO - [2026-05-09T11:35:46.647+0000] {dag.py:3954} INFO - Setting next_dagrun for tutorial_taskflow_api to None, run_after=None
[2026-05-09T11:35:46.707+0000] {processor.py:183} INFO - Processing /home/vscode/.local/lib/python3.11/site-packages/airflow/example_dags/tutorial_taskflow_api.py took 0.149 seconds
[2026-05-09T11:36:25.825+0000] {processor.py:161} INFO - Started process (PID=17953) to work on /home/vscode/.local/lib/python3.11/site-packages/airflow/example_dags/tutorial_taskflow_api.py
[2026-05-09T11:36:25.825+0000] {processor.py:830} INFO - Processing file /home/vscode/.local/lib/python3.11/site-packages/airflow/example_dags/tutorial_taskflow_api.py for tasks to queue
[2026-05-09T11:36:25.826+0000] {logging_mixin.py:188} INFO - [2026-05-09T11:36:25.826+0000] {dagbag.py:545} INFO - Filling up the DagBag from /home/vscode/.local/lib/python3.11/site-packages/airflow/example_dags/tutorial_taskflow_api.py
[2026-05-09T11:36:25.830+0000] {processor.py:840} INFO - DAG(s) 'tutorial_taskflow_api' retrieved from /home/vscode/.local/lib/python3.11/site-packages/airflow/example_dags/tutorial_taskflow_api.py
[2026-05-09T11:36:25.846+0000] {logging_mixin.py:188} INFO - [2026-05-09T11:36:25.845+0000] {dag.py:3096} INFO - Sync 1 DAGs
[2026-05-09T11:36:25.855+0000] {logging_mixin.py:188} INFO - [2026-05-09T11:36:25.855+0000] {dag.py:3954} INFO - Setting next_dagrun for tutorial_taskflow_api to None, run_after=None
[2026-05-09T11:36:25.871+0000] {processor.py:183} INFO - Processing /home/vscode/.local/lib/python3.11/site-packages/airflow/example_dags/tutorial_taskflow_api.py took 0.053 seconds
[2026-05-09T11:37:07.660+0000] {processor.py:161} INFO - Started process (PID=18325) to work on /home/vscode/.local/lib/python3.11/site-packages/airflow/example_dags/tutorial_taskflow_api.py
[2026-05-09T11:37:07.661+0000] {processor.py:830} INFO - Processing file /home/vscode/.local/lib/python3.11/site-packages/airflow/example_dags/tutorial_taskflow_api.py for tasks to queue
[2026-05-09T11:37:07.662+0000] {logging_mixin.py:188} INFO - [2026-05-09T11:37:07.661+0000] {dagbag.py:545} INFO - Filling up the DagBag from /home/vscode/.local/lib/python3.11/site-packages/airflow/example_dags/tutorial_taskflow_api.py
[2026-05-09T11:37:07.666+0000] {processor.py:840} INFO - DAG(s) 'tutorial_taskflow_api' retrieved from /home/vscode/.local/lib/python3.11/site-packages/airflow/example_dags/tutorial_taskflow_api.py
[2026-05-09T11:37:07.678+0000] {logging_mixin.py:188} INFO - [2026-05-09T11:37:07.678+0000] {dag.py:3096} INFO - Sync 1 DAGs
[2026-05-09T11:37:07.687+0000] {logging_mixin.py:188} INFO - [2026-05-09T11:37:07.687+0000] {dag.py:3954} INFO - Setting next_dagrun for tutorial_taskflow_api to None, run_after=None
[2026-05-09T11:37:07.703+0000] {processor.py:183} INFO - Processing /home/vscode/.local/lib/python3.11/site-packages/airflow/example_dags/tutorial_taskflow_api.py took 0.051 seconds
[2026-05-09T11:37:48.501+0000] {processor.py:161} INFO - Started process (PID=18964) to work on /home/vscode/.local/lib/python3.11/site-packages/airflow/example_dags/tutorial_taskflow_api.py
[2026-05-09T11:37:48.502+0000] {processor.py:830} INFO - Processing file /home/vscode/.local/lib/python3.11/site-packages/airflow/example_dags/tutorial_taskflow_api.py for tasks to queue
[2026-05-09T11:37:48.502+0000] {logging_mixin.py:188} INFO - [2026-05-09T11:37:48.502+0000] {dagbag.py:545} INFO - Filling up the DagBag from /home/vscode/.local/lib/python3.11/site-packages/airflow/example_dags/tutorial_taskflow_api.py
[2026-05-09T11:37:48.507+0000] {processor.py:840} INFO - DAG(s) 'tutorial_taskflow_api' retrieved from /home/vscode/.local/lib/python3.11/site-packages/airflow/example_dags/tutorial_taskflow_api.py
[2026-05-09T11:37:48.518+0000] {logging_mixin.py:188} INFO - [2026-05-09T11:37:48.518+0000] {dag.py:3096} INFO - Sync 1 DAGs
[2026-05-09T11:37:48.526+0000] {logging_mixin.py:188} INFO - [2026-05-09T11:37:48.526+0000] {dag.py:3954} INFO - Setting next_dagrun for tutorial_taskflow_api to None, run_after=None
[2026-05-09T11:37:48.543+0000] {processor.py:183} INFO - Processing /home/vscode/.local/lib/python3.11/site-packages/airflow/example_dags/tutorial_taskflow_api.py took 0.047 seconds
[2026-05-09T11:38:30.118+0000] {processor.py:161} INFO - Started process (PID=19374) to work on /home/vscode/.local/lib/python3.11/site-packages/airflow/example_dags/tutorial_taskflow_api.py
[2026-05-09T11:38:30.119+0000] {processor.py:830} INFO - Processing file /home/vscode/.local/lib/python3.11/site-packages/airflow/example_dags/tutorial_taskflow_api.py for tasks to queue
[2026-05-09T11:38:30.120+0000] {logging_mixin.py:188} INFO - [2026-05-09T11:38:30.119+0000] {dagbag.py:545} INFO - Filling up the DagBag from /home/vscode/.local/lib/python3.11/site-packages/airflow/example_dags/tutorial_taskflow_api.py
[2026-05-09T11:38:30.124+0000] {processor.py:840} INFO - DAG(s) 'tutorial_taskflow_api' retrieved from /home/vscode/.local/lib/python3.11/site-packages/airflow/example_dags/tutorial_taskflow_api.py
[2026-05-09T11:38:30.136+0000] {logging_mixin.py:188} INFO - [2026-05-09T11:38:30.136+0000] {dag.py:3096} INFO - Sync 1 DAGs
[2026-05-09T11:38:30.144+0000] {logging_mixin.py:188} INFO - [2026-05-09T11:38:30.144+0000] {dag.py:3954} INFO - Setting next_dagrun for tutorial_taskflow_api to None, run_after=None
[2026-05-09T11:38:30.160+0000] {processor.py:183} INFO - Processing /home/vscode/.local/lib/python3.11/site-packages/airflow/example_dags/tutorial_taskflow_api.py took 0.048 seconds
[2026-05-09T11:39:11.113+0000] {processor.py:161} INFO - Started process (PID=19863) to work on /home/vscode/.local/lib/python3.11/site-packages/airflow/example_dags/tutorial_taskflow_api.py
[2026-05-09T11:39:11.113+0000] {processor.py:830} INFO - Processing file /home/vscode/.local/lib/python3.11/site-packages/airflow/example_dags/tutorial_taskflow_api.py for tasks to queue
[2026-05-09T11:39:11.114+0000] {logging_mixin.py:188} INFO - [2026-05-09T11:39:11.114+0000] {dagbag.py:545} INFO - Filling up the DagBag from /home/vscode/.local/lib/python3.11/site-packages/airflow/example_dags/tutorial_taskflow_api.py
[2026-05-09T11:39:11.121+0000] {processor.py:840} INFO - DAG(s) 'tutorial_taskflow_api' retrieved from /home/vscode/.local/lib/python3.11/site-packages/airflow/example_dags/tutorial_taskflow_api.py
[2026-05-09T11:39:11.134+0000] {logging_mixin.py:188} INFO - [2026-05-09T11:39:11.134+0000] {dag.py:3096} INFO - Sync 1 DAGs
[2026-05-09T11:39:11.142+0000] {logging_mixin.py:188} INFO - [2026-05-09T11:39:11.142+0000] {dag.py:3954} INFO - Setting next_dagrun for tutorial_taskflow_api to None, run_after=None
[2026-05-09T11:39:11.158+0000] {processor.py:183} INFO - Processing /home/vscode/.local/lib/python3.11/site-packages/airflow/example_dags/tutorial_taskflow_api.py took 0.054 seconds
[2026-05-09T11:39:51.185+0000] {processor.py:161} INFO - Started process (PID=20410) to work on /home/vscode/.local/lib/python3.11/site-packages/airflow/example_dags/tutorial_taskflow_api.py
[2026-05-09T11:39:51.185+0000] {processor.py:830} INFO - Processing file /home/vscode/.local/lib/python3.11/site-packages/airflow/example_dags/tutorial_taskflow_api.py for tasks to queue
[2026-05-09T11:39:51.186+0000] {logging_mixin.py:188} INFO - [2026-05-09T11:39:51.186+0000] {dagbag.py:545} INFO - Filling up the DagBag from /home/vscode/.local/lib/python3.11/site-packages/airflow/example_dags/tutorial_taskflow_api.py
[2026-05-09T11:39:51.192+0000] {processor.py:840} INFO - DAG(s) 'tutorial_taskflow_api' retrieved from /home/vscode/.local/lib/python3.11/site-packages/airflow/example_dags/tutorial_taskflow_api.py
[2026-05-09T11:39:51.220+0000] {logging_mixin.py:188} INFO - [2026-05-09T11:39:51.220+0000] {dag.py:3096} INFO - Sync 1 DAGs
[2026-05-09T11:39:51.252+0000] {logging_mixin.py:188} INFO - [2026-05-09T11:39:51.251+0000] {dag.py:3954} INFO - Setting next_dagrun for tutorial_taskflow_api to None, run_after=None
[2026-05-09T11:39:51.286+0000] {processor.py:183} INFO - Processing /home/vscode/.local/lib/python3.11/site-packages/airflow/example_dags/tutorial_taskflow_api.py took 0.110 seconds
[2026-05-09T11:40:32.006+0000] {processor.py:161} INFO - Started process (PID=20681) to work on /home/vscode/.local/lib/python3.11/site-packages/airflow/example_dags/tutorial_taskflow_api.py
[2026-05-09T11:40:32.006+0000] {processor.py:830} INFO - Processing file /home/vscode/.local/lib/python3.11/site-packages/airflow/example_dags/tutorial_taskflow_api.py for tasks to queue
[2026-05-09T11:40:32.007+0000] {logging_mixin.py:188} INFO - [2026-05-09T11:40:32.006+0000] {dagbag.py:545} INFO - Filling up the DagBag from /home/vscode/.local/lib/python3.11/site-packages/airflow/example_dags/tutorial_taskflow_api.py
[2026-05-09T11:40:32.011+0000] {processor.py:840} INFO - DAG(s) 'tutorial_taskflow_api' retrieved from /home/vscode/.local/lib/python3.11/site-packages/airflow/example_dags/tutorial_taskflow_api.py
[2026-05-09T11:40:32.022+0000] {logging_mixin.py:188} INFO - [2026-05-09T11:40:32.022+0000] {dag.py:3096} INFO - Sync 1 DAGs
[2026-05-09T11:40:32.030+0000] {logging_mixin.py:188} INFO - [2026-05-09T11:40:32.030+0000] {dag.py:3954} INFO - Setting next_dagrun for tutorial_taskflow_api to None, run_after=None
[2026-05-09T11:40:32.047+0000] {processor.py:183} INFO - Processing /home/vscode/.local/lib/python3.11/site-packages/airflow/example_dags/tutorial_taskflow_api.py took 0.048 seconds
[2026-05-09T11:41:16.802+0000] {processor.py:161} INFO - Started process (PID=21219) to work on /home/vscode/.local/lib/python3.11/site-packages/airflow/example_dags/tutorial_taskflow_api.py
[2026-05-09T11:41:16.804+0000] {processor.py:830} INFO - Processing file /home/vscode/.local/lib/python3.11/site-packages/airflow/example_dags/tutorial_taskflow_api.py for tasks to queue
[2026-05-09T11:41:16.804+0000] {logging_mixin.py:188} INFO - [2026-05-09T11:41:16.804+0000] {dagbag.py:545} INFO - Filling up the DagBag from /home/vscode/.local/lib/python3.11/site-packages/airflow/example_dags/tutorial_taskflow_api.py
[2026-05-09T11:41:16.824+0000] {processor.py:840} INFO - DAG(s) 'tutorial_taskflow_api' retrieved from /home/vscode/.local/lib/python3.11/site-packages/airflow/example_dags/tutorial_taskflow_api.py
[2026-05-09T11:41:16.879+0000] {logging_mixin.py:188} INFO - [2026-05-09T11:41:16.879+0000] {dag.py:3096} INFO - Sync 1 DAGs
[2026-05-09T11:41:16.907+0000] {logging_mixin.py:188} INFO - [2026-05-09T11:41:16.907+0000] {dag.py:3954} INFO - Setting next_dagrun for tutorial_taskflow_api to None, run_after=None
[2026-05-09T11:41:16.951+0000] {processor.py:183} INFO - Processing /home/vscode/.local/lib/python3.11/site-packages/airflow/example_dags/tutorial_taskflow_api.py took 0.190 seconds
[2026-05-09T11:42:00.782+0000] {processor.py:161} INFO - Started process (PID=21600) to work on /home/vscode/.local/lib/python3.11/site-packages/airflow/example_dags/tutorial_taskflow_api.py
[2026-05-09T11:42:00.784+0000] {processor.py:830} INFO - Processing file /home/vscode/.local/lib/python3.11/site-packages/airflow/example_dags/tutorial_taskflow_api.py for tasks to queue
[2026-05-09T11:42:00.785+0000] {logging_mixin.py:188} INFO - [2026-05-09T11:42:00.784+0000] {dagbag.py:545} INFO - Filling up the DagBag from /home/vscode/.local/lib/python3.11/site-packages/airflow/example_dags/tutorial_taskflow_api.py
[2026-05-09T11:42:00.793+0000] {processor.py:840} INFO - DAG(s) 'tutorial_taskflow_api' retrieved from /home/vscode/.local/lib/python3.11/site-packages/airflow/example_dags/tutorial_taskflow_api.py
[2026-05-09T11:42:00.815+0000] {logging_mixin.py:188} INFO - [2026-05-09T11:42:00.815+0000] {dag.py:3096} INFO - Sync 1 DAGs
[2026-05-09T11:42:00.830+0000] {logging_mixin.py:188} INFO - [2026-05-09T11:42:00.830+0000] {dag.py:3954} INFO - Setting next_dagrun for tutorial_taskflow_api to None, run_after=None
[2026-05-09T11:42:00.861+0000] {processor.py:183} INFO - Processing /home/vscode/.local/lib/python3.11/site-packages/airflow/example_dags/tutorial_taskflow_api.py took 0.089 seconds
[2026-05-09T11:42:45.202+0000] {processor.py:161} INFO - Started process (PID=21995) to work on /home/vscode/.local/lib/python3.11/site-packages/airflow/example_dags/tutorial_taskflow_api.py
[2026-05-09T11:42:45.202+0000] {processor.py:830} INFO - Processing file /home/vscode/.local/lib/python3.11/site-packages/airflow/example_dags/tutorial_taskflow_api.py for tasks to queue
[2026-05-09T11:42:45.203+0000] {logging_mixin.py:188} INFO - [2026-05-09T11:42:45.203+0000] {dagbag.py:545} INFO - Filling up the DagBag from /home/vscode/.local/lib/python3.11/site-packages/airflow/example_dags/tutorial_taskflow_api.py
[2026-05-09T11:42:45.208+0000] {processor.py:840} INFO - DAG(s) 'tutorial_taskflow_api' retrieved from /home/vscode/.local/lib/python3.11/site-packages/airflow/example_dags/tutorial_taskflow_api.py
[2026-05-09T11:42:45.220+0000] {logging_mixin.py:188} INFO - [2026-05-09T11:42:45.220+0000] {dag.py:3096} INFO - Sync 1 DAGs
[2026-05-09T11:42:45.229+0000] {logging_mixin.py:188} INFO - [2026-05-09T11:42:45.229+0000] {dag.py:3954} INFO - Setting next_dagrun for tutorial_taskflow_api to None, run_after=None
[2026-05-09T11:42:45.248+0000] {processor.py:183} INFO - Processing /home/vscode/.local/lib/python3.11/site-packages/airflow/example_dags/tutorial_taskflow_api.py took 0.053 seconds
[2026-05-09T11:43:30.602+0000] {processor.py:161} INFO - Started process (PID=22327) to work on /home/vscode/.local/lib/python3.11/site-packages/airflow/example_dags/tutorial_taskflow_api.py
[2026-05-09T11:43:30.603+0000] {processor.py:830} INFO - Processing file /home/vscode/.local/lib/python3.11/site-packages/airflow/example_dags/tutorial_taskflow_api.py for tasks to queue
[2026-05-09T11:43:30.603+0000] {logging_mixin.py:188} INFO - [2026-05-09T11:43:30.603+0000] {dagbag.py:545} INFO - Filling up the DagBag from /home/vscode/.local/lib/python3.11/site-packages/airflow/example_dags/tutorial_taskflow_api.py
[2026-05-09T11:43:30.608+0000] {processor.py:840} INFO - DAG(s) 'tutorial_taskflow_api' retrieved from /home/vscode/.local/lib/python3.11/site-packages/airflow/example_dags/tutorial_taskflow_api.py
[2026-05-09T11:43:30.620+0000] {logging_mixin.py:188} INFO - [2026-05-09T11:43:30.620+0000] {dag.py:3096} INFO - Sync 1 DAGs
[2026-05-09T11:43:30.628+0000] {logging_mixin.py:188} INFO - [2026-05-09T11:43:30.628+0000] {dag.py:3954} INFO - Setting next_dagrun for tutorial_taskflow_api to None, run_after=None
[2026-05-09T11:43:30.645+0000] {processor.py:183} INFO - Processing /home/vscode/.local/lib/python3.11/site-packages/airflow/example_dags/tutorial_taskflow_api.py took 0.050 seconds
[2026-05-09T11:44:12.685+0000] {processor.py:161} INFO - Started process (PID=22756) to work on /home/vscode/.local/lib/python3.11/site-packages/airflow/example_dags/tutorial_taskflow_api.py
[2026-05-09T11:44:12.686+0000] {processor.py:830} INFO - Processing file /home/vscode/.local/lib/python3.11/site-packages/airflow/example_dags/tutorial_taskflow_api.py for tasks to queue
[2026-05-09T11:44:12.687+0000] {logging_mixin.py:188} INFO - [2026-05-09T11:44:12.686+0000] {dagbag.py:545} INFO - Filling up the DagBag from /home/vscode/.local/lib/python3.11/site-packages/airflow/example_dags/tutorial_taskflow_api.py
[2026-05-09T11:44:12.691+0000] {processor.py:840} INFO - DAG(s) 'tutorial_taskflow_api' retrieved from /home/vscode/.local/lib/python3.11/site-packages/airflow/example_dags/tutorial_taskflow_api.py
[2026-05-09T11:44:12.711+0000] {logging_mixin.py:188} INFO - [2026-05-09T11:44:12.710+0000] {dag.py:3096} INFO - Sync 1 DAGs
[2026-05-09T11:44:12.719+0000] {logging_mixin.py:188} INFO - [2026-05-09T11:44:12.719+0000] {dag.py:3954} INFO - Setting next_dagrun for tutorial_taskflow_api to None, run_after=None
[2026-05-09T11:44:12.735+0000] {processor.py:183} INFO - Processing /home/vscode/.local/lib/python3.11/site-packages/airflow/example_dags/tutorial_taskflow_api.py took 0.058 seconds
[2026-05-09T11:44:52.792+0000] {processor.py:161} INFO - Started process (PID=23122) to work on /home/vscode/.local/lib/python3.11/site-packages/airflow/example_dags/tutorial_taskflow_api.py
[2026-05-09T11:44:52.793+0000] {processor.py:830} INFO - Processing file /home/vscode/.local/lib/python3.11/site-packages/airflow/example_dags/tutorial_taskflow_api.py for tasks to queue
[2026-05-09T11:44:52.794+0000] {logging_mixin.py:188} INFO - [2026-05-09T11:44:52.793+0000] {dagbag.py:545} INFO - Filling up the DagBag from /home/vscode/.local/lib/python3.11/site-packages/airflow/example_dags/tutorial_taskflow_api.py
[2026-05-09T11:44:52.798+0000] {processor.py:840} INFO - DAG(s) 'tutorial_taskflow_api' retrieved from /home/vscode/.local/lib/python3.11/site-packages/airflow/example_dags/tutorial_taskflow_api.py
[2026-05-09T11:44:52.810+0000] {logging_mixin.py:188} INFO - [2026-05-09T11:44:52.810+0000] {dag.py:3096} INFO - Sync 1 DAGs
[2026-05-09T11:44:52.818+0000] {logging_mixin.py:188} INFO - [2026-05-09T11:44:52.818+0000] {dag.py:3954} INFO - Setting next_dagrun for tutorial_taskflow_api to None, run_after=None
[2026-05-09T11:44:52.835+0000] {processor.py:183} INFO - Processing /home/vscode/.local/lib/python3.11/site-packages/airflow/example_dags/tutorial_taskflow_api.py took 0.049 seconds
[2026-05-09T11:45:37.322+0000] {processor.py:161} INFO - Started process (PID=23512) to work on /home/vscode/.local/lib/python3.11/site-packages/airflow/example_dags/tutorial_taskflow_api.py
[2026-05-09T11:45:37.323+0000] {processor.py:830} INFO - Processing file /home/vscode/.local/lib/python3.11/site-packages/airflow/example_dags/tutorial_taskflow_api.py for tasks to queue
[2026-05-09T11:45:37.323+0000] {logging_mixin.py:188} INFO - [2026-05-09T11:45:37.323+0000] {dagbag.py:545} INFO - Filling up the DagBag from /home/vscode/.local/lib/python3.11/site-packages/airflow/example_dags/tutorial_taskflow_api.py
[2026-05-09T11:45:37.328+0000] {processor.py:840} INFO - DAG(s) 'tutorial_taskflow_api' retrieved from /home/vscode/.local/lib/python3.11/site-packages/airflow/example_dags/tutorial_taskflow_api.py
[2026-05-09T11:45:37.342+0000] {logging_mixin.py:188} INFO - [2026-05-09T11:45:37.342+0000] {dag.py:3096} INFO - Sync 1 DAGs
[2026-05-09T11:45:37.350+0000] {logging_mixin.py:188} INFO - [2026-05-09T11:45:37.350+0000] {dag.py:3954} INFO - Setting next_dagrun for tutorial_taskflow_api to None, run_after=None
[2026-05-09T11:45:37.367+0000] {processor.py:183} INFO - Processing /home/vscode/.local/lib/python3.11/site-packages/airflow/example_dags/tutorial_taskflow_api.py took 0.051 seconds
[2026-05-09T11:46:18.746+0000] {processor.py:161} INFO - Started process (PID=23809) to work on /home/vscode/.local/lib/python3.11/site-packages/airflow/example_dags/tutorial_taskflow_api.py
[2026-05-09T11:46:18.746+0000] {processor.py:830} INFO - Processing file /home/vscode/.local/lib/python3.11/site-packages/airflow/example_dags/tutorial_taskflow_api.py for tasks to queue
[2026-05-09T11:46:18.747+0000] {logging_mixin.py:188} INFO - [2026-05-09T11:46:18.747+0000] {dagbag.py:545} INFO - Filling up the DagBag from /home/vscode/.local/lib/python3.11/site-packages/airflow/example_dags/tutorial_taskflow_api.py
[2026-05-09T11:46:18.751+0000] {processor.py:840} INFO - DAG(s) 'tutorial_taskflow_api' retrieved from /home/vscode/.local/lib/python3.11/site-packages/airflow/example_dags/tutorial_taskflow_api.py
[2026-05-09T11:46:18.764+0000] {logging_mixin.py:188} INFO - [2026-05-09T11:46:18.764+0000] {dag.py:3096} INFO - Sync 1 DAGs
[2026-05-09T11:46:18.772+0000] {logging_mixin.py:188} INFO - [2026-05-09T11:46:18.772+0000] {dag.py:3954} INFO - Setting next_dagrun for tutorial_taskflow_api to None, run_after=None
[2026-05-09T11:46:18.788+0000] {processor.py:183} INFO - Processing /home/vscode/.local/lib/python3.11/site-packages/airflow/example_dags/tutorial_taskflow_api.py took 0.048 seconds
[2026-05-09T11:47:03.897+0000] {processor.py:161} INFO - Started process (PID=24373) to work on /home/vscode/.local/lib/python3.11/site-packages/airflow/example_dags/tutorial_taskflow_api.py
[2026-05-09T11:47:03.898+0000] {processor.py:830} INFO - Processing file /home/vscode/.local/lib/python3.11/site-packages/airflow/example_dags/tutorial_taskflow_api.py for tasks to queue
[2026-05-09T11:47:03.898+0000] {logging_mixin.py:188} INFO - [2026-05-09T11:47:03.898+0000] {dagbag.py:545} INFO - Filling up the DagBag from /home/vscode/.local/lib/python3.11/site-packages/airflow/example_dags/tutorial_taskflow_api.py
[2026-05-09T11:47:03.905+0000] {processor.py:840} INFO - DAG(s) 'tutorial_taskflow_api' retrieved from /home/vscode/.local/lib/python3.11/site-packages/airflow/example_dags/tutorial_taskflow_api.py
[2026-05-09T11:47:03.922+0000] {logging_mixin.py:188} INFO - [2026-05-09T11:47:03.922+0000] {dag.py:3096} INFO - Sync 1 DAGs
[2026-05-09T11:47:03.930+0000] {logging_mixin.py:188} INFO - [2026-05-09T11:47:03.930+0000] {dag.py:3954} INFO - Setting next_dagrun for tutorial_taskflow_api to None, run_after=None
[2026-05-09T11:47:03.947+0000] {processor.py:183} INFO - Processing /home/vscode/.local/lib/python3.11/site-packages/airflow/example_dags/tutorial_taskflow_api.py took 0.062 seconds
[2026-05-09T11:47:46.952+0000] {processor.py:161} INFO - Started process (PID=24717) to work on /home/vscode/.local/lib/python3.11/site-packages/airflow/example_dags/tutorial_taskflow_api.py
[2026-05-09T11:47:46.953+0000] {processor.py:830} INFO - Processing file /home/vscode/.local/lib/python3.11/site-packages/airflow/example_dags/tutorial_taskflow_api.py for tasks to queue
[2026-05-09T11:47:46.953+0000] {logging_mixin.py:188} INFO - [2026-05-09T11:47:46.953+0000] {dagbag.py:545} INFO - Filling up the DagBag from /home/vscode/.local/lib/python3.11/site-packages/airflow/example_dags/tutorial_taskflow_api.py
[2026-05-09T11:47:46.958+0000] {processor.py:840} INFO - DAG(s) 'tutorial_taskflow_api' retrieved from /home/vscode/.local/lib/python3.11/site-packages/airflow/example_dags/tutorial_taskflow_api.py
[2026-05-09T11:47:46.968+0000] {logging_mixin.py:188} INFO - [2026-05-09T11:47:46.968+0000] {dag.py:3096} INFO - Sync 1 DAGs
[2026-05-09T11:47:46.976+0000] {logging_mixin.py:188} INFO - [2026-05-09T11:47:46.976+0000] {dag.py:3954} INFO - Setting next_dagrun for tutorial_taskflow_api to None, run_after=None
[2026-05-09T11:47:46.992+0000] {processor.py:183} INFO - Processing /home/vscode/.local/lib/python3.11/site-packages/airflow/example_dags/tutorial_taskflow_api.py took 0.046 seconds
[2026-05-09T11:48:31.424+0000] {processor.py:161} INFO - Started process (PID=25042) to work on /home/vscode/.local/lib/python3.11/site-packages/airflow/example_dags/tutorial_taskflow_api.py
[2026-05-09T11:48:31.424+0000] {processor.py:830} INFO - Processing file /home/vscode/.local/lib/python3.11/site-packages/airflow/example_dags/tutorial_taskflow_api.py for tasks to queue
[2026-05-09T11:48:31.425+0000] {logging_mixin.py:188} INFO - [2026-05-09T11:48:31.425+0000] {dagbag.py:545} INFO - Filling up the DagBag from /home/vscode/.local/lib/python3.11/site-packages/airflow/example_dags/tutorial_taskflow_api.py
[2026-05-09T11:48:31.430+0000] {processor.py:840} INFO - DAG(s) 'tutorial_taskflow_api' retrieved from /home/vscode/.local/lib/python3.11/site-packages/airflow/example_dags/tutorial_taskflow_api.py
[2026-05-09T11:48:31.441+0000] {logging_mixin.py:188} INFO - [2026-05-09T11:48:31.441+0000] {dag.py:3096} INFO - Sync 1 DAGs
[2026-05-09T11:48:31.450+0000] {logging_mixin.py:188} INFO - [2026-05-09T11:48:31.450+0000] {dag.py:3954} INFO - Setting next_dagrun for tutorial_taskflow_api to None, run_after=None
[2026-05-09T11:48:31.467+0000] {processor.py:183} INFO - Processing /home/vscode/.local/lib/python3.11/site-packages/airflow/example_dags/tutorial_taskflow_api.py took 0.050 seconds
[2026-05-09T11:49:10.940+0000] {processor.py:161} INFO - Started process (PID=25453) to work on /home/vscode/.local/lib/python3.11/site-packages/airflow/example_dags/tutorial_taskflow_api.py
[2026-05-09T11:49:10.941+0000] {processor.py:830} INFO - Processing file /home/vscode/.local/lib/python3.11/site-packages/airflow/example_dags/tutorial_taskflow_api.py for tasks to queue
[2026-05-09T11:49:10.941+0000] {logging_mixin.py:188} INFO - [2026-05-09T11:49:10.941+0000] {dagbag.py:545} INFO - Filling up the DagBag from /home/vscode/.local/lib/python3.11/site-packages/airflow/example_dags/tutorial_taskflow_api.py
[2026-05-09T11:49:10.947+0000] {processor.py:840} INFO - DAG(s) 'tutorial_taskflow_api' retrieved from /home/vscode/.local/lib/python3.11/site-packages/airflow/example_dags/tutorial_taskflow_api.py
[2026-05-09T11:49:10.959+0000] {logging_mixin.py:188} INFO - [2026-05-09T11:49:10.959+0000] {dag.py:3096} INFO - Sync 1 DAGs
[2026-05-09T11:49:10.967+0000] {logging_mixin.py:188} INFO - [2026-05-09T11:49:10.967+0000] {dag.py:3954} INFO - Setting next_dagrun for tutorial_taskflow_api to None, run_after=None
[2026-05-09T11:49:10.983+0000] {processor.py:183} INFO - Processing /home/vscode/.local/lib/python3.11/site-packages/airflow/example_dags/tutorial_taskflow_api.py took 0.049 seconds
[2026-05-09T11:49:53.279+0000] {processor.py:161} INFO - Started process (PID=25876) to work on /home/vscode/.local/lib/python3.11/site-packages/airflow/example_dags/tutorial_taskflow_api.py
[2026-05-09T11:49:53.280+0000] {processor.py:830} INFO - Processing file /home/vscode/.local/lib/python3.11/site-packages/airflow/example_dags/tutorial_taskflow_api.py for tasks to queue
[2026-05-09T11:49:53.281+0000] {logging_mixin.py:188} INFO - [2026-05-09T11:49:53.280+0000] {dagbag.py:545} INFO - Filling up the DagBag from /home/vscode/.local/lib/python3.11/site-packages/airflow/example_dags/tutorial_taskflow_api.py
[2026-05-09T11:49:53.285+0000] {processor.py:840} INFO - DAG(s) 'tutorial_taskflow_api' retrieved from /home/vscode/.local/lib/python3.11/site-packages/airflow/example_dags/tutorial_taskflow_api.py
[2026-05-09T11:49:53.296+0000] {logging_mixin.py:188} INFO - [2026-05-09T11:49:53.296+0000] {dag.py:3096} INFO - Sync 1 DAGs
[2026-05-09T11:49:53.304+0000] {logging_mixin.py:188} INFO - [2026-05-09T11:49:53.304+0000] {dag.py:3954} INFO - Setting next_dagrun for tutorial_taskflow_api to None, run_after=None
[2026-05-09T11:49:53.328+0000] {processor.py:183} INFO - Processing /home/vscode/.local/lib/python3.11/site-packages/airflow/example_dags/tutorial_taskflow_api.py took 0.055 seconds
[2026-05-09T11:50:36.081+0000] {processor.py:161} INFO - Started process (PID=26315) to work on /home/vscode/.local/lib/python3.11/site-packages/airflow/example_dags/tutorial_taskflow_api.py
[2026-05-09T11:50:36.082+0000] {processor.py:830} INFO - Processing file /home/vscode/.local/lib/python3.11/site-packages/airflow/example_dags/tutorial_taskflow_api.py for tasks to queue
[2026-05-09T11:50:36.082+0000] {logging_mixin.py:188} INFO - [2026-05-09T11:50:36.082+0000] {dagbag.py:545} INFO - Filling up the DagBag from /home/vscode/.local/lib/python3.11/site-packages/airflow/example_dags/tutorial_taskflow_api.py
[2026-05-09T11:50:36.087+0000] {processor.py:840} INFO - DAG(s) 'tutorial_taskflow_api' retrieved from /home/vscode/.local/lib/python3.11/site-packages/airflow/example_dags/tutorial_taskflow_api.py
[2026-05-09T11:50:36.099+0000] {logging_mixin.py:188} INFO - [2026-05-09T11:50:36.099+0000] {dag.py:3096} INFO - Sync 1 DAGs
[2026-05-09T11:50:36.107+0000] {logging_mixin.py:188} INFO - [2026-05-09T11:50:36.107+0000] {dag.py:3954} INFO - Setting next_dagrun for tutorial_taskflow_api to None, run_after=None
[2026-05-09T11:50:36.122+0000] {processor.py:183} INFO - Processing /home/vscode/.local/lib/python3.11/site-packages/airflow/example_dags/tutorial_taskflow_api.py took 0.048 seconds
[2026-05-09T11:51:18.818+0000] {processor.py:161} INFO - Started process (PID=26819) to work on /home/vscode/.local/lib/python3.11/site-packages/airflow/example_dags/tutorial_taskflow_api.py
[2026-05-09T11:51:18.818+0000] {processor.py:830} INFO - Processing file /home/vscode/.local/lib/python3.11/site-packages/airflow/example_dags/tutorial_taskflow_api.py for tasks to queue
[2026-05-09T11:51:18.819+0000] {logging_mixin.py:188} INFO - [2026-05-09T11:51:18.819+0000] {dagbag.py:545} INFO - Filling up the DagBag from /home/vscode/.local/lib/python3.11/site-packages/airflow/example_dags/tutorial_taskflow_api.py
[2026-05-09T11:51:18.823+0000] {processor.py:840} INFO - DAG(s) 'tutorial_taskflow_api' retrieved from /home/vscode/.local/lib/python3.11/site-packages/airflow/example_dags/tutorial_taskflow_api.py
[2026-05-09T11:51:18.834+0000] {logging_mixin.py:188} INFO - [2026-05-09T11:51:18.834+0000] {dag.py:3096} INFO - Sync 1 DAGs
[2026-05-09T11:51:18.842+0000] {logging_mixin.py:188} INFO - [2026-05-09T11:51:18.842+0000] {dag.py:3954} INFO - Setting next_dagrun for tutorial_taskflow_api to None, run_after=None
[2026-05-09T11:51:18.858+0000] {processor.py:183} INFO - Processing /home/vscode/.local/lib/python3.11/site-packages/airflow/example_dags/tutorial_taskflow_api.py took 0.046 seconds
[2026-05-09T11:52:01.570+0000] {processor.py:161} INFO - Started process (PID=27247) to work on /home/vscode/.local/lib/python3.11/site-packages/airflow/example_dags/tutorial_taskflow_api.py
[2026-05-09T11:52:01.571+0000] {processor.py:830} INFO - Processing file /home/vscode/.local/lib/python3.11/site-packages/airflow/example_dags/tutorial_taskflow_api.py for tasks to queue
[2026-05-09T11:52:01.571+0000] {logging_mixin.py:188} INFO - [2026-05-09T11:52:01.571+0000] {dagbag.py:545} INFO - Filling up the DagBag from /home/vscode/.local/lib/python3.11/site-packages/airflow/example_dags/tutorial_taskflow_api.py
[2026-05-09T11:52:01.575+0000] {processor.py:840} INFO - DAG(s) 'tutorial_taskflow_api' retrieved from /home/vscode/.local/lib/python3.11/site-packages/airflow/example_dags/tutorial_taskflow_api.py
[2026-05-09T11:52:01.586+0000] {logging_mixin.py:188} INFO - [2026-05-09T11:52:01.586+0000] {dag.py:3096} INFO - Sync 1 DAGs
[2026-05-09T11:52:01.595+0000] {logging_mixin.py:188} INFO - [2026-05-09T11:52:01.595+0000] {dag.py:3954} INFO - Setting next_dagrun for tutorial_taskflow_api to None, run_after=None
[2026-05-09T11:52:01.613+0000] {processor.py:183} INFO - Processing /home/vscode/.local/lib/python3.11/site-packages/airflow/example_dags/tutorial_taskflow_api.py took 0.049 seconds
[2026-05-09T11:52:42.097+0000] {processor.py:161} INFO - Started process (PID=27623) to work on /home/vscode/.local/lib/python3.11/site-packages/airflow/example_dags/tutorial_taskflow_api.py
[2026-05-09T11:52:42.098+0000] {processor.py:830} INFO - Processing file /home/vscode/.local/lib/python3.11/site-packages/airflow/example_dags/tutorial_taskflow_api.py for tasks to queue
[2026-05-09T11:52:42.098+0000] {logging_mixin.py:188} INFO - [2026-05-09T11:52:42.098+0000] {dagbag.py:545} INFO - Filling up the DagBag from /home/vscode/.local/lib/python3.11/site-packages/airflow/example_dags/tutorial_taskflow_api.py
[2026-05-09T11:52:42.103+0000] {processor.py:840} INFO - DAG(s) 'tutorial_taskflow_api' retrieved from /home/vscode/.local/lib/python3.11/site-packages/airflow/example_dags/tutorial_taskflow_api.py
[2026-05-09T11:52:42.114+0000] {logging_mixin.py:188} INFO - [2026-05-09T11:52:42.114+0000] {dag.py:3096} INFO - Sync 1 DAGs
[2026-05-09T11:52:42.122+0000] {logging_mixin.py:188} INFO - [2026-05-09T11:52:42.122+0000] {dag.py:3954} INFO - Setting next_dagrun for tutorial_taskflow_api to None, run_after=None
[2026-05-09T11:52:42.140+0000] {processor.py:183} INFO - Processing /home/vscode/.local/lib/python3.11/site-packages/airflow/example_dags/tutorial_taskflow_api.py took 0.049 seconds
[2026-05-09T11:53:20.241+0000] {processor.py:161} INFO - Started process (PID=27902) to work on /home/vscode/.local/lib/python3.11/site-packages/airflow/example_dags/tutorial_taskflow_api.py
[2026-05-09T11:53:20.242+0000] {processor.py:830} INFO - Processing file /home/vscode/.local/lib/python3.11/site-packages/airflow/example_dags/tutorial_taskflow_api.py for tasks to queue
[2026-05-09T11:53:20.242+0000] {logging_mixin.py:188} INFO - [2026-05-09T11:53:20.242+0000] {dagbag.py:545} INFO - Filling up the DagBag from /home/vscode/.local/lib/python3.11/site-packages/airflow/example_dags/tutorial_taskflow_api.py
[2026-05-09T11:53:20.247+0000] {processor.py:840} INFO - DAG(s) 'tutorial_taskflow_api' retrieved from /home/vscode/.local/lib/python3.11/site-packages/airflow/example_dags/tutorial_taskflow_api.py
[2026-05-09T11:53:20.258+0000] {logging_mixin.py:188} INFO - [2026-05-09T11:53:20.258+0000] {dag.py:3096} INFO - Sync 1 DAGs
[2026-05-09T11:53:20.266+0000] {logging_mixin.py:188} INFO - [2026-05-09T11:53:20.266+0000] {dag.py:3954} INFO - Setting next_dagrun for tutorial_taskflow_api to None, run_after=None
[2026-05-09T11:53:20.282+0000] {processor.py:183} INFO - Processing /home/vscode/.local/lib/python3.11/site-packages/airflow/example_dags/tutorial_taskflow_api.py took 0.047 seconds
[2026-05-09T11:54:00.778+0000] {processor.py:161} INFO - Started process (PID=28312) to work on /home/vscode/.local/lib/python3.11/site-packages/airflow/example_dags/tutorial_taskflow_api.py
[2026-05-09T11:54:00.778+0000] {processor.py:830} INFO - Processing file /home/vscode/.local/lib/python3.11/site-packages/airflow/example_dags/tutorial_taskflow_api.py for tasks to queue
[2026-05-09T11:54:00.779+0000] {logging_mixin.py:188} INFO - [2026-05-09T11:54:00.779+0000] {dagbag.py:545} INFO - Filling up the DagBag from /home/vscode/.local/lib/python3.11/site-packages/airflow/example_dags/tutorial_taskflow_api.py
[2026-05-09T11:54:00.783+0000] {processor.py:840} INFO - DAG(s) 'tutorial_taskflow_api' retrieved from /home/vscode/.local/lib/python3.11/site-packages/airflow/example_dags/tutorial_taskflow_api.py
[2026-05-09T11:54:00.795+0000] {logging_mixin.py:188} INFO - [2026-05-09T11:54:00.795+0000] {dag.py:3096} INFO - Sync 1 DAGs
[2026-05-09T11:54:00.803+0000] {logging_mixin.py:188} INFO - [2026-05-09T11:54:00.803+0000] {dag.py:3954} INFO - Setting next_dagrun for tutorial_taskflow_api to None, run_after=None
[2026-05-09T11:54:00.818+0000] {processor.py:183} INFO - Processing /home/vscode/.local/lib/python3.11/site-packages/airflow/example_dags/tutorial_taskflow_api.py took 0.047 seconds
[2026-05-09T11:54:43.134+0000] {processor.py:161} INFO - Started process (PID=28669) to work on /home/vscode/.local/lib/python3.11/site-packages/airflow/example_dags/tutorial_taskflow_api.py
[2026-05-09T11:54:43.134+0000] {processor.py:830} INFO - Processing file /home/vscode/.local/lib/python3.11/site-packages/airflow/example_dags/tutorial_taskflow_api.py for tasks to queue
[2026-05-09T11:54:43.135+0000] {logging_mixin.py:188} INFO - [2026-05-09T11:54:43.135+0000] {dagbag.py:545} INFO - Filling up the DagBag from /home/vscode/.local/lib/python3.11/site-packages/airflow/example_dags/tutorial_taskflow_api.py
[2026-05-09T11:54:43.139+0000] {processor.py:840} INFO - DAG(s) 'tutorial_taskflow_api' retrieved from /home/vscode/.local/lib/python3.11/site-packages/airflow/example_dags/tutorial_taskflow_api.py
[2026-05-09T11:54:43.150+0000] {logging_mixin.py:188} INFO - [2026-05-09T11:54:43.150+0000] {dag.py:3096} INFO - Sync 1 DAGs
[2026-05-09T11:54:43.158+0000] {logging_mixin.py:188} INFO - [2026-05-09T11:54:43.158+0000] {dag.py:3954} INFO - Setting next_dagrun for tutorial_taskflow_api to None, run_after=None
[2026-05-09T11:54:43.174+0000] {processor.py:183} INFO - Processing /home/vscode/.local/lib/python3.11/site-packages/airflow/example_dags/tutorial_taskflow_api.py took 0.046 seconds
[2026-05-09T11:55:24.277+0000] {processor.py:161} INFO - Started process (PID=28963) to work on /home/vscode/.local/lib/python3.11/site-packages/airflow/example_dags/tutorial_taskflow_api.py
[2026-05-09T11:55:24.278+0000] {processor.py:830} INFO - Processing file /home/vscode/.local/lib/python3.11/site-packages/airflow/example_dags/tutorial_taskflow_api.py for tasks to queue
[2026-05-09T11:55:24.278+0000] {logging_mixin.py:188} INFO - [2026-05-09T11:55:24.278+0000] {dagbag.py:545} INFO - Filling up the DagBag from /home/vscode/.local/lib/python3.11/site-packages/airflow/example_dags/tutorial_taskflow_api.py
[2026-05-09T11:55:24.283+0000] {processor.py:840} INFO - DAG(s) 'tutorial_taskflow_api' retrieved from /home/vscode/.local/lib/python3.11/site-packages/airflow/example_dags/tutorial_taskflow_api.py
[2026-05-09T11:55:24.294+0000] {logging_mixin.py:188} INFO - [2026-05-09T11:55:24.293+0000] {dag.py:3096} INFO - Sync 1 DAGs
[2026-05-09T11:55:24.302+0000] {logging_mixin.py:188} INFO - [2026-05-09T11:55:24.302+0000] {dag.py:3954} INFO - Setting next_dagrun for tutorial_taskflow_api to None, run_after=None
[2026-05-09T11:55:24.318+0000] {processor.py:183} INFO - Processing /home/vscode/.local/lib/python3.11/site-packages/airflow/example_dags/tutorial_taskflow_api.py took 0.047 seconds
[2026-05-09T11:56:05.406+0000] {processor.py:161} INFO - Started process (PID=29313) to work on /home/vscode/.local/lib/python3.11/site-packages/airflow/example_dags/tutorial_taskflow_api.py
[2026-05-09T11:56:05.406+0000] {processor.py:830} INFO - Processing file /home/vscode/.local/lib/python3.11/site-packages/airflow/example_dags/tutorial_taskflow_api.py for tasks to queue
[2026-05-09T11:56:05.407+0000] {logging_mixin.py:188} INFO - [2026-05-09T11:56:05.406+0000] {dagbag.py:545} INFO - Filling up the DagBag from /home/vscode/.local/lib/python3.11/site-packages/airflow/example_dags/tutorial_taskflow_api.py
[2026-05-09T11:56:05.411+0000] {processor.py:840} INFO - DAG(s) 'tutorial_taskflow_api' retrieved from /home/vscode/.local/lib/python3.11/site-packages/airflow/example_dags/tutorial_taskflow_api.py
[2026-05-09T11:56:05.423+0000] {logging_mixin.py:188} INFO - [2026-05-09T11:56:05.423+0000] {dag.py:3096} INFO - Sync 1 DAGs
[2026-05-09T11:56:05.432+0000] {logging_mixin.py:188} INFO - [2026-05-09T11:56:05.432+0000] {dag.py:3954} INFO - Setting next_dagrun for tutorial_taskflow_api to None, run_after=None
[2026-05-09T11:56:05.449+0000] {processor.py:183} INFO - Processing /home/vscode/.local/lib/python3.11/site-packages/airflow/example_dags/tutorial_taskflow_api.py took 0.050 seconds
[2026-05-09T11:56:46.547+0000] {processor.py:161} INFO - Started process (PID=29665) to work on /home/vscode/.local/lib/python3.11/site-packages/airflow/example_dags/tutorial_taskflow_api.py
[2026-05-09T11:56:46.548+0000] {processor.py:830} INFO - Processing file /home/vscode/.local/lib/python3.11/site-packages/airflow/example_dags/tutorial_taskflow_api.py for tasks to queue
[2026-05-09T11:56:46.549+0000] {logging_mixin.py:188} INFO - [2026-05-09T11:56:46.548+0000] {dagbag.py:545} INFO - Filling up the DagBag from /home/vscode/.local/lib/python3.11/site-packages/airflow/example_dags/tutorial_taskflow_api.py
[2026-05-09T11:56:46.554+0000] {processor.py:840} INFO - DAG(s) 'tutorial_taskflow_api' retrieved from /home/vscode/.local/lib/python3.11/site-packages/airflow/example_dags/tutorial_taskflow_api.py
[2026-05-09T11:56:46.570+0000] {logging_mixin.py:188} INFO - [2026-05-09T11:56:46.570+0000] {dag.py:3096} INFO - Sync 1 DAGs
[2026-05-09T11:56:46.581+0000] {logging_mixin.py:188} INFO - [2026-05-09T11:56:46.581+0000] {dag.py:3954} INFO - Setting next_dagrun for tutorial_taskflow_api to None, run_after=None
[2026-05-09T11:56:46.600+0000] {processor.py:183} INFO - Processing /home/vscode/.local/lib/python3.11/site-packages/airflow/example_dags/tutorial_taskflow_api.py took 0.061 seconds
[2026-05-09T11:57:26.788+0000] {processor.py:161} INFO - Started process (PID=29954) to work on /home/vscode/.local/lib/python3.11/site-packages/airflow/example_dags/tutorial_taskflow_api.py
[2026-05-09T11:57:26.789+0000] {processor.py:830} INFO - Processing file /home/vscode/.local/lib/python3.11/site-packages/airflow/example_dags/tutorial_taskflow_api.py for tasks to queue
[2026-05-09T11:57:26.790+0000] {logging_mixin.py:188} INFO - [2026-05-09T11:57:26.789+0000] {dagbag.py:545} INFO - Filling up the DagBag from /home/vscode/.local/lib/python3.11/site-packages/airflow/example_dags/tutorial_taskflow_api.py
[2026-05-09T11:57:26.797+0000] {processor.py:840} INFO - DAG(s) 'tutorial_taskflow_api' retrieved from /home/vscode/.local/lib/python3.11/site-packages/airflow/example_dags/tutorial_taskflow_api.py
[2026-05-09T11:57:26.811+0000] {logging_mixin.py:188} INFO - [2026-05-09T11:57:26.811+0000] {dag.py:3096} INFO - Sync 1 DAGs
[2026-05-09T11:57:26.819+0000] {logging_mixin.py:188} INFO - [2026-05-09T11:57:26.819+0000] {dag.py:3954} INFO - Setting next_dagrun for tutorial_taskflow_api to None, run_after=None
[2026-05-09T11:57:26.835+0000] {processor.py:183} INFO - Processing /home/vscode/.local/lib/python3.11/site-packages/airflow/example_dags/tutorial_taskflow_api.py took 0.058 seconds
[2026-05-09T11:58:10.202+0000] {processor.py:161} INFO - Started process (PID=30316) to work on /home/vscode/.local/lib/python3.11/site-packages/airflow/example_dags/tutorial_taskflow_api.py
[2026-05-09T11:58:10.202+0000] {processor.py:830} INFO - Processing file /home/vscode/.local/lib/python3.11/site-packages/airflow/example_dags/tutorial_taskflow_api.py for tasks to queue
[2026-05-09T11:58:10.203+0000] {logging_mixin.py:188} INFO - [2026-05-09T11:58:10.203+0000] {dagbag.py:545} INFO - Filling up the DagBag from /home/vscode/.local/lib/python3.11/site-packages/airflow/example_dags/tutorial_taskflow_api.py
[2026-05-09T11:58:10.207+0000] {processor.py:840} INFO - DAG(s) 'tutorial_taskflow_api' retrieved from /home/vscode/.local/lib/python3.11/site-packages/airflow/example_dags/tutorial_taskflow_api.py
[2026-05-09T11:58:10.222+0000] {logging_mixin.py:188} INFO - [2026-05-09T11:58:10.221+0000] {dag.py:3096} INFO - Sync 1 DAGs
[2026-05-09T11:58:10.233+0000] {logging_mixin.py:188} INFO - [2026-05-09T11:58:10.233+0000] {dag.py:3954} INFO - Setting next_dagrun for tutorial_taskflow_api to None, run_after=None
[2026-05-09T11:58:10.248+0000] {processor.py:183} INFO - Processing /home/vscode/.local/lib/python3.11/site-packages/airflow/example_dags/tutorial_taskflow_api.py took 0.053 seconds
[2026-05-09T11:58:53.986+0000] {processor.py:161} INFO - Started process (PID=30682) to work on /home/vscode/.local/lib/python3.11/site-packages/airflow/example_dags/tutorial_taskflow_api.py
[2026-05-09T11:58:53.986+0000] {processor.py:830} INFO - Processing file /home/vscode/.local/lib/python3.11/site-packages/airflow/example_dags/tutorial_taskflow_api.py for tasks to queue
[2026-05-09T11:58:53.987+0000] {logging_mixin.py:188} INFO - [2026-05-09T11:58:53.987+0000] {dagbag.py:545} INFO - Filling up the DagBag from /home/vscode/.local/lib/python3.11/site-packages/airflow/example_dags/tutorial_taskflow_api.py
[2026-05-09T11:58:53.991+0000] {processor.py:840} INFO - DAG(s) 'tutorial_taskflow_api' retrieved from /home/vscode/.local/lib/python3.11/site-packages/airflow/example_dags/tutorial_taskflow_api.py
[2026-05-09T11:58:54.002+0000] {logging_mixin.py:188} INFO - [2026-05-09T11:58:54.002+0000] {dag.py:3096} INFO - Sync 1 DAGs
[2026-05-09T11:58:54.010+0000] {logging_mixin.py:188} INFO - [2026-05-09T11:58:54.010+0000] {dag.py:3954} INFO - Setting next_dagrun for tutorial_taskflow_api to None, run_after=None
[2026-05-09T11:58:54.026+0000] {processor.py:183} INFO - Processing /home/vscode/.local/lib/python3.11/site-packages/airflow/example_dags/tutorial_taskflow_api.py took 0.047 seconds
[2026-05-09T11:59:35.295+0000] {processor.py:161} INFO - Started process (PID=31039) to work on /home/vscode/.local/lib/python3.11/site-packages/airflow/example_dags/tutorial_taskflow_api.py
[2026-05-09T11:59:35.296+0000] {processor.py:830} INFO - Processing file /home/vscode/.local/lib/python3.11/site-packages/airflow/example_dags/tutorial_taskflow_api.py for tasks to queue
[2026-05-09T11:59:35.296+0000] {logging_mixin.py:188} INFO - [2026-05-09T11:59:35.296+0000] {dagbag.py:545} INFO - Filling up the DagBag from /home/vscode/.local/lib/python3.11/site-packages/airflow/example_dags/tutorial_taskflow_api.py
[2026-05-09T11:59:35.301+0000] {processor.py:840} INFO - DAG(s) 'tutorial_taskflow_api' retrieved from /home/vscode/.local/lib/python3.11/site-packages/airflow/example_dags/tutorial_taskflow_api.py
[2026-05-09T11:59:35.312+0000] {logging_mixin.py:188} INFO - [2026-05-09T11:59:35.312+0000] {dag.py:3096} INFO - Sync 1 DAGs
[2026-05-09T11:59:35.320+0000] {logging_mixin.py:188} INFO - [2026-05-09T11:59:35.320+0000] {dag.py:3954} INFO - Setting next_dagrun for tutorial_taskflow_api to None, run_after=None
[2026-05-09T11:59:35.336+0000] {processor.py:183} INFO - Processing /home/vscode/.local/lib/python3.11/site-packages/airflow/example_dags/tutorial_taskflow_api.py took 0.047 seconds
[2026-05-09T12:00:16.546+0000] {processor.py:161} INFO - Started process (PID=31330) to work on /home/vscode/.local/lib/python3.11/site-packages/airflow/example_dags/tutorial_taskflow_api.py
[2026-05-09T12:00:16.546+0000] {processor.py:830} INFO - Processing file /home/vscode/.local/lib/python3.11/site-packages/airflow/example_dags/tutorial_taskflow_api.py for tasks to queue
[2026-05-09T12:00:16.547+0000] {logging_mixin.py:188} INFO - [2026-05-09T12:00:16.546+0000] {dagbag.py:545} INFO - Filling up the DagBag from /home/vscode/.local/lib/python3.11/site-packages/airflow/example_dags/tutorial_taskflow_api.py
[2026-05-09T12:00:16.551+0000] {processor.py:840} INFO - DAG(s) 'tutorial_taskflow_api' retrieved from /home/vscode/.local/lib/python3.11/site-packages/airflow/example_dags/tutorial_taskflow_api.py
[2026-05-09T12:00:16.563+0000] {logging_mixin.py:188} INFO - [2026-05-09T12:00:16.563+0000] {dag.py:3096} INFO - Sync 1 DAGs
[2026-05-09T12:00:16.571+0000] {logging_mixin.py:188} INFO - [2026-05-09T12:00:16.571+0000] {dag.py:3954} INFO - Setting next_dagrun for tutorial_taskflow_api to None, run_after=None
[2026-05-09T12:00:16.587+0000] {processor.py:183} INFO - Processing /home/vscode/.local/lib/python3.11/site-packages/airflow/example_dags/tutorial_taskflow_api.py took 0.048 seconds
[2026-05-09T12:00:57.205+0000] {processor.py:161} INFO - Started process (PID=31679) to work on /home/vscode/.local/lib/python3.11/site-packages/airflow/example_dags/tutorial_taskflow_api.py
[2026-05-09T12:00:57.206+0000] {processor.py:830} INFO - Processing file /home/vscode/.local/lib/python3.11/site-packages/airflow/example_dags/tutorial_taskflow_api.py for tasks to queue
[2026-05-09T12:00:57.206+0000] {logging_mixin.py:188} INFO - [2026-05-09T12:00:57.206+0000] {dagbag.py:545} INFO - Filling up the DagBag from /home/vscode/.local/lib/python3.11/site-packages/airflow/example_dags/tutorial_taskflow_api.py
[2026-05-09T12:00:57.211+0000] {processor.py:840} INFO - DAG(s) 'tutorial_taskflow_api' retrieved from /home/vscode/.local/lib/python3.11/site-packages/airflow/example_dags/tutorial_taskflow_api.py
[2026-05-09T12:00:57.222+0000] {logging_mixin.py:188} INFO - [2026-05-09T12:00:57.222+0000] {dag.py:3096} INFO - Sync 1 DAGs
[2026-05-09T12:00:57.230+0000] {logging_mixin.py:188} INFO - [2026-05-09T12:00:57.230+0000] {dag.py:3954} INFO - Setting next_dagrun for tutorial_taskflow_api to None, run_after=None
[2026-05-09T12:00:57.245+0000] {processor.py:183} INFO - Processing /home/vscode/.local/lib/python3.11/site-packages/airflow/example_dags/tutorial_taskflow_api.py took 0.046 seconds
[2026-05-09T12:01:41.457+0000] {processor.py:161} INFO - Started process (PID=32051) to work on /home/vscode/.local/lib/python3.11/site-packages/airflow/example_dags/tutorial_taskflow_api.py
[2026-05-09T12:01:41.457+0000] {processor.py:830} INFO - Processing file /home/vscode/.local/lib/python3.11/site-packages/airflow/example_dags/tutorial_taskflow_api.py for tasks to queue
[2026-05-09T12:01:41.458+0000] {logging_mixin.py:188} INFO - [2026-05-09T12:01:41.457+0000] {dagbag.py:545} INFO - Filling up the DagBag from /home/vscode/.local/lib/python3.11/site-packages/airflow/example_dags/tutorial_taskflow_api.py
[2026-05-09T12:01:41.462+0000] {processor.py:840} INFO - DAG(s) 'tutorial_taskflow_api' retrieved from /home/vscode/.local/lib/python3.11/site-packages/airflow/example_dags/tutorial_taskflow_api.py
[2026-05-09T12:01:41.473+0000] {logging_mixin.py:188} INFO - [2026-05-09T12:01:41.473+0000] {dag.py:3096} INFO - Sync 1 DAGs
[2026-05-09T12:01:41.481+0000] {logging_mixin.py:188} INFO - [2026-05-09T12:01:41.481+0000] {dag.py:3954} INFO - Setting next_dagrun for tutorial_taskflow_api to None, run_after=None
[2026-05-09T12:01:41.497+0000] {processor.py:183} INFO - Processing /home/vscode/.local/lib/python3.11/site-packages/airflow/example_dags/tutorial_taskflow_api.py took 0.046 seconds
[2026-05-09T12:02:23.698+0000] {processor.py:161} INFO - Started process (PID=32354) to work on /home/vscode/.local/lib/python3.11/site-packages/airflow/example_dags/tutorial_taskflow_api.py
[2026-05-09T12:02:23.698+0000] {processor.py:830} INFO - Processing file /home/vscode/.local/lib/python3.11/site-packages/airflow/example_dags/tutorial_taskflow_api.py for tasks to queue
[2026-05-09T12:02:23.699+0000] {logging_mixin.py:188} INFO - [2026-05-09T12:02:23.698+0000] {dagbag.py:545} INFO - Filling up the DagBag from /home/vscode/.local/lib/python3.11/site-packages/airflow/example_dags/tutorial_taskflow_api.py
[2026-05-09T12:02:23.703+0000] {processor.py:840} INFO - DAG(s) 'tutorial_taskflow_api' retrieved from /home/vscode/.local/lib/python3.11/site-packages/airflow/example_dags/tutorial_taskflow_api.py
[2026-05-09T12:02:23.714+0000] {logging_mixin.py:188} INFO - [2026-05-09T12:02:23.714+0000] {dag.py:3096} INFO - Sync 1 DAGs
[2026-05-09T12:02:23.722+0000] {logging_mixin.py:188} INFO - [2026-05-09T12:02:23.722+0000] {dag.py:3954} INFO - Setting next_dagrun for tutorial_taskflow_api to None, run_after=None
[2026-05-09T12:02:23.737+0000] {processor.py:183} INFO - Processing /home/vscode/.local/lib/python3.11/site-packages/airflow/example_dags/tutorial_taskflow_api.py took 0.046 seconds
[2026-05-09T12:03:05.840+0000] {processor.py:161} INFO - Started process (PID=32706) to work on /home/vscode/.local/lib/python3.11/site-packages/airflow/example_dags/tutorial_taskflow_api.py
[2026-05-09T12:03:05.840+0000] {processor.py:830} INFO - Processing file /home/vscode/.local/lib/python3.11/site-packages/airflow/example_dags/tutorial_taskflow_api.py for tasks to queue
[2026-05-09T12:03:05.841+0000] {logging_mixin.py:188} INFO - [2026-05-09T12:03:05.841+0000] {dagbag.py:545} INFO - Filling up the DagBag from /home/vscode/.local/lib/python3.11/site-packages/airflow/example_dags/tutorial_taskflow_api.py
[2026-05-09T12:03:05.845+0000] {processor.py:840} INFO - DAG(s) 'tutorial_taskflow_api' retrieved from /home/vscode/.local/lib/python3.11/site-packages/airflow/example_dags/tutorial_taskflow_api.py
[2026-05-09T12:03:05.857+0000] {logging_mixin.py:188} INFO - [2026-05-09T12:03:05.856+0000] {dag.py:3096} INFO - Sync 1 DAGs
[2026-05-09T12:03:05.865+0000] {logging_mixin.py:188} INFO - [2026-05-09T12:03:05.864+0000] {dag.py:3954} INFO - Setting next_dagrun for tutorial_taskflow_api to None, run_after=None
[2026-05-09T12:03:05.880+0000] {processor.py:183} INFO - Processing /home/vscode/.local/lib/python3.11/site-packages/airflow/example_dags/tutorial_taskflow_api.py took 0.047 seconds
[2026-05-09T12:03:46.967+0000] {processor.py:161} INFO - Started process (PID=33122) to work on /home/vscode/.local/lib/python3.11/site-packages/airflow/example_dags/tutorial_taskflow_api.py
[2026-05-09T12:03:46.968+0000] {processor.py:830} INFO - Processing file /home/vscode/.local/lib/python3.11/site-packages/airflow/example_dags/tutorial_taskflow_api.py for tasks to queue
[2026-05-09T12:03:46.968+0000] {logging_mixin.py:188} INFO - [2026-05-09T12:03:46.968+0000] {dagbag.py:545} INFO - Filling up the DagBag from /home/vscode/.local/lib/python3.11/site-packages/airflow/example_dags/tutorial_taskflow_api.py
[2026-05-09T12:03:46.973+0000] {processor.py:840} INFO - DAG(s) 'tutorial_taskflow_api' retrieved from /home/vscode/.local/lib/python3.11/site-packages/airflow/example_dags/tutorial_taskflow_api.py
[2026-05-09T12:03:46.984+0000] {logging_mixin.py:188} INFO - [2026-05-09T12:03:46.984+0000] {dag.py:3096} INFO - Sync 1 DAGs
[2026-05-09T12:03:46.992+0000] {logging_mixin.py:188} INFO - [2026-05-09T12:03:46.992+0000] {dag.py:3954} INFO - Setting next_dagrun for tutorial_taskflow_api to None, run_after=None
[2026-05-09T12:03:47.012+0000] {processor.py:183} INFO - Processing /home/vscode/.local/lib/python3.11/site-packages/airflow/example_dags/tutorial_taskflow_api.py took 0.051 seconds
[2026-05-09T12:04:28.911+0000] {processor.py:161} INFO - Started process (PID=33420) to work on /home/vscode/.local/lib/python3.11/site-packages/airflow/example_dags/tutorial_taskflow_api.py
[2026-05-09T12:04:28.911+0000] {processor.py:830} INFO - Processing file /home/vscode/.local/lib/python3.11/site-packages/airflow/example_dags/tutorial_taskflow_api.py for tasks to queue
[2026-05-09T12:04:28.912+0000] {logging_mixin.py:188} INFO - [2026-05-09T12:04:28.911+0000] {dagbag.py:545} INFO - Filling up the DagBag from /home/vscode/.local/lib/python3.11/site-packages/airflow/example_dags/tutorial_taskflow_api.py
[2026-05-09T12:04:28.916+0000] {processor.py:840} INFO - DAG(s) 'tutorial_taskflow_api' retrieved from /home/vscode/.local/lib/python3.11/site-packages/airflow/example_dags/tutorial_taskflow_api.py
[2026-05-09T12:04:28.930+0000] {logging_mixin.py:188} INFO - [2026-05-09T12:04:28.930+0000] {dag.py:3096} INFO - Sync 1 DAGs
[2026-05-09T12:04:28.941+0000] {logging_mixin.py:188} INFO - [2026-05-09T12:04:28.941+0000] {dag.py:3954} INFO - Setting next_dagrun for tutorial_taskflow_api to None, run_after=None
[2026-05-09T12:04:28.959+0000] {processor.py:183} INFO - Processing /home/vscode/.local/lib/python3.11/site-packages/airflow/example_dags/tutorial_taskflow_api.py took 0.055 seconds
[2026-05-09T12:05:10.373+0000] {processor.py:161} INFO - Started process (PID=33765) to work on /home/vscode/.local/lib/python3.11/site-packages/airflow/example_dags/tutorial_taskflow_api.py
[2026-05-09T12:05:10.374+0000] {processor.py:830} INFO - Processing file /home/vscode/.local/lib/python3.11/site-packages/airflow/example_dags/tutorial_taskflow_api.py for tasks to queue
[2026-05-09T12:05:10.374+0000] {logging_mixin.py:188} INFO - [2026-05-09T12:05:10.374+0000] {dagbag.py:545} INFO - Filling up the DagBag from /home/vscode/.local/lib/python3.11/site-packages/airflow/example_dags/tutorial_taskflow_api.py
[2026-05-09T12:05:10.380+0000] {processor.py:840} INFO - DAG(s) 'tutorial_taskflow_api' retrieved from /home/vscode/.local/lib/python3.11/site-packages/airflow/example_dags/tutorial_taskflow_api.py
[2026-05-09T12:05:10.392+0000] {logging_mixin.py:188} INFO - [2026-05-09T12:05:10.392+0000] {dag.py:3096} INFO - Sync 1 DAGs
[2026-05-09T12:05:10.401+0000] {logging_mixin.py:188} INFO - [2026-05-09T12:05:10.400+0000] {dag.py:3954} INFO - Setting next_dagrun for tutorial_taskflow_api to None, run_after=None
[2026-05-09T12:05:10.418+0000] {processor.py:183} INFO - Processing /home/vscode/.local/lib/python3.11/site-packages/airflow/example_dags/tutorial_taskflow_api.py took 0.052 seconds
[2026-05-09T12:05:52.008+0000] {processor.py:161} INFO - Started process (PID=34129) to work on /home/vscode/.local/lib/python3.11/site-packages/airflow/example_dags/tutorial_taskflow_api.py
[2026-05-09T12:05:52.008+0000] {processor.py:830} INFO - Processing file /home/vscode/.local/lib/python3.11/site-packages/airflow/example_dags/tutorial_taskflow_api.py for tasks to queue
[2026-05-09T12:05:52.009+0000] {logging_mixin.py:188} INFO - [2026-05-09T12:05:52.009+0000] {dagbag.py:545} INFO - Filling up the DagBag from /home/vscode/.local/lib/python3.11/site-packages/airflow/example_dags/tutorial_taskflow_api.py
[2026-05-09T12:05:52.013+0000] {processor.py:840} INFO - DAG(s) 'tutorial_taskflow_api' retrieved from /home/vscode/.local/lib/python3.11/site-packages/airflow/example_dags/tutorial_taskflow_api.py
[2026-05-09T12:05:52.026+0000] {logging_mixin.py:188} INFO - [2026-05-09T12:05:52.026+0000] {dag.py:3096} INFO - Sync 1 DAGs
[2026-05-09T12:05:52.037+0000] {logging_mixin.py:188} INFO - [2026-05-09T12:05:52.037+0000] {dag.py:3954} INFO - Setting next_dagrun for tutorial_taskflow_api to None, run_after=None
[2026-05-09T12:05:52.055+0000] {processor.py:183} INFO - Processing /home/vscode/.local/lib/python3.11/site-packages/airflow/example_dags/tutorial_taskflow_api.py took 0.054 seconds
[2026-05-09T12:06:35.867+0000] {processor.py:161} INFO - Started process (PID=34496) to work on /home/vscode/.local/lib/python3.11/site-packages/airflow/example_dags/tutorial_taskflow_api.py
[2026-05-09T12:06:35.868+0000] {processor.py:830} INFO - Processing file /home/vscode/.local/lib/python3.11/site-packages/airflow/example_dags/tutorial_taskflow_api.py for tasks to queue
[2026-05-09T12:06:35.868+0000] {logging_mixin.py:188} INFO - [2026-05-09T12:06:35.868+0000] {dagbag.py:545} INFO - Filling up the DagBag from /home/vscode/.local/lib/python3.11/site-packages/airflow/example_dags/tutorial_taskflow_api.py
[2026-05-09T12:06:35.873+0000] {processor.py:840} INFO - DAG(s) 'tutorial_taskflow_api' retrieved from /home/vscode/.local/lib/python3.11/site-packages/airflow/example_dags/tutorial_taskflow_api.py
[2026-05-09T12:06:35.885+0000] {logging_mixin.py:188} INFO - [2026-05-09T12:06:35.885+0000] {dag.py:3096} INFO - Sync 1 DAGs
[2026-05-09T12:06:35.896+0000] {logging_mixin.py:188} INFO - [2026-05-09T12:06:35.896+0000] {dag.py:3954} INFO - Setting next_dagrun for tutorial_taskflow_api to None, run_after=None
[2026-05-09T12:06:35.913+0000] {processor.py:183} INFO - Processing /home/vscode/.local/lib/python3.11/site-packages/airflow/example_dags/tutorial_taskflow_api.py took 0.052 seconds
[2026-05-09T12:07:20.770+0000] {processor.py:161} INFO - Started process (PID=34798) to work on /home/vscode/.local/lib/python3.11/site-packages/airflow/example_dags/tutorial_taskflow_api.py
[2026-05-09T12:07:20.771+0000] {processor.py:830} INFO - Processing file /home/vscode/.local/lib/python3.11/site-packages/airflow/example_dags/tutorial_taskflow_api.py for tasks to queue
[2026-05-09T12:07:20.771+0000] {logging_mixin.py:188} INFO - [2026-05-09T12:07:20.771+0000] {dagbag.py:545} INFO - Filling up the DagBag from /home/vscode/.local/lib/python3.11/site-packages/airflow/example_dags/tutorial_taskflow_api.py
[2026-05-09T12:07:20.776+0000] {processor.py:840} INFO - DAG(s) 'tutorial_taskflow_api' retrieved from /home/vscode/.local/lib/python3.11/site-packages/airflow/example_dags/tutorial_taskflow_api.py
[2026-05-09T12:07:20.788+0000] {logging_mixin.py:188} INFO - [2026-05-09T12:07:20.788+0000] {dag.py:3096} INFO - Sync 1 DAGs
[2026-05-09T12:07:20.802+0000] {logging_mixin.py:188} INFO - [2026-05-09T12:07:20.802+0000] {dag.py:3954} INFO - Setting next_dagrun for tutorial_taskflow_api to None, run_after=None
[2026-05-09T12:07:20.861+0000] {processor.py:183} INFO - Processing /home/vscode/.local/lib/python3.11/site-packages/airflow/example_dags/tutorial_taskflow_api.py took 0.098 seconds
[2026-05-09T12:08:00.859+0000] {processor.py:161} INFO - Started process (PID=35153) to work on /home/vscode/.local/lib/python3.11/site-packages/airflow/example_dags/tutorial_taskflow_api.py
[2026-05-09T12:08:00.859+0000] {processor.py:830} INFO - Processing file /home/vscode/.local/lib/python3.11/site-packages/airflow/example_dags/tutorial_taskflow_api.py for tasks to queue
[2026-05-09T12:08:00.860+0000] {logging_mixin.py:188} INFO - [2026-05-09T12:08:00.860+0000] {dagbag.py:545} INFO - Filling up the DagBag from /home/vscode/.local/lib/python3.11/site-packages/airflow/example_dags/tutorial_taskflow_api.py
[2026-05-09T12:08:00.864+0000] {processor.py:840} INFO - DAG(s) 'tutorial_taskflow_api' retrieved from /home/vscode/.local/lib/python3.11/site-packages/airflow/example_dags/tutorial_taskflow_api.py
[2026-05-09T12:08:00.875+0000] {logging_mixin.py:188} INFO - [2026-05-09T12:08:00.875+0000] {dag.py:3096} INFO - Sync 1 DAGs
[2026-05-09T12:08:00.883+0000] {logging_mixin.py:188} INFO - [2026-05-09T12:08:00.883+0000] {dag.py:3954} INFO - Setting next_dagrun for tutorial_taskflow_api to None, run_after=None
[2026-05-09T12:08:00.899+0000] {processor.py:183} INFO - Processing /home/vscode/.local/lib/python3.11/site-packages/airflow/example_dags/tutorial_taskflow_api.py took 0.046 seconds
[2026-05-09T12:08:42.526+0000] {processor.py:161} INFO - Started process (PID=35579) to work on /home/vscode/.local/lib/python3.11/site-packages/airflow/example_dags/tutorial_taskflow_api.py
[2026-05-09T12:08:42.526+0000] {processor.py:830} INFO - Processing file /home/vscode/.local/lib/python3.11/site-packages/airflow/example_dags/tutorial_taskflow_api.py for tasks to queue
[2026-05-09T12:08:42.527+0000] {logging_mixin.py:188} INFO - [2026-05-09T12:08:42.527+0000] {dagbag.py:545} INFO - Filling up the DagBag from /home/vscode/.local/lib/python3.11/site-packages/airflow/example_dags/tutorial_taskflow_api.py
[2026-05-09T12:08:42.533+0000] {processor.py:840} INFO - DAG(s) 'tutorial_taskflow_api' retrieved from /home/vscode/.local/lib/python3.11/site-packages/airflow/example_dags/tutorial_taskflow_api.py
[2026-05-09T12:08:42.547+0000] {logging_mixin.py:188} INFO - [2026-05-09T12:08:42.547+0000] {dag.py:3096} INFO - Sync 1 DAGs
[2026-05-09T12:08:42.557+0000] {logging_mixin.py:188} INFO - [2026-05-09T12:08:42.557+0000] {dag.py:3954} INFO - Setting next_dagrun for tutorial_taskflow_api to None, run_after=None
[2026-05-09T12:08:42.572+0000] {processor.py:183} INFO - Processing /home/vscode/.local/lib/python3.11/site-packages/airflow/example_dags/tutorial_taskflow_api.py took 0.054 seconds
[2026-05-09T12:09:22.916+0000] {processor.py:161} INFO - Started process (PID=35860) to work on /home/vscode/.local/lib/python3.11/site-packages/airflow/example_dags/tutorial_taskflow_api.py
[2026-05-09T12:09:22.917+0000] {processor.py:830} INFO - Processing file /home/vscode/.local/lib/python3.11/site-packages/airflow/example_dags/tutorial_taskflow_api.py for tasks to queue
[2026-05-09T12:09:22.917+0000] {logging_mixin.py:188} INFO - [2026-05-09T12:09:22.917+0000] {dagbag.py:545} INFO - Filling up the DagBag from /home/vscode/.local/lib/python3.11/site-packages/airflow/example_dags/tutorial_taskflow_api.py
[2026-05-09T12:09:22.922+0000] {processor.py:840} INFO - DAG(s) 'tutorial_taskflow_api' retrieved from /home/vscode/.local/lib/python3.11/site-packages/airflow/example_dags/tutorial_taskflow_api.py
[2026-05-09T12:09:22.938+0000] {logging_mixin.py:188} INFO - [2026-05-09T12:09:22.938+0000] {dag.py:3096} INFO - Sync 1 DAGs
[2026-05-09T12:09:22.948+0000] {logging_mixin.py:188} INFO - [2026-05-09T12:09:22.948+0000] {dag.py:3954} INFO - Setting next_dagrun for tutorial_taskflow_api to None, run_after=None
[2026-05-09T12:09:22.965+0000] {processor.py:183} INFO - Processing /home/vscode/.local/lib/python3.11/site-packages/airflow/example_dags/tutorial_taskflow_api.py took 0.055 seconds
[2026-05-09T12:10:00.693+0000] {processor.py:161} INFO - Started process (PID=36192) to work on /home/vscode/.local/lib/python3.11/site-packages/airflow/example_dags/tutorial_taskflow_api.py
[2026-05-09T12:10:00.694+0000] {processor.py:830} INFO - Processing file /home/vscode/.local/lib/python3.11/site-packages/airflow/example_dags/tutorial_taskflow_api.py for tasks to queue
[2026-05-09T12:10:00.694+0000] {logging_mixin.py:188} INFO - [2026-05-09T12:10:00.694+0000] {dagbag.py:545} INFO - Filling up the DagBag from /home/vscode/.local/lib/python3.11/site-packages/airflow/example_dags/tutorial_taskflow_api.py
[2026-05-09T12:10:00.699+0000] {processor.py:840} INFO - DAG(s) 'tutorial_taskflow_api' retrieved from /home/vscode/.local/lib/python3.11/site-packages/airflow/example_dags/tutorial_taskflow_api.py
[2026-05-09T12:10:00.710+0000] {logging_mixin.py:188} INFO - [2026-05-09T12:10:00.710+0000] {dag.py:3096} INFO - Sync 1 DAGs
[2026-05-09T12:10:00.719+0000] {logging_mixin.py:188} INFO - [2026-05-09T12:10:00.718+0000] {dag.py:3954} INFO - Setting next_dagrun for tutorial_taskflow_api to None, run_after=None
[2026-05-09T12:10:00.736+0000] {processor.py:183} INFO - Processing /home/vscode/.local/lib/python3.11/site-packages/airflow/example_dags/tutorial_taskflow_api.py took 0.049 seconds
[2026-05-09T12:10:43.981+0000] {processor.py:161} INFO - Started process (PID=36564) to work on /home/vscode/.local/lib/python3.11/site-packages/airflow/example_dags/tutorial_taskflow_api.py
[2026-05-09T12:10:43.982+0000] {processor.py:830} INFO - Processing file /home/vscode/.local/lib/python3.11/site-packages/airflow/example_dags/tutorial_taskflow_api.py for tasks to queue
[2026-05-09T12:10:43.982+0000] {logging_mixin.py:188} INFO - [2026-05-09T12:10:43.982+0000] {dagbag.py:545} INFO - Filling up the DagBag from /home/vscode/.local/lib/python3.11/site-packages/airflow/example_dags/tutorial_taskflow_api.py
[2026-05-09T12:10:43.987+0000] {processor.py:840} INFO - DAG(s) 'tutorial_taskflow_api' retrieved from /home/vscode/.local/lib/python3.11/site-packages/airflow/example_dags/tutorial_taskflow_api.py
[2026-05-09T12:10:43.998+0000] {logging_mixin.py:188} INFO - [2026-05-09T12:10:43.998+0000] {dag.py:3096} INFO - Sync 1 DAGs
[2026-05-09T12:10:44.007+0000] {logging_mixin.py:188} INFO - [2026-05-09T12:10:44.007+0000] {dag.py:3954} INFO - Setting next_dagrun for tutorial_taskflow_api to None, run_after=None
[2026-05-09T12:10:44.023+0000] {processor.py:183} INFO - Processing /home/vscode/.local/lib/python3.11/site-packages/airflow/example_dags/tutorial_taskflow_api.py took 0.049 seconds
[2026-05-09T12:11:24.085+0000] {processor.py:161} INFO - Started process (PID=36845) to work on /home/vscode/.local/lib/python3.11/site-packages/airflow/example_dags/tutorial_taskflow_api.py
[2026-05-09T12:11:24.086+0000] {processor.py:830} INFO - Processing file /home/vscode/.local/lib/python3.11/site-packages/airflow/example_dags/tutorial_taskflow_api.py for tasks to queue
[2026-05-09T12:11:24.086+0000] {logging_mixin.py:188} INFO - [2026-05-09T12:11:24.086+0000] {dagbag.py:545} INFO - Filling up the DagBag from /home/vscode/.local/lib/python3.11/site-packages/airflow/example_dags/tutorial_taskflow_api.py
[2026-05-09T12:11:24.091+0000] {processor.py:840} INFO - DAG(s) 'tutorial_taskflow_api' retrieved from /home/vscode/.local/lib/python3.11/site-packages/airflow/example_dags/tutorial_taskflow_api.py
[2026-05-09T12:11:24.102+0000] {logging_mixin.py:188} INFO - [2026-05-09T12:11:24.102+0000] {dag.py:3096} INFO - Sync 1 DAGs
[2026-05-09T12:11:24.110+0000] {logging_mixin.py:188} INFO - [2026-05-09T12:11:24.110+0000] {dag.py:3954} INFO - Setting next_dagrun for tutorial_taskflow_api to None, run_after=None
[2026-05-09T12:11:24.127+0000] {processor.py:183} INFO - Processing /home/vscode/.local/lib/python3.11/site-packages/airflow/example_dags/tutorial_taskflow_api.py took 0.048 seconds
[2026-05-09T12:12:04.126+0000] {processor.py:161} INFO - Started process (PID=37192) to work on /home/vscode/.local/lib/python3.11/site-packages/airflow/example_dags/tutorial_taskflow_api.py
[2026-05-09T12:12:04.126+0000] {processor.py:830} INFO - Processing file /home/vscode/.local/lib/python3.11/site-packages/airflow/example_dags/tutorial_taskflow_api.py for tasks to queue
[2026-05-09T12:12:04.127+0000] {logging_mixin.py:188} INFO - [2026-05-09T12:12:04.127+0000] {dagbag.py:545} INFO - Filling up the DagBag from /home/vscode/.local/lib/python3.11/site-packages/airflow/example_dags/tutorial_taskflow_api.py
[2026-05-09T12:12:04.132+0000] {processor.py:840} INFO - DAG(s) 'tutorial_taskflow_api' retrieved from /home/vscode/.local/lib/python3.11/site-packages/airflow/example_dags/tutorial_taskflow_api.py
[2026-05-09T12:12:04.146+0000] {logging_mixin.py:188} INFO - [2026-05-09T12:12:04.146+0000] {dag.py:3096} INFO - Sync 1 DAGs
[2026-05-09T12:12:04.154+0000] {logging_mixin.py:188} INFO - [2026-05-09T12:12:04.154+0000] {dag.py:3954} INFO - Setting next_dagrun for tutorial_taskflow_api to None, run_after=None
[2026-05-09T12:12:04.169+0000] {processor.py:183} INFO - Processing /home/vscode/.local/lib/python3.11/site-packages/airflow/example_dags/tutorial_taskflow_api.py took 0.051 seconds
[2026-05-09T12:12:44.092+0000] {processor.py:161} INFO - Started process (PID=37542) to work on /home/vscode/.local/lib/python3.11/site-packages/airflow/example_dags/tutorial_taskflow_api.py
[2026-05-09T12:12:44.092+0000] {processor.py:830} INFO - Processing file /home/vscode/.local/lib/python3.11/site-packages/airflow/example_dags/tutorial_taskflow_api.py for tasks to queue
[2026-05-09T12:12:44.093+0000] {logging_mixin.py:188} INFO - [2026-05-09T12:12:44.093+0000] {dagbag.py:545} INFO - Filling up the DagBag from /home/vscode/.local/lib/python3.11/site-packages/airflow/example_dags/tutorial_taskflow_api.py
[2026-05-09T12:12:44.098+0000] {processor.py:840} INFO - DAG(s) 'tutorial_taskflow_api' retrieved from /home/vscode/.local/lib/python3.11/site-packages/airflow/example_dags/tutorial_taskflow_api.py
[2026-05-09T12:12:44.110+0000] {logging_mixin.py:188} INFO - [2026-05-09T12:12:44.110+0000] {dag.py:3096} INFO - Sync 1 DAGs
[2026-05-09T12:12:44.118+0000] {logging_mixin.py:188} INFO - [2026-05-09T12:12:44.118+0000] {dag.py:3954} INFO - Setting next_dagrun for tutorial_taskflow_api to None, run_after=None
[2026-05-09T12:12:44.137+0000] {processor.py:183} INFO - Processing /home/vscode/.local/lib/python3.11/site-packages/airflow/example_dags/tutorial_taskflow_api.py took 0.052 seconds
[2026-05-09T12:13:26.498+0000] {processor.py:161} INFO - Started process (PID=37838) to work on /home/vscode/.local/lib/python3.11/site-packages/airflow/example_dags/tutorial_taskflow_api.py
[2026-05-09T12:13:26.499+0000] {processor.py:830} INFO - Processing file /home/vscode/.local/lib/python3.11/site-packages/airflow/example_dags/tutorial_taskflow_api.py for tasks to queue
[2026-05-09T12:13:26.499+0000] {logging_mixin.py:188} INFO - [2026-05-09T12:13:26.499+0000] {dagbag.py:545} INFO - Filling up the DagBag from /home/vscode/.local/lib/python3.11/site-packages/airflow/example_dags/tutorial_taskflow_api.py
[2026-05-09T12:13:26.504+0000] {processor.py:840} INFO - DAG(s) 'tutorial_taskflow_api' retrieved from /home/vscode/.local/lib/python3.11/site-packages/airflow/example_dags/tutorial_taskflow_api.py
[2026-05-09T12:13:26.518+0000] {logging_mixin.py:188} INFO - [2026-05-09T12:13:26.518+0000] {dag.py:3096} INFO - Sync 1 DAGs
[2026-05-09T12:13:26.527+0000] {logging_mixin.py:188} INFO - [2026-05-09T12:13:26.527+0000] {dag.py:3954} INFO - Setting next_dagrun for tutorial_taskflow_api to None, run_after=None
[2026-05-09T12:13:26.545+0000] {processor.py:183} INFO - Processing /home/vscode/.local/lib/python3.11/site-packages/airflow/example_dags/tutorial_taskflow_api.py took 0.053 seconds
[2026-05-09T12:14:09.705+0000] {processor.py:161} INFO - Started process (PID=38257) to work on /home/vscode/.local/lib/python3.11/site-packages/airflow/example_dags/tutorial_taskflow_api.py
[2026-05-09T12:14:09.705+0000] {processor.py:830} INFO - Processing file /home/vscode/.local/lib/python3.11/site-packages/airflow/example_dags/tutorial_taskflow_api.py for tasks to queue
[2026-05-09T12:14:09.706+0000] {logging_mixin.py:188} INFO - [2026-05-09T12:14:09.706+0000] {dagbag.py:545} INFO - Filling up the DagBag from /home/vscode/.local/lib/python3.11/site-packages/airflow/example_dags/tutorial_taskflow_api.py
[2026-05-09T12:14:09.711+0000] {processor.py:840} INFO - DAG(s) 'tutorial_taskflow_api' retrieved from /home/vscode/.local/lib/python3.11/site-packages/airflow/example_dags/tutorial_taskflow_api.py
[2026-05-09T12:14:09.722+0000] {logging_mixin.py:188} INFO - [2026-05-09T12:14:09.722+0000] {dag.py:3096} INFO - Sync 1 DAGs
[2026-05-09T12:14:09.732+0000] {logging_mixin.py:188} INFO - [2026-05-09T12:14:09.732+0000] {dag.py:3954} INFO - Setting next_dagrun for tutorial_taskflow_api to None, run_after=None
[2026-05-09T12:14:09.758+0000] {processor.py:183} INFO - Processing /home/vscode/.local/lib/python3.11/site-packages/airflow/example_dags/tutorial_taskflow_api.py took 0.060 seconds
[2026-05-09T12:14:54.376+0000] {processor.py:161} INFO - Started process (PID=38632) to work on /home/vscode/.local/lib/python3.11/site-packages/airflow/example_dags/tutorial_taskflow_api.py
[2026-05-09T12:14:54.376+0000] {processor.py:830} INFO - Processing file /home/vscode/.local/lib/python3.11/site-packages/airflow/example_dags/tutorial_taskflow_api.py for tasks to queue
[2026-05-09T12:14:54.377+0000] {logging_mixin.py:188} INFO - [2026-05-09T12:14:54.377+0000] {dagbag.py:545} INFO - Filling up the DagBag from /home/vscode/.local/lib/python3.11/site-packages/airflow/example_dags/tutorial_taskflow_api.py
[2026-05-09T12:14:54.381+0000] {processor.py:840} INFO - DAG(s) 'tutorial_taskflow_api' retrieved from /home/vscode/.local/lib/python3.11/site-packages/airflow/example_dags/tutorial_taskflow_api.py
[2026-05-09T12:14:54.393+0000] {logging_mixin.py:188} INFO - [2026-05-09T12:14:54.393+0000] {dag.py:3096} INFO - Sync 1 DAGs
[2026-05-09T12:14:54.401+0000] {logging_mixin.py:188} INFO - [2026-05-09T12:14:54.401+0000] {dag.py:3954} INFO - Setting next_dagrun for tutorial_taskflow_api to None, run_after=None
[2026-05-09T12:14:54.416+0000] {processor.py:183} INFO - Processing /home/vscode/.local/lib/python3.11/site-packages/airflow/example_dags/tutorial_taskflow_api.py took 0.047 seconds
[2026-05-09T12:15:33.568+0000] {processor.py:161} INFO - Started process (PID=38911) to work on /home/vscode/.local/lib/python3.11/site-packages/airflow/example_dags/tutorial_taskflow_api.py
[2026-05-09T12:15:33.568+0000] {processor.py:830} INFO - Processing file /home/vscode/.local/lib/python3.11/site-packages/airflow/example_dags/tutorial_taskflow_api.py for tasks to queue
[2026-05-09T12:15:33.569+0000] {logging_mixin.py:188} INFO - [2026-05-09T12:15:33.569+0000] {dagbag.py:545} INFO - Filling up the DagBag from /home/vscode/.local/lib/python3.11/site-packages/airflow/example_dags/tutorial_taskflow_api.py
[2026-05-09T12:15:33.574+0000] {processor.py:840} INFO - DAG(s) 'tutorial_taskflow_api' retrieved from /home/vscode/.local/lib/python3.11/site-packages/airflow/example_dags/tutorial_taskflow_api.py
[2026-05-09T12:15:33.585+0000] {logging_mixin.py:188} INFO - [2026-05-09T12:15:33.585+0000] {dag.py:3096} INFO - Sync 1 DAGs
[2026-05-09T12:15:33.594+0000] {logging_mixin.py:188} INFO - [2026-05-09T12:15:33.594+0000] {dag.py:3954} INFO - Setting next_dagrun for tutorial_taskflow_api to None, run_after=None
[2026-05-09T12:15:33.610+0000] {processor.py:183} INFO - Processing /home/vscode/.local/lib/python3.11/site-packages/airflow/example_dags/tutorial_taskflow_api.py took 0.049 seconds
[2026-05-09T12:16:17.843+0000] {processor.py:161} INFO - Started process (PID=39280) to work on /home/vscode/.local/lib/python3.11/site-packages/airflow/example_dags/tutorial_taskflow_api.py
[2026-05-09T12:16:17.844+0000] {processor.py:830} INFO - Processing file /home/vscode/.local/lib/python3.11/site-packages/airflow/example_dags/tutorial_taskflow_api.py for tasks to queue
[2026-05-09T12:16:17.844+0000] {logging_mixin.py:188} INFO - [2026-05-09T12:16:17.844+0000] {dagbag.py:545} INFO - Filling up the DagBag from /home/vscode/.local/lib/python3.11/site-packages/airflow/example_dags/tutorial_taskflow_api.py
[2026-05-09T12:16:17.849+0000] {processor.py:840} INFO - DAG(s) 'tutorial_taskflow_api' retrieved from /home/vscode/.local/lib/python3.11/site-packages/airflow/example_dags/tutorial_taskflow_api.py
[2026-05-09T12:16:17.860+0000] {logging_mixin.py:188} INFO - [2026-05-09T12:16:17.860+0000] {dag.py:3096} INFO - Sync 1 DAGs
[2026-05-09T12:16:17.868+0000] {logging_mixin.py:188} INFO - [2026-05-09T12:16:17.868+0000] {dag.py:3954} INFO - Setting next_dagrun for tutorial_taskflow_api to None, run_after=None
[2026-05-09T12:16:17.884+0000] {processor.py:183} INFO - Processing /home/vscode/.local/lib/python3.11/site-packages/airflow/example_dags/tutorial_taskflow_api.py took 0.050 seconds
[2026-05-09T12:17:02.120+0000] {processor.py:161} INFO - Started process (PID=39651) to work on /home/vscode/.local/lib/python3.11/site-packages/airflow/example_dags/tutorial_taskflow_api.py
[2026-05-09T12:17:02.120+0000] {processor.py:830} INFO - Processing file /home/vscode/.local/lib/python3.11/site-packages/airflow/example_dags/tutorial_taskflow_api.py for tasks to queue
[2026-05-09T12:17:02.121+0000] {logging_mixin.py:188} INFO - [2026-05-09T12:17:02.121+0000] {dagbag.py:545} INFO - Filling up the DagBag from /home/vscode/.local/lib/python3.11/site-packages/airflow/example_dags/tutorial_taskflow_api.py
[2026-05-09T12:17:02.127+0000] {processor.py:840} INFO - DAG(s) 'tutorial_taskflow_api' retrieved from /home/vscode/.local/lib/python3.11/site-packages/airflow/example_dags/tutorial_taskflow_api.py
[2026-05-09T12:17:02.144+0000] {logging_mixin.py:188} INFO - [2026-05-09T12:17:02.143+0000] {dag.py:3096} INFO - Sync 1 DAGs
[2026-05-09T12:17:02.153+0000] {logging_mixin.py:188} INFO - [2026-05-09T12:17:02.153+0000] {dag.py:3954} INFO - Setting next_dagrun for tutorial_taskflow_api to None, run_after=None
[2026-05-09T12:17:02.168+0000] {processor.py:183} INFO - Processing /home/vscode/.local/lib/python3.11/site-packages/airflow/example_dags/tutorial_taskflow_api.py took 0.064 seconds
[2026-05-09T12:17:47.449+0000] {processor.py:161} INFO - Started process (PID=40030) to work on /home/vscode/.local/lib/python3.11/site-packages/airflow/example_dags/tutorial_taskflow_api.py
[2026-05-09T12:17:47.450+0000] {processor.py:830} INFO - Processing file /home/vscode/.local/lib/python3.11/site-packages/airflow/example_dags/tutorial_taskflow_api.py for tasks to queue
[2026-05-09T12:17:47.450+0000] {logging_mixin.py:188} INFO - [2026-05-09T12:17:47.450+0000] {dagbag.py:545} INFO - Filling up the DagBag from /home/vscode/.local/lib/python3.11/site-packages/airflow/example_dags/tutorial_taskflow_api.py
[2026-05-09T12:17:47.455+0000] {processor.py:840} INFO - DAG(s) 'tutorial_taskflow_api' retrieved from /home/vscode/.local/lib/python3.11/site-packages/airflow/example_dags/tutorial_taskflow_api.py
[2026-05-09T12:17:47.466+0000] {logging_mixin.py:188} INFO - [2026-05-09T12:17:47.466+0000] {dag.py:3096} INFO - Sync 1 DAGs
[2026-05-09T12:17:47.475+0000] {logging_mixin.py:188} INFO - [2026-05-09T12:17:47.474+0000] {dag.py:3954} INFO - Setting next_dagrun for tutorial_taskflow_api to None, run_after=None
[2026-05-09T12:17:47.492+0000] {processor.py:183} INFO - Processing /home/vscode/.local/lib/python3.11/site-packages/airflow/example_dags/tutorial_taskflow_api.py took 0.049 seconds
[2026-05-09T12:18:30.193+0000] {processor.py:161} INFO - Started process (PID=40333) to work on /home/vscode/.local/lib/python3.11/site-packages/airflow/example_dags/tutorial_taskflow_api.py
[2026-05-09T12:18:30.193+0000] {processor.py:830} INFO - Processing file /home/vscode/.local/lib/python3.11/site-packages/airflow/example_dags/tutorial_taskflow_api.py for tasks to queue
[2026-05-09T12:18:30.194+0000] {logging_mixin.py:188} INFO - [2026-05-09T12:18:30.194+0000] {dagbag.py:545} INFO - Filling up the DagBag from /home/vscode/.local/lib/python3.11/site-packages/airflow/example_dags/tutorial_taskflow_api.py
[2026-05-09T12:18:30.199+0000] {processor.py:840} INFO - DAG(s) 'tutorial_taskflow_api' retrieved from /home/vscode/.local/lib/python3.11/site-packages/airflow/example_dags/tutorial_taskflow_api.py
[2026-05-09T12:18:30.210+0000] {logging_mixin.py:188} INFO - [2026-05-09T12:18:30.210+0000] {dag.py:3096} INFO - Sync 1 DAGs
[2026-05-09T12:18:30.218+0000] {logging_mixin.py:188} INFO - [2026-05-09T12:18:30.218+0000] {dag.py:3954} INFO - Setting next_dagrun for tutorial_taskflow_api to None, run_after=None
[2026-05-09T12:18:30.235+0000] {processor.py:183} INFO - Processing /home/vscode/.local/lib/python3.11/site-packages/airflow/example_dags/tutorial_taskflow_api.py took 0.049 seconds
[2026-05-09T12:19:09.467+0000] {processor.py:161} INFO - Started process (PID=40730) to work on /home/vscode/.local/lib/python3.11/site-packages/airflow/example_dags/tutorial_taskflow_api.py
[2026-05-09T12:19:09.467+0000] {processor.py:830} INFO - Processing file /home/vscode/.local/lib/python3.11/site-packages/airflow/example_dags/tutorial_taskflow_api.py for tasks to queue
[2026-05-09T12:19:09.468+0000] {logging_mixin.py:188} INFO - [2026-05-09T12:19:09.468+0000] {dagbag.py:545} INFO - Filling up the DagBag from /home/vscode/.local/lib/python3.11/site-packages/airflow/example_dags/tutorial_taskflow_api.py
[2026-05-09T12:19:09.472+0000] {processor.py:840} INFO - DAG(s) 'tutorial_taskflow_api' retrieved from /home/vscode/.local/lib/python3.11/site-packages/airflow/example_dags/tutorial_taskflow_api.py
[2026-05-09T12:19:09.484+0000] {logging_mixin.py:188} INFO - [2026-05-09T12:19:09.484+0000] {dag.py:3096} INFO - Sync 1 DAGs
[2026-05-09T12:19:09.492+0000] {logging_mixin.py:188} INFO - [2026-05-09T12:19:09.492+0000] {dag.py:3954} INFO - Setting next_dagrun for tutorial_taskflow_api to None, run_after=None
[2026-05-09T12:19:09.508+0000] {processor.py:183} INFO - Processing /home/vscode/.local/lib/python3.11/site-packages/airflow/example_dags/tutorial_taskflow_api.py took 0.048 seconds
[2026-05-09T12:19:54.879+0000] {processor.py:161} INFO - Started process (PID=41104) to work on /home/vscode/.local/lib/python3.11/site-packages/airflow/example_dags/tutorial_taskflow_api.py
[2026-05-09T12:19:54.879+0000] {processor.py:830} INFO - Processing file /home/vscode/.local/lib/python3.11/site-packages/airflow/example_dags/tutorial_taskflow_api.py for tasks to queue
[2026-05-09T12:19:54.880+0000] {logging_mixin.py:188} INFO - [2026-05-09T12:19:54.880+0000] {dagbag.py:545} INFO - Filling up the DagBag from /home/vscode/.local/lib/python3.11/site-packages/airflow/example_dags/tutorial_taskflow_api.py
[2026-05-09T12:19:54.885+0000] {processor.py:840} INFO - DAG(s) 'tutorial_taskflow_api' retrieved from /home/vscode/.local/lib/python3.11/site-packages/airflow/example_dags/tutorial_taskflow_api.py
[2026-05-09T12:19:54.897+0000] {logging_mixin.py:188} INFO - [2026-05-09T12:19:54.897+0000] {dag.py:3096} INFO - Sync 1 DAGs
[2026-05-09T12:19:54.905+0000] {logging_mixin.py:188} INFO - [2026-05-09T12:19:54.905+0000] {dag.py:3954} INFO - Setting next_dagrun for tutorial_taskflow_api to None, run_after=None
[2026-05-09T12:19:54.922+0000] {processor.py:183} INFO - Processing /home/vscode/.local/lib/python3.11/site-packages/airflow/example_dags/tutorial_taskflow_api.py took 0.049 seconds
[2026-05-09T12:20:37.909+0000] {processor.py:161} INFO - Started process (PID=41478) to work on /home/vscode/.local/lib/python3.11/site-packages/airflow/example_dags/tutorial_taskflow_api.py
[2026-05-09T12:20:37.909+0000] {processor.py:830} INFO - Processing file /home/vscode/.local/lib/python3.11/site-packages/airflow/example_dags/tutorial_taskflow_api.py for tasks to queue
[2026-05-09T12:20:37.910+0000] {logging_mixin.py:188} INFO - [2026-05-09T12:20:37.910+0000] {dagbag.py:545} INFO - Filling up the DagBag from /home/vscode/.local/lib/python3.11/site-packages/airflow/example_dags/tutorial_taskflow_api.py
[2026-05-09T12:20:37.914+0000] {processor.py:840} INFO - DAG(s) 'tutorial_taskflow_api' retrieved from /home/vscode/.local/lib/python3.11/site-packages/airflow/example_dags/tutorial_taskflow_api.py
[2026-05-09T12:20:37.926+0000] {logging_mixin.py:188} INFO - [2026-05-09T12:20:37.926+0000] {dag.py:3096} INFO - Sync 1 DAGs
[2026-05-09T12:20:37.937+0000] {logging_mixin.py:188} INFO - [2026-05-09T12:20:37.937+0000] {dag.py:3954} INFO - Setting next_dagrun for tutorial_taskflow_api to None, run_after=None
[2026-05-09T12:20:37.955+0000] {processor.py:183} INFO - Processing /home/vscode/.local/lib/python3.11/site-packages/airflow/example_dags/tutorial_taskflow_api.py took 0.053 seconds
[2026-05-09T12:21:18.499+0000] {processor.py:161} INFO - Started process (PID=41760) to work on /home/vscode/.local/lib/python3.11/site-packages/airflow/example_dags/tutorial_taskflow_api.py
[2026-05-09T12:21:18.499+0000] {processor.py:830} INFO - Processing file /home/vscode/.local/lib/python3.11/site-packages/airflow/example_dags/tutorial_taskflow_api.py for tasks to queue
[2026-05-09T12:21:18.500+0000] {logging_mixin.py:188} INFO - [2026-05-09T12:21:18.500+0000] {dagbag.py:545} INFO - Filling up the DagBag from /home/vscode/.local/lib/python3.11/site-packages/airflow/example_dags/tutorial_taskflow_api.py
[2026-05-09T12:21:18.504+0000] {processor.py:840} INFO - DAG(s) 'tutorial_taskflow_api' retrieved from /home/vscode/.local/lib/python3.11/site-packages/airflow/example_dags/tutorial_taskflow_api.py
[2026-05-09T12:21:18.516+0000] {logging_mixin.py:188} INFO - [2026-05-09T12:21:18.516+0000] {dag.py:3096} INFO - Sync 1 DAGs
[2026-05-09T12:21:18.525+0000] {logging_mixin.py:188} INFO - [2026-05-09T12:21:18.525+0000] {dag.py:3954} INFO - Setting next_dagrun for tutorial_taskflow_api to None, run_after=None
[2026-05-09T12:21:18.543+0000] {processor.py:183} INFO - Processing /home/vscode/.local/lib/python3.11/site-packages/airflow/example_dags/tutorial_taskflow_api.py took 0.051 seconds
